# every item id a Forever build served: id, first build, last build (import english served)
25	1.60.1.69913	1.60.1.70170
35	1.60.1.69913	1.60.1.70170
36	1.60.1.69913	1.60.1.70170
37	1.60.1.69913	1.60.1.70170
38	1.60.1.69913	1.60.1.70170
39	1.60.1.69913	1.60.1.70170
40	1.60.1.69913	1.60.1.70170
41	1.60.1.69913	1.60.1.70170
42	1.60.1.69913	1.60.1.70170
43	1.60.1.69913	1.60.1.70170
44	1.60.1.69913	1.60.1.70170
45	1.60.1.69913	1.60.1.70170
46	1.60.1.69913	1.60.1.70170
47	1.60.1.69913	1.60.1.70170
48	1.60.1.69913	1.60.1.70170
49	1.60.1.69913	1.60.1.70170
50	1.60.1.69913	1.60.1.70170
51	1.60.1.69913	1.60.1.70170
52	1.60.1.69913	1.60.1.70170
53	1.60.1.69913	1.60.1.70170
54	1.60.1.69913	1.60.1.70170
55	1.60.1.69913	1.60.1.70170
56	1.60.1.69913	1.60.1.70170
57	1.60.1.69913	1.60.1.70170
58	1.60.1.69913	1.60.1.70170
59	1.60.1.69913	1.60.1.70170
60	1.60.1.69913	1.60.1.70170
61	1.60.1.69913	1.60.1.70170
77	1.60.1.69913	1.60.1.70170
79	1.60.1.69913	1.60.1.70170
80	1.60.1.69913	1.60.1.70170
85	1.60.1.69913	1.60.1.70170
86	1.60.1.69913	1.60.1.70170
87	1.60.1.69913	1.60.1.70170
88	1.60.1.69913	1.60.1.70170
89	1.60.1.69913	1.60.1.70170
90	1.60.1.69913	1.60.1.70170
91	1.60.1.69913	1.60.1.70170
92	1.60.1.69913	1.60.1.70170
93	1.60.1.69913	1.60.1.70170
94	1.60.1.69913	1.60.1.70170
95	1.60.1.69913	1.60.1.70170
97	1.60.1.69913	1.60.1.70170
98	1.60.1.69913	1.60.1.70170
99	1.60.1.69913	1.60.1.70170
100	1.60.1.69913	1.60.1.70170
101	1.60.1.69913	1.60.1.70170
102	1.60.1.69913	1.60.1.70170
103	1.60.1.69913	1.60.1.70170
104	1.60.1.69913	1.60.1.70170
105	1.60.1.69913	1.60.1.70170
113	1.60.1.69913	1.60.1.70170
114	1.60.1.69913	1.60.1.70170
115	1.60.1.69913	1.60.1.70170
117	1.60.1.69913	1.60.1.70170
118	1.60.1.69913	1.60.1.70170
119	1.60.1.69913	1.60.1.70170
120	1.60.1.69913	1.60.1.70170
121	1.60.1.69913	1.60.1.70170
122	1.60.1.69913	1.60.1.70170
123	1.60.1.69913	1.60.1.70170
124	1.60.1.69913	1.60.1.70170
125	1.60.1.69913	1.60.1.70170
126	1.60.1.69913	1.60.1.70170
127	1.60.1.69913	1.60.1.70170
128	1.60.1.69913	1.60.1.70170
129	1.60.1.69913	1.60.1.70170
130	1.60.1.69913	1.60.1.70170
131	1.60.1.69913	1.60.1.70170
132	1.60.1.69913	1.60.1.70170
133	1.60.1.69913	1.60.1.70170
134	1.60.1.69913	1.60.1.70170
135	1.60.1.69913	1.60.1.70170
136	1.60.1.69913	1.60.1.70170
137	1.60.1.69913	1.60.1.70170
138	1.60.1.69913	1.60.1.70170
139	1.60.1.69913	1.60.1.70170
140	1.60.1.69913	1.60.1.70170
141	1.60.1.69913	1.60.1.70170
143	1.60.1.69913	1.60.1.70170
146	1.60.1.69913	1.60.1.70170
147	1.60.1.69913	1.60.1.70170
148	1.60.1.69913	1.60.1.70170
149	1.60.1.69913	1.60.1.70170
150	1.60.1.69913	1.60.1.70170
151	1.60.1.69913	1.60.1.70170
152	1.60.1.69913	1.60.1.70170
153	1.60.1.69913	1.60.1.70170
154	1.60.1.69913	1.60.1.70170
155	1.60.1.69913	1.60.1.70170
156	1.60.1.69913	1.60.1.70170
157	1.60.1.69913	1.60.1.70170
159	1.60.1.69913	1.60.1.70170
182	1.60.1.69913	1.60.1.70170
184	1.60.1.69913	1.60.1.70170
193	1.60.1.69913	1.60.1.70170
194	1.60.1.69913	1.60.1.70170
195	1.60.1.69913	1.60.1.70170
200	1.60.1.69913	1.60.1.70170
201	1.60.1.69913	1.60.1.70170
202	1.60.1.69913	1.60.1.70170
203	1.60.1.69913	1.60.1.70170
209	1.60.1.69913	1.60.1.70170
210	1.60.1.69913	1.60.1.70170
236	1.60.1.69913	1.60.1.70170
237	1.60.1.69913	1.60.1.70170
238	1.60.1.69913	1.60.1.70170
239	1.60.1.69913	1.60.1.70170
285	1.60.1.69913	1.60.1.70170
286	1.60.1.69913	1.60.1.70170
287	1.60.1.69913	1.60.1.70170
414	1.60.1.69913	1.60.1.70170
422	1.60.1.69913	1.60.1.70170
527	1.60.1.69913	1.60.1.70170
537	1.60.1.69913	1.60.1.70170
555	1.60.1.69913	1.60.1.70170
556	1.60.1.69913	1.60.1.70170
710	1.60.1.69913	1.60.1.70170
711	1.60.1.69913	1.60.1.70170
714	1.60.1.69913	1.60.1.70170
718	1.60.1.69913	1.60.1.70170
719	1.60.1.69913	1.60.1.70170
720	1.60.1.69913	1.60.1.70170
723	1.60.1.69913	1.60.1.70170
724	1.60.1.69913	1.60.1.70170
725	1.60.1.69913	1.60.1.70170
727	1.60.1.69913	1.60.1.70170
728	1.60.1.69913	1.60.1.70170
729	1.60.1.69913	1.60.1.70170
730	1.60.1.69913	1.60.1.70170
731	1.60.1.69913	1.60.1.70170
732	1.60.1.69913	1.60.1.70170
733	1.60.1.69913	1.60.1.70170
734	1.60.1.69913	1.60.1.70170
735	1.60.1.69913	1.60.1.70170
737	1.60.1.69913	1.60.1.70170
738	1.60.1.69913	1.60.1.70170
739	1.60.1.69913	1.60.1.70170
740	1.60.1.69913	1.60.1.70170
741	1.60.1.69913	1.60.1.70170
742	1.60.1.69913	1.60.1.70170
743	1.60.1.69913	1.60.1.70170
744	1.60.1.69913	1.60.1.70170
745	1.60.1.69913	1.60.1.70170
746	1.60.1.69913	1.60.1.70170
748	1.60.1.69913	1.60.1.70170
750	1.60.1.69913	1.60.1.70170
751	1.60.1.69913	1.60.1.70170
752	1.60.1.69913	1.60.1.70170
753	1.60.1.70170	1.60.1.70170
754	1.60.1.69913	1.60.1.70170
755	1.60.1.69913	1.60.1.70170
756	1.60.1.70170	1.60.1.70170
761	1.60.1.69913	1.60.1.70170
763	1.60.1.69913	1.60.1.70170
765	1.60.1.69913	1.60.1.70170
766	1.60.1.69913	1.60.1.70170
767	1.60.1.69913	1.60.1.70170
768	1.60.1.69913	1.60.1.70170
769	1.60.1.69913	1.60.1.70170
770	1.60.1.69913	1.60.1.70170
771	1.60.1.69913	1.60.1.70170
772	1.60.1.69913	1.60.1.70170
773	1.60.1.69913	1.60.1.70170
774	1.60.1.69913	1.60.1.70170
776	1.60.1.70124	1.60.1.70170
777	1.60.1.69913	1.60.1.70170
778	1.60.1.69913	1.60.1.70170
779	1.60.1.69913	1.60.1.70170
780	1.60.1.69913	1.60.1.70170
781	1.60.1.69913	1.60.1.70170
782	1.60.1.69913	1.60.1.70170
783	1.60.1.69913	1.60.1.70170
784	1.60.1.69913	1.60.1.70170
785	1.60.1.69913	1.60.1.70170
786	1.60.1.69913	1.60.1.70170
787	1.60.1.69913	1.60.1.70170
788	1.60.1.69913	1.60.1.70170
789	1.60.1.69913	1.60.1.70170
790	1.60.1.69913	1.60.1.70170
791	1.60.1.69913	1.60.1.70170
792	1.60.1.69913	1.60.1.70170
793	1.60.1.69913	1.60.1.70170
794	1.60.1.69913	1.60.1.70170
795	1.60.1.69913	1.60.1.70170
796	1.60.1.69913	1.60.1.70170
797	1.60.1.69913	1.60.1.70170
798	1.60.1.69913	1.60.1.70170
799	1.60.1.69913	1.60.1.70170
804	1.60.1.69913	1.60.1.70170
805	1.60.1.69913	1.60.1.70170
806	1.60.1.69913	1.60.1.70170
807	1.60.1.69913	1.60.1.70170
808	1.60.1.69913	1.60.1.70170
810	1.60.1.69913	1.60.1.70170
813	1.60.1.69913	1.60.1.70170
814	1.60.1.69913	1.60.1.70170
816	1.60.1.69913	1.60.1.70170
818	1.60.1.69913	1.60.1.70170
820	1.60.1.69913	1.60.1.70170
821	1.60.1.69913	1.60.1.70170
823	1.60.1.69913	1.60.1.70170
826	1.60.1.69913	1.60.1.70170
827	1.60.1.69913	1.60.1.70170
828	1.60.1.69913	1.60.1.70170
829	1.60.1.69913	1.60.1.70170
832	1.60.1.69913	1.60.1.70170
835	1.60.1.69913	1.60.1.70170
836	1.60.1.69913	1.60.1.70170
837	1.60.1.69913	1.60.1.70170
838	1.60.1.69913	1.60.1.70170
839	1.60.1.69913	1.60.1.70170
840	1.60.1.69913	1.60.1.70170
841	1.60.1.69913	1.60.1.70170
842	1.60.1.69913	1.60.1.70170
843	1.60.1.69913	1.60.1.70170
844	1.60.1.69913	1.60.1.70170
845	1.60.1.69913	1.60.1.70170
846	1.60.1.69913	1.60.1.70170
847	1.60.1.69913	1.60.1.70170
848	1.60.1.69913	1.60.1.70170
849	1.60.1.69913	1.60.1.70170
850	1.60.1.69913	1.60.1.70170
851	1.60.1.69913	1.60.1.70170
852	1.60.1.69913	1.60.1.70170
853	1.60.1.69913	1.60.1.70170
854	1.60.1.69913	1.60.1.70170
855	1.60.1.69913	1.60.1.70170
856	1.60.1.69913	1.60.1.70170
857	1.60.1.69913	1.60.1.70170
858	1.60.1.69913	1.60.1.70170
859	1.60.1.69913	1.60.1.70170
860	1.60.1.69913	1.60.1.70170
863	1.60.1.69913	1.60.1.70170
864	1.60.1.69913	1.60.1.70170
865	1.60.1.69913	1.60.1.70170
866	1.60.1.69913	1.60.1.70170
867	1.60.1.69913	1.60.1.70170
868	1.60.1.70009	1.60.1.70170
870	1.60.1.69913	1.60.1.70170
871	1.60.1.70009	1.60.1.70170
872	1.60.1.69913	1.60.1.70170
873	1.60.1.69913	1.60.1.70170
875	1.60.1.69913	1.60.1.70170
876	1.60.1.69913	1.60.1.70170
877	1.60.1.69913	1.60.1.70170
878	1.60.1.69913	1.60.1.70170
880	1.60.1.69913	1.60.1.70170
883	1.60.1.69913	1.60.1.70170
884	1.60.1.69913	1.60.1.70170
885	1.60.1.70009	1.60.1.70170
886	1.60.1.70009	1.60.1.70170
887	1.60.1.69913	1.60.1.70170
888	1.60.1.69913	1.60.1.70170
889	1.60.1.69913	1.60.1.70170
890	1.60.1.69913	1.60.1.70170
892	1.60.1.69913	1.60.1.70170
893	1.60.1.69913	1.60.1.70170
894	1.60.1.69913	1.60.1.70170
895	1.60.1.69913	1.60.1.70170
896	1.60.1.69913	1.60.1.70170
897	1.60.1.70009	1.60.1.70170
898	1.60.1.69913	1.60.1.70170
899	1.60.1.69913	1.60.1.70170
900	1.60.1.69913	1.60.1.70170
901	1.60.1.69913	1.60.1.70170
902	1.60.1.69913	1.60.1.70170
903	1.60.1.69913	1.60.1.70170
906	1.60.1.69913	1.60.1.70170
907	1.60.1.69913	1.60.1.70170
908	1.60.1.69913	1.60.1.70170
909	1.60.1.69913	1.60.1.70170
910	1.60.1.69913	1.60.1.70170
911	1.60.1.69913	1.60.1.70170
915	1.60.1.69913	1.60.1.70170
916	1.60.1.69913	1.60.1.70170
917	1.60.1.69913	1.60.1.70170
918	1.60.1.69913	1.60.1.70170
920	1.60.1.69913	1.60.1.70170
921	1.60.1.69913	1.60.1.70170
922	1.60.1.69913	1.60.1.70170
923	1.60.1.69913	1.60.1.70170
924	1.60.1.69913	1.60.1.70170
925	1.60.1.69913	1.60.1.70170
926	1.60.1.69913	1.60.1.70170
927	1.60.1.69913	1.60.1.70170
928	1.60.1.69913	1.60.1.70170
929	1.60.1.69913	1.60.1.70170
930	1.60.1.69913	1.60.1.70170
931	1.60.1.69913	1.60.1.70170
932	1.60.1.69913	1.60.1.70170
933	1.60.1.69913	1.60.1.70170
934	1.60.1.69913	1.60.1.70170
935	1.60.1.69913	1.60.1.70170
936	1.60.1.69913	1.60.1.70170
937	1.60.1.69913	1.60.1.70170
938	1.60.1.69913	1.60.1.70170
939	1.60.1.69913	1.60.1.70170
941	1.60.1.69913	1.60.1.70170
945	1.60.1.69913	1.60.1.70170
948	1.60.1.69913	1.60.1.70170
951	1.60.1.69913	1.60.1.70170
954	1.60.1.69913	1.60.1.70170
955	1.60.1.69913	1.60.1.70170
956	1.60.1.69913	1.60.1.70170
957	1.60.1.69913	1.60.1.70170
958	1.60.1.69913	1.60.1.70170
960	1.60.1.69913	1.60.1.70170
961	1.60.1.69913	1.60.1.70170
962	1.60.1.69913	1.60.1.70170
964	1.60.1.69913	1.60.1.70170
965	1.60.1.69913	1.60.1.70170
966	1.60.1.69913	1.60.1.70170
967	1.60.1.69913	1.60.1.70170
968	1.60.1.69913	1.60.1.70170
973	1.60.1.69913	1.60.1.70170
974	1.60.1.69913	1.60.1.70170
975	1.60.1.69913	1.60.1.70170
976	1.60.1.69913	1.60.1.70170
980	1.60.1.69913	1.60.1.70170
981	1.60.1.69913	1.60.1.70170
983	1.60.1.69913	1.60.1.70170
985	1.60.1.69913	1.60.1.70170
986	1.60.1.69913	1.60.1.70170
989	1.60.1.69913	1.60.1.70170
992	1.60.1.69913	1.60.1.70170
994	1.60.1.69913	1.60.1.70170
996	1.60.1.69913	1.60.1.70170
997	1.60.1.69913	1.60.1.70170
1002	1.60.1.69913	1.60.1.70170
1004	1.60.1.69913	1.60.1.70170
1006	1.60.1.69913	1.60.1.70170
1008	1.60.1.69913	1.60.1.70170
1009	1.60.1.69913	1.60.1.70170
1010	1.60.1.69913	1.60.1.70170
1011	1.60.1.69913	1.60.1.70170
1013	1.60.1.69913	1.60.1.70170
1014	1.60.1.69913	1.60.1.70170
1015	1.60.1.69913	1.60.1.70170
1016	1.60.1.69913	1.60.1.70170
1017	1.60.1.69913	1.60.1.70170
1018	1.60.1.69913	1.60.1.70170
1019	1.60.1.69913	1.60.1.70170
1020	1.60.1.69913	1.60.1.70170
1021	1.60.1.69913	1.60.1.70170
1022	1.60.1.69913	1.60.1.70170
1023	1.60.1.69913	1.60.1.70170
1024	1.60.1.69913	1.60.1.70170
1025	1.60.1.69913	1.60.1.70170
1026	1.60.1.69913	1.60.1.70170
1027	1.60.1.69913	1.60.1.70170
1028	1.60.1.69913	1.60.1.70170
1029	1.60.1.69913	1.60.1.70170
1030	1.60.1.69913	1.60.1.70170
1031	1.60.1.69913	1.60.1.70170
1032	1.60.1.69913	1.60.1.70170
1033	1.60.1.69913	1.60.1.70170
1034	1.60.1.69913	1.60.1.70170
1035	1.60.1.69913	1.60.1.70170
1036	1.60.1.69913	1.60.1.70170
1037	1.60.1.69913	1.60.1.70170
1038	1.60.1.69913	1.60.1.70170
1041	1.60.1.69913	1.60.1.70170
1042	1.60.1.69913	1.60.1.70170
1043	1.60.1.69913	1.60.1.70170
1044	1.60.1.69913	1.60.1.70170
1046	1.60.1.69913	1.60.1.70170
1047	1.60.1.69913	1.60.1.70170
1048	1.60.1.69913	1.60.1.70170
1049	1.60.1.69913	1.60.1.70170
1052	1.60.1.69913	1.60.1.70170
1053	1.60.1.69913	1.60.1.70170
1057	1.60.1.69913	1.60.1.70170
1058	1.60.1.69913	1.60.1.70170
1061	1.60.1.69913	1.60.1.70170
1063	1.60.1.69913	1.60.1.70170
1072	1.60.1.69913	1.60.1.70170
1074	1.60.1.69913	1.60.1.70170
1075	1.60.1.69913	1.60.1.70170
1076	1.60.1.69913	1.60.1.70170
1077	1.60.1.69913	1.60.1.70170
1078	1.60.1.69913	1.60.1.70170
1080	1.60.1.69913	1.60.1.70170
1081	1.60.1.69913	1.60.1.70170
1082	1.60.1.69913	1.60.1.70170
1083	1.60.1.69913	1.60.1.70170
1084	1.60.1.69913	1.60.1.70170
1085	1.60.1.69913	1.60.1.70170
1086	1.60.1.69913	1.60.1.70170
1087	1.60.1.69913	1.60.1.70170
1088	1.60.1.69913	1.60.1.70170
1089	1.60.1.69913	1.60.1.70170
1090	1.60.1.69913	1.60.1.70170
1091	1.60.1.69913	1.60.1.70170
1092	1.60.1.69913	1.60.1.70170
1093	1.60.1.69913	1.60.1.70170
1095	1.60.1.69913	1.60.1.70170
1096	1.60.1.69913	1.60.1.70170
1099	1.60.1.69913	1.60.1.70170
1100	1.60.1.69913	1.60.1.70170
1101	1.60.1.69913	1.60.1.70170
1102	1.60.1.69913	1.60.1.70170
1105	1.60.1.69913	1.60.1.70170
1108	1.60.1.69913	1.60.1.70170
1109	1.60.1.69913	1.60.1.70170
1111	1.60.1.69913	1.60.1.70170
1112	1.60.1.69913	1.60.1.70170
1113	1.60.1.69913	1.60.1.70170
1114	1.60.1.69913	1.60.1.70170
1115	1.60.1.69913	1.60.1.70170
1116	1.60.1.69913	1.60.1.70170
1117	1.60.1.69913	1.60.1.70170
1119	1.60.1.69913	1.60.1.70170
1121	1.60.1.69913	1.60.1.70170
1122	1.60.1.69913	1.60.1.70170
1123	1.60.1.69913	1.60.1.70170
1124	1.60.1.69913	1.60.1.70170
1125	1.60.1.69913	1.60.1.70170
1127	1.60.1.69913	1.60.1.70170
1128	1.60.1.69913	1.60.1.70170
1129	1.60.1.69913	1.60.1.70170
1130	1.60.1.69913	1.60.1.70170
1131	1.60.1.69913	1.60.1.70170
1132	1.60.1.69913	1.60.1.70170
1133	1.60.1.69913	1.60.1.70170
1134	1.60.1.69913	1.60.1.70170
1136	1.60.1.69913	1.60.1.70170
1138	1.60.1.69913	1.60.1.70170
1139	1.60.1.69913	1.60.1.70170
1141	1.60.1.69913	1.60.1.70170
1144	1.60.1.69913	1.60.1.70170
1146	1.60.1.69913	1.60.1.70170
1149	1.60.1.69913	1.60.1.70170
1150	1.60.1.69913	1.60.1.70170
1151	1.60.1.69913	1.60.1.70170
1154	1.60.1.69913	1.60.1.70170
1155	1.60.1.69913	1.60.1.70170
1156	1.60.1.69913	1.60.1.70170
1157	1.60.1.69913	1.60.1.70170
1158	1.60.1.69913	1.60.1.70170
1159	1.60.1.69913	1.60.1.70170
1161	1.60.1.69913	1.60.1.70170
1162	1.60.1.69913	1.60.1.70170
1163	1.60.1.69913	1.60.1.70170
1164	1.60.1.69913	1.60.1.70170
1165	1.60.1.69913	1.60.1.70170
1166	1.60.1.69913	1.60.1.70170
1167	1.60.1.69913	1.60.1.70170
1170	1.60.1.69913	1.60.1.70170
1171	1.60.1.69913	1.60.1.70170
1172	1.60.1.69913	1.60.1.70170
1173	1.60.1.69913	1.60.1.70170
1174	1.60.1.69913	1.60.1.70170
1175	1.60.1.69913	1.60.1.70170
1176	1.60.1.69913	1.60.1.70170
1177	1.60.1.69913	1.60.1.70170
1178	1.60.1.69913	1.60.1.70170
1179	1.60.1.69913	1.60.1.70170
1180	1.60.1.69913	1.60.1.70170
1181	1.60.1.69913	1.60.1.70170
1182	1.60.1.69913	1.60.1.70170
1183	1.60.1.69913	1.60.1.70170
1184	1.60.1.69913	1.60.1.70170
1186	1.60.1.69913	1.60.1.70170
1187	1.60.1.69913	1.60.1.70170
1189	1.60.1.69913	1.60.1.70170
1190	1.60.1.69913	1.60.1.70170
1191	1.60.1.69913	1.60.1.70170
1192	1.60.1.69913	1.60.1.70170
1193	1.60.1.69913	1.60.1.70170
1194	1.60.1.69913	1.60.1.70170
1195	1.60.1.69913	1.60.1.70170
1196	1.60.1.69913	1.60.1.70170
1197	1.60.1.69913	1.60.1.70170
1198	1.60.1.69913	1.60.1.70170
1199	1.60.1.69913	1.60.1.70170
1200	1.60.1.69913	1.60.1.70170
1201	1.60.1.69913	1.60.1.70170
1202	1.60.1.69913	1.60.1.70170
1203	1.60.1.69913	1.60.1.70170
1204	1.60.1.69913	1.60.1.70170
1205	1.60.1.69913	1.60.1.70170
1206	1.60.1.69913	1.60.1.70170
1207	1.60.1.69913	1.60.1.70170
1208	1.60.1.69913	1.60.1.70170
1210	1.60.1.69913	1.60.1.70170
1211	1.60.1.69913	1.60.1.70170
1212	1.60.1.69913	1.60.1.70170
1213	1.60.1.69913	1.60.1.70170
1214	1.60.1.69913	1.60.1.70170
1215	1.60.1.69913	1.60.1.70170
1217	1.60.1.69913	1.60.1.70170
1218	1.60.1.69913	1.60.1.70170
1219	1.60.1.69913	1.60.1.70170
1220	1.60.1.69913	1.60.1.70170
1221	1.60.1.69913	1.60.1.70170
1222	1.60.1.69913	1.60.1.70170
1224	1.60.1.69913	1.60.1.70170
1228	1.60.1.69913	1.60.1.70170
1229	1.60.1.69913	1.60.1.70170
1231	1.60.1.69913	1.60.1.70170
1232	1.60.1.69913	1.60.1.70170
1238	1.60.1.69913	1.60.1.70170
1239	1.60.1.69913	1.60.1.70170
1243	1.60.1.69913	1.60.1.70170
1244	1.60.1.69913	1.60.1.70170
1245	1.60.1.69913	1.60.1.70170
1246	1.60.1.69913	1.60.1.70170
1250	1.60.1.69913	1.60.1.70170
1251	1.60.1.69913	1.60.1.70170
1252	1.60.1.69913	1.60.1.70170
1253	1.60.1.69913	1.60.1.70170
1254	1.60.1.69913	1.60.1.70170
1255	1.60.1.69913	1.60.1.70170
1256	1.60.1.69913	1.60.1.70170
1257	1.60.1.69913	1.60.1.70170
1258	1.60.1.69913	1.60.1.70170
1259	1.60.1.69913	1.60.1.70170
1260	1.60.1.69913	1.60.1.70170
1261	1.60.1.69913	1.60.1.70170
1262	1.60.1.69913	1.60.1.70170
1264	1.60.1.70170	1.60.1.70170
1265	1.60.1.69913	1.60.1.70170
1266	1.60.1.69913	1.60.1.70170
1267	1.60.1.69913	1.60.1.70170
1268	1.60.1.69913	1.60.1.70170
1269	1.60.1.69913	1.60.1.70170
1270	1.60.1.69913	1.60.1.70170
1272	1.60.1.69913	1.60.1.70170
1273	1.60.1.69913	1.60.1.70170
1274	1.60.1.69913	1.60.1.70170
1275	1.60.1.69913	1.60.1.70170
1276	1.60.1.69913	1.60.1.70170
1279	1.60.1.69913	1.60.1.70170
1281	1.60.1.69913	1.60.1.70170
1282	1.60.1.69913	1.60.1.70170
1283	1.60.1.69913	1.60.1.70170
1284	1.60.1.69913	1.60.1.70170
1287	1.60.1.69913	1.60.1.70170
1288	1.60.1.69913	1.60.1.70170
1292	1.60.1.69913	1.60.1.70170
1293	1.60.1.69913	1.60.1.70170
1294	1.60.1.69913	1.60.1.70170
1296	1.60.1.69913	1.60.1.70170
1297	1.60.1.69913	1.60.1.70170
1298	1.60.1.69913	1.60.1.70170
1299	1.60.1.69913	1.60.1.70170
1300	1.60.1.69913	1.60.1.70170
1302	1.60.1.69913	1.60.1.70170
1303	1.60.1.69913	1.60.1.70170
1304	1.60.1.69913	1.60.1.70170
1306	1.60.1.69913	1.60.1.70170
1307	1.60.1.69913	1.60.1.70170
1309	1.60.1.69913	1.60.1.70170
1310	1.60.1.69913	1.60.1.70170
1311	1.60.1.69913	1.60.1.70170
1312	1.60.1.69913	1.60.1.70170
1313	1.60.1.69913	1.60.1.70170
1314	1.60.1.69913	1.60.1.70170
1317	1.60.1.70170	1.60.1.70170
1318	1.60.1.69913	1.60.1.70170
1319	1.60.1.69913	1.60.1.70170
1321	1.60.1.69913	1.60.1.70170
1322	1.60.1.69913	1.60.1.70170
1323	1.60.1.69913	1.60.1.70170
1324	1.60.1.69913	1.60.1.70170
1325	1.60.1.69913	1.60.1.70170
1326	1.60.1.69913	1.60.1.70170
1327	1.60.1.69913	1.60.1.70170
1328	1.60.1.69913	1.60.1.70170
1332	1.60.1.69913	1.60.1.70170
1334	1.60.1.69913	1.60.1.70170
1335	1.60.1.69913	1.60.1.70170
1339	1.60.1.69913	1.60.1.70170
1341	1.60.1.69913	1.60.1.70170
1349	1.60.1.69913	1.60.1.70170
1350	1.60.1.69913	1.60.1.70170
1351	1.60.1.70170	1.60.1.70170
1352	1.60.1.69913	1.60.1.70170
1353	1.60.1.69913	1.60.1.70170
1354	1.60.1.69913	1.60.1.70170
1355	1.60.1.69913	1.60.1.70170
1356	1.60.1.69913	1.60.1.70170
1357	1.60.1.69913	1.60.1.70170
1358	1.60.1.69913	1.60.1.70170
1359	1.60.1.69913	1.60.1.70170
1360	1.60.1.69913	1.60.1.70170
1361	1.60.1.69913	1.60.1.70170
1362	1.60.1.69913	1.60.1.70170
1363	1.60.1.69913	1.60.1.70170
1364	1.60.1.69913	1.60.1.70170
1366	1.60.1.69913	1.60.1.70170
1367	1.60.1.69913	1.60.1.70170
1368	1.60.1.69913	1.60.1.70170
1369	1.60.1.69913	1.60.1.70170
1370	1.60.1.69913	1.60.1.70170
1371	1.60.1.69913	1.60.1.70170
1372	1.60.1.69913	1.60.1.70170
1374	1.60.1.69913	1.60.1.70170
1376	1.60.1.69913	1.60.1.70170
1377	1.60.1.69913	1.60.1.70170
1378	1.60.1.69913	1.60.1.70170
1379	1.60.1.69913	1.60.1.70170
1380	1.60.1.69913	1.60.1.70170
1381	1.60.1.69913	1.60.1.70170
1382	1.60.1.69913	1.60.1.70170
1383	1.60.1.69913	1.60.1.70170
1384	1.60.1.69913	1.60.1.70170
1385	1.60.1.69913	1.60.1.70170
1386	1.60.1.69913	1.60.1.70170
1387	1.60.1.69913	1.60.1.70170
1388	1.60.1.69913	1.60.1.70170
1389	1.60.1.69913	1.60.1.70170
1391	1.60.1.69913	1.60.1.70170
1392	1.60.1.69913	1.60.1.70170
1394	1.60.1.69913	1.60.1.70170
1395	1.60.1.69913	1.60.1.70170
1396	1.60.1.69913	1.60.1.70170
1397	1.60.1.69913	1.60.1.70170
1398	1.60.1.69913	1.60.1.70170
1399	1.60.1.69913	1.60.1.70170
1400	1.60.1.69913	1.60.1.70170
1401	1.60.1.69913	1.60.1.70170
1402	1.60.1.69913	1.60.1.70170
1403	1.60.1.69913	1.60.1.70170
1404	1.60.1.70009	1.60.1.70170
1405	1.60.1.69913	1.60.1.70170
1406	1.60.1.69913	1.60.1.70170
1407	1.60.1.69913	1.60.1.70170
1408	1.60.1.69913	1.60.1.70170
1409	1.60.1.69913	1.60.1.70170
1410	1.60.1.69913	1.60.1.70170
1411	1.60.1.69913	1.60.1.70170
1412	1.60.1.69913	1.60.1.70170
1413	1.60.1.69913	1.60.1.70170
1414	1.60.1.69913	1.60.1.70170
1415	1.60.1.69913	1.60.1.70170
1416	1.60.1.69913	1.60.1.70170
1417	1.60.1.69913	1.60.1.70170
1418	1.60.1.69913	1.60.1.70170
1419	1.60.1.69913	1.60.1.70170
1420	1.60.1.69913	1.60.1.70170
1421	1.60.1.69913	1.60.1.70170
1422	1.60.1.69913	1.60.1.70170
1423	1.60.1.69913	1.60.1.70170
1424	1.60.1.69913	1.60.1.70170
1425	1.60.1.69913	1.60.1.70170
1427	1.60.1.69913	1.60.1.70170
1429	1.60.1.69913	1.60.1.70170
1430	1.60.1.69913	1.60.1.70170
1431	1.60.1.69913	1.60.1.70170
1432	1.60.1.69913	1.60.1.70170
1433	1.60.1.69913	1.60.1.70170
1434	1.60.1.69913	1.60.1.70170
1435	1.60.1.69913	1.60.1.70170
1436	1.60.1.69913	1.60.1.70170
1438	1.60.1.69913	1.60.1.70170
1440	1.60.1.69913	1.60.1.70170
1444	1.60.1.69913	1.60.1.70170
1445	1.60.1.69913	1.60.1.70170
1446	1.60.1.69913	1.60.1.70170
1447	1.60.1.70124	1.60.1.70170
1448	1.60.1.69913	1.60.1.70170
1449	1.60.1.69913	1.60.1.70170
1450	1.60.1.69913	1.60.1.70170
1451	1.60.1.69913	1.60.1.70170
1453	1.60.1.69913	1.60.1.70170
1454	1.60.1.70009	1.60.1.70170
1455	1.60.1.70009	1.60.1.70170
1457	1.60.1.69913	1.60.1.70170
1458	1.60.1.69913	1.60.1.70170
1459	1.60.1.70009	1.60.1.70170
1460	1.60.1.69913	1.60.1.70170
1461	1.60.1.69913	1.60.1.70170
1462	1.60.1.69913	1.60.1.70170
1464	1.60.1.69913	1.60.1.70170
1465	1.60.1.69913	1.60.1.70170
1467	1.60.1.69913	1.60.1.70170
1468	1.60.1.69913	1.60.1.70170
1469	1.60.1.69913	1.60.1.70170
1470	1.60.1.69913	1.60.1.70170
1472	1.60.1.69913	1.60.1.70170
1473	1.60.1.69913	1.60.1.70170
1475	1.60.1.69913	1.60.1.70170
1476	1.60.1.69913	1.60.1.70170
1477	1.60.1.69913	1.60.1.70170
1478	1.60.1.69913	1.60.1.70170
1479	1.60.1.69913	1.60.1.70170
1480	1.60.1.69913	1.60.1.70170
1481	1.60.1.70009	1.60.1.70170
1482	1.60.1.70009	1.60.1.70170
1483	1.60.1.69913	1.60.1.70170
1484	1.60.1.69913	1.60.1.70170
1485	1.60.1.69913	1.60.1.70170
1486	1.60.1.70009	1.60.1.70170
1487	1.60.1.69913	1.60.1.70170
1489	1.60.1.70009	1.60.1.70170
1491	1.60.1.70009	1.60.1.70170
1492	1.60.1.69913	1.60.1.70170
1493	1.60.1.70009	1.60.1.70170
1495	1.60.1.69913	1.60.1.70170
1497	1.60.1.69913	1.60.1.70170
1498	1.60.1.69913	1.60.1.70170
1499	1.60.1.69913	1.60.1.70170
1500	1.60.1.69913	1.60.1.70170
1501	1.60.1.69913	1.60.1.70170
1502	1.60.1.69913	1.60.1.70170
1503	1.60.1.69913	1.60.1.70170
1504	1.60.1.69913	1.60.1.70170
1505	1.60.1.69913	1.60.1.70170
1506	1.60.1.69913	1.60.1.70170
1507	1.60.1.69913	1.60.1.70170
1508	1.60.1.69913	1.60.1.70170
1509	1.60.1.69913	1.60.1.70170
1510	1.60.1.69913	1.60.1.70170
1511	1.60.1.69913	1.60.1.70170
1512	1.60.1.69913	1.60.1.70170
1513	1.60.1.69913	1.60.1.70170
1514	1.60.1.69913	1.60.1.70170
1515	1.60.1.69913	1.60.1.70170
1516	1.60.1.69913	1.60.1.70170
1518	1.60.1.69913	1.60.1.70170
1519	1.60.1.69913	1.60.1.70170
1520	1.60.1.69913	1.60.1.70170
1524	1.60.1.69913	1.60.1.70170
1527	1.60.1.69913	1.60.1.70170
1528	1.60.1.69913	1.60.1.70170
1529	1.60.1.69913	1.60.1.70170
1532	1.60.1.69913	1.60.1.70170
1533	1.60.1.69913	1.60.1.70170
1534	1.60.1.69913	1.60.1.70170
1535	1.60.1.69913	1.60.1.70170
1536	1.60.1.69913	1.60.1.70170
1537	1.60.1.69913	1.60.1.70170
1539	1.60.1.69913	1.60.1.70170
1544	1.60.1.69913	1.60.1.70170
1545	1.60.1.69913	1.60.1.70170
1547	1.60.1.69913	1.60.1.70170
1554	1.60.1.69913	1.60.1.70170
1557	1.60.1.69913	1.60.1.70170
1559	1.60.1.69913	1.60.1.70170
1560	1.60.1.69913	1.60.1.70170
1561	1.60.1.69913	1.60.1.70170
1566	1.60.1.69913	1.60.1.70170
1567	1.60.1.69913	1.60.1.70170
1568	1.60.1.69913	1.60.1.70170
1571	1.60.1.69913	1.60.1.70170
1574	1.60.1.69913	1.60.1.70170
1588	1.60.1.69913	1.60.1.70170
1589	1.60.1.69913	1.60.1.70170
1591	1.60.1.69913	1.60.1.70170
1596	1.60.1.69913	1.60.1.70170
1597	1.60.1.69913	1.60.1.70170
1598	1.60.1.69913	1.60.1.70170
1599	1.60.1.69913	1.60.1.70170
1603	1.60.1.69913	1.60.1.70170
1607	1.60.1.69913	1.60.1.70170
1608	1.60.1.69913	1.60.1.70170
1612	1.60.1.69913	1.60.1.70170
1613	1.60.1.69913	1.60.1.70170
1619	1.60.1.69913	1.60.1.70170
1622	1.60.1.69913	1.60.1.70170
1623	1.60.1.69913	1.60.1.70170
1625	1.60.1.69913	1.60.1.70170
1630	1.60.1.69913	1.60.1.70170
1637	1.60.1.69913	1.60.1.70170
1638	1.60.1.69913	1.60.1.70170
1639	1.60.1.69913	1.60.1.70170
1640	1.60.1.69913	1.60.1.70170
1641	1.60.1.69913	1.60.1.70170
1645	1.60.1.69913	1.60.1.70170
1648	1.60.1.69913	1.60.1.70170
1649	1.60.1.69913	1.60.1.70170
1651	1.60.1.69913	1.60.1.70170
1652	1.60.1.69913	1.60.1.70170
1654	1.60.1.69913	1.60.1.70170
1655	1.60.1.69913	1.60.1.70170
1656	1.60.1.69913	1.60.1.70170
1657	1.60.1.69913	1.60.1.70170
1658	1.60.1.69913	1.60.1.70170
1663	1.60.1.69913	1.60.1.70170
1672	1.60.1.69913	1.60.1.70170
1676	1.60.1.69913	1.60.1.70170
1679	1.60.1.69913	1.60.1.70170
1681	1.60.1.69913	1.60.1.70170
1684	1.60.1.69913	1.60.1.70170
1685	1.60.1.69913	1.60.1.70170
1686	1.60.1.69913	1.60.1.70170
1687	1.60.1.69913	1.60.1.70170
1688	1.60.1.69913	1.60.1.70170
1689	1.60.1.69913	1.60.1.70170
1690	1.60.1.69913	1.60.1.70170
1691	1.60.1.69913	1.60.1.70170
1692	1.60.1.69913	1.60.1.70170
1693	1.60.1.69913	1.60.1.70170
1694	1.60.1.69913	1.60.1.70170
1695	1.60.1.69913	1.60.1.70170
1696	1.60.1.69913	1.60.1.70170
1697	1.60.1.69913	1.60.1.70170
1698	1.60.1.69913	1.60.1.70170
1699	1.60.1.69913	1.60.1.70170
1700	1.60.1.69913	1.60.1.70170
1701	1.60.1.69913	1.60.1.70170
1702	1.60.1.69913	1.60.1.70170
1703	1.60.1.69913	1.60.1.70170
1704	1.60.1.69913	1.60.1.70170
1705	1.60.1.69913	1.60.1.70170
1706	1.60.1.69913	1.60.1.70170
1707	1.60.1.69913	1.60.1.70170
1708	1.60.1.69913	1.60.1.70170
1710	1.60.1.69913	1.60.1.70170
1711	1.60.1.69913	1.60.1.70170
1712	1.60.1.69913	1.60.1.70170
1713	1.60.1.69913	1.60.1.70170
1714	1.60.1.69913	1.60.1.70170
1715	1.60.1.69913	1.60.1.70170
1716	1.60.1.69913	1.60.1.70170
1717	1.60.1.69913	1.60.1.70170
1718	1.60.1.69913	1.60.1.70170
1719	1.60.1.69913	1.60.1.70170
1720	1.60.1.70009	1.60.1.70170
1721	1.60.1.69913	1.60.1.70170
1722	1.60.1.69913	1.60.1.70170
1724	1.60.1.69913	1.60.1.70170
1725	1.60.1.69913	1.60.1.70170
1726	1.60.1.69913	1.60.1.70170
1727	1.60.1.70170	1.60.1.70170
1729	1.60.1.69913	1.60.1.70170
1730	1.60.1.69913	1.60.1.70170
1731	1.60.1.69913	1.60.1.70170
1732	1.60.1.69913	1.60.1.70170
1733	1.60.1.69913	1.60.1.70170
1734	1.60.1.69913	1.60.1.70170
1735	1.60.1.69913	1.60.1.70170
1736	1.60.1.69913	1.60.1.70170
1737	1.60.1.69913	1.60.1.70170
1738	1.60.1.69913	1.60.1.70170
1739	1.60.1.69913	1.60.1.70170
1740	1.60.1.69913	1.60.1.70170
1741	1.60.1.69913	1.60.1.70170
1742	1.60.1.69913	1.60.1.70170
1743	1.60.1.69913	1.60.1.70170
1744	1.60.1.69913	1.60.1.70170
1745	1.60.1.69913	1.60.1.70170
1746	1.60.1.69913	1.60.1.70170
1747	1.60.1.69913	1.60.1.70170
1748	1.60.1.69913	1.60.1.70170
1749	1.60.1.69913	1.60.1.70170
1750	1.60.1.69913	1.60.1.70170
1751	1.60.1.69913	1.60.1.70170
1752	1.60.1.69913	1.60.1.70170
1753	1.60.1.69913	1.60.1.70170
1754	1.60.1.69913	1.60.1.70170
1755	1.60.1.69913	1.60.1.70170
1756	1.60.1.69913	1.60.1.70170
1757	1.60.1.69913	1.60.1.70170
1758	1.60.1.69913	1.60.1.70170
1759	1.60.1.69913	1.60.1.70170
1760	1.60.1.69913	1.60.1.70170
1761	1.60.1.69913	1.60.1.70170
1764	1.60.1.69913	1.60.1.70170
1766	1.60.1.69913	1.60.1.70170
1767	1.60.1.69913	1.60.1.70170
1768	1.60.1.69913	1.60.1.70170
1769	1.60.1.69913	1.60.1.70170
1770	1.60.1.69913	1.60.1.70170
1772	1.60.1.69913	1.60.1.70170
1774	1.60.1.69913	1.60.1.70170
1775	1.60.1.69913	1.60.1.70170
1776	1.60.1.69913	1.60.1.70170
1777	1.60.1.69913	1.60.1.70170
1778	1.60.1.69913	1.60.1.70170
1780	1.60.1.69913	1.60.1.70170
1782	1.60.1.69913	1.60.1.70170
1783	1.60.1.69913	1.60.1.70170
1784	1.60.1.69913	1.60.1.70170
1785	1.60.1.69913	1.60.1.70170
1786	1.60.1.69913	1.60.1.70170
1787	1.60.1.69913	1.60.1.70170
1788	1.60.1.69913	1.60.1.70170
1789	1.60.1.69913	1.60.1.70170
1790	1.60.1.69913	1.60.1.70170
1791	1.60.1.69913	1.60.1.70170
1792	1.60.1.69913	1.60.1.70170
1793	1.60.1.69913	1.60.1.70170
1794	1.60.1.69913	1.60.1.70170
1795	1.60.1.69913	1.60.1.70170
1796	1.60.1.69913	1.60.1.70170
1797	1.60.1.69913	1.60.1.70170
1798	1.60.1.69913	1.60.1.70170
1799	1.60.1.69913	1.60.1.70170
1800	1.60.1.69913	1.60.1.70170
1801	1.60.1.69913	1.60.1.70170
1802	1.60.1.69913	1.60.1.70170
1803	1.60.1.69913	1.60.1.70170
1804	1.60.1.69913	1.60.1.70170
1805	1.60.1.69913	1.60.1.70170
1806	1.60.1.69913	1.60.1.70170
1807	1.60.1.69913	1.60.1.70170
1808	1.60.1.69913	1.60.1.70170
1809	1.60.1.69913	1.60.1.70170
1810	1.60.1.69913	1.60.1.70170
1811	1.60.1.69913	1.60.1.70170
1812	1.60.1.69913	1.60.1.70170
1813	1.60.1.69913	1.60.1.70170
1814	1.60.1.69913	1.60.1.70170
1815	1.60.1.69913	1.60.1.70170
1816	1.60.1.69913	1.60.1.70170
1817	1.60.1.69913	1.60.1.70170
1818	1.60.1.69913	1.60.1.70170
1819	1.60.1.69913	1.60.1.70170
1820	1.60.1.69913	1.60.1.70170
1821	1.60.1.69913	1.60.1.70170
1822	1.60.1.69913	1.60.1.70170
1823	1.60.1.69913	1.60.1.70170
1824	1.60.1.69913	1.60.1.70170
1825	1.60.1.69913	1.60.1.70170
1826	1.60.1.69913	1.60.1.70170
1827	1.60.1.69913	1.60.1.70170
1828	1.60.1.69913	1.60.1.70170
1829	1.60.1.69913	1.60.1.70170
1830	1.60.1.69913	1.60.1.70170
1831	1.60.1.69913	1.60.1.70170
1832	1.60.1.69913	1.60.1.70170
1835	1.60.1.69913	1.60.1.70170
1836	1.60.1.69913	1.60.1.70170
1839	1.60.1.69913	1.60.1.70170
1840	1.60.1.69913	1.60.1.70170
1843	1.60.1.69913	1.60.1.70170
1844	1.60.1.69913	1.60.1.70170
1845	1.60.1.69913	1.60.1.70170
1846	1.60.1.69913	1.60.1.70170
1849	1.60.1.69913	1.60.1.70170
1850	1.60.1.69913	1.60.1.70170
1851	1.60.1.69913	1.60.1.70170
1852	1.60.1.69913	1.60.1.70170
1853	1.60.1.69913	1.60.1.70170
1854	1.60.1.69913	1.60.1.70170
1875	1.60.1.69913	1.60.1.70170
1877	1.60.1.69913	1.60.1.70170
1878	1.60.1.69913	1.60.1.70170
1880	1.60.1.69913	1.60.1.70170
1882	1.60.1.69913	1.60.1.70170
1886	1.60.1.69913	1.60.1.70170
1893	1.60.1.69913	1.60.1.70170
1894	1.60.1.69913	1.60.1.70170
1895	1.60.1.69913	1.60.1.70170
1896	1.60.1.69913	1.60.1.70170
1897	1.60.1.69913	1.60.1.70170
1899	1.60.1.69913	1.60.1.70170
1900	1.60.1.69913	1.60.1.70170
1901	1.60.1.69913	1.60.1.70170
1902	1.60.1.69913	1.60.1.70170
1903	1.60.1.69913	1.60.1.70170
1904	1.60.1.69913	1.60.1.70170
1905	1.60.1.69913	1.60.1.70170
1906	1.60.1.69913	1.60.1.70170
1907	1.60.1.69913	1.60.1.70170
1908	1.60.1.69913	1.60.1.70170
1909	1.60.1.69913	1.60.1.70170
1910	1.60.1.69913	1.60.1.70170
1911	1.60.1.69913	1.60.1.70170
1912	1.60.1.69913	1.60.1.70170
1913	1.60.1.69913	1.60.1.70170
1914	1.60.1.69913	1.60.1.70170
1915	1.60.1.69913	1.60.1.70170
1917	1.60.1.69913	1.60.1.70170
1918	1.60.1.69913	1.60.1.70170
1922	1.60.1.69913	1.60.1.70170
1923	1.60.1.69913	1.60.1.70170
1924	1.60.1.69913	1.60.1.70170
1925	1.60.1.69913	1.60.1.70170
1926	1.60.1.69913	1.60.1.70170
1927	1.60.1.69913	1.60.1.70170
1928	1.60.1.69913	1.60.1.70170
1929	1.60.1.69913	1.60.1.70170
1930	1.60.1.69913	1.60.1.70170
1931	1.60.1.69913	1.60.1.70170
1933	1.60.1.69913	1.60.1.70170
1934	1.60.1.69913	1.60.1.70170
1935	1.60.1.69913	1.60.1.70170
1936	1.60.1.69913	1.60.1.70170
1937	1.60.1.69913	1.60.1.70170
1938	1.60.1.69913	1.60.1.70170
1939	1.60.1.69913	1.60.1.70170
1940	1.60.1.69913	1.60.1.70170
1941	1.60.1.69913	1.60.1.70170
1942	1.60.1.69913	1.60.1.70170
1943	1.60.1.69913	1.60.1.70170
1944	1.60.1.69913	1.60.1.70170
1945	1.60.1.69913	1.60.1.70170
1946	1.60.1.69913	1.60.1.70170
1948	1.60.1.69913	1.60.1.70170
1950	1.60.1.69913	1.60.1.70170
1951	1.60.1.69913	1.60.1.70170
1955	1.60.1.70009	1.60.1.70170
1956	1.60.1.69913	1.60.1.70170
1957	1.60.1.69913	1.60.1.70170
1958	1.60.1.69913	1.60.1.70170
1959	1.60.1.69913	1.60.1.70170
1960	1.60.1.69913	1.60.1.70170
1961	1.60.1.69913	1.60.1.70170
1962	1.60.1.69913	1.60.1.70170
1963	1.60.1.69913	1.60.1.70170
1965	1.60.1.69913	1.60.1.70170
1968	1.60.1.69913	1.60.1.70170
1969	1.60.1.69913	1.60.1.70170
1970	1.60.1.69913	1.60.1.70170
1971	1.60.1.69913	1.60.1.70170
1972	1.60.1.69913	1.60.1.70170
1973	1.60.1.69913	1.60.1.70170
1974	1.60.1.69913	1.60.1.70170
1976	1.60.1.70009	1.60.1.70170
1977	1.60.1.69913	1.60.1.70170
1978	1.60.1.70009	1.60.1.70170
1983	1.60.1.69913	1.60.1.70170
1984	1.60.1.69913	1.60.1.70170
1985	1.60.1.69913	1.60.1.70170
1987	1.60.1.69913	1.60.1.70170
1988	1.60.1.69913	1.60.1.70170
1990	1.60.1.69913	1.60.1.70170
1993	1.60.1.69913	1.60.1.70170
1994	1.60.1.69913	1.60.1.70170
1995	1.60.1.69913	1.60.1.70170
1996	1.60.1.69913	1.60.1.70170
1999	1.60.1.69913	1.60.1.70170
2000	1.60.1.69913	1.60.1.70170
2002	1.60.1.69913	1.60.1.70170
2003	1.60.1.69913	1.60.1.70170
2004	1.60.1.69913	1.60.1.70170
2005	1.60.1.69913	1.60.1.70170
2006	1.60.1.69913	1.60.1.70170
2007	1.60.1.69913	1.60.1.70170
2008	1.60.1.69913	1.60.1.70170
2011	1.60.1.69913	1.60.1.70170
2012	1.60.1.69913	1.60.1.70170
2013	1.60.1.70009	1.60.1.70170
2014	1.60.1.69913	1.60.1.70170
2015	1.60.1.70009	1.60.1.70170
2017	1.60.1.70009	1.60.1.70170
2018	1.60.1.70009	1.60.1.70170
2020	1.60.1.69913	1.60.1.70170
2021	1.60.1.69913	1.60.1.70170
2023	1.60.1.69913	1.60.1.70170
2024	1.60.1.69913	1.60.1.70170
2025	1.60.1.69913	1.60.1.70170
2026	1.60.1.69913	1.60.1.70170
2027	1.60.1.69913	1.60.1.70170
2028	1.60.1.69913	1.60.1.70170
2029	1.60.1.69913	1.60.1.70170
2030	1.60.1.69913	1.60.1.70170
2032	1.60.1.69913	1.60.1.70170
2033	1.60.1.70170	1.60.1.70170
2034	1.60.1.69913	1.60.1.70170
2035	1.60.1.69913	1.60.1.70170
2036	1.60.1.69913	1.60.1.70170
2037	1.60.1.69913	1.60.1.70170
2038	1.60.1.69913	1.60.1.70170
2039	1.60.1.70009	1.60.1.70170
2041	1.60.1.69913	1.60.1.70170
2042	1.60.1.69913	1.60.1.70170
2043	1.60.1.69913	1.60.1.70170
2044	1.60.1.69913	1.60.1.70170
2045	1.60.1.69913	1.60.1.70170
2046	1.60.1.69913	1.60.1.70170
2047	1.60.1.69913	1.60.1.70170
2048	1.60.1.69913	1.60.1.70170
2050	1.60.1.69913	1.60.1.70170
2051	1.60.1.69913	1.60.1.70170
2052	1.60.1.69913	1.60.1.70170
2053	1.60.1.69913	1.60.1.70170
2054	1.60.1.69913	1.60.1.70170
2055	1.60.1.69913	1.60.1.70170
2056	1.60.1.69913	1.60.1.70170
2057	1.60.1.69913	1.60.1.70170
2058	1.60.1.69913	1.60.1.70170
2059	1.60.1.69913	1.60.1.70170
2060	1.60.1.69913	1.60.1.70170
2064	1.60.1.69913	1.60.1.70170
2065	1.60.1.69913	1.60.1.70170
2066	1.60.1.69913	1.60.1.70170
2067	1.60.1.69913	1.60.1.70170
2069	1.60.1.69913	1.60.1.70170
2070	1.60.1.69913	1.60.1.70170
2071	1.60.1.69913	1.60.1.70170
2072	1.60.1.69913	1.60.1.70170
2073	1.60.1.69913	1.60.1.70170
2074	1.60.1.69913	1.60.1.70170
2075	1.60.1.69913	1.60.1.70170
2077	1.60.1.69913	1.60.1.70170
2078	1.60.1.69913	1.60.1.70170
2079	1.60.1.69913	1.60.1.70170
2080	1.60.1.69913	1.60.1.70170
2081	1.60.1.69913	1.60.1.70170
2082	1.60.1.69913	1.60.1.70170
2084	1.60.1.70170	1.60.1.70170
2085	1.60.1.69913	1.60.1.70170
2087	1.60.1.69913	1.60.1.70170
2088	1.60.1.69913	1.60.1.70170
2089	1.60.1.69913	1.60.1.70170
2091	1.60.1.69913	1.60.1.70170
2092	1.60.1.69913	1.60.1.70170
2098	1.60.1.69913	1.60.1.70170
2101	1.60.1.69913	1.60.1.70170
2102	1.60.1.69913	1.60.1.70170
2103	1.60.1.69913	1.60.1.70170
2104	1.60.1.69913	1.60.1.70170
2105	1.60.1.69913	1.60.1.70170
2106	1.60.1.69913	1.60.1.70170
2107	1.60.1.69913	1.60.1.70170
2108	1.60.1.69913	1.60.1.70170
2109	1.60.1.69913	1.60.1.70170
2110	1.60.1.69913	1.60.1.70170
2112	1.60.1.69913	1.60.1.70170
2113	1.60.1.69913	1.60.1.70170
2114	1.60.1.69913	1.60.1.70170
2115	1.60.1.69913	1.60.1.70170
2117	1.60.1.69913	1.60.1.70170
2119	1.60.1.69913	1.60.1.70170
2120	1.60.1.69913	1.60.1.70170
2121	1.60.1.69913	1.60.1.70170
2122	1.60.1.69913	1.60.1.70170
2123	1.60.1.69913	1.60.1.70170
2124	1.60.1.69913	1.60.1.70170
2125	1.60.1.69913	1.60.1.70170
2126	1.60.1.69913	1.60.1.70170
2127	1.60.1.69913	1.60.1.70170
2128	1.60.1.69913	1.60.1.70170
2129	1.60.1.69913	1.60.1.70170
2130	1.60.1.69913	1.60.1.70170
2131	1.60.1.69913	1.60.1.70170
2132	1.60.1.69913	1.60.1.70170
2133	1.60.1.69913	1.60.1.70170
2134	1.60.1.69913	1.60.1.70170
2136	1.60.1.69913	1.60.1.70170
2137	1.60.1.69913	1.60.1.70170
2138	1.60.1.69913	1.60.1.70170
2139	1.60.1.69913	1.60.1.70170
2140	1.60.1.69913	1.60.1.70170
2141	1.60.1.69913	1.60.1.70170
2142	1.60.1.69913	1.60.1.70170
2143	1.60.1.69913	1.60.1.70170
2144	1.60.1.69913	1.60.1.70170
2145	1.60.1.69913	1.60.1.70170
2146	1.60.1.69913	1.60.1.70170
2147	1.60.1.69913	1.60.1.70170
2148	1.60.1.69913	1.60.1.70170
2149	1.60.1.69913	1.60.1.70170
2150	1.60.1.69913	1.60.1.70170
2151	1.60.1.69913	1.60.1.70170
2152	1.60.1.69913	1.60.1.70170
2153	1.60.1.69913	1.60.1.70170
2154	1.60.1.69913	1.60.1.70170
2156	1.60.1.69913	1.60.1.70170
2158	1.60.1.69913	1.60.1.70170
2159	1.60.1.69913	1.60.1.70170
2160	1.60.1.69913	1.60.1.70170
2161	1.60.1.69913	1.60.1.70170
2162	1.60.1.69913	1.60.1.70170
2165	1.60.1.69913	1.60.1.70170
2166	1.60.1.69913	1.60.1.70170
2167	1.60.1.69913	1.60.1.70170
2168	1.60.1.69913	1.60.1.70170
2169	1.60.1.69913	1.60.1.70170
2170	1.60.1.69913	1.60.1.70170
2172	1.60.1.69913	1.60.1.70170
2173	1.60.1.69913	1.60.1.70170
2175	1.60.1.69913	1.60.1.70170
2176	1.60.1.69913	1.60.1.70170
2177	1.60.1.69913	1.60.1.70170
2178	1.60.1.69913	1.60.1.70170
2179	1.60.1.69913	1.60.1.70170
2180	1.60.1.69913	1.60.1.70170
2181	1.60.1.69913	1.60.1.70170
2182	1.60.1.69913	1.60.1.70170
2183	1.60.1.69913	1.60.1.70170
2184	1.60.1.69913	1.60.1.70170
2186	1.60.1.69913	1.60.1.70170
2187	1.60.1.69913	1.60.1.70170
2188	1.60.1.69913	1.60.1.70170
2189	1.60.1.69913	1.60.1.70170
2191	1.60.1.69913	1.60.1.70170
2194	1.60.1.69913	1.60.1.70170
2195	1.60.1.69913	1.60.1.70170
2196	1.60.1.69913	1.60.1.70170
2197	1.60.1.69913	1.60.1.70170
2198	1.60.1.69913	1.60.1.70170
2199	1.60.1.69913	1.60.1.70170
2200	1.60.1.69913	1.60.1.70170
2201	1.60.1.69913	1.60.1.70170
2202	1.60.1.69913	1.60.1.70170
2203	1.60.1.69913	1.60.1.70170
2204	1.60.1.69913	1.60.1.70170
2205	1.60.1.70009	1.60.1.70170
2206	1.60.1.69913	1.60.1.70170
2207	1.60.1.69913	1.60.1.70170
2208	1.60.1.69913	1.60.1.70170
2209	1.60.1.69913	1.60.1.70170
2210	1.60.1.69913	1.60.1.70170
2211	1.60.1.69913	1.60.1.70170
2212	1.60.1.69913	1.60.1.70170
2213	1.60.1.69913	1.60.1.70170
2214	1.60.1.69913	1.60.1.70170
2215	1.60.1.69913	1.60.1.70170
2216	1.60.1.69913	1.60.1.70170
2217	1.60.1.69913	1.60.1.70170
2218	1.60.1.69913	1.60.1.70170
2219	1.60.1.69913	1.60.1.70170
2220	1.60.1.69913	1.60.1.70170
2221	1.60.1.69913	1.60.1.70170
2222	1.60.1.69913	1.60.1.70170
2223	1.60.1.69913	1.60.1.70170
2224	1.60.1.69913	1.60.1.70170
2225	1.60.1.69913	1.60.1.70170
2226	1.60.1.70009	1.60.1.70170
2227	1.60.1.70009	1.60.1.70170
2230	1.60.1.69913	1.60.1.70170
2231	1.60.1.69913	1.60.1.70170
2232	1.60.1.70009	1.60.1.70170
2233	1.60.1.70009	1.60.1.70170
2234	1.60.1.70009	1.60.1.70170
2235	1.60.1.69913	1.60.1.70170
2236	1.60.1.69913	1.60.1.70170
2237	1.60.1.69913	1.60.1.70170
2238	1.60.1.69913	1.60.1.70170
2239	1.60.1.69913	1.60.1.70170
2240	1.60.1.69913	1.60.1.70170
2241	1.60.1.69913	1.60.1.70170
2245	1.60.1.70009	1.60.1.70170
2249	1.60.1.69913	1.60.1.70170
2250	1.60.1.69913	1.60.1.70170
2251	1.60.1.69913	1.60.1.70170
2252	1.60.1.69913	1.60.1.70170
2254	1.60.1.69913	1.60.1.70170
2255	1.60.1.69913	1.60.1.70170
2256	1.60.1.69913	1.60.1.70170
2257	1.60.1.69913	1.60.1.70170
2258	1.60.1.69913	1.60.1.70170
2259	1.60.1.69913	1.60.1.70170
2260	1.60.1.69913	1.60.1.70170
2263	1.60.1.69913	1.60.1.70170
2264	1.60.1.70124	1.60.1.70170
2265	1.60.1.69913	1.60.1.70170
2266	1.60.1.69913	1.60.1.70170
2267	1.60.1.69913	1.60.1.70170
2268	1.60.1.69913	1.60.1.70170
2271	1.60.1.70009	1.60.1.70170
2274	1.60.1.69913	1.60.1.70170
2275	1.60.1.69913	1.60.1.70170
2276	1.60.1.69913	1.60.1.70170
2277	1.60.1.69913	1.60.1.70170
2278	1.60.1.69913	1.60.1.70170
2280	1.60.1.69913	1.60.1.70170
2281	1.60.1.69913	1.60.1.70170
2282	1.60.1.69913	1.60.1.70170
2283	1.60.1.69913	1.60.1.70170
2284	1.60.1.69913	1.60.1.70170
2287	1.60.1.69913	1.60.1.70170
2288	1.60.1.69913	1.60.1.70170
2289	1.60.1.69913	1.60.1.70170
2290	1.60.1.69913	1.60.1.70170
2292	1.60.1.69913	1.60.1.70170
2295	1.60.1.69913	1.60.1.70170
2296	1.60.1.69913	1.60.1.70170
2299	1.60.1.69913	1.60.1.70170
2300	1.60.1.69913	1.60.1.70170
2302	1.60.1.69913	1.60.1.70170
2303	1.60.1.69913	1.60.1.70170
2304	1.60.1.69913	1.60.1.70170
2305	1.60.1.69913	1.60.1.70170
2306	1.60.1.69913	1.60.1.70170
2307	1.60.1.69913	1.60.1.70170
2308	1.60.1.69913	1.60.1.70170
2309	1.60.1.69913	1.60.1.70170
2310	1.60.1.69913	1.60.1.70170
2311	1.60.1.69913	1.60.1.70170
2312	1.60.1.69913	1.60.1.70170
2313	1.60.1.69913	1.60.1.70170
2314	1.60.1.69913	1.60.1.70170
2315	1.60.1.69913	1.60.1.70170
2316	1.60.1.69913	1.60.1.70170
2317	1.60.1.69913	1.60.1.70170
2318	1.60.1.69913	1.60.1.70170
2319	1.60.1.69913	1.60.1.70170
2320	1.60.1.69913	1.60.1.70170
2321	1.60.1.69913	1.60.1.70170
2322	1.60.1.69913	1.60.1.70170
2323	1.60.1.69913	1.60.1.70170
2324	1.60.1.69913	1.60.1.70170
2325	1.60.1.69913	1.60.1.70170
2326	1.60.1.69913	1.60.1.70170
2327	1.60.1.69913	1.60.1.70170
2361	1.60.1.69913	1.60.1.70170
2362	1.60.1.69913	1.60.1.70170
2363	1.60.1.69913	1.60.1.70170
2364	1.60.1.69913	1.60.1.70170
2366	1.60.1.69913	1.60.1.70170
2367	1.60.1.69913	1.60.1.70170
2369	1.60.1.69913	1.60.1.70170
2370	1.60.1.69913	1.60.1.70170
2371	1.60.1.69913	1.60.1.70170
2372	1.60.1.69913	1.60.1.70170
2373	1.60.1.69913	1.60.1.70170
2374	1.60.1.69913	1.60.1.70170
2375	1.60.1.69913	1.60.1.70170
2376	1.60.1.69913	1.60.1.70170
2377	1.60.1.69913	1.60.1.70170
2378	1.60.1.69913	1.60.1.70170
2379	1.60.1.69913	1.60.1.70170
2380	1.60.1.69913	1.60.1.70170
2381	1.60.1.69913	1.60.1.70170
2382	1.60.1.69913	1.60.1.70170
2383	1.60.1.69913	1.60.1.70170
2384	1.60.1.69913	1.60.1.70170
2385	1.60.1.69913	1.60.1.70170
2386	1.60.1.69913	1.60.1.70170
2387	1.60.1.69913	1.60.1.70170
2388	1.60.1.69913	1.60.1.70170
2389	1.60.1.69913	1.60.1.70170
2390	1.60.1.69913	1.60.1.70170
2391	1.60.1.69913	1.60.1.70170
2392	1.60.1.69913	1.60.1.70170
2393	1.60.1.69913	1.60.1.70170
2394	1.60.1.69913	1.60.1.70170
2395	1.60.1.69913	1.60.1.70170
2396	1.60.1.69913	1.60.1.70170
2397	1.60.1.69913	1.60.1.70170
2398	1.60.1.69913	1.60.1.70170
2399	1.60.1.69913	1.60.1.70170
2400	1.60.1.69913	1.60.1.70170
2401	1.60.1.69913	1.60.1.70170
2402	1.60.1.69913	1.60.1.70170
2403	1.60.1.69913	1.60.1.70170
2404	1.60.1.69913	1.60.1.70170
2405	1.60.1.69913	1.60.1.70170
2406	1.60.1.69913	1.60.1.70170
2407	1.60.1.69913	1.60.1.70170
2408	1.60.1.69913	1.60.1.70170
2409	1.60.1.69913	1.60.1.70170
2410	1.60.1.69913	1.60.1.70170
2411	1.60.1.69913	1.60.1.70170
2412	1.60.1.69913	1.60.1.70170
2413	1.60.1.69913	1.60.1.70170
2414	1.60.1.69913	1.60.1.70170
2415	1.60.1.69913	1.60.1.70170
2417	1.60.1.69913	1.60.1.70170
2418	1.60.1.69913	1.60.1.70170
2419	1.60.1.69913	1.60.1.70170
2420	1.60.1.69913	1.60.1.70170
2421	1.60.1.69913	1.60.1.70170
2422	1.60.1.69913	1.60.1.70170
2423	1.60.1.69913	1.60.1.70170
2424	1.60.1.69913	1.60.1.70170
2425	1.60.1.69913	1.60.1.70170
2426	1.60.1.69913	1.60.1.70170
2427	1.60.1.69913	1.60.1.70170
2428	1.60.1.69913	1.60.1.70170
2429	1.60.1.69913	1.60.1.70170
2431	1.60.1.69913	1.60.1.70170
2432	1.60.1.69913	1.60.1.70170
2434	1.60.1.69913	1.60.1.70170
2435	1.60.1.69913	1.60.1.70170
2437	1.60.1.69913	1.60.1.70170
2438	1.60.1.69913	1.60.1.70170
2440	1.60.1.69913	1.60.1.70170
2441	1.60.1.69913	1.60.1.70170
2442	1.60.1.69913	1.60.1.70170
2443	1.60.1.69913	1.60.1.70170
2444	1.60.1.69913	1.60.1.70170
2445	1.60.1.69913	1.60.1.70170
2446	1.60.1.69913	1.60.1.70170
2447	1.60.1.69913	1.60.1.70170
2448	1.60.1.69913	1.60.1.70170
2449	1.60.1.69913	1.60.1.70170
2450	1.60.1.69913	1.60.1.70170
2451	1.60.1.69913	1.60.1.70170
2452	1.60.1.69913	1.60.1.70170
2453	1.60.1.69913	1.60.1.70170
2454	1.60.1.69913	1.60.1.70170
2455	1.60.1.69913	1.60.1.70170
2456	1.60.1.69913	1.60.1.70170
2457	1.60.1.69913	1.60.1.70170
2458	1.60.1.69913	1.60.1.70170
2459	1.60.1.69913	1.60.1.70170
2461	1.60.1.69913	1.60.1.70170
2462	1.60.1.69913	1.60.1.70170
2463	1.60.1.69913	1.60.1.70170
2464	1.60.1.69913	1.60.1.70170
2465	1.60.1.69913	1.60.1.70170
2466	1.60.1.69913	1.60.1.70170
2467	1.60.1.69913	1.60.1.70170
2468	1.60.1.69913	1.60.1.70170
2469	1.60.1.69913	1.60.1.70170
2470	1.60.1.69913	1.60.1.70170
2471	1.60.1.69913	1.60.1.70170
2472	1.60.1.69913	1.60.1.70170
2473	1.60.1.69913	1.60.1.70170
2474	1.60.1.69913	1.60.1.70170
2475	1.60.1.69913	1.60.1.70170
2476	1.60.1.69913	1.60.1.70170
2477	1.60.1.69913	1.60.1.70170
2478	1.60.1.69913	1.60.1.70170
2479	1.60.1.69913	1.60.1.70170
2480	1.60.1.69913	1.60.1.70170
2481	1.60.1.69913	1.60.1.70170
2482	1.60.1.69913	1.60.1.70170
2483	1.60.1.69913	1.60.1.70170
2484	1.60.1.69913	1.60.1.70170
2485	1.60.1.69913	1.60.1.70170
2486	1.60.1.69913	1.60.1.70170
2487	1.60.1.69913	1.60.1.70170
2488	1.60.1.69913	1.60.1.70170
2489	1.60.1.69913	1.60.1.70170
2490	1.60.1.69913	1.60.1.70170
2491	1.60.1.69913	1.60.1.70170
2492	1.60.1.69913	1.60.1.70170
2493	1.60.1.69913	1.60.1.70170
2494	1.60.1.69913	1.60.1.70170
2495	1.60.1.69913	1.60.1.70170
2496	1.60.1.69913	1.60.1.70170
2497	1.60.1.69913	1.60.1.70170
2498	1.60.1.69913	1.60.1.70170
2499	1.60.1.69913	1.60.1.70170
2500	1.60.1.69913	1.60.1.70170
2501	1.60.1.69913	1.60.1.70170
2502	1.60.1.69913	1.60.1.70170
2503	1.60.1.69913	1.60.1.70170
2504	1.60.1.69913	1.60.1.70170
2505	1.60.1.69913	1.60.1.70170
2506	1.60.1.69913	1.60.1.70170
2507	1.60.1.69913	1.60.1.70170
2508	1.60.1.69913	1.60.1.70170
2509	1.60.1.69913	1.60.1.70170
2510	1.60.1.69913	1.60.1.70170
2511	1.60.1.69913	1.60.1.70170
2512	1.60.1.69913	1.60.1.70170
2513	1.60.1.69913	1.60.1.70170
2514	1.60.1.69913	1.60.1.70170
2515	1.60.1.69913	1.60.1.70170
2516	1.60.1.69913	1.60.1.70170
2517	1.60.1.69913	1.60.1.70170
2518	1.60.1.69913	1.60.1.70170
2519	1.60.1.69913	1.60.1.70170
2520	1.60.1.69913	1.60.1.70170
2521	1.60.1.69913	1.60.1.70170
2522	1.60.1.69913	1.60.1.70170
2523	1.60.1.69913	1.60.1.70170
2524	1.60.1.69913	1.60.1.70170
2525	1.60.1.69913	1.60.1.70170
2526	1.60.1.69913	1.60.1.70170
2527	1.60.1.69913	1.60.1.70170
2528	1.60.1.69913	1.60.1.70170
2529	1.60.1.69913	1.60.1.70170
2530	1.60.1.69913	1.60.1.70170
2531	1.60.1.69913	1.60.1.70170
2532	1.60.1.69913	1.60.1.70170
2533	1.60.1.69913	1.60.1.70170
2534	1.60.1.69913	1.60.1.70170
2535	1.60.1.69913	1.60.1.70170
2536	1.60.1.69913	1.60.1.70170
2545	1.60.1.69913	1.60.1.70170
2546	1.60.1.69913	1.60.1.70170
2547	1.60.1.69913	1.60.1.70170
2548	1.60.1.69913	1.60.1.70170
2549	1.60.1.70009	1.60.1.70170
2550	1.60.1.69913	1.60.1.70170
2551	1.60.1.69913	1.60.1.70170
2552	1.60.1.69913	1.60.1.70170
2553	1.60.1.69913	1.60.1.70170
2554	1.60.1.69913	1.60.1.70170
2555	1.60.1.69913	1.60.1.70170
2557	1.60.1.69913	1.60.1.70170
2558	1.60.1.69913	1.60.1.70170
2559	1.60.1.69913	1.60.1.70170
2560	1.60.1.69913	1.60.1.70170
2561	1.60.1.69913	1.60.1.70170
2562	1.60.1.69913	1.60.1.70170
2563	1.60.1.69913	1.60.1.70170
2564	1.60.1.70009	1.60.1.70170
2565	1.60.1.69913	1.60.1.70170
2566	1.60.1.70124	1.60.1.70170
2567	1.60.1.69913	1.60.1.70170
2568	1.60.1.69913	1.60.1.70170
2569	1.60.1.69913	1.60.1.70170
2570	1.60.1.69913	1.60.1.70170
2571	1.60.1.69913	1.60.1.70170
2572	1.60.1.69913	1.60.1.70170
2573	1.60.1.69913	1.60.1.70170
2574	1.60.1.69913	1.60.1.70170
2575	1.60.1.69913	1.60.1.70170
2576	1.60.1.69913	1.60.1.70170
2577	1.60.1.69913	1.60.1.70170
2578	1.60.1.69913	1.60.1.70170
2579	1.60.1.69913	1.60.1.70170
2580	1.60.1.69913	1.60.1.70170
2581	1.60.1.69913	1.60.1.70170
2582	1.60.1.69913	1.60.1.70170
2583	1.60.1.69913	1.60.1.70170
2584	1.60.1.69913	1.60.1.70170
2585	1.60.1.69913	1.60.1.70170
2586	1.60.1.69913	1.60.1.70170
2587	1.60.1.69913	1.60.1.70170
2588	1.60.1.69913	1.60.1.70170
2589	1.60.1.69913	1.60.1.70170
2590	1.60.1.69913	1.60.1.70170
2591	1.60.1.69913	1.60.1.70170
2592	1.60.1.69913	1.60.1.70170
2593	1.60.1.69913	1.60.1.70170
2594	1.60.1.69913	1.60.1.70170
2595	1.60.1.69913	1.60.1.70170
2596	1.60.1.69913	1.60.1.70170
2598	1.60.1.69913	1.60.1.70170
2599	1.60.1.69913	1.60.1.70170
2600	1.60.1.69913	1.60.1.70170
2601	1.60.1.69913	1.60.1.70170
2602	1.60.1.69913	1.60.1.70170
2604	1.60.1.69913	1.60.1.70170
2605	1.60.1.69913	1.60.1.70170
2606	1.60.1.69913	1.60.1.70170
2607	1.60.1.69913	1.60.1.70170
2608	1.60.1.69913	1.60.1.70170
2609	1.60.1.69913	1.60.1.70170
2610	1.60.1.69913	1.60.1.70170
2611	1.60.1.69913	1.60.1.70170
2612	1.60.1.69913	1.60.1.70170
2613	1.60.1.69913	1.60.1.70170
2614	1.60.1.69913	1.60.1.70170
2615	1.60.1.69913	1.60.1.70170
2616	1.60.1.69913	1.60.1.70170
2617	1.60.1.69913	1.60.1.70170
2618	1.60.1.69913	1.60.1.70170
2619	1.60.1.69913	1.60.1.70170
2622	1.60.1.70009	1.60.1.70170
2625	1.60.1.69913	1.60.1.70170
2628	1.60.1.69913	1.60.1.70170
2629	1.60.1.69913	1.60.1.70170
2632	1.60.1.69913	1.60.1.70170
2633	1.60.1.69913	1.60.1.70170
2634	1.60.1.69913	1.60.1.70170
2635	1.60.1.69913	1.60.1.70170
2636	1.60.1.69913	1.60.1.70170
2637	1.60.1.69913	1.60.1.70170
2638	1.60.1.69913	1.60.1.70170
2639	1.60.1.69913	1.60.1.70170
2640	1.60.1.69913	1.60.1.70170
2642	1.60.1.69913	1.60.1.70170
2643	1.60.1.69913	1.60.1.70170
2644	1.60.1.69913	1.60.1.70170
2645	1.60.1.69913	1.60.1.70170
2646	1.60.1.69913	1.60.1.70170
2647	1.60.1.69913	1.60.1.70170
2648	1.60.1.69913	1.60.1.70170
2649	1.60.1.69913	1.60.1.70170
2650	1.60.1.69913	1.60.1.70170
2651	1.60.1.69913	1.60.1.70170
2652	1.60.1.69913	1.60.1.70170
2653	1.60.1.69913	1.60.1.70170
2654	1.60.1.69913	1.60.1.70170
2655	1.60.1.69913	1.60.1.70170
2656	1.60.1.69913	1.60.1.70170
2657	1.60.1.69913	1.60.1.70170
2658	1.60.1.69913	1.60.1.70170
2659	1.60.1.69913	1.60.1.70170
2660	1.60.1.69913	1.60.1.70170
2661	1.60.1.69913	1.60.1.70170
2666	1.60.1.69913	1.60.1.70170
2667	1.60.1.69913	1.60.1.70170
2668	1.60.1.69913	1.60.1.70170
2669	1.60.1.69913	1.60.1.70170
2671	1.60.1.69913	1.60.1.70170
2672	1.60.1.69913	1.60.1.70170
2673	1.60.1.69913	1.60.1.70170
2674	1.60.1.69913	1.60.1.70170
2675	1.60.1.69913	1.60.1.70170
2676	1.60.1.69913	1.60.1.70170
2677	1.60.1.69913	1.60.1.70170
2678	1.60.1.69913	1.60.1.70170
2679	1.60.1.69913	1.60.1.70170
2680	1.60.1.69913	1.60.1.70170
2681	1.60.1.69913	1.60.1.70170
2682	1.60.1.69913	1.60.1.70170
2683	1.60.1.69913	1.60.1.70170
2684	1.60.1.69913	1.60.1.70170
2685	1.60.1.69913	1.60.1.70170
2686	1.60.1.69913	1.60.1.70170
2687	1.60.1.69913	1.60.1.70170
2688	1.60.1.69913	1.60.1.70170
2690	1.60.1.69913	1.60.1.70170
2691	1.60.1.69913	1.60.1.70170
2692	1.60.1.69913	1.60.1.70170
2693	1.60.1.69913	1.60.1.70170
2694	1.60.1.69913	1.60.1.70170
2695	1.60.1.69913	1.60.1.70170
2696	1.60.1.69913	1.60.1.70170
2697	1.60.1.69913	1.60.1.70170
2698	1.60.1.69913	1.60.1.70170
2699	1.60.1.69913	1.60.1.70170
2700	1.60.1.69913	1.60.1.70170
2701	1.60.1.69913	1.60.1.70170
2702	1.60.1.69913	1.60.1.70170
2703	1.60.1.69913	1.60.1.70170
2704	1.60.1.69913	1.60.1.70170
2705	1.60.1.69913	1.60.1.70170
2706	1.60.1.69913	1.60.1.70170
2707	1.60.1.69913	1.60.1.70170
2708	1.60.1.69913	1.60.1.70170
2709	1.60.1.69913	1.60.1.70170
2710	1.60.1.69913	1.60.1.70170
2711	1.60.1.69913	1.60.1.70170
2712	1.60.1.69913	1.60.1.70170
2713	1.60.1.69913	1.60.1.70170
2714	1.60.1.69913	1.60.1.70170
2715	1.60.1.69913	1.60.1.70170
2716	1.60.1.69913	1.60.1.70170
2717	1.60.1.69913	1.60.1.70170
2718	1.60.1.69913	1.60.1.70170
2719	1.60.1.69913	1.60.1.70170
2720	1.60.1.69913	1.60.1.70170
2721	1.60.1.69913	1.60.1.70170
2722	1.60.1.69913	1.60.1.70170
2723	1.60.1.69913	1.60.1.70170
2724	1.60.1.69913	1.60.1.70170
2725	1.60.1.69913	1.60.1.70170
2728	1.60.1.69913	1.60.1.70170
2730	1.60.1.69913	1.60.1.70170
2732	1.60.1.69913	1.60.1.70170
2734	1.60.1.69913	1.60.1.70170
2735	1.60.1.69913	1.60.1.70170
2738	1.60.1.69913	1.60.1.70170
2740	1.60.1.69913	1.60.1.70170
2742	1.60.1.69913	1.60.1.70170
2744	1.60.1.69913	1.60.1.70170
2745	1.60.1.69913	1.60.1.70170
2748	1.60.1.69913	1.60.1.70170
2749	1.60.1.69913	1.60.1.70170
2750	1.60.1.69913	1.60.1.70170
2751	1.60.1.69913	1.60.1.70170
2754	1.60.1.69913	1.60.1.70170
2755	1.60.1.69913	1.60.1.70170
2756	1.60.1.69913	1.60.1.70170
2757	1.60.1.69913	1.60.1.70170
2758	1.60.1.69913	1.60.1.70170
2759	1.60.1.69913	1.60.1.70170
2760	1.60.1.69913	1.60.1.70170
2763	1.60.1.69913	1.60.1.70170
2764	1.60.1.69913	1.60.1.70170
2765	1.60.1.69913	1.60.1.70170
2766	1.60.1.69913	1.60.1.70170
2770	1.60.1.69913	1.60.1.70170
2771	1.60.1.69913	1.60.1.70170
2772	1.60.1.69913	1.60.1.70170
2773	1.60.1.69913	1.60.1.70170
2774	1.60.1.69913	1.60.1.70170
2775	1.60.1.69913	1.60.1.70170
2776	1.60.1.69913	1.60.1.70170
2777	1.60.1.69913	1.60.1.70170
2778	1.60.1.69913	1.60.1.70170
2779	1.60.1.69913	1.60.1.70170
2780	1.60.1.69913	1.60.1.70170
2781	1.60.1.69913	1.60.1.70170
2782	1.60.1.69913	1.60.1.70170
2783	1.60.1.69913	1.60.1.70170
2784	1.60.1.69913	1.60.1.70170
2785	1.60.1.69913	1.60.1.70170
2786	1.60.1.69913	1.60.1.70170
2787	1.60.1.69913	1.60.1.70170
2788	1.60.1.69913	1.60.1.70170
2789	1.60.1.69913	1.60.1.70170
2790	1.60.1.69913	1.60.1.70170
2791	1.60.1.69913	1.60.1.70170
2792	1.60.1.69913	1.60.1.70170
2793	1.60.1.69913	1.60.1.70170
2794	1.60.1.69913	1.60.1.70170
2795	1.60.1.69913	1.60.1.70170
2797	1.60.1.69913	1.60.1.70170
2798	1.60.1.69913	1.60.1.70170
2799	1.60.1.69913	1.60.1.70170
2800	1.60.1.69913	1.60.1.70170
2801	1.60.1.70009	1.60.1.70170
2802	1.60.1.69913	1.60.1.70170
2803	1.60.1.69913	1.60.1.70170
2804	1.60.1.69913	1.60.1.70170
2805	1.60.1.69913	1.60.1.70170
2806	1.60.1.69913	1.60.1.70170
2807	1.60.1.69913	1.60.1.70170
2808	1.60.1.69913	1.60.1.70170
2809	1.60.1.69913	1.60.1.70170
2810	1.60.1.69913	1.60.1.70170
2811	1.60.1.69913	1.60.1.70170
2812	1.60.1.69913	1.60.1.70170
2813	1.60.1.69913	1.60.1.70170
2814	1.60.1.69913	1.60.1.70170
2815	1.60.1.69913	1.60.1.70170
2816	1.60.1.70009	1.60.1.70170
2817	1.60.1.69913	1.60.1.70170
2818	1.60.1.69913	1.60.1.70170
2819	1.60.1.69913	1.60.1.70170
2820	1.60.1.69913	1.60.1.70170
2821	1.60.1.69913	1.60.1.70170
2822	1.60.1.69913	1.60.1.70170
2823	1.60.1.69913	1.60.1.70170
2826	1.60.1.69913	1.60.1.70170
2827	1.60.1.69913	1.60.1.70170
2828	1.60.1.69913	1.60.1.70170
2829	1.60.1.69913	1.60.1.70170
2830	1.60.1.69913	1.60.1.70170
2831	1.60.1.69913	1.60.1.70170
2832	1.60.1.69913	1.60.1.70170
2833	1.60.1.69913	1.60.1.70170
2834	1.60.1.69913	1.60.1.70170
2835	1.60.1.69913	1.60.1.70170
2836	1.60.1.69913	1.60.1.70170
2837	1.60.1.69913	1.60.1.70170
2838	1.60.1.69913	1.60.1.70170
2839	1.60.1.69913	1.60.1.70170
2840	1.60.1.69913	1.60.1.70170
2841	1.60.1.69913	1.60.1.70170
2842	1.60.1.69913	1.60.1.70170
2843	1.60.1.69913	1.60.1.70170
2844	1.60.1.69913	1.60.1.70170
2845	1.60.1.69913	1.60.1.70170
2846	1.60.1.69913	1.60.1.70170
2847	1.60.1.69913	1.60.1.70170
2848	1.60.1.69913	1.60.1.70170
2849	1.60.1.69913	1.60.1.70170
2850	1.60.1.69913	1.60.1.70170
2851	1.60.1.69913	1.60.1.70170
2852	1.60.1.69913	1.60.1.70170
2853	1.60.1.69913	1.60.1.70170
2854	1.60.1.69913	1.60.1.70170
2855	1.60.1.69913	1.60.1.70170
2856	1.60.1.69913	1.60.1.70170
2857	1.60.1.69913	1.60.1.70170
2858	1.60.1.69913	1.60.1.70170
2859	1.60.1.69913	1.60.1.70170
2862	1.60.1.69913	1.60.1.70170
2863	1.60.1.69913	1.60.1.70170
2864	1.60.1.69913	1.60.1.70170
2865	1.60.1.69913	1.60.1.70170
2866	1.60.1.69913	1.60.1.70170
2867	1.60.1.69913	1.60.1.70170
2868	1.60.1.69913	1.60.1.70170
2869	1.60.1.69913	1.60.1.70170
2870	1.60.1.69913	1.60.1.70170
2871	1.60.1.69913	1.60.1.70170
2872	1.60.1.69913	1.60.1.70170
2874	1.60.1.69913	1.60.1.70170
2875	1.60.1.69913	1.60.1.70170
2876	1.60.1.69913	1.60.1.70170
2877	1.60.1.69913	1.60.1.70170
2878	1.60.1.69913	1.60.1.70170
2879	1.60.1.69913	1.60.1.70170
2880	1.60.1.69913	1.60.1.70170
2881	1.60.1.69913	1.60.1.70170
2882	1.60.1.69913	1.60.1.70170
2883	1.60.1.69913	1.60.1.70170
2884	1.60.1.69913	1.60.1.70170
2885	1.60.1.69913	1.60.1.70170
2886	1.60.1.69913	1.60.1.70170
2887	1.60.1.69913	1.60.1.70170
2888	1.60.1.69913	1.60.1.70170
2889	1.60.1.69913	1.60.1.70170
2890	1.60.1.69913	1.60.1.70170
2891	1.60.1.69913	1.60.1.70170
2892	1.60.1.69913	1.60.1.70170
2893	1.60.1.69913	1.60.1.70170
2894	1.60.1.69913	1.60.1.70170
2895	1.60.1.69913	1.60.1.70170
2896	1.60.1.69913	1.60.1.70170
2898	1.60.1.69913	1.60.1.70170
2899	1.60.1.69913	1.60.1.70170
2900	1.60.1.69913	1.60.1.70170
2901	1.60.1.69913	1.60.1.70170
2902	1.60.1.69913	1.60.1.70170
2903	1.60.1.69913	1.60.1.70170
2904	1.60.1.69913	1.60.1.70170
2905	1.60.1.69913	1.60.1.70170
2906	1.60.1.70170	1.60.1.70170
2907	1.60.1.69913	1.60.1.70170
2908	1.60.1.69913	1.60.1.70170
2909	1.60.1.69913	1.60.1.70170
2910	1.60.1.69913	1.60.1.70170
2911	1.60.1.69913	1.60.1.70170
2912	1.60.1.69913	1.60.1.70170
2913	1.60.1.69913	1.60.1.70170
2916	1.60.1.69913	1.60.1.70170
2917	1.60.1.69913	1.60.1.70170
2918	1.60.1.69913	1.60.1.70170
2919	1.60.1.69913	1.60.1.70170
2920	1.60.1.69913	1.60.1.70170
2921	1.60.1.69913	1.60.1.70170
2922	1.60.1.69913	1.60.1.70170
2923	1.60.1.69913	1.60.1.70170
2924	1.60.1.69913	1.60.1.70170
2925	1.60.1.69913	1.60.1.70170
2926	1.60.1.69913	1.60.1.70170
2927	1.60.1.69913	1.60.1.70170
2928	1.60.1.69913	1.60.1.70170
2929	1.60.1.69913	1.60.1.70170
2930	1.60.1.69913	1.60.1.70170
2931	1.60.1.69913	1.60.1.70170
2932	1.60.1.69913	1.60.1.70170
2933	1.60.1.69913	1.60.1.70170
2934	1.60.1.69913	1.60.1.70170
2939	1.60.1.69913	1.60.1.70170
2940	1.60.1.69913	1.60.1.70170
2941	1.60.1.70009	1.60.1.70170
2942	1.60.1.70009	1.60.1.70170
2943	1.60.1.69913	1.60.1.70170
2944	1.60.1.69913	1.60.1.70170
2945	1.60.1.69913	1.60.1.70170
2946	1.60.1.69913	1.60.1.70170
2947	1.60.1.69913	1.60.1.70170
2948	1.60.1.69913	1.60.1.70170
2949	1.60.1.69913	1.60.1.70170
2950	1.60.1.69913	1.60.1.70170
2951	1.60.1.69913	1.60.1.70170
2953	1.60.1.69913	1.60.1.70170
2954	1.60.1.69913	1.60.1.70170
2955	1.60.1.70124	1.60.1.70170
2956	1.60.1.69913	1.60.1.70170
2957	1.60.1.69913	1.60.1.70170
2958	1.60.1.69913	1.60.1.70170
2959	1.60.1.69913	1.60.1.70170
2960	1.60.1.69913	1.60.1.70170
2961	1.60.1.69913	1.60.1.70170
2962	1.60.1.69913	1.60.1.70170
2963	1.60.1.69913	1.60.1.70170
2964	1.60.1.69913	1.60.1.70170
2965	1.60.1.69913	1.60.1.70170
2966	1.60.1.69913	1.60.1.70170
2967	1.60.1.69913	1.60.1.70170
2968	1.60.1.69913	1.60.1.70170
2969	1.60.1.69913	1.60.1.70170
2970	1.60.1.69913	1.60.1.70170
2971	1.60.1.69913	1.60.1.70170
2972	1.60.1.69913	1.60.1.70170
2973	1.60.1.69913	1.60.1.70170
2974	1.60.1.69913	1.60.1.70170
2975	1.60.1.69913	1.60.1.70170
2976	1.60.1.69913	1.60.1.70170
2977	1.60.1.69913	1.60.1.70170
2978	1.60.1.69913	1.60.1.70170
2979	1.60.1.69913	1.60.1.70170
2980	1.60.1.69913	1.60.1.70170
2981	1.60.1.69913	1.60.1.70170
2982	1.60.1.69913	1.60.1.70170
2983	1.60.1.69913	1.60.1.70170
2984	1.60.1.69913	1.60.1.70170
2985	1.60.1.69913	1.60.1.70170
2986	1.60.1.69913	1.60.1.70170
2987	1.60.1.69913	1.60.1.70170
2988	1.60.1.69913	1.60.1.70170
2989	1.60.1.69913	1.60.1.70170
2990	1.60.1.69913	1.60.1.70170
2991	1.60.1.69913	1.60.1.70170
2992	1.60.1.69913	1.60.1.70170
2993	1.60.1.69913	1.60.1.70170
2994	1.60.1.69913	1.60.1.70170
2995	1.60.1.69913	1.60.1.70170
2996	1.60.1.69913	1.60.1.70170
2997	1.60.1.69913	1.60.1.70170
2998	1.60.1.69913	1.60.1.70170
2999	1.60.1.69913	1.60.1.70170
3000	1.60.1.69913	1.60.1.70170
3001	1.60.1.69913	1.60.1.70170
3002	1.60.1.69913	1.60.1.70170
3003	1.60.1.69913	1.60.1.70170
3004	1.60.1.69913	1.60.1.70170
3005	1.60.1.69913	1.60.1.70170
3006	1.60.1.69913	1.60.1.70170
3007	1.60.1.69913	1.60.1.70170
3008	1.60.1.69913	1.60.1.70170
3010	1.60.1.69913	1.60.1.70170
3011	1.60.1.70009	1.60.1.70170
3012	1.60.1.69913	1.60.1.70170
3013	1.60.1.69913	1.60.1.70170
3014	1.60.1.69913	1.60.1.70170
3015	1.60.1.69913	1.60.1.70170
3016	1.60.1.69913	1.60.1.70170
3017	1.60.1.69913	1.60.1.70170
3018	1.60.1.69913	1.60.1.70170
3019	1.60.1.69913	1.60.1.70170
3020	1.60.1.69913	1.60.1.70170
3021	1.60.1.69913	1.60.1.70170
3022	1.60.1.69913	1.60.1.70170
3023	1.60.1.69913	1.60.1.70170
3024	1.60.1.69913	1.60.1.70170
3025	1.60.1.69913	1.60.1.70170
3026	1.60.1.69913	1.60.1.70170
3027	1.60.1.69913	1.60.1.70170
3028	1.60.1.69913	1.60.1.70170
3029	1.60.1.69913	1.60.1.70170
3030	1.60.1.69913	1.60.1.70170
3031	1.60.1.69913	1.60.1.70170
3032	1.60.1.69913	1.60.1.70170
3033	1.60.1.69913	1.60.1.70170
3034	1.60.1.69913	1.60.1.70170
3035	1.60.1.69913	1.60.1.70170
3036	1.60.1.69913	1.60.1.70170
3037	1.60.1.69913	1.60.1.70170
3039	1.60.1.69913	1.60.1.70170
3040	1.60.1.69913	1.60.1.70170
3041	1.60.1.69913	1.60.1.70170
3042	1.60.1.69913	1.60.1.70170
3044	1.60.1.69913	1.60.1.70170
3045	1.60.1.69913	1.60.1.70170
3046	1.60.1.69913	1.60.1.70170
3047	1.60.1.69913	1.60.1.70170
3048	1.60.1.69913	1.60.1.70170
3049	1.60.1.69913	1.60.1.70170
3050	1.60.1.69913	1.60.1.70170
3051	1.60.1.69913	1.60.1.70170
3052	1.60.1.69913	1.60.1.70170
3053	1.60.1.70124	1.60.1.70170
3054	1.60.1.69913	1.60.1.70170
3055	1.60.1.69913	1.60.1.70170
3056	1.60.1.69913	1.60.1.70170
3057	1.60.1.69913	1.60.1.70170
3058	1.60.1.69913	1.60.1.70170
3059	1.60.1.69913	1.60.1.70170
3060	1.60.1.69913	1.60.1.70170
3061	1.60.1.69913	1.60.1.70170
3062	1.60.1.69913	1.60.1.70170
3063	1.60.1.69913	1.60.1.70170
3064	1.60.1.69913	1.60.1.70170
3065	1.60.1.69913	1.60.1.70170
3066	1.60.1.69913	1.60.1.70170
3067	1.60.1.69913	1.60.1.70170
3068	1.60.1.69913	1.60.1.70170
3069	1.60.1.69913	1.60.1.70170
3070	1.60.1.69913	1.60.1.70170
3071	1.60.1.69913	1.60.1.70170
3072	1.60.1.70009	1.60.1.70170
3073	1.60.1.69913	1.60.1.70170
3074	1.60.1.70009	1.60.1.70170
3076	1.60.1.70009	1.60.1.70170
3077	1.60.1.69913	1.60.1.70170
3078	1.60.1.69913	1.60.1.70170
3079	1.60.1.69913	1.60.1.70170
3080	1.60.1.69913	1.60.1.70170
3081	1.60.1.69913	1.60.1.70170
3082	1.60.1.69913	1.60.1.70170
3083	1.60.1.69913	1.60.1.70170
3084	1.60.1.69913	1.60.1.70170
3085	1.60.1.69913	1.60.1.70170
3086	1.60.1.69913	1.60.1.70170
3087	1.60.1.69913	1.60.1.70170
3088	1.60.1.69913	1.60.1.70170
3089	1.60.1.69913	1.60.1.70170
3090	1.60.1.69913	1.60.1.70170
3091	1.60.1.69913	1.60.1.70170
3092	1.60.1.69913	1.60.1.70170
3093	1.60.1.69913	1.60.1.70170
3094	1.60.1.69913	1.60.1.70170
3095	1.60.1.69913	1.60.1.70170
3096	1.60.1.69913	1.60.1.70170
3097	1.60.1.69913	1.60.1.70170
3098	1.60.1.69913	1.60.1.70170
3099	1.60.1.69913	1.60.1.70170
3100	1.60.1.69913	1.60.1.70170
3101	1.60.1.69913	1.60.1.70170
3102	1.60.1.69913	1.60.1.70170
3103	1.60.1.69913	1.60.1.70170
3107	1.60.1.69913	1.60.1.70170
3108	1.60.1.69913	1.60.1.70170
3109	1.60.1.69913	1.60.1.70170
3110	1.60.1.69913	1.60.1.70170
3111	1.60.1.69913	1.60.1.70170
3113	1.60.1.69913	1.60.1.70170
3114	1.60.1.69913	1.60.1.70170
3115	1.60.1.69913	1.60.1.70170
3116	1.60.1.69913	1.60.1.70170
3117	1.60.1.69913	1.60.1.70170
3118	1.60.1.69913	1.60.1.70170
3119	1.60.1.69913	1.60.1.70170
3120	1.60.1.69913	1.60.1.70170
3121	1.60.1.69913	1.60.1.70170
3122	1.60.1.69913	1.60.1.70170
3123	1.60.1.69913	1.60.1.70170
3124	1.60.1.69913	1.60.1.70170
3125	1.60.1.69913	1.60.1.70170
3126	1.60.1.69913	1.60.1.70170
3127	1.60.1.69913	1.60.1.70170
3128	1.60.1.69913	1.60.1.70170
3129	1.60.1.69913	1.60.1.70170
3130	1.60.1.69913	1.60.1.70170
3131	1.60.1.69913	1.60.1.70170
3132	1.60.1.69913	1.60.1.70170
3133	1.60.1.69913	1.60.1.70170
3134	1.60.1.69913	1.60.1.70170
3135	1.60.1.69913	1.60.1.70170
3136	1.60.1.69913	1.60.1.70170
3137	1.60.1.69913	1.60.1.70170
3138	1.60.1.69913	1.60.1.70170
3139	1.60.1.69913	1.60.1.70170
3140	1.60.1.69913	1.60.1.70170
3141	1.60.1.69913	1.60.1.70170
3142	1.60.1.69913	1.60.1.70170
3143	1.60.1.69913	1.60.1.70170
3144	1.60.1.69913	1.60.1.70170
3145	1.60.1.69913	1.60.1.70170
3146	1.60.1.69913	1.60.1.70170
3147	1.60.1.69913	1.60.1.70170
3148	1.60.1.69913	1.60.1.70170
3149	1.60.1.69913	1.60.1.70170
3150	1.60.1.69913	1.60.1.70170
3151	1.60.1.69913	1.60.1.70170
3152	1.60.1.69913	1.60.1.70170
3153	1.60.1.69913	1.60.1.70170
3154	1.60.1.69913	1.60.1.70170
3155	1.60.1.69913	1.60.1.70170
3156	1.60.1.69913	1.60.1.70170
3157	1.60.1.69913	1.60.1.70170
3158	1.60.1.69913	1.60.1.70170
3159	1.60.1.69913	1.60.1.70170
3160	1.60.1.69913	1.60.1.70170
3161	1.60.1.69913	1.60.1.70170
3162	1.60.1.69913	1.60.1.70170
3163	1.60.1.69913	1.60.1.70170
3164	1.60.1.69913	1.60.1.70170
3165	1.60.1.69913	1.60.1.70170
3166	1.60.1.69913	1.60.1.70170
3167	1.60.1.69913	1.60.1.70170
3168	1.60.1.69913	1.60.1.70170
3169	1.60.1.69913	1.60.1.70170
3170	1.60.1.69913	1.60.1.70170
3171	1.60.1.69913	1.60.1.70170
3172	1.60.1.69913	1.60.1.70170
3173	1.60.1.69913	1.60.1.70170
3174	1.60.1.69913	1.60.1.70170
3175	1.60.1.69913	1.60.1.70170
3176	1.60.1.69913	1.60.1.70170
3177	1.60.1.69913	1.60.1.70170
3179	1.60.1.69913	1.60.1.70170
3180	1.60.1.69913	1.60.1.70170
3181	1.60.1.69913	1.60.1.70170
3182	1.60.1.69913	1.60.1.70170
3183	1.60.1.69913	1.60.1.70170
3184	1.60.1.69913	1.60.1.70170
3185	1.60.1.69913	1.60.1.70170
3186	1.60.1.69913	1.60.1.70170
3187	1.60.1.69913	1.60.1.70170
3188	1.60.1.69913	1.60.1.70170
3189	1.60.1.69913	1.60.1.70170
3190	1.60.1.69913	1.60.1.70170
3191	1.60.1.69913	1.60.1.70170
3192	1.60.1.69913	1.60.1.70170
3193	1.60.1.69913	1.60.1.70170
3194	1.60.1.69913	1.60.1.70170
3195	1.60.1.69913	1.60.1.70170
3196	1.60.1.69913	1.60.1.70170
3197	1.60.1.69913	1.60.1.70170
3198	1.60.1.69913	1.60.1.70170
3199	1.60.1.69913	1.60.1.70170
3200	1.60.1.69913	1.60.1.70170
3201	1.60.1.69913	1.60.1.70170
3202	1.60.1.69913	1.60.1.70170
3203	1.60.1.69913	1.60.1.70170
3204	1.60.1.69913	1.60.1.70170
3205	1.60.1.69913	1.60.1.70170
3206	1.60.1.69913	1.60.1.70170
3207	1.60.1.69913	1.60.1.70170
3208	1.60.1.69913	1.60.1.70170
3209	1.60.1.69913	1.60.1.70170
3210	1.60.1.69913	1.60.1.70170
3211	1.60.1.69913	1.60.1.70170
3212	1.60.1.69913	1.60.1.70170
3213	1.60.1.69913	1.60.1.70170
3214	1.60.1.69913	1.60.1.70170
3215	1.60.1.69913	1.60.1.70170
3216	1.60.1.69913	1.60.1.70170
3217	1.60.1.69913	1.60.1.70170
3218	1.60.1.69913	1.60.1.70170
3219	1.60.1.69913	1.60.1.70170
3220	1.60.1.69913	1.60.1.70170
3221	1.60.1.69913	1.60.1.70170
3223	1.60.1.69913	1.60.1.70170
3224	1.60.1.69913	1.60.1.70170
3225	1.60.1.69913	1.60.1.70170
3226	1.60.1.69913	1.60.1.70170
3227	1.60.1.69913	1.60.1.70170
3228	1.60.1.70009	1.60.1.70170
3229	1.60.1.69913	1.60.1.70170
3230	1.60.1.69913	1.60.1.70170
3231	1.60.1.69913	1.60.1.70170
3232	1.60.1.69913	1.60.1.70170
3233	1.60.1.69913	1.60.1.70170
3234	1.60.1.69913	1.60.1.70170
3235	1.60.1.69913	1.60.1.70170
3236	1.60.1.69913	1.60.1.70170
3237	1.60.1.69913	1.60.1.70170
3238	1.60.1.69913	1.60.1.70170
3239	1.60.1.69913	1.60.1.70170
3240	1.60.1.69913	1.60.1.70170
3241	1.60.1.69913	1.60.1.70170
3242	1.60.1.69913	1.60.1.70170
3243	1.60.1.69913	1.60.1.70170
3244	1.60.1.69913	1.60.1.70170
3245	1.60.1.69913	1.60.1.70170
3246	1.60.1.69913	1.60.1.70170
3247	1.60.1.69913	1.60.1.70170
3248	1.60.1.69913	1.60.1.70170
3249	1.60.1.69913	1.60.1.70170
3250	1.60.1.69913	1.60.1.70170
3251	1.60.1.69913	1.60.1.70170
3252	1.60.1.69913	1.60.1.70170
3253	1.60.1.69913	1.60.1.70170
3254	1.60.1.69913	1.60.1.70170
3255	1.60.1.69913	1.60.1.70170
3256	1.60.1.69913	1.60.1.70170
3257	1.60.1.69913	1.60.1.70170
3258	1.60.1.69913	1.60.1.70170
3259	1.60.1.69913	1.60.1.70170
3260	1.60.1.69913	1.60.1.70170
3261	1.60.1.69913	1.60.1.70170
3262	1.60.1.69913	1.60.1.70170
3263	1.60.1.69913	1.60.1.70170
3264	1.60.1.69913	1.60.1.70170
3265	1.60.1.69913	1.60.1.70170
3266	1.60.1.69913	1.60.1.70170
3267	1.60.1.69913	1.60.1.70170
3268	1.60.1.69913	1.60.1.70170
3269	1.60.1.69913	1.60.1.70170
3270	1.60.1.69913	1.60.1.70170
3271	1.60.1.69913	1.60.1.70170
3272	1.60.1.69913	1.60.1.70170
3273	1.60.1.69913	1.60.1.70170
3274	1.60.1.69913	1.60.1.70170
3275	1.60.1.69913	1.60.1.70170
3276	1.60.1.69913	1.60.1.70170
3277	1.60.1.69913	1.60.1.70170
3278	1.60.1.69913	1.60.1.70170
3279	1.60.1.69913	1.60.1.70170
3280	1.60.1.69913	1.60.1.70170
3281	1.60.1.69913	1.60.1.70170
3282	1.60.1.69913	1.60.1.70170
3283	1.60.1.69913	1.60.1.70170
3284	1.60.1.69913	1.60.1.70170
3285	1.60.1.69913	1.60.1.70170
3286	1.60.1.69913	1.60.1.70170
3287	1.60.1.69913	1.60.1.70170
3288	1.60.1.69913	1.60.1.70170
3289	1.60.1.69913	1.60.1.70170
3290	1.60.1.69913	1.60.1.70170
3291	1.60.1.69913	1.60.1.70170
3292	1.60.1.69913	1.60.1.70170
3293	1.60.1.69913	1.60.1.70170
3294	1.60.1.69913	1.60.1.70170
3295	1.60.1.69913	1.60.1.70170
3296	1.60.1.69913	1.60.1.70170
3297	1.60.1.69913	1.60.1.70170
3298	1.60.1.69913	1.60.1.70170
3299	1.60.1.69913	1.60.1.70170
3300	1.60.1.69913	1.60.1.70170
3301	1.60.1.69913	1.60.1.70170
3302	1.60.1.69913	1.60.1.70170
3303	1.60.1.69913	1.60.1.70170
3304	1.60.1.69913	1.60.1.70170
3305	1.60.1.69913	1.60.1.70170
3306	1.60.1.69913	1.60.1.70170
3307	1.60.1.69913	1.60.1.70170
3308	1.60.1.69913	1.60.1.70170
3309	1.60.1.69913	1.60.1.70170
3310	1.60.1.69913	1.60.1.70170
3311	1.60.1.69913	1.60.1.70170
3312	1.60.1.69913	1.60.1.70170
3313	1.60.1.69913	1.60.1.70170
3314	1.60.1.69913	1.60.1.70170
3315	1.60.1.69913	1.60.1.70170
3316	1.60.1.69913	1.60.1.70170
3317	1.60.1.69913	1.60.1.70170
3318	1.60.1.69913	1.60.1.70170
3319	1.60.1.69913	1.60.1.70170
3320	1.60.1.69913	1.60.1.70170
3321	1.60.1.69913	1.60.1.70170
3322	1.60.1.69913	1.60.1.70170
3323	1.60.1.69913	1.60.1.70170
3324	1.60.1.69913	1.60.1.70170
3325	1.60.1.69913	1.60.1.70170
3326	1.60.1.69913	1.60.1.70170
3327	1.60.1.69913	1.60.1.70170
3328	1.60.1.69913	1.60.1.70170
3329	1.60.1.69913	1.60.1.70170
3330	1.60.1.69913	1.60.1.70170
3331	1.60.1.69913	1.60.1.70170
3332	1.60.1.69913	1.60.1.70170
3333	1.60.1.69913	1.60.1.70170
3334	1.60.1.69913	1.60.1.70170
3335	1.60.1.69913	1.60.1.70170
3336	1.60.1.70009	1.60.1.70170
3337	1.60.1.69913	1.60.1.70170
3338	1.60.1.69913	1.60.1.70170
3339	1.60.1.69913	1.60.1.70170
3340	1.60.1.69913	1.60.1.70170
3342	1.60.1.69913	1.60.1.70170
3343	1.60.1.69913	1.60.1.70170
3344	1.60.1.69913	1.60.1.70170
3346	1.60.1.69913	1.60.1.70170
3347	1.60.1.69913	1.60.1.70170
3348	1.60.1.69913	1.60.1.70170
3349	1.60.1.69913	1.60.1.70170
3350	1.60.1.69913	1.60.1.70170
3351	1.60.1.69913	1.60.1.70170
3352	1.60.1.69913	1.60.1.70170
3353	1.60.1.69913	1.60.1.70170
3354	1.60.1.69913	1.60.1.70170
3355	1.60.1.69913	1.60.1.70170
3356	1.60.1.69913	1.60.1.70170
3357	1.60.1.69913	1.60.1.70170
3358	1.60.1.69913	1.60.1.70170
3360	1.60.1.69913	1.60.1.70170
3361	1.60.1.69913	1.60.1.70170
3362	1.60.1.69913	1.60.1.70170
3363	1.60.1.69913	1.60.1.70170
3364	1.60.1.69913	1.60.1.70170
3365	1.60.1.69913	1.60.1.70170
3366	1.60.1.69913	1.60.1.70170
3367	1.60.1.69913	1.60.1.70170
3368	1.60.1.69913	1.60.1.70170
3369	1.60.1.69913	1.60.1.70170
3370	1.60.1.69913	1.60.1.70170
3371	1.60.1.69913	1.60.1.70170
3372	1.60.1.69913	1.60.1.70170
3373	1.60.1.69913	1.60.1.70170
3374	1.60.1.69913	1.60.1.70170
3375	1.60.1.69913	1.60.1.70170
3376	1.60.1.69913	1.60.1.70170
3377	1.60.1.69913	1.60.1.70170
3378	1.60.1.69913	1.60.1.70170
3379	1.60.1.69913	1.60.1.70170
3380	1.60.1.69913	1.60.1.70170
3381	1.60.1.69913	1.60.1.70170
3382	1.60.1.69913	1.60.1.70170
3383	1.60.1.69913	1.60.1.70170
3384	1.60.1.69913	1.60.1.70170
3385	1.60.1.69913	1.60.1.70170
3386	1.60.1.69913	1.60.1.70170
3387	1.60.1.69913	1.60.1.70170
3388	1.60.1.69913	1.60.1.70170
3389	1.60.1.69913	1.60.1.70170
3390	1.60.1.69913	1.60.1.70170
3391	1.60.1.69913	1.60.1.70170
3392	1.60.1.69913	1.60.1.70170
3393	1.60.1.69913	1.60.1.70170
3394	1.60.1.69913	1.60.1.70170
3395	1.60.1.69913	1.60.1.70170
3396	1.60.1.69913	1.60.1.70170
3397	1.60.1.69913	1.60.1.70170
3399	1.60.1.69913	1.60.1.70170
3400	1.60.1.70170	1.60.1.70170
3401	1.60.1.69913	1.60.1.70170
3402	1.60.1.69913	1.60.1.70170
3403	1.60.1.69913	1.60.1.70170
3404	1.60.1.69913	1.60.1.70170
3405	1.60.1.69913	1.60.1.70170
3406	1.60.1.69913	1.60.1.70170
3407	1.60.1.69913	1.60.1.70170
3408	1.60.1.69913	1.60.1.70170
3409	1.60.1.69913	1.60.1.70170
3410	1.60.1.69913	1.60.1.70170
3411	1.60.1.69913	1.60.1.70170
3412	1.60.1.69913	1.60.1.70170
3413	1.60.1.69913	1.60.1.70170
3414	1.60.1.70009	1.60.1.70170
3415	1.60.1.70009	1.60.1.70170
3416	1.60.1.70009	1.60.1.70170
3417	1.60.1.70009	1.60.1.70170
3418	1.60.1.69913	1.60.1.70170
3419	1.60.1.69913	1.60.1.70170
3420	1.60.1.69913	1.60.1.70170
3421	1.60.1.69913	1.60.1.70170
3422	1.60.1.69913	1.60.1.70170
3423	1.60.1.69913	1.60.1.70170
3424	1.60.1.69913	1.60.1.70170
3425	1.60.1.69913	1.60.1.70170
3426	1.60.1.69913	1.60.1.70170
3427	1.60.1.69913	1.60.1.70170
3428	1.60.1.69913	1.60.1.70170
3429	1.60.1.69913	1.60.1.70170
3430	1.60.1.69913	1.60.1.70170
3431	1.60.1.69913	1.60.1.70170
3432	1.60.1.69913	1.60.1.70170
3433	1.60.1.69913	1.60.1.70170
3434	1.60.1.69913	1.60.1.70170
3435	1.60.1.69913	1.60.1.70170
3436	1.60.1.69913	1.60.1.70170
3437	1.60.1.69913	1.60.1.70170
3438	1.60.1.69913	1.60.1.70170
3439	1.60.1.69913	1.60.1.70170
3440	1.60.1.69913	1.60.1.70170
3441	1.60.1.69913	1.60.1.70170
3442	1.60.1.69913	1.60.1.70170
3443	1.60.1.69913	1.60.1.70170
3444	1.60.1.69913	1.60.1.70170
3445	1.60.1.69913	1.60.1.70170
3446	1.60.1.69913	1.60.1.70170
3447	1.60.1.69913	1.60.1.70170
3448	1.60.1.69913	1.60.1.70170
3449	1.60.1.69913	1.60.1.70170
3450	1.60.1.69913	1.60.1.70170
3451	1.60.1.69913	1.60.1.70170
3452	1.60.1.69913	1.60.1.70170
3453	1.60.1.69913	1.60.1.70170
3454	1.60.1.69913	1.60.1.70170
3455	1.60.1.69913	1.60.1.70170
3457	1.60.1.69913	1.60.1.70170
3458	1.60.1.69913	1.60.1.70170
3459	1.60.1.69913	1.60.1.70170
3460	1.60.1.69913	1.60.1.70170
3461	1.60.1.69913	1.60.1.70170
3462	1.60.1.69913	1.60.1.70170
3463	1.60.1.69913	1.60.1.70170
3464	1.60.1.69913	1.60.1.70170
3465	1.60.1.69913	1.60.1.70170
3466	1.60.1.69913	1.60.1.70170
3467	1.60.1.69913	1.60.1.70170
3468	1.60.1.69913	1.60.1.70170
3469	1.60.1.69913	1.60.1.70170
3470	1.60.1.69913	1.60.1.70170
3471	1.60.1.69913	1.60.1.70170
3472	1.60.1.69913	1.60.1.70170
3473	1.60.1.69913	1.60.1.70170
3474	1.60.1.69913	1.60.1.70170
3476	1.60.1.69913	1.60.1.70170
3477	1.60.1.69913	1.60.1.70170
3478	1.60.1.69913	1.60.1.70170
3480	1.60.1.69913	1.60.1.70170
3481	1.60.1.69913	1.60.1.70170
3482	1.60.1.69913	1.60.1.70170
3483	1.60.1.69913	1.60.1.70170
3484	1.60.1.69913	1.60.1.70170
3485	1.60.1.69913	1.60.1.70170
3486	1.60.1.69913	1.60.1.70170
3487	1.60.1.69913	1.60.1.70170
3488	1.60.1.69913	1.60.1.70170
3489	1.60.1.69913	1.60.1.70170
3490	1.60.1.69913	1.60.1.70170
3491	1.60.1.69913	1.60.1.70170
3492	1.60.1.69913	1.60.1.70170
3493	1.60.1.69913	1.60.1.70170
3494	1.60.1.69913	1.60.1.70170
3495	1.60.1.69913	1.60.1.70170
3496	1.60.1.69913	1.60.1.70170
3497	1.60.1.69913	1.60.1.70170
3498	1.60.1.69913	1.60.1.70170
3499	1.60.1.69913	1.60.1.70170
3500	1.60.1.69913	1.60.1.70170
3501	1.60.1.69913	1.60.1.70170
3502	1.60.1.69913	1.60.1.70170
3503	1.60.1.69913	1.60.1.70170
3504	1.60.1.69913	1.60.1.70170
3505	1.60.1.69913	1.60.1.70170
3506	1.60.1.69913	1.60.1.70170
3507	1.60.1.69913	1.60.1.70170
3508	1.60.1.69913	1.60.1.70170
3509	1.60.1.69913	1.60.1.70170
3510	1.60.1.69913	1.60.1.70170
3511	1.60.1.69913	1.60.1.70170
3513	1.60.1.69913	1.60.1.70170
3514	1.60.1.69913	1.60.1.70170
3515	1.60.1.69913	1.60.1.70170
3516	1.60.1.69913	1.60.1.70170
3517	1.60.1.69913	1.60.1.70170
3518	1.60.1.69913	1.60.1.70170
3519	1.60.1.69913	1.60.1.70170
3520	1.60.1.69913	1.60.1.70170
3521	1.60.1.69913	1.60.1.70170
3522	1.60.1.69913	1.60.1.70170
3523	1.60.1.69913	1.60.1.70170
3524	1.60.1.69913	1.60.1.70170
3525	1.60.1.69913	1.60.1.70170
3526	1.60.1.69913	1.60.1.70170
3527	1.60.1.69913	1.60.1.70170
3528	1.60.1.69913	1.60.1.70170
3529	1.60.1.69913	1.60.1.70170
3530	1.60.1.69913	1.60.1.70170
3531	1.60.1.69913	1.60.1.70170
3532	1.60.1.69913	1.60.1.70170
3533	1.60.1.69913	1.60.1.70170
3534	1.60.1.69913	1.60.1.70170
3535	1.60.1.69913	1.60.1.70170
3536	1.60.1.69913	1.60.1.70170
3537	1.60.1.69913	1.60.1.70170
3538	1.60.1.69913	1.60.1.70170
3539	1.60.1.69913	1.60.1.70170
3540	1.60.1.69913	1.60.1.70170
3541	1.60.1.69913	1.60.1.70170
3542	1.60.1.69913	1.60.1.70170
3543	1.60.1.69913	1.60.1.70170
3544	1.60.1.69913	1.60.1.70170
3545	1.60.1.69913	1.60.1.70170
3546	1.60.1.69913	1.60.1.70170
3547	1.60.1.69913	1.60.1.70170
3548	1.60.1.69913	1.60.1.70170
3549	1.60.1.69913	1.60.1.70170
3550	1.60.1.69913	1.60.1.70170
3551	1.60.1.69913	1.60.1.70170
3552	1.60.1.69913	1.60.1.70170
3553	1.60.1.69913	1.60.1.70170
3554	1.60.1.69913	1.60.1.70170
3555	1.60.1.69913	1.60.1.70170
3556	1.60.1.69913	1.60.1.70170
3558	1.60.1.69913	1.60.1.70170
3559	1.60.1.69913	1.60.1.70170
3560	1.60.1.69913	1.60.1.70170
3561	1.60.1.69913	1.60.1.70170
3562	1.60.1.70170	1.60.1.70170
3563	1.60.1.69913	1.60.1.70170
3564	1.60.1.69913	1.60.1.70170
3565	1.60.1.69913	1.60.1.70170
3566	1.60.1.69913	1.60.1.70170
3567	1.60.1.69913	1.60.1.70170
3568	1.60.1.69913	1.60.1.70170
3569	1.60.1.70124	1.60.1.70170
3570	1.60.1.69913	1.60.1.70170
3571	1.60.1.69913	1.60.1.70170
3572	1.60.1.69913	1.60.1.70170
3573	1.60.1.69913	1.60.1.70170
3574	1.60.1.69913	1.60.1.70170
3575	1.60.1.69913	1.60.1.70170
3576	1.60.1.69913	1.60.1.70170
3577	1.60.1.69913	1.60.1.70170
3578	1.60.1.69913	1.60.1.70170
3580	1.60.1.69913	1.60.1.70170
3581	1.60.1.69913	1.60.1.70170
3582	1.60.1.69913	1.60.1.70170
3583	1.60.1.69913	1.60.1.70170
3584	1.60.1.69913	1.60.1.70170
3585	1.60.1.69913	1.60.1.70170
3586	1.60.1.69913	1.60.1.70170
3587	1.60.1.69913	1.60.1.70170
3588	1.60.1.69913	1.60.1.70170
3589	1.60.1.69913	1.60.1.70170
3590	1.60.1.69913	1.60.1.70170
3591	1.60.1.69913	1.60.1.70170
3592	1.60.1.69913	1.60.1.70170
3593	1.60.1.69913	1.60.1.70170
3594	1.60.1.69913	1.60.1.70170
3595	1.60.1.69913	1.60.1.70170
3596	1.60.1.69913	1.60.1.70170
3597	1.60.1.69913	1.60.1.70170
3598	1.60.1.69913	1.60.1.70170
3599	1.60.1.69913	1.60.1.70170
3600	1.60.1.69913	1.60.1.70170
3601	1.60.1.69913	1.60.1.70170
3602	1.60.1.69913	1.60.1.70170
3603	1.60.1.69913	1.60.1.70170
3604	1.60.1.69913	1.60.1.70170
3605	1.60.1.69913	1.60.1.70170
3606	1.60.1.69913	1.60.1.70170
3607	1.60.1.69913	1.60.1.70170
3608	1.60.1.69913	1.60.1.70170
3609	1.60.1.69913	1.60.1.70170
3610	1.60.1.69913	1.60.1.70170
3611	1.60.1.69913	1.60.1.70170
3612	1.60.1.69913	1.60.1.70170
3613	1.60.1.69913	1.60.1.70170
3614	1.60.1.69913	1.60.1.70170
3615	1.60.1.69913	1.60.1.70170
3616	1.60.1.69913	1.60.1.70170
3617	1.60.1.69913	1.60.1.70170
3618	1.60.1.69913	1.60.1.70170
3619	1.60.1.69913	1.60.1.70170
3620	1.60.1.69913	1.60.1.70170
3621	1.60.1.69913	1.60.1.70170
3622	1.60.1.69913	1.60.1.70170
3623	1.60.1.69913	1.60.1.70170
3624	1.60.1.69913	1.60.1.70170
3625	1.60.1.69913	1.60.1.70170
3626	1.60.1.69913	1.60.1.70170
3627	1.60.1.69913	1.60.1.70170
3628	1.60.1.69913	1.60.1.70170
3629	1.60.1.69913	1.60.1.70170
3630	1.60.1.69913	1.60.1.70170
3631	1.60.1.69913	1.60.1.70170
3632	1.60.1.69913	1.60.1.70170
3633	1.60.1.69913	1.60.1.70170
3634	1.60.1.69913	1.60.1.70170
3635	1.60.1.69913	1.60.1.70170
3636	1.60.1.69913	1.60.1.70170
3637	1.60.1.69913	1.60.1.70170
3638	1.60.1.69913	1.60.1.70170
3639	1.60.1.69913	1.60.1.70170
3640	1.60.1.69913	1.60.1.70170
3641	1.60.1.69913	1.60.1.70170
3642	1.60.1.69913	1.60.1.70170
3643	1.60.1.69913	1.60.1.70170
3644	1.60.1.69913	1.60.1.70170
3645	1.60.1.69913	1.60.1.70170
3646	1.60.1.69913	1.60.1.70170
3647	1.60.1.69913	1.60.1.70170
3648	1.60.1.69913	1.60.1.70170
3649	1.60.1.69913	1.60.1.70170
3650	1.60.1.69913	1.60.1.70170
3651	1.60.1.69913	1.60.1.70170
3652	1.60.1.69913	1.60.1.70170
3653	1.60.1.69913	1.60.1.70170
3654	1.60.1.69913	1.60.1.70170
3655	1.60.1.69913	1.60.1.70170
3656	1.60.1.69913	1.60.1.70170
3657	1.60.1.69913	1.60.1.70170
3658	1.60.1.69913	1.60.1.70170
3659	1.60.1.69913	1.60.1.70170
3660	1.60.1.69913	1.60.1.70170
3661	1.60.1.69913	1.60.1.70170
3662	1.60.1.69913	1.60.1.70170
3663	1.60.1.69913	1.60.1.70170
3664	1.60.1.69913	1.60.1.70170
3665	1.60.1.69913	1.60.1.70170
3666	1.60.1.69913	1.60.1.70170
3667	1.60.1.69913	1.60.1.70170
3668	1.60.1.69913	1.60.1.70170
3669	1.60.1.69913	1.60.1.70170
3670	1.60.1.69913	1.60.1.70170
3671	1.60.1.69913	1.60.1.70170
3672	1.60.1.69913	1.60.1.70170
3673	1.60.1.69913	1.60.1.70170
3674	1.60.1.69913	1.60.1.70170
3675	1.60.1.69913	1.60.1.70170
3676	1.60.1.69913	1.60.1.70170
3677	1.60.1.69913	1.60.1.70170
3678	1.60.1.69913	1.60.1.70170
3679	1.60.1.69913	1.60.1.70170
3680	1.60.1.69913	1.60.1.70170
3681	1.60.1.69913	1.60.1.70170
3682	1.60.1.69913	1.60.1.70170
3683	1.60.1.69913	1.60.1.70170
3684	1.60.1.69913	1.60.1.70170
3685	1.60.1.69913	1.60.1.70170
3686	1.60.1.69913	1.60.1.70170
3687	1.60.1.69913	1.60.1.70170
3688	1.60.1.69913	1.60.1.70170
3689	1.60.1.69913	1.60.1.70170
3690	1.60.1.69913	1.60.1.70170
3691	1.60.1.69913	1.60.1.70170
3692	1.60.1.69913	1.60.1.70170
3693	1.60.1.69913	1.60.1.70170
3694	1.60.1.69913	1.60.1.70170
3695	1.60.1.69913	1.60.1.70170
3696	1.60.1.69913	1.60.1.70170
3697	1.60.1.69913	1.60.1.70170
3698	1.60.1.69913	1.60.1.70170
3699	1.60.1.69913	1.60.1.70170
3701	1.60.1.69913	1.60.1.70170
3702	1.60.1.69913	1.60.1.70170
3703	1.60.1.69913	1.60.1.70170
3704	1.60.1.69913	1.60.1.70170
3705	1.60.1.69913	1.60.1.70170
3706	1.60.1.69913	1.60.1.70170
3707	1.60.1.69913	1.60.1.70170
3708	1.60.1.69913	1.60.1.70170
3710	1.60.1.69913	1.60.1.70170
3711	1.60.1.69913	1.60.1.70170
3712	1.60.1.69913	1.60.1.70170
3713	1.60.1.69913	1.60.1.70170
3714	1.60.1.69913	1.60.1.70170
3715	1.60.1.69913	1.60.1.70170
3716	1.60.1.69913	1.60.1.70170
3717	1.60.1.69913	1.60.1.70170
3718	1.60.1.69913	1.60.1.70170
3719	1.60.1.69913	1.60.1.70170
3720	1.60.1.69913	1.60.1.70170
3721	1.60.1.69913	1.60.1.70170
3722	1.60.1.69913	1.60.1.70170
3723	1.60.1.69913	1.60.1.70170
3724	1.60.1.69913	1.60.1.70170
3725	1.60.1.69913	1.60.1.70170
3726	1.60.1.69913	1.60.1.70170
3727	1.60.1.69913	1.60.1.70170
3728	1.60.1.69913	1.60.1.70170
3729	1.60.1.69913	1.60.1.70170
3730	1.60.1.69913	1.60.1.70170
3731	1.60.1.69913	1.60.1.70170
3732	1.60.1.69913	1.60.1.70170
3733	1.60.1.69913	1.60.1.70170
3734	1.60.1.69913	1.60.1.70170
3735	1.60.1.69913	1.60.1.70170
3736	1.60.1.69913	1.60.1.70170
3737	1.60.1.69913	1.60.1.70170
3738	1.60.1.69913	1.60.1.70170
3739	1.60.1.69913	1.60.1.70170
3740	1.60.1.69913	1.60.1.70170
3741	1.60.1.69913	1.60.1.70170
3742	1.60.1.69913	1.60.1.70170
3743	1.60.1.69913	1.60.1.70170
3744	1.60.1.69913	1.60.1.70170
3745	1.60.1.69913	1.60.1.70170
3746	1.60.1.69913	1.60.1.70170
3747	1.60.1.69913	1.60.1.70170
3748	1.60.1.69913	1.60.1.70170
3749	1.60.1.69913	1.60.1.70170
3750	1.60.1.69913	1.60.1.70170
3751	1.60.1.69913	1.60.1.70170
3752	1.60.1.69913	1.60.1.70170
3753	1.60.1.69913	1.60.1.70170
3754	1.60.1.69913	1.60.1.70170
3755	1.60.1.69913	1.60.1.70170
3756	1.60.1.69913	1.60.1.70170
3757	1.60.1.69913	1.60.1.70170
3758	1.60.1.69913	1.60.1.70170
3759	1.60.1.69913	1.60.1.70170
3760	1.60.1.69913	1.60.1.70170
3761	1.60.1.69913	1.60.1.70170
3762	1.60.1.69913	1.60.1.70170
3763	1.60.1.69913	1.60.1.70170
3764	1.60.1.69913	1.60.1.70170
3765	1.60.1.69913	1.60.1.70170
3766	1.60.1.69913	1.60.1.70170
3767	1.60.1.69913	1.60.1.70170
3768	1.60.1.69913	1.60.1.70170
3769	1.60.1.69913	1.60.1.70170
3770	1.60.1.69913	1.60.1.70170
3771	1.60.1.69913	1.60.1.70170
3772	1.60.1.69913	1.60.1.70170
3773	1.60.1.69913	1.60.1.70170
3774	1.60.1.69913	1.60.1.70170
3775	1.60.1.69913	1.60.1.70170
3776	1.60.1.69913	1.60.1.70170
3777	1.60.1.69913	1.60.1.70170
3778	1.60.1.69913	1.60.1.70170
3779	1.60.1.69913	1.60.1.70170
3780	1.60.1.69913	1.60.1.70170
3781	1.60.1.69913	1.60.1.70170
3782	1.60.1.69913	1.60.1.70170
3783	1.60.1.69913	1.60.1.70170
3784	1.60.1.69913	1.60.1.70170
3785	1.60.1.69913	1.60.1.70170
3786	1.60.1.69913	1.60.1.70170
3787	1.60.1.69913	1.60.1.70170
3788	1.60.1.69913	1.60.1.70170
3789	1.60.1.69913	1.60.1.70170
3790	1.60.1.69913	1.60.1.70170
3791	1.60.1.69913	1.60.1.70170
3792	1.60.1.69913	1.60.1.70170
3793	1.60.1.69913	1.60.1.70170
3794	1.60.1.69913	1.60.1.70170
3795	1.60.1.69913	1.60.1.70170
3796	1.60.1.69913	1.60.1.70170
3797	1.60.1.69913	1.60.1.70170
3798	1.60.1.69913	1.60.1.70170
3799	1.60.1.69913	1.60.1.70170
3800	1.60.1.69913	1.60.1.70170
3801	1.60.1.69913	1.60.1.70170
3802	1.60.1.69913	1.60.1.70170
3803	1.60.1.69913	1.60.1.70170
3804	1.60.1.69913	1.60.1.70170
3805	1.60.1.69913	1.60.1.70170
3806	1.60.1.69913	1.60.1.70170
3807	1.60.1.69913	1.60.1.70170
3808	1.60.1.69913	1.60.1.70170
3809	1.60.1.69913	1.60.1.70170
3810	1.60.1.69913	1.60.1.70170
3811	1.60.1.69913	1.60.1.70170
3812	1.60.1.69913	1.60.1.70170
3813	1.60.1.69913	1.60.1.70170
3814	1.60.1.69913	1.60.1.70170
3815	1.60.1.69913	1.60.1.70170
3816	1.60.1.69913	1.60.1.70170
3817	1.60.1.69913	1.60.1.70170
3818	1.60.1.69913	1.60.1.70170
3819	1.60.1.69913	1.60.1.70170
3820	1.60.1.69913	1.60.1.70170
3821	1.60.1.69913	1.60.1.70170
3822	1.60.1.69913	1.60.1.70170
3823	1.60.1.69913	1.60.1.70170
3824	1.60.1.69913	1.60.1.70170
3825	1.60.1.69913	1.60.1.70170
3826	1.60.1.69913	1.60.1.70170
3827	1.60.1.69913	1.60.1.70170
3828	1.60.1.69913	1.60.1.70170
3829	1.60.1.69913	1.60.1.70170
3830	1.60.1.69913	1.60.1.70170
3831	1.60.1.69913	1.60.1.70170
3832	1.60.1.69913	1.60.1.70170
3833	1.60.1.69913	1.60.1.70170
3834	1.60.1.69913	1.60.1.70170
3835	1.60.1.69913	1.60.1.70170
3836	1.60.1.69913	1.60.1.70170
3837	1.60.1.69913	1.60.1.70170
3838	1.60.1.69913	1.60.1.70170
3839	1.60.1.69913	1.60.1.70170
3840	1.60.1.69913	1.60.1.70170
3841	1.60.1.69913	1.60.1.70170
3842	1.60.1.69913	1.60.1.70170
3843	1.60.1.69913	1.60.1.70170
3844	1.60.1.69913	1.60.1.70170
3845	1.60.1.69913	1.60.1.70170
3846	1.60.1.69913	1.60.1.70170
3847	1.60.1.69913	1.60.1.70170
3848	1.60.1.69913	1.60.1.70170
3849	1.60.1.69913	1.60.1.70170
3850	1.60.1.69913	1.60.1.70170
3851	1.60.1.69913	1.60.1.70170
3852	1.60.1.69913	1.60.1.70170
3853	1.60.1.69913	1.60.1.70170
3854	1.60.1.69913	1.60.1.70170
3855	1.60.1.69913	1.60.1.70170
3856	1.60.1.69913	1.60.1.70170
3857	1.60.1.69913	1.60.1.70170
3858	1.60.1.69913	1.60.1.70170
3859	1.60.1.69913	1.60.1.70170
3860	1.60.1.69913	1.60.1.70170
3862	1.60.1.69913	1.60.1.70170
3863	1.60.1.69913	1.60.1.70170
3864	1.60.1.69913	1.60.1.70170
3865	1.60.1.69913	1.60.1.70170
3866	1.60.1.69913	1.60.1.70170
3867	1.60.1.69913	1.60.1.70170
3868	1.60.1.69913	1.60.1.70170
3869	1.60.1.69913	1.60.1.70170
3870	1.60.1.69913	1.60.1.70170
3871	1.60.1.69913	1.60.1.70170
3872	1.60.1.69913	1.60.1.70170
3873	1.60.1.69913	1.60.1.70170
3874	1.60.1.69913	1.60.1.70170
3875	1.60.1.69913	1.60.1.70170
3876	1.60.1.69913	1.60.1.70170
3877	1.60.1.69913	1.60.1.70170
3878	1.60.1.69913	1.60.1.70170
3879	1.60.1.69913	1.60.1.70170
3880	1.60.1.69913	1.60.1.70170
3881	1.60.1.69913	1.60.1.70170
3882	1.60.1.69913	1.60.1.70170
3883	1.60.1.69913	1.60.1.70170
3884	1.60.1.69913	1.60.1.70170
3885	1.60.1.69913	1.60.1.70170
3886	1.60.1.69913	1.60.1.70170
3887	1.60.1.69913	1.60.1.70170
3888	1.60.1.69913	1.60.1.70170
3889	1.60.1.69913	1.60.1.70170
3890	1.60.1.69913	1.60.1.70170
3891	1.60.1.69913	1.60.1.70170
3892	1.60.1.69913	1.60.1.70170
3893	1.60.1.69913	1.60.1.70170
3894	1.60.1.69913	1.60.1.70170
3895	1.60.1.69913	1.60.1.70170
3897	1.60.1.69913	1.60.1.70170
3898	1.60.1.69913	1.60.1.70170
3899	1.60.1.69913	1.60.1.70170
3900	1.60.1.69913	1.60.1.70170
3901	1.60.1.69913	1.60.1.70170
3902	1.60.1.69913	1.60.1.70170
3904	1.60.1.69913	1.60.1.70170
3905	1.60.1.69913	1.60.1.70170
3906	1.60.1.69913	1.60.1.70170
3907	1.60.1.69913	1.60.1.70170
3908	1.60.1.69913	1.60.1.70170
3909	1.60.1.69913	1.60.1.70170
3910	1.60.1.69913	1.60.1.70170
3911	1.60.1.69913	1.60.1.70170
3912	1.60.1.69913	1.60.1.70170
3913	1.60.1.69913	1.60.1.70170
3914	1.60.1.69913	1.60.1.70170
3915	1.60.1.69913	1.60.1.70170
3916	1.60.1.69913	1.60.1.70170
3917	1.60.1.69913	1.60.1.70170
3918	1.60.1.69913	1.60.1.70170
3919	1.60.1.69913	1.60.1.70170
3920	1.60.1.69913	1.60.1.70170
3921	1.60.1.69913	1.60.1.70170
3922	1.60.1.69913	1.60.1.70170
3923	1.60.1.69913	1.60.1.70170
3924	1.60.1.69913	1.60.1.70170
3925	1.60.1.69913	1.60.1.70170
3926	1.60.1.69913	1.60.1.70170
3927	1.60.1.69913	1.60.1.70170
3928	1.60.1.69913	1.60.1.70170
3929	1.60.1.69913	1.60.1.70170
3930	1.60.1.69913	1.60.1.70170
3931	1.60.1.69913	1.60.1.70170
3932	1.60.1.69913	1.60.1.70170
3933	1.60.1.69913	1.60.1.70170
3934	1.60.1.69913	1.60.1.70170
3935	1.60.1.69913	1.60.1.70170
3936	1.60.1.69913	1.60.1.70170
3937	1.60.1.69913	1.60.1.70170
3938	1.60.1.69913	1.60.1.70170
3939	1.60.1.69913	1.60.1.70170
3940	1.60.1.69913	1.60.1.70170
3941	1.60.1.69913	1.60.1.70170
3942	1.60.1.69913	1.60.1.70170
3943	1.60.1.69913	1.60.1.70170
3944	1.60.1.69913	1.60.1.70170
3945	1.60.1.69913	1.60.1.70170
3946	1.60.1.69913	1.60.1.70170
3947	1.60.1.69913	1.60.1.70170
3948	1.60.1.69913	1.60.1.70170
3949	1.60.1.69913	1.60.1.70170
3950	1.60.1.69913	1.60.1.70170
3951	1.60.1.69913	1.60.1.70170
3952	1.60.1.69913	1.60.1.70170
3953	1.60.1.69913	1.60.1.70170
3954	1.60.1.69913	1.60.1.70170
3955	1.60.1.69913	1.60.1.70170
3956	1.60.1.69913	1.60.1.70170
3957	1.60.1.69913	1.60.1.70170
3958	1.60.1.69913	1.60.1.70170
3959	1.60.1.69913	1.60.1.70170
3960	1.60.1.69913	1.60.1.70170
3961	1.60.1.69913	1.60.1.70170
3962	1.60.1.69913	1.60.1.70170
3963	1.60.1.69913	1.60.1.70170
3964	1.60.1.69913	1.60.1.70170
3965	1.60.1.69913	1.60.1.70170
3966	1.60.1.69913	1.60.1.70170
3967	1.60.1.69913	1.60.1.70170
3968	1.60.1.69913	1.60.1.70170
3969	1.60.1.69913	1.60.1.70170
3970	1.60.1.69913	1.60.1.70170
3971	1.60.1.69913	1.60.1.70170
3972	1.60.1.69913	1.60.1.70170
3973	1.60.1.69913	1.60.1.70170
3974	1.60.1.69913	1.60.1.70170
3975	1.60.1.69913	1.60.1.70170
3976	1.60.1.69913	1.60.1.70170
3977	1.60.1.69913	1.60.1.70170
3978	1.60.1.69913	1.60.1.70170
3979	1.60.1.69913	1.60.1.70170
3980	1.60.1.69913	1.60.1.70170
3981	1.60.1.69913	1.60.1.70170
3982	1.60.1.69913	1.60.1.70170
3983	1.60.1.69913	1.60.1.70170
3984	1.60.1.69913	1.60.1.70170
3985	1.60.1.70009	1.60.1.70170
3986	1.60.1.69913	1.60.1.70170
3987	1.60.1.69913	1.60.1.70170
3988	1.60.1.69913	1.60.1.70170
3989	1.60.1.69913	1.60.1.70170
3990	1.60.1.69913	1.60.1.70170
3991	1.60.1.69913	1.60.1.70170
3992	1.60.1.69913	1.60.1.70170
3993	1.60.1.69913	1.60.1.70170
3994	1.60.1.69913	1.60.1.70170
3995	1.60.1.69913	1.60.1.70170
3996	1.60.1.69913	1.60.1.70170
3997	1.60.1.69913	1.60.1.70170
3998	1.60.1.69913	1.60.1.70170
3999	1.60.1.69913	1.60.1.70170
4000	1.60.1.69913	1.60.1.70170
4001	1.60.1.69913	1.60.1.70170
4002	1.60.1.69913	1.60.1.70170
4003	1.60.1.69913	1.60.1.70170
4004	1.60.1.69913	1.60.1.70170
4005	1.60.1.69913	1.60.1.70170
4006	1.60.1.69913	1.60.1.70170
4007	1.60.1.69913	1.60.1.70170
4008	1.60.1.69913	1.60.1.70170
4009	1.60.1.69913	1.60.1.70170
4010	1.60.1.69913	1.60.1.70170
4011	1.60.1.69913	1.60.1.70170
4012	1.60.1.69913	1.60.1.70170
4013	1.60.1.69913	1.60.1.70170
4014	1.60.1.69913	1.60.1.70170
4015	1.60.1.69913	1.60.1.70170
4016	1.60.1.69913	1.60.1.70170
4017	1.60.1.69913	1.60.1.70170
4018	1.60.1.69913	1.60.1.70170
4019	1.60.1.69913	1.60.1.70170
4020	1.60.1.69913	1.60.1.70170
4021	1.60.1.69913	1.60.1.70170
4022	1.60.1.69913	1.60.1.70170
4023	1.60.1.69913	1.60.1.70170
4024	1.60.1.69913	1.60.1.70170
4025	1.60.1.69913	1.60.1.70170
4026	1.60.1.69913	1.60.1.70170
4027	1.60.1.69913	1.60.1.70170
4028	1.60.1.69913	1.60.1.70170
4029	1.60.1.69913	1.60.1.70170
4030	1.60.1.69913	1.60.1.70170
4031	1.60.1.69913	1.60.1.70170
4032	1.60.1.69913	1.60.1.70170
4033	1.60.1.69913	1.60.1.70170
4034	1.60.1.69913	1.60.1.70170
4035	1.60.1.69913	1.60.1.70170
4036	1.60.1.69913	1.60.1.70170
4037	1.60.1.69913	1.60.1.70170
4038	1.60.1.69913	1.60.1.70170
4039	1.60.1.69913	1.60.1.70170
4040	1.60.1.69913	1.60.1.70170
4041	1.60.1.69913	1.60.1.70170
4042	1.60.1.69913	1.60.1.70170
4043	1.60.1.69913	1.60.1.70170
4044	1.60.1.69913	1.60.1.70170
4045	1.60.1.69913	1.60.1.70170
4046	1.60.1.69913	1.60.1.70170
4047	1.60.1.69913	1.60.1.70170
4048	1.60.1.69913	1.60.1.70170
4049	1.60.1.69913	1.60.1.70170
4050	1.60.1.69913	1.60.1.70170
4051	1.60.1.69913	1.60.1.70170
4052	1.60.1.69913	1.60.1.70170
4053	1.60.1.69913	1.60.1.70170
4054	1.60.1.69913	1.60.1.70170
4055	1.60.1.69913	1.60.1.70170
4056	1.60.1.69913	1.60.1.70170
4057	1.60.1.69913	1.60.1.70170
4058	1.60.1.69913	1.60.1.70170
4059	1.60.1.69913	1.60.1.70170
4060	1.60.1.69913	1.60.1.70170
4061	1.60.1.69913	1.60.1.70170
4062	1.60.1.69913	1.60.1.70170
4063	1.60.1.69913	1.60.1.70170
4064	1.60.1.69913	1.60.1.70170
4065	1.60.1.69913	1.60.1.70170
4066	1.60.1.69913	1.60.1.70170
4067	1.60.1.69913	1.60.1.70170
4068	1.60.1.69913	1.60.1.70170
4069	1.60.1.69913	1.60.1.70170
4070	1.60.1.69913	1.60.1.70170
4071	1.60.1.69913	1.60.1.70170
4072	1.60.1.69913	1.60.1.70170
4073	1.60.1.69913	1.60.1.70170
4074	1.60.1.69913	1.60.1.70170
4075	1.60.1.69913	1.60.1.70170
4076	1.60.1.69913	1.60.1.70170
4077	1.60.1.69913	1.60.1.70170
4078	1.60.1.69913	1.60.1.70170
4079	1.60.1.69913	1.60.1.70170
4080	1.60.1.69913	1.60.1.70170
4082	1.60.1.69913	1.60.1.70170
4083	1.60.1.69913	1.60.1.70170
4084	1.60.1.69913	1.60.1.70170
4085	1.60.1.69913	1.60.1.70170
4086	1.60.1.69913	1.60.1.70170
4087	1.60.1.69913	1.60.1.70170
4088	1.60.1.69913	1.60.1.70170
4089	1.60.1.69913	1.60.1.70170
4090	1.60.1.70009	1.60.1.70170
4091	1.60.1.69913	1.60.1.70170
4092	1.60.1.69913	1.60.1.70170
4093	1.60.1.69913	1.60.1.70170
4094	1.60.1.69913	1.60.1.70170
4095	1.60.1.69913	1.60.1.70170
4096	1.60.1.69913	1.60.1.70170
4097	1.60.1.69913	1.60.1.70170
4098	1.60.1.69913	1.60.1.70170
4099	1.60.1.69913	1.60.1.70170
4100	1.60.1.69913	1.60.1.70170
4101	1.60.1.69913	1.60.1.70170
4102	1.60.1.69913	1.60.1.70170
4103	1.60.1.69913	1.60.1.70170
4104	1.60.1.69913	1.60.1.70170
4105	1.60.1.69913	1.60.1.70170
4106	1.60.1.69913	1.60.1.70170
4107	1.60.1.69913	1.60.1.70170
4108	1.60.1.69913	1.60.1.70170
4109	1.60.1.69913	1.60.1.70170
4110	1.60.1.69913	1.60.1.70170
4111	1.60.1.69913	1.60.1.70170
4112	1.60.1.69913	1.60.1.70170
4113	1.60.1.69913	1.60.1.70170
4114	1.60.1.69913	1.60.1.70170
4115	1.60.1.69913	1.60.1.70170
4117	1.60.1.69913	1.60.1.70170
4118	1.60.1.69913	1.60.1.70170
4119	1.60.1.69913	1.60.1.70170
4120	1.60.1.69913	1.60.1.70170
4121	1.60.1.69913	1.60.1.70170
4122	1.60.1.69913	1.60.1.70170
4123	1.60.1.69913	1.60.1.70170
4124	1.60.1.69913	1.60.1.70170
4125	1.60.1.69913	1.60.1.70170
4126	1.60.1.69913	1.60.1.70170
4127	1.60.1.69913	1.60.1.70170
4128	1.60.1.69913	1.60.1.70170
4129	1.60.1.69913	1.60.1.70170
4130	1.60.1.69913	1.60.1.70170
4131	1.60.1.69913	1.60.1.70170
4132	1.60.1.69913	1.60.1.70170
4133	1.60.1.69913	1.60.1.70170
4134	1.60.1.69913	1.60.1.70170
4135	1.60.1.69913	1.60.1.70170
4136	1.60.1.69913	1.60.1.70170
4137	1.60.1.69913	1.60.1.70170
4138	1.60.1.69913	1.60.1.70170
4139	1.60.1.69913	1.60.1.70170
4140	1.60.1.69913	1.60.1.70170
4141	1.60.1.69913	1.60.1.70170
4142	1.60.1.69913	1.60.1.70170
4143	1.60.1.69913	1.60.1.70170
4144	1.60.1.69913	1.60.1.70170
4145	1.60.1.69913	1.60.1.70170
4146	1.60.1.69913	1.60.1.70170
4147	1.60.1.69913	1.60.1.70170
4148	1.60.1.69913	1.60.1.70170
4149	1.60.1.69913	1.60.1.70170
4150	1.60.1.69913	1.60.1.70170
4151	1.60.1.69913	1.60.1.70170
4152	1.60.1.69913	1.60.1.70170
4153	1.60.1.69913	1.60.1.70170
4154	1.60.1.69913	1.60.1.70170
4155	1.60.1.69913	1.60.1.70170
4156	1.60.1.69913	1.60.1.70170
4157	1.60.1.69913	1.60.1.70170
4158	1.60.1.69913	1.60.1.70170
4159	1.60.1.69913	1.60.1.70170
4160	1.60.1.69913	1.60.1.70170
4161	1.60.1.69913	1.60.1.70170
4162	1.60.1.69913	1.60.1.70170
4163	1.60.1.69913	1.60.1.70170
4164	1.60.1.69913	1.60.1.70170
4165	1.60.1.69913	1.60.1.70170
4166	1.60.1.69913	1.60.1.70170
4167	1.60.1.69913	1.60.1.70170
4168	1.60.1.69913	1.60.1.70170
4169	1.60.1.69913	1.60.1.70170
4170	1.60.1.69913	1.60.1.70170
4171	1.60.1.69913	1.60.1.70170
4172	1.60.1.69913	1.60.1.70170
4173	1.60.1.69913	1.60.1.70170
4174	1.60.1.69913	1.60.1.70170
4175	1.60.1.69913	1.60.1.70170
4176	1.60.1.69913	1.60.1.70170
4177	1.60.1.69913	1.60.1.70170
4178	1.60.1.69913	1.60.1.70170
4179	1.60.1.69913	1.60.1.70170
4180	1.60.1.69913	1.60.1.70170
4181	1.60.1.69913	1.60.1.70170
4182	1.60.1.69913	1.60.1.70170
4183	1.60.1.69913	1.60.1.70170
4184	1.60.1.69913	1.60.1.70170
4185	1.60.1.69913	1.60.1.70170
4186	1.60.1.69913	1.60.1.70170
4187	1.60.1.69913	1.60.1.70170
4188	1.60.1.69913	1.60.1.70170
4189	1.60.1.69913	1.60.1.70170
4190	1.60.1.69913	1.60.1.70170
4191	1.60.1.69913	1.60.1.70170
4192	1.60.1.69913	1.60.1.70170
4193	1.60.1.69913	1.60.1.70170
4194	1.60.1.69913	1.60.1.70170
4195	1.60.1.69913	1.60.1.70170
4196	1.60.1.69913	1.60.1.70170
4197	1.60.1.70170	1.60.1.70170
4198	1.60.1.69913	1.60.1.70170
4199	1.60.1.69913	1.60.1.70170
4200	1.60.1.69913	1.60.1.70170
4201	1.60.1.69913	1.60.1.70170
4202	1.60.1.69913	1.60.1.70170
4203	1.60.1.69913	1.60.1.70170
4204	1.60.1.69913	1.60.1.70170
4205	1.60.1.69913	1.60.1.70170
4206	1.60.1.69913	1.60.1.70170
4207	1.60.1.69913	1.60.1.70170
4208	1.60.1.69913	1.60.1.70170
4209	1.60.1.69913	1.60.1.70170
4210	1.60.1.69913	1.60.1.70170
4211	1.60.1.69913	1.60.1.70170
4212	1.60.1.69913	1.60.1.70170
4213	1.60.1.69913	1.60.1.70170
4214	1.60.1.69913	1.60.1.70170
4215	1.60.1.69913	1.60.1.70170
4216	1.60.1.69913	1.60.1.70170
4217	1.60.1.69913	1.60.1.70170
4218	1.60.1.69913	1.60.1.70170
4219	1.60.1.69913	1.60.1.70170
4220	1.60.1.69913	1.60.1.70170
4221	1.60.1.69913	1.60.1.70170
4222	1.60.1.69913	1.60.1.70170
4223	1.60.1.69913	1.60.1.70170
4224	1.60.1.69913	1.60.1.70170
4225	1.60.1.69913	1.60.1.70170
4226	1.60.1.69913	1.60.1.70170
4227	1.60.1.69913	1.60.1.70170
4228	1.60.1.69913	1.60.1.70170
4229	1.60.1.69913	1.60.1.70170
4230	1.60.1.69913	1.60.1.70170
4231	1.60.1.69913	1.60.1.70170
4232	1.60.1.69913	1.60.1.70170
4233	1.60.1.69913	1.60.1.70170
4234	1.60.1.69913	1.60.1.70170
4235	1.60.1.69913	1.60.1.70170
4236	1.60.1.69913	1.60.1.70170
4237	1.60.1.69913	1.60.1.70170
4238	1.60.1.69913	1.60.1.70170
4239	1.60.1.69913	1.60.1.70170
4240	1.60.1.69913	1.60.1.70170
4241	1.60.1.69913	1.60.1.70170
4242	1.60.1.69913	1.60.1.70170
4243	1.60.1.69913	1.60.1.70170
4244	1.60.1.69913	1.60.1.70170
4245	1.60.1.69913	1.60.1.70170
4246	1.60.1.69913	1.60.1.70170
4247	1.60.1.69913	1.60.1.70170
4248	1.60.1.69913	1.60.1.70170
4249	1.60.1.69913	1.60.1.70170
4250	1.60.1.69913	1.60.1.70170
4251	1.60.1.69913	1.60.1.70170
4252	1.60.1.69913	1.60.1.70170
4253	1.60.1.69913	1.60.1.70170
4254	1.60.1.69913	1.60.1.70170
4255	1.60.1.69913	1.60.1.70170
4256	1.60.1.69913	1.60.1.70170
4257	1.60.1.69913	1.60.1.70170
4258	1.60.1.69913	1.60.1.70170
4259	1.60.1.69913	1.60.1.70170
4260	1.60.1.69913	1.60.1.70170
4261	1.60.1.69913	1.60.1.70170
4262	1.60.1.69913	1.60.1.70170
4263	1.60.1.69913	1.60.1.70170
4264	1.60.1.69913	1.60.1.70170
4265	1.60.1.69913	1.60.1.70170
4266	1.60.1.69913	1.60.1.70170
4267	1.60.1.69913	1.60.1.70170
4268	1.60.1.69913	1.60.1.70170
4269	1.60.1.69913	1.60.1.70170
4270	1.60.1.69913	1.60.1.70170
4271	1.60.1.69913	1.60.1.70170
4272	1.60.1.69913	1.60.1.70170
4273	1.60.1.69913	1.60.1.70170
4274	1.60.1.69913	1.60.1.70170
4275	1.60.1.69913	1.60.1.70170
4276	1.60.1.69913	1.60.1.70170
4277	1.60.1.69913	1.60.1.70170
4278	1.60.1.69913	1.60.1.70170
4279	1.60.1.69913	1.60.1.70170
4280	1.60.1.69913	1.60.1.70170
4281	1.60.1.69913	1.60.1.70170
4282	1.60.1.69913	1.60.1.70170
4283	1.60.1.69913	1.60.1.70170
4284	1.60.1.69913	1.60.1.70170
4285	1.60.1.69913	1.60.1.70170
4286	1.60.1.69913	1.60.1.70170
4287	1.60.1.69913	1.60.1.70170
4288	1.60.1.69913	1.60.1.70170
4289	1.60.1.69913	1.60.1.70170
4290	1.60.1.69913	1.60.1.70170
4291	1.60.1.69913	1.60.1.70170
4292	1.60.1.69913	1.60.1.70170
4293	1.60.1.69913	1.60.1.70170
4294	1.60.1.69913	1.60.1.70170
4295	1.60.1.69913	1.60.1.70170
4296	1.60.1.69913	1.60.1.70170
4297	1.60.1.69913	1.60.1.70170
4298	1.60.1.69913	1.60.1.70170
4299	1.60.1.69913	1.60.1.70170
4300	1.60.1.69913	1.60.1.70170
4301	1.60.1.69913	1.60.1.70170
4302	1.60.1.69913	1.60.1.70170
4303	1.60.1.69913	1.60.1.70170
4304	1.60.1.69913	1.60.1.70170
4305	1.60.1.69913	1.60.1.70170
4306	1.60.1.69913	1.60.1.70170
4307	1.60.1.69913	1.60.1.70170
4308	1.60.1.69913	1.60.1.70170
4309	1.60.1.69913	1.60.1.70170
4310	1.60.1.69913	1.60.1.70170
4311	1.60.1.69913	1.60.1.70170
4312	1.60.1.69913	1.60.1.70170
4313	1.60.1.69913	1.60.1.70170
4314	1.60.1.69913	1.60.1.70170
4315	1.60.1.69913	1.60.1.70170
4316	1.60.1.69913	1.60.1.70170
4317	1.60.1.69913	1.60.1.70170
4318	1.60.1.69913	1.60.1.70170
4319	1.60.1.69913	1.60.1.70170
4320	1.60.1.69913	1.60.1.70170
4321	1.60.1.69913	1.60.1.70170
4322	1.60.1.69913	1.60.1.70170
4323	1.60.1.69913	1.60.1.70170
4324	1.60.1.69913	1.60.1.70170
4325	1.60.1.69913	1.60.1.70170
4326	1.60.1.69913	1.60.1.70170
4327	1.60.1.69913	1.60.1.70170
4328	1.60.1.69913	1.60.1.70170
4329	1.60.1.69913	1.60.1.70170
4330	1.60.1.69913	1.60.1.70170
4331	1.60.1.69913	1.60.1.70170
4332	1.60.1.69913	1.60.1.70170
4333	1.60.1.69913	1.60.1.70170
4334	1.60.1.69913	1.60.1.70170
4335	1.60.1.69913	1.60.1.70170
4336	1.60.1.69913	1.60.1.70170
4337	1.60.1.69913	1.60.1.70170
4338	1.60.1.69913	1.60.1.70170
4339	1.60.1.69913	1.60.1.70170
4340	1.60.1.69913	1.60.1.70170
4341	1.60.1.69913	1.60.1.70170
4342	1.60.1.69913	1.60.1.70170
4343	1.60.1.69913	1.60.1.70170
4344	1.60.1.69913	1.60.1.70170
4345	1.60.1.69913	1.60.1.70170
4346	1.60.1.69913	1.60.1.70170
4347	1.60.1.69913	1.60.1.70170
4348	1.60.1.69913	1.60.1.70170
4349	1.60.1.69913	1.60.1.70170
4350	1.60.1.69913	1.60.1.70170
4351	1.60.1.69913	1.60.1.70170
4352	1.60.1.69913	1.60.1.70170
4353	1.60.1.69913	1.60.1.70170
4354	1.60.1.69913	1.60.1.70170
4355	1.60.1.69913	1.60.1.70170
4356	1.60.1.69913	1.60.1.70170
4357	1.60.1.69913	1.60.1.70170
4358	1.60.1.69913	1.60.1.70170
4359	1.60.1.69913	1.60.1.70170
4360	1.60.1.69913	1.60.1.70170
4361	1.60.1.69913	1.60.1.70170
4362	1.60.1.69913	1.60.1.70170
4363	1.60.1.69913	1.60.1.70170
4364	1.60.1.69913	1.60.1.70170
4365	1.60.1.69913	1.60.1.70170
4366	1.60.1.69913	1.60.1.70170
4367	1.60.1.69913	1.60.1.70170
4368	1.60.1.69913	1.60.1.70170
4369	1.60.1.69913	1.60.1.70170
4370	1.60.1.69913	1.60.1.70170
4371	1.60.1.69913	1.60.1.70170
4372	1.60.1.69913	1.60.1.70170
4373	1.60.1.69913	1.60.1.70170
4374	1.60.1.69913	1.60.1.70170
4375	1.60.1.69913	1.60.1.70170
4376	1.60.1.69913	1.60.1.70170
4377	1.60.1.69913	1.60.1.70170
4378	1.60.1.69913	1.60.1.70170
4379	1.60.1.69913	1.60.1.70170
4380	1.60.1.69913	1.60.1.70170
4381	1.60.1.69913	1.60.1.70170
4382	1.60.1.69913	1.60.1.70170
4383	1.60.1.69913	1.60.1.70170
4384	1.60.1.69913	1.60.1.70170
4385	1.60.1.69913	1.60.1.70170
4386	1.60.1.69913	1.60.1.70170
4387	1.60.1.69913	1.60.1.70170
4388	1.60.1.69913	1.60.1.70170
4389	1.60.1.69913	1.60.1.70170
4390	1.60.1.69913	1.60.1.70170
4391	1.60.1.69913	1.60.1.70170
4392	1.60.1.69913	1.60.1.70170
4393	1.60.1.69913	1.60.1.70170
4394	1.60.1.69913	1.60.1.70170
4395	1.60.1.69913	1.60.1.70170
4396	1.60.1.69913	1.60.1.70170
4397	1.60.1.69913	1.60.1.70170
4398	1.60.1.69913	1.60.1.70170
4399	1.60.1.69913	1.60.1.70170
4400	1.60.1.69913	1.60.1.70170
4401	1.60.1.69913	1.60.1.70170
4402	1.60.1.69913	1.60.1.70170
4403	1.60.1.69913	1.60.1.70170
4404	1.60.1.69913	1.60.1.70170
4405	1.60.1.69913	1.60.1.70170
4406	1.60.1.69913	1.60.1.70170
4407	1.60.1.69913	1.60.1.70170
4408	1.60.1.69913	1.60.1.70170
4409	1.60.1.69913	1.60.1.70170
4410	1.60.1.69913	1.60.1.70170
4411	1.60.1.69913	1.60.1.70170
4412	1.60.1.69913	1.60.1.70170
4413	1.60.1.69913	1.60.1.70170
4414	1.60.1.69913	1.60.1.70170
4415	1.60.1.69913	1.60.1.70170
4416	1.60.1.69913	1.60.1.70170
4417	1.60.1.69913	1.60.1.70170
4418	1.60.1.69913	1.60.1.70170
4419	1.60.1.69913	1.60.1.70170
4421	1.60.1.69913	1.60.1.70170
4422	1.60.1.69913	1.60.1.70170
4424	1.60.1.69913	1.60.1.70170
4425	1.60.1.69913	1.60.1.70170
4426	1.60.1.69913	1.60.1.70170
4427	1.60.1.69913	1.60.1.70170
4428	1.60.1.69913	1.60.1.70170
4429	1.60.1.69913	1.60.1.70170
4430	1.60.1.69913	1.60.1.70170
4431	1.60.1.69913	1.60.1.70170
4432	1.60.1.69913	1.60.1.70170
4433	1.60.1.69913	1.60.1.70170
4434	1.60.1.69913	1.60.1.70170
4435	1.60.1.69913	1.60.1.70170
4436	1.60.1.69913	1.60.1.70170
4437	1.60.1.69913	1.60.1.70170
4439	1.60.1.69913	1.60.1.70170
4440	1.60.1.69913	1.60.1.70170
4441	1.60.1.69913	1.60.1.70170
4442	1.60.1.69913	1.60.1.70170
4443	1.60.1.69913	1.60.1.70170
4444	1.60.1.69913	1.60.1.70170
4445	1.60.1.69913	1.60.1.70170
4446	1.60.1.70009	1.60.1.70170
4447	1.60.1.70009	1.60.1.70170
4448	1.60.1.70009	1.60.1.70170
4449	1.60.1.70009	1.60.1.70170
4450	1.60.1.69913	1.60.1.70170
4451	1.60.1.69913	1.60.1.70170
4452	1.60.1.69913	1.60.1.70170
4453	1.60.1.69913	1.60.1.70170
4454	1.60.1.70009	1.60.1.70170
4455	1.60.1.69913	1.60.1.70170
4456	1.60.1.69913	1.60.1.70170
4457	1.60.1.69913	1.60.1.70170
4458	1.60.1.69913	1.60.1.70170
4459	1.60.1.69913	1.60.1.70170
4460	1.60.1.69913	1.60.1.70170
4461	1.60.1.69913	1.60.1.70170
4462	1.60.1.70009	1.60.1.70170
4463	1.60.1.70009	1.60.1.70170
4464	1.60.1.70009	1.60.1.70170
4465	1.60.1.70009	1.60.1.70170
4466	1.60.1.69913	1.60.1.70170
4467	1.60.1.69913	1.60.1.70170
4468	1.60.1.69913	1.60.1.70170
4469	1.60.1.69913	1.60.1.70170
4470	1.60.1.69913	1.60.1.70170
4471	1.60.1.69913	1.60.1.70170
4472	1.60.1.69913	1.60.1.70170
4473	1.60.1.69913	1.60.1.70170
4474	1.60.1.70009	1.60.1.70170
4475	1.60.1.69913	1.60.1.70170
4476	1.60.1.70170	1.60.1.70170
4477	1.60.1.70009	1.60.1.70170
4479	1.60.1.69913	1.60.1.70170
4480	1.60.1.69913	1.60.1.70170
4481	1.60.1.69913	1.60.1.70170
4482	1.60.1.69913	1.60.1.70170
4483	1.60.1.69913	1.60.1.70170
4484	1.60.1.69913	1.60.1.70170
4485	1.60.1.69913	1.60.1.70170
4486	1.60.1.69913	1.60.1.70170
4487	1.60.1.69913	1.60.1.70170
4488	1.60.1.69913	1.60.1.70170
4489	1.60.1.69913	1.60.1.70170
4490	1.60.1.69913	1.60.1.70170
4491	1.60.1.69913	1.60.1.70170
4492	1.60.1.69913	1.60.1.70170
4493	1.60.1.69913	1.60.1.70170
4494	1.60.1.69913	1.60.1.70170
4495	1.60.1.69913	1.60.1.70170
4496	1.60.1.69913	1.60.1.70170
4497	1.60.1.69913	1.60.1.70170
4498	1.60.1.69913	1.60.1.70170
4499	1.60.1.69913	1.60.1.70170
4500	1.60.1.69913	1.60.1.70170
4501	1.60.1.69913	1.60.1.70170
4502	1.60.1.69913	1.60.1.70170
4503	1.60.1.69913	1.60.1.70170
4504	1.60.1.69913	1.60.1.70170
4505	1.60.1.69913	1.60.1.70170
4506	1.60.1.69913	1.60.1.70170
4507	1.60.1.69913	1.60.1.70170
4508	1.60.1.69913	1.60.1.70170
4509	1.60.1.69913	1.60.1.70170
4510	1.60.1.69913	1.60.1.70170
4511	1.60.1.69913	1.60.1.70170
4512	1.60.1.69913	1.60.1.70170
4513	1.60.1.69913	1.60.1.70170
4514	1.60.1.69913	1.60.1.70170
4515	1.60.1.69913	1.60.1.70170
4516	1.60.1.69913	1.60.1.70170
4517	1.60.1.69913	1.60.1.70170
4518	1.60.1.69913	1.60.1.70170
4519	1.60.1.69913	1.60.1.70170
4520	1.60.1.69913	1.60.1.70170
4521	1.60.1.69913	1.60.1.70170
4522	1.60.1.69913	1.60.1.70170
4523	1.60.1.69913	1.60.1.70170
4524	1.60.1.69913	1.60.1.70170
4525	1.60.1.69913	1.60.1.70170
4526	1.60.1.69913	1.60.1.70170
4527	1.60.1.69913	1.60.1.70170
4528	1.60.1.69913	1.60.1.70170
4529	1.60.1.69913	1.60.1.70170
4530	1.60.1.69913	1.60.1.70170
4531	1.60.1.69913	1.60.1.70170
4532	1.60.1.69913	1.60.1.70170
4533	1.60.1.69913	1.60.1.70170
4534	1.60.1.69913	1.60.1.70170
4535	1.60.1.69913	1.60.1.70170
4536	1.60.1.69913	1.60.1.70170
4537	1.60.1.69913	1.60.1.70170
4538	1.60.1.69913	1.60.1.70170
4539	1.60.1.69913	1.60.1.70170
4540	1.60.1.69913	1.60.1.70170
4541	1.60.1.69913	1.60.1.70170
4542	1.60.1.69913	1.60.1.70170
4543	1.60.1.69913	1.60.1.70170
4544	1.60.1.69913	1.60.1.70170
4545	1.60.1.69913	1.60.1.70170
4546	1.60.1.69913	1.60.1.70170
4547	1.60.1.69913	1.60.1.70170
4548	1.60.1.69913	1.60.1.70170
4549	1.60.1.69913	1.60.1.70170
4550	1.60.1.69913	1.60.1.70170
4551	1.60.1.69913	1.60.1.70170
4552	1.60.1.69913	1.60.1.70170
4553	1.60.1.69913	1.60.1.70170
4554	1.60.1.69913	1.60.1.70170
4555	1.60.1.69913	1.60.1.70170
4556	1.60.1.69913	1.60.1.70170
4557	1.60.1.69913	1.60.1.70170
4558	1.60.1.69913	1.60.1.70170
4559	1.60.1.69913	1.60.1.70170
4560	1.60.1.69913	1.60.1.70170
4561	1.60.1.69913	1.60.1.70170
4562	1.60.1.69913	1.60.1.70170
4563	1.60.1.69913	1.60.1.70170
4564	1.60.1.69913	1.60.1.70170
4565	1.60.1.69913	1.60.1.70170
4566	1.60.1.69913	1.60.1.70170
4567	1.60.1.69913	1.60.1.70170
4568	1.60.1.69913	1.60.1.70170
4569	1.60.1.69913	1.60.1.70170
4570	1.60.1.69913	1.60.1.70170
4571	1.60.1.69913	1.60.1.70170
4573	1.60.1.69913	1.60.1.70170
4575	1.60.1.69913	1.60.1.70170
4576	1.60.1.69913	1.60.1.70170
4577	1.60.1.69913	1.60.1.70170
4578	1.60.1.69913	1.60.1.70170
4579	1.60.1.69913	1.60.1.70170
4580	1.60.1.69913	1.60.1.70170
4581	1.60.1.69913	1.60.1.70170
4582	1.60.1.69913	1.60.1.70170
4583	1.60.1.69913	1.60.1.70170
4584	1.60.1.69913	1.60.1.70170
4585	1.60.1.69913	1.60.1.70170
4586	1.60.1.69913	1.60.1.70170
4587	1.60.1.69913	1.60.1.70170
4588	1.60.1.69913	1.60.1.70170
4589	1.60.1.69913	1.60.1.70170
4590	1.60.1.69913	1.60.1.70170
4591	1.60.1.69913	1.60.1.70170
4592	1.60.1.69913	1.60.1.70170
4593	1.60.1.69913	1.60.1.70170
4594	1.60.1.69913	1.60.1.70170
4595	1.60.1.69913	1.60.1.70170
4596	1.60.1.69913	1.60.1.70170
4597	1.60.1.69913	1.60.1.70170
4598	1.60.1.69913	1.60.1.70170
4599	1.60.1.69913	1.60.1.70170
4600	1.60.1.69913	1.60.1.70170
4601	1.60.1.69913	1.60.1.70170
4602	1.60.1.69913	1.60.1.70170
4603	1.60.1.69913	1.60.1.70170
4604	1.60.1.69913	1.60.1.70170
4605	1.60.1.69913	1.60.1.70170
4606	1.60.1.69913	1.60.1.70170
4607	1.60.1.69913	1.60.1.70170
4608	1.60.1.69913	1.60.1.70170
4609	1.60.1.69913	1.60.1.70170
4610	1.60.1.69913	1.60.1.70170
4611	1.60.1.69913	1.60.1.70170
4612	1.60.1.69913	1.60.1.70170
4613	1.60.1.69913	1.60.1.70170
4614	1.60.1.69913	1.60.1.70170
4615	1.60.1.69913	1.60.1.70170
4616	1.60.1.69913	1.60.1.70170
4620	1.60.1.69913	1.60.1.70170
4621	1.60.1.69913	1.60.1.70170
4622	1.60.1.69913	1.60.1.70170
4623	1.60.1.69913	1.60.1.70170
4624	1.60.1.69913	1.60.1.70170
4625	1.60.1.69913	1.60.1.70170
4626	1.60.1.69913	1.60.1.70170
4627	1.60.1.69913	1.60.1.70170
4628	1.60.1.69913	1.60.1.70170
4629	1.60.1.69913	1.60.1.70170
4630	1.60.1.69913	1.60.1.70170
4631	1.60.1.69913	1.60.1.70170
4632	1.60.1.69913	1.60.1.70170
4633	1.60.1.69913	1.60.1.70170
4634	1.60.1.69913	1.60.1.70170
4635	1.60.1.69913	1.60.1.70170
4636	1.60.1.69913	1.60.1.70170
4637	1.60.1.69913	1.60.1.70170
4638	1.60.1.69913	1.60.1.70170
4639	1.60.1.69913	1.60.1.70170
4640	1.60.1.69913	1.60.1.70170
4641	1.60.1.69913	1.60.1.70170
4643	1.60.1.70170	1.60.1.70170
4644	1.60.1.69913	1.60.1.70170
4645	1.60.1.69913	1.60.1.70170
4646	1.60.1.69913	1.60.1.70170
4647	1.60.1.69913	1.60.1.70170
4648	1.60.1.69913	1.60.1.70170
4649	1.60.1.69913	1.60.1.70170
4650	1.60.1.69913	1.60.1.70170
4652	1.60.1.69913	1.60.1.70170
4653	1.60.1.69913	1.60.1.70170
4654	1.60.1.69913	1.60.1.70170
4655	1.60.1.69913	1.60.1.70170
4656	1.60.1.69913	1.60.1.70170
4657	1.60.1.69913	1.60.1.70170
4658	1.60.1.69913	1.60.1.70170
4659	1.60.1.69913	1.60.1.70170
4660	1.60.1.69913	1.60.1.70170
4661	1.60.1.69913	1.60.1.70170
4662	1.60.1.69913	1.60.1.70170
4663	1.60.1.69913	1.60.1.70170
4664	1.60.1.69913	1.60.1.70170
4665	1.60.1.69913	1.60.1.70170
4666	1.60.1.69913	1.60.1.70170
4667	1.60.1.69913	1.60.1.70170
4668	1.60.1.69913	1.60.1.70170
4669	1.60.1.69913	1.60.1.70170
4670	1.60.1.69913	1.60.1.70170
4671	1.60.1.69913	1.60.1.70170
4672	1.60.1.69913	1.60.1.70170
4673	1.60.1.69913	1.60.1.70170
4674	1.60.1.69913	1.60.1.70170
4675	1.60.1.69913	1.60.1.70170
4676	1.60.1.69913	1.60.1.70170
4677	1.60.1.69913	1.60.1.70170
4678	1.60.1.69913	1.60.1.70170
4679	1.60.1.69913	1.60.1.70170
4680	1.60.1.69913	1.60.1.70170
4681	1.60.1.69913	1.60.1.70170
4682	1.60.1.69913	1.60.1.70170
4683	1.60.1.69913	1.60.1.70170
4684	1.60.1.69913	1.60.1.70170
4685	1.60.1.69913	1.60.1.70170
4686	1.60.1.69913	1.60.1.70170
4687	1.60.1.69913	1.60.1.70170
4688	1.60.1.69913	1.60.1.70170
4689	1.60.1.69913	1.60.1.70170
4690	1.60.1.69913	1.60.1.70170
4691	1.60.1.69913	1.60.1.70170
4692	1.60.1.69913	1.60.1.70170
4693	1.60.1.69913	1.60.1.70170
4694	1.60.1.69913	1.60.1.70170
4695	1.60.1.69913	1.60.1.70170
4696	1.60.1.69913	1.60.1.70170
4697	1.60.1.69913	1.60.1.70170
4698	1.60.1.69913	1.60.1.70170
4699	1.60.1.69913	1.60.1.70170
4700	1.60.1.69913	1.60.1.70170
4701	1.60.1.69913	1.60.1.70170
4702	1.60.1.69913	1.60.1.70170
4703	1.60.1.69913	1.60.1.70170
4704	1.60.1.69913	1.60.1.70170
4705	1.60.1.69913	1.60.1.70170
4706	1.60.1.69913	1.60.1.70170
4707	1.60.1.69913	1.60.1.70170
4708	1.60.1.69913	1.60.1.70170
4709	1.60.1.69913	1.60.1.70170
4710	1.60.1.69913	1.60.1.70170
4711	1.60.1.69913	1.60.1.70170
4712	1.60.1.69913	1.60.1.70170
4713	1.60.1.69913	1.60.1.70170
4714	1.60.1.69913	1.60.1.70170
4715	1.60.1.69913	1.60.1.70170
4716	1.60.1.69913	1.60.1.70170
4717	1.60.1.69913	1.60.1.70170
4718	1.60.1.69913	1.60.1.70170
4719	1.60.1.69913	1.60.1.70170
4720	1.60.1.69913	1.60.1.70170
4721	1.60.1.69913	1.60.1.70170
4722	1.60.1.69913	1.60.1.70170
4723	1.60.1.70124	1.60.1.70170
4724	1.60.1.70124	1.60.1.70170
4725	1.60.1.69913	1.60.1.70170
4726	1.60.1.69913	1.60.1.70170
4727	1.60.1.69913	1.60.1.70170
4728	1.60.1.69913	1.60.1.70170
4729	1.60.1.69913	1.60.1.70170
4730	1.60.1.69913	1.60.1.70170
4731	1.60.1.69913	1.60.1.70170
4732	1.60.1.69913	1.60.1.70170
4733	1.60.1.69913	1.60.1.70170
4734	1.60.1.69913	1.60.1.70170
4735	1.60.1.69913	1.60.1.70170
4736	1.60.1.69913	1.60.1.70170
4737	1.60.1.69913	1.60.1.70170
4738	1.60.1.69913	1.60.1.70170
4739	1.60.1.69913	1.60.1.70170
4740	1.60.1.69913	1.60.1.70170
4741	1.60.1.69913	1.60.1.70170
4742	1.60.1.69913	1.60.1.70170
4743	1.60.1.69913	1.60.1.70170
4744	1.60.1.69913	1.60.1.70170
4745	1.60.1.69913	1.60.1.70170
4747	1.60.1.69913	1.60.1.70170
4748	1.60.1.69913	1.60.1.70170
4749	1.60.1.69913	1.60.1.70170
4750	1.60.1.69913	1.60.1.70170
4751	1.60.1.69913	1.60.1.70170
4752	1.60.1.69913	1.60.1.70170
4753	1.60.1.69913	1.60.1.70170
4754	1.60.1.69913	1.60.1.70170
4755	1.60.1.69913	1.60.1.70170
4756	1.60.1.69913	1.60.1.70170
4757	1.60.1.69913	1.60.1.70170
4758	1.60.1.69913	1.60.1.70170
4759	1.60.1.69913	1.60.1.70170
4760	1.60.1.69913	1.60.1.70170
4761	1.60.1.69913	1.60.1.70170
4762	1.60.1.69913	1.60.1.70170
4763	1.60.1.69913	1.60.1.70170
4764	1.60.1.69913	1.60.1.70170
4765	1.60.1.69913	1.60.1.70170
4766	1.60.1.69913	1.60.1.70170
4767	1.60.1.69913	1.60.1.70170
4768	1.60.1.69913	1.60.1.70170
4769	1.60.1.69913	1.60.1.70170
4770	1.60.1.69913	1.60.1.70170
4771	1.60.1.69913	1.60.1.70170
4772	1.60.1.69913	1.60.1.70170
4773	1.60.1.69913	1.60.1.70170
4774	1.60.1.69913	1.60.1.70170
4775	1.60.1.69913	1.60.1.70170
4776	1.60.1.69913	1.60.1.70170
4777	1.60.1.69913	1.60.1.70170
4778	1.60.1.69913	1.60.1.70170
4779	1.60.1.69913	1.60.1.70170
4780	1.60.1.69913	1.60.1.70170
4781	1.60.1.69913	1.60.1.70170
4782	1.60.1.69913	1.60.1.70170
4783	1.60.1.69913	1.60.1.70170
4784	1.60.1.69913	1.60.1.70170
4785	1.60.1.69913	1.60.1.70170
4786	1.60.1.69913	1.60.1.70170
4787	1.60.1.69913	1.60.1.70170
4788	1.60.1.69913	1.60.1.70170
4789	1.60.1.69913	1.60.1.70170
4790	1.60.1.69913	1.60.1.70170
4791	1.60.1.69913	1.60.1.70170
4792	1.60.1.69913	1.60.1.70170
4793	1.60.1.69913	1.60.1.70170
4794	1.60.1.69913	1.60.1.70170
4795	1.60.1.69913	1.60.1.70170
4796	1.60.1.69913	1.60.1.70170
4797	1.60.1.69913	1.60.1.70170
4798	1.60.1.69913	1.60.1.70170
4799	1.60.1.69913	1.60.1.70170
4800	1.60.1.69913	1.60.1.70170
4801	1.60.1.69913	1.60.1.70170
4802	1.60.1.69913	1.60.1.70170
4803	1.60.1.69913	1.60.1.70170
4804	1.60.1.69913	1.60.1.70170
4805	1.60.1.69913	1.60.1.70170
4806	1.60.1.69913	1.60.1.70170
4807	1.60.1.69913	1.60.1.70170
4808	1.60.1.69913	1.60.1.70170
4809	1.60.1.69913	1.60.1.70170
4810	1.60.1.70124	1.60.1.70170
4811	1.60.1.69913	1.60.1.70170
4812	1.60.1.69913	1.60.1.70170
4813	1.60.1.69913	1.60.1.70170
4814	1.60.1.69913	1.60.1.70170
4815	1.60.1.69913	1.60.1.70170
4816	1.60.1.69913	1.60.1.70170
4817	1.60.1.69913	1.60.1.70170
4818	1.60.1.69913	1.60.1.70170
4819	1.60.1.69913	1.60.1.70170
4820	1.60.1.69913	1.60.1.70170
4821	1.60.1.69913	1.60.1.70170
4822	1.60.1.69913	1.60.1.70170
4823	1.60.1.69913	1.60.1.70170
4824	1.60.1.69913	1.60.1.70170
4825	1.60.1.69913	1.60.1.70170
4826	1.60.1.69913	1.60.1.70170
4827	1.60.1.69913	1.60.1.70170
4828	1.60.1.69913	1.60.1.70170
4829	1.60.1.69913	1.60.1.70170
4830	1.60.1.69913	1.60.1.70170
4831	1.60.1.69913	1.60.1.70170
4832	1.60.1.69913	1.60.1.70170
4833	1.60.1.69913	1.60.1.70170
4834	1.60.1.69913	1.60.1.70170
4835	1.60.1.69913	1.60.1.70170
4836	1.60.1.69913	1.60.1.70170
4837	1.60.1.69913	1.60.1.70170
4838	1.60.1.69913	1.60.1.70170
4839	1.60.1.69913	1.60.1.70170
4840	1.60.1.69913	1.60.1.70170
4841	1.60.1.69913	1.60.1.70170
4842	1.60.1.69913	1.60.1.70170
4843	1.60.1.69913	1.60.1.70170
4844	1.60.1.69913	1.60.1.70170
4845	1.60.1.69913	1.60.1.70170
4846	1.60.1.69913	1.60.1.70170
4847	1.60.1.69913	1.60.1.70170
4848	1.60.1.69913	1.60.1.70170
4849	1.60.1.69913	1.60.1.70170
4850	1.60.1.69913	1.60.1.70170
4851	1.60.1.69913	1.60.1.70170
4852	1.60.1.69913	1.60.1.70170
4853	1.60.1.69913	1.60.1.70170
4854	1.60.1.69913	1.60.1.70170
4855	1.60.1.69913	1.60.1.70170
4856	1.60.1.69913	1.60.1.70170
4857	1.60.1.69913	1.60.1.70170
4858	1.60.1.69913	1.60.1.70170
4859	1.60.1.69913	1.60.1.70170
4860	1.60.1.69913	1.60.1.70170
4861	1.60.1.69913	1.60.1.70170
4862	1.60.1.69913	1.60.1.70170
4863	1.60.1.69913	1.60.1.70170
4864	1.60.1.69913	1.60.1.70170
4865	1.60.1.69913	1.60.1.70170
4866	1.60.1.69913	1.60.1.70170
4867	1.60.1.69913	1.60.1.70170
4868	1.60.1.69913	1.60.1.70170
4869	1.60.1.69913	1.60.1.70170
4870	1.60.1.69913	1.60.1.70170
4871	1.60.1.69913	1.60.1.70170
4872	1.60.1.69913	1.60.1.70170
4873	1.60.1.69913	1.60.1.70170
4874	1.60.1.69913	1.60.1.70170
4875	1.60.1.69913	1.60.1.70170
4876	1.60.1.69913	1.60.1.70170
4877	1.60.1.69913	1.60.1.70170
4878	1.60.1.69913	1.60.1.70170
4879	1.60.1.69913	1.60.1.70170
4880	1.60.1.69913	1.60.1.70170
4881	1.60.1.69913	1.60.1.70170
4882	1.60.1.69913	1.60.1.70170
4883	1.60.1.69913	1.60.1.70170
4884	1.60.1.69913	1.60.1.70170
4885	1.60.1.69913	1.60.1.70170
4886	1.60.1.69913	1.60.1.70170
4887	1.60.1.69913	1.60.1.70170
4888	1.60.1.69913	1.60.1.70170
4889	1.60.1.69913	1.60.1.70170
4890	1.60.1.69913	1.60.1.70170
4891	1.60.1.69913	1.60.1.70170
4892	1.60.1.69913	1.60.1.70170
4893	1.60.1.69913	1.60.1.70170
4894	1.60.1.69913	1.60.1.70170
4895	1.60.1.69913	1.60.1.70170
4896	1.60.1.69913	1.60.1.70170
4897	1.60.1.69913	1.60.1.70170
4898	1.60.1.69913	1.60.1.70170
4899	1.60.1.69913	1.60.1.70170
4900	1.60.1.69913	1.60.1.70170
4901	1.60.1.69913	1.60.1.70170
4902	1.60.1.69913	1.60.1.70170
4903	1.60.1.69913	1.60.1.70170
4904	1.60.1.69913	1.60.1.70170
4905	1.60.1.69913	1.60.1.70170
4906	1.60.1.69913	1.60.1.70170
4907	1.60.1.69913	1.60.1.70170
4908	1.60.1.69913	1.60.1.70170
4909	1.60.1.69913	1.60.1.70170
4910	1.60.1.69913	1.60.1.70170
4911	1.60.1.69913	1.60.1.70170
4912	1.60.1.69913	1.60.1.70170
4913	1.60.1.69913	1.60.1.70170
4914	1.60.1.69913	1.60.1.70170
4915	1.60.1.69913	1.60.1.70170
4916	1.60.1.69913	1.60.1.70170
4917	1.60.1.69913	1.60.1.70170
4918	1.60.1.69913	1.60.1.70170
4919	1.60.1.69913	1.60.1.70170
4920	1.60.1.69913	1.60.1.70170
4921	1.60.1.69913	1.60.1.70170
4922	1.60.1.69913	1.60.1.70170
4923	1.60.1.69913	1.60.1.70170
4924	1.60.1.69913	1.60.1.70170
4925	1.60.1.69913	1.60.1.70170
4926	1.60.1.69913	1.60.1.70170
4927	1.60.1.69913	1.60.1.70170
4928	1.60.1.69913	1.60.1.70170
4929	1.60.1.69913	1.60.1.70170
4930	1.60.1.69913	1.60.1.70170
4931	1.60.1.69913	1.60.1.70170
4932	1.60.1.69913	1.60.1.70170
4933	1.60.1.69913	1.60.1.70170
4934	1.60.1.69913	1.60.1.70170
4935	1.60.1.69913	1.60.1.70170
4936	1.60.1.69913	1.60.1.70170
4937	1.60.1.69913	1.60.1.70170
4938	1.60.1.69913	1.60.1.70170
4939	1.60.1.69913	1.60.1.70170
4940	1.60.1.69913	1.60.1.70170
4941	1.60.1.69913	1.60.1.70170
4942	1.60.1.69913	1.60.1.70170
4943	1.60.1.69913	1.60.1.70170
4944	1.60.1.69913	1.60.1.70170
4945	1.60.1.69913	1.60.1.70170
4946	1.60.1.69913	1.60.1.70170
4947	1.60.1.69913	1.60.1.70170
4948	1.60.1.69913	1.60.1.70170
4949	1.60.1.69913	1.60.1.70170
4950	1.60.1.69913	1.60.1.70170
4951	1.60.1.69913	1.60.1.70170
4952	1.60.1.69913	1.60.1.70170
4953	1.60.1.69913	1.60.1.70170
4954	1.60.1.69913	1.60.1.70170
4955	1.60.1.69913	1.60.1.70170
4956	1.60.1.69913	1.60.1.70170
4957	1.60.1.69913	1.60.1.70170
4958	1.60.1.69913	1.60.1.70170
4959	1.60.1.69913	1.60.1.70170
4960	1.60.1.69913	1.60.1.70170
4961	1.60.1.69913	1.60.1.70170
4962	1.60.1.69913	1.60.1.70170
4963	1.60.1.69913	1.60.1.70170
4964	1.60.1.69913	1.60.1.70170
4965	1.60.1.69913	1.60.1.70170
4966	1.60.1.69913	1.60.1.70170
4967	1.60.1.69913	1.60.1.70170
4968	1.60.1.69913	1.60.1.70170
4969	1.60.1.69913	1.60.1.70170
4970	1.60.1.69913	1.60.1.70170
4971	1.60.1.69913	1.60.1.70170
4972	1.60.1.69913	1.60.1.70170
4973	1.60.1.69913	1.60.1.70170
4974	1.60.1.69913	1.60.1.70170
4975	1.60.1.69913	1.60.1.70170
4976	1.60.1.69913	1.60.1.70170
4977	1.60.1.69913	1.60.1.70170
4978	1.60.1.69913	1.60.1.70170
4979	1.60.1.69913	1.60.1.70170
4981	1.60.1.69913	1.60.1.70170
4982	1.60.1.69913	1.60.1.70170
4983	1.60.1.69913	1.60.1.70170
4984	1.60.1.69913	1.60.1.70170
4985	1.60.1.69913	1.60.1.70170
4986	1.60.1.69913	1.60.1.70170
4987	1.60.1.69913	1.60.1.70170
4988	1.60.1.69913	1.60.1.70170
4989	1.60.1.69913	1.60.1.70170
4991	1.60.1.69913	1.60.1.70170
4992	1.60.1.69913	1.60.1.70170
4993	1.60.1.69913	1.60.1.70170
4994	1.60.1.69913	1.60.1.70170
4995	1.60.1.69913	1.60.1.70170
4996	1.60.1.69913	1.60.1.70170
4997	1.60.1.69913	1.60.1.70170
4998	1.60.1.69913	1.60.1.70170
4999	1.60.1.69913	1.60.1.70170
5000	1.60.1.69913	1.60.1.70170
5001	1.60.1.69913	1.60.1.70170
5002	1.60.1.69913	1.60.1.70170
5003	1.60.1.69913	1.60.1.70170
5006	1.60.1.69913	1.60.1.70170
5007	1.60.1.69913	1.60.1.70170
5008	1.60.1.69913	1.60.1.70170
5009	1.60.1.69913	1.60.1.70170
5011	1.60.1.69913	1.60.1.70170
5012	1.60.1.69913	1.60.1.70170
5013	1.60.1.69913	1.60.1.70170
5014	1.60.1.69913	1.60.1.70170
5015	1.60.1.69913	1.60.1.70170
5016	1.60.1.69913	1.60.1.70170
5017	1.60.1.69913	1.60.1.70170
5018	1.60.1.69913	1.60.1.70170
5019	1.60.1.69913	1.60.1.70170
5020	1.60.1.69913	1.60.1.70170
5021	1.60.1.69913	1.60.1.70170
5022	1.60.1.69913	1.60.1.70170
5023	1.60.1.69913	1.60.1.70170
5024	1.60.1.69913	1.60.1.70170
5025	1.60.1.69913	1.60.1.70170
5026	1.60.1.69913	1.60.1.70170
5027	1.60.1.69913	1.60.1.70170
5028	1.60.1.70124	1.60.1.70170
5029	1.60.1.69913	1.60.1.70170
5030	1.60.1.69913	1.60.1.70170
5038	1.60.1.69913	1.60.1.70170
5040	1.60.1.69913	1.60.1.70170
5041	1.60.1.69913	1.60.1.70170
5042	1.60.1.69913	1.60.1.70170
5043	1.60.1.69913	1.60.1.70170
5044	1.60.1.69913	1.60.1.70170
5045	1.60.1.69913	1.60.1.70170
5046	1.60.1.69913	1.60.1.70170
5047	1.60.1.69913	1.60.1.70170
5048	1.60.1.69913	1.60.1.70170
5049	1.60.1.69913	1.60.1.70170
5050	1.60.1.69913	1.60.1.70170
5051	1.60.1.69913	1.60.1.70170
5052	1.60.1.69913	1.60.1.70170
5053	1.60.1.69913	1.60.1.70170
5054	1.60.1.69913	1.60.1.70170
5055	1.60.1.69913	1.60.1.70170
5056	1.60.1.69913	1.60.1.70170
5057	1.60.1.69913	1.60.1.70170
5058	1.60.1.69913	1.60.1.70170
5059	1.60.1.69913	1.60.1.70170
5060	1.60.1.69913	1.60.1.70170
5061	1.60.1.69913	1.60.1.70170
5062	1.60.1.69913	1.60.1.70170
5063	1.60.1.69913	1.60.1.70170
5064	1.60.1.69913	1.60.1.70170
5065	1.60.1.69913	1.60.1.70170
5066	1.60.1.69913	1.60.1.70170
5067	1.60.1.69913	1.60.1.70170
5068	1.60.1.69913	1.60.1.70170
5069	1.60.1.69913	1.60.1.70170
5071	1.60.1.69913	1.60.1.70170
5072	1.60.1.69913	1.60.1.70170
5073	1.60.1.69913	1.60.1.70170
5074	1.60.1.69913	1.60.1.70170
5075	1.60.1.69913	1.60.1.70170
5076	1.60.1.69913	1.60.1.70170
5077	1.60.1.69913	1.60.1.70170
5078	1.60.1.69913	1.60.1.70170
5079	1.60.1.69913	1.60.1.70170
5080	1.60.1.69913	1.60.1.70170
5081	1.60.1.69913	1.60.1.70170
5082	1.60.1.69913	1.60.1.70170
5083	1.60.1.69913	1.60.1.70170
5084	1.60.1.69913	1.60.1.70170
5085	1.60.1.69913	1.60.1.70170
5086	1.60.1.69913	1.60.1.70170
5087	1.60.1.69913	1.60.1.70170
5088	1.60.1.69913	1.60.1.70170
5089	1.60.1.69913	1.60.1.70170
5090	1.60.1.69913	1.60.1.70170
5091	1.60.1.69913	1.60.1.70170
5092	1.60.1.69913	1.60.1.70170
5093	1.60.1.69913	1.60.1.70170
5094	1.60.1.69913	1.60.1.70170
5095	1.60.1.69913	1.60.1.70170
5096	1.60.1.69913	1.60.1.70170
5097	1.60.1.69913	1.60.1.70170
5098	1.60.1.69913	1.60.1.70170
5099	1.60.1.69913	1.60.1.70170
5100	1.60.1.69913	1.60.1.70170
5101	1.60.1.69913	1.60.1.70170
5102	1.60.1.69913	1.60.1.70170
5103	1.60.1.69913	1.60.1.70170
5104	1.60.1.69913	1.60.1.70170
5105	1.60.1.69913	1.60.1.70170
5106	1.60.1.69913	1.60.1.70170
5107	1.60.1.69913	1.60.1.70170
5108	1.60.1.69913	1.60.1.70170
5109	1.60.1.69913	1.60.1.70170
5110	1.60.1.69913	1.60.1.70170
5111	1.60.1.69913	1.60.1.70170
5112	1.60.1.69913	1.60.1.70170
5113	1.60.1.69913	1.60.1.70170
5114	1.60.1.69913	1.60.1.70170
5115	1.60.1.69913	1.60.1.70170
5116	1.60.1.69913	1.60.1.70170
5117	1.60.1.69913	1.60.1.70170
5118	1.60.1.69913	1.60.1.70170
5119	1.60.1.69913	1.60.1.70170
5120	1.60.1.69913	1.60.1.70170
5121	1.60.1.69913	1.60.1.70170
5122	1.60.1.69913	1.60.1.70170
5123	1.60.1.69913	1.60.1.70170
5124	1.60.1.69913	1.60.1.70170
5125	1.60.1.69913	1.60.1.70170
5126	1.60.1.69913	1.60.1.70170
5127	1.60.1.69913	1.60.1.70170
5128	1.60.1.69913	1.60.1.70170
5129	1.60.1.69913	1.60.1.70170
5130	1.60.1.69913	1.60.1.70170
5131	1.60.1.69913	1.60.1.70170
5132	1.60.1.69913	1.60.1.70170
5133	1.60.1.69913	1.60.1.70170
5134	1.60.1.69913	1.60.1.70170
5135	1.60.1.69913	1.60.1.70170
5136	1.60.1.69913	1.60.1.70170
5137	1.60.1.69913	1.60.1.70170
5138	1.60.1.69913	1.60.1.70170
5139	1.60.1.69913	1.60.1.70170
5140	1.60.1.69913	1.60.1.70170
5141	1.60.1.69913	1.60.1.70170
5142	1.60.1.69913	1.60.1.70170
5143	1.60.1.69913	1.60.1.70170
5144	1.60.1.69913	1.60.1.70170
5145	1.60.1.69913	1.60.1.70170
5146	1.60.1.69913	1.60.1.70170
5147	1.60.1.69913	1.60.1.70170
5148	1.60.1.69913	1.60.1.70170
5149	1.60.1.69913	1.60.1.70170
5150	1.60.1.69913	1.60.1.70170
5151	1.60.1.69913	1.60.1.70170
5152	1.60.1.69913	1.60.1.70170
5153	1.60.1.69913	1.60.1.70170
5154	1.60.1.69913	1.60.1.70170
5155	1.60.1.69913	1.60.1.70170
5156	1.60.1.69913	1.60.1.70170
5157	1.60.1.69913	1.60.1.70170
5158	1.60.1.69913	1.60.1.70170
5159	1.60.1.69913	1.60.1.70170
5160	1.60.1.69913	1.60.1.70170
5161	1.60.1.69913	1.60.1.70170
5162	1.60.1.69913	1.60.1.70170
5163	1.60.1.69913	1.60.1.70170
5164	1.60.1.69913	1.60.1.70170
5165	1.60.1.69913	1.60.1.70170
5166	1.60.1.69913	1.60.1.70170
5167	1.60.1.69913	1.60.1.70170
5168	1.60.1.69913	1.60.1.70170
5169	1.60.1.69913	1.60.1.70170
5170	1.60.1.69913	1.60.1.70170
5171	1.60.1.69913	1.60.1.70170
5172	1.60.1.69913	1.60.1.70170
5173	1.60.1.69913	1.60.1.70170
5174	1.60.1.69913	1.60.1.70170
5175	1.60.1.69913	1.60.1.70170
5176	1.60.1.69913	1.60.1.70170
5177	1.60.1.69913	1.60.1.70170
5178	1.60.1.69913	1.60.1.70170
5179	1.60.1.69913	1.60.1.70170
5181	1.60.1.70009	1.60.1.70170
5182	1.60.1.69913	1.60.1.70170
5183	1.60.1.69913	1.60.1.70170
5184	1.60.1.69913	1.60.1.70170
5185	1.60.1.69913	1.60.1.70170
5186	1.60.1.69913	1.60.1.70170
5187	1.60.1.69913	1.60.1.70170
5188	1.60.1.69913	1.60.1.70170
5189	1.60.1.69913	1.60.1.70170
5190	1.60.1.69913	1.60.1.70170
5191	1.60.1.69913	1.60.1.70170
5192	1.60.1.69913	1.60.1.70170
5193	1.60.1.69913	1.60.1.70170
5194	1.60.1.69913	1.60.1.70170
5195	1.60.1.69913	1.60.1.70170
5196	1.60.1.69913	1.60.1.70170
5197	1.60.1.69913	1.60.1.70170
5198	1.60.1.69913	1.60.1.70170
5199	1.60.1.69913	1.60.1.70170
5200	1.60.1.69913	1.60.1.70170
5201	1.60.1.69913	1.60.1.70170
5202	1.60.1.69913	1.60.1.70170
5203	1.60.1.69913	1.60.1.70170
5204	1.60.1.69913	1.60.1.70170
5205	1.60.1.69913	1.60.1.70170
5206	1.60.1.69913	1.60.1.70170
5207	1.60.1.69913	1.60.1.70170
5208	1.60.1.69913	1.60.1.70170
5209	1.60.1.69913	1.60.1.70170
5210	1.60.1.69913	1.60.1.70170
5211	1.60.1.69913	1.60.1.70170
5212	1.60.1.69913	1.60.1.70170
5213	1.60.1.69913	1.60.1.70170
5214	1.60.1.69913	1.60.1.70170
5215	1.60.1.69913	1.60.1.70170
5216	1.60.1.69913	1.60.1.70170
5217	1.60.1.69913	1.60.1.70170
5218	1.60.1.69913	1.60.1.70170
5219	1.60.1.69913	1.60.1.70170
5220	1.60.1.69913	1.60.1.70170
5221	1.60.1.69913	1.60.1.70170
5222	1.60.1.69913	1.60.1.70170
5223	1.60.1.69913	1.60.1.70170
5226	1.60.1.69913	1.60.1.70170
5227	1.60.1.69913	1.60.1.70170
5228	1.60.1.69913	1.60.1.70170
5229	1.60.1.69913	1.60.1.70170
5230	1.60.1.69913	1.60.1.70170
5231	1.60.1.69913	1.60.1.70170
5232	1.60.1.69913	1.60.1.70170
5233	1.60.1.69913	1.60.1.70170
5234	1.60.1.69913	1.60.1.70170
5235	1.60.1.69913	1.60.1.70170
5236	1.60.1.69913	1.60.1.70170
5237	1.60.1.69913	1.60.1.70170
5238	1.60.1.69913	1.60.1.70170
5239	1.60.1.69913	1.60.1.70170
5240	1.60.1.69913	1.60.1.70170
5241	1.60.1.69913	1.60.1.70170
5242	1.60.1.69913	1.60.1.70170
5243	1.60.1.69913	1.60.1.70170
5244	1.60.1.69913	1.60.1.70170
5246	1.60.1.69913	1.60.1.70170
5247	1.60.1.69913	1.60.1.70170
5248	1.60.1.69913	1.60.1.70170
5249	1.60.1.69913	1.60.1.70170
5250	1.60.1.69913	1.60.1.70170
5251	1.60.1.69913	1.60.1.70170
5252	1.60.1.69913	1.60.1.70170
5253	1.60.1.69913	1.60.1.70170
5254	1.60.1.69913	1.60.1.70170
5256	1.60.1.70009	1.60.1.70170
5257	1.60.1.70170	1.60.1.70170
5258	1.60.1.69913	1.60.1.70170
5259	1.60.1.69913	1.60.1.70170
5260	1.60.1.69913	1.60.1.70170
5261	1.60.1.69913	1.60.1.70170
5262	1.60.1.69913	1.60.1.70170
5263	1.60.1.69913	1.60.1.70170
5264	1.60.1.69913	1.60.1.70170
5265	1.60.1.69913	1.60.1.70170
5266	1.60.1.69913	1.60.1.70170
5267	1.60.1.70009	1.60.1.70170
5268	1.60.1.69913	1.60.1.70170
5269	1.60.1.69913	1.60.1.70170
5270	1.60.1.69913	1.60.1.70170
5271	1.60.1.69913	1.60.1.70170
5272	1.60.1.69913	1.60.1.70170
5273	1.60.1.69913	1.60.1.70170
5274	1.60.1.69913	1.60.1.70170
5275	1.60.1.69913	1.60.1.70170
5276	1.60.1.69913	1.60.1.70170
5277	1.60.1.69913	1.60.1.70170
5278	1.60.1.69913	1.60.1.70170
5279	1.60.1.69913	1.60.1.70170
5280	1.60.1.69913	1.60.1.70170
5281	1.60.1.69913	1.60.1.70170
5282	1.60.1.69913	1.60.1.70170
5283	1.60.1.69913	1.60.1.70170
5284	1.60.1.69913	1.60.1.70170
5285	1.60.1.69913	1.60.1.70170
5286	1.60.1.69913	1.60.1.70170
5287	1.60.1.69913	1.60.1.70170
5288	1.60.1.69913	1.60.1.70170
5289	1.60.1.69913	1.60.1.70170
5291	1.60.1.69913	1.60.1.70170
5292	1.60.1.69913	1.60.1.70170
5293	1.60.1.69913	1.60.1.70170
5294	1.60.1.69913	1.60.1.70170
5295	1.60.1.69913	1.60.1.70170
5296	1.60.1.69913	1.60.1.70170
5297	1.60.1.69913	1.60.1.70170
5298	1.60.1.69913	1.60.1.70170
5299	1.60.1.69913	1.60.1.70170
5300	1.60.1.69913	1.60.1.70170
5301	1.60.1.69913	1.60.1.70170
5302	1.60.1.69913	1.60.1.70170
5303	1.60.1.69913	1.60.1.70170
5304	1.60.1.69913	1.60.1.70170
5305	1.60.1.69913	1.60.1.70170
5306	1.60.1.69913	1.60.1.70170
5307	1.60.1.69913	1.60.1.70170
5308	1.60.1.69913	1.60.1.70170
5309	1.60.1.69913	1.60.1.70170
5310	1.60.1.69913	1.60.1.70170
5311	1.60.1.69913	1.60.1.70170
5312	1.60.1.69913	1.60.1.70170
5313	1.60.1.69913	1.60.1.70170
5314	1.60.1.69913	1.60.1.70170
5315	1.60.1.69913	1.60.1.70170
5316	1.60.1.69913	1.60.1.70170
5317	1.60.1.69913	1.60.1.70170
5318	1.60.1.69913	1.60.1.70170
5319	1.60.1.69913	1.60.1.70170
5320	1.60.1.69913	1.60.1.70170
5321	1.60.1.69913	1.60.1.70170
5322	1.60.1.69913	1.60.1.70170
5323	1.60.1.69913	1.60.1.70170
5324	1.60.1.69913	1.60.1.70170
5325	1.60.1.69913	1.60.1.70170
5326	1.60.1.69913	1.60.1.70170
5327	1.60.1.69913	1.60.1.70170
5328	1.60.1.69913	1.60.1.70170
5329	1.60.1.69913	1.60.1.70170
5330	1.60.1.69913	1.60.1.70170
5331	1.60.1.69913	1.60.1.70170
5332	1.60.1.69913	1.60.1.70170
5333	1.60.1.69913	1.60.1.70170
5334	1.60.1.69913	1.60.1.70170
5335	1.60.1.69913	1.60.1.70170
5336	1.60.1.69913	1.60.1.70170
5337	1.60.1.69913	1.60.1.70170
5338	1.60.1.69913	1.60.1.70170
5339	1.60.1.69913	1.60.1.70170
5340	1.60.1.69913	1.60.1.70170
5341	1.60.1.69913	1.60.1.70170
5342	1.60.1.69913	1.60.1.70170
5343	1.60.1.69913	1.60.1.70170
5344	1.60.1.69913	1.60.1.70170
5345	1.60.1.69913	1.60.1.70170
5346	1.60.1.69913	1.60.1.70170
5347	1.60.1.69913	1.60.1.70170
5348	1.60.1.69913	1.60.1.70170
5349	1.60.1.69913	1.60.1.70170
5350	1.60.1.69913	1.60.1.70170
5351	1.60.1.69913	1.60.1.70170
5352	1.60.1.69913	1.60.1.70170
5353	1.60.1.69913	1.60.1.70170
5354	1.60.1.69913	1.60.1.70170
5355	1.60.1.69913	1.60.1.70170
5356	1.60.1.69913	1.60.1.70170
5357	1.60.1.69913	1.60.1.70170
5358	1.60.1.69913	1.60.1.70170
5359	1.60.1.69913	1.60.1.70170
5360	1.60.1.69913	1.60.1.70170
5361	1.60.1.69913	1.60.1.70170
5362	1.60.1.69913	1.60.1.70170
5363	1.60.1.69913	1.60.1.70170
5364	1.60.1.69913	1.60.1.70170
5365	1.60.1.69913	1.60.1.70170
5366	1.60.1.69913	1.60.1.70170
5367	1.60.1.69913	1.60.1.70170
5368	1.60.1.69913	1.60.1.70170
5369	1.60.1.69913	1.60.1.70170
5370	1.60.1.69913	1.60.1.70170
5371	1.60.1.69913	1.60.1.70170
5372	1.60.1.69913	1.60.1.70170
5373	1.60.1.69913	1.60.1.70170
5374	1.60.1.69913	1.60.1.70170
5375	1.60.1.69913	1.60.1.70170
5376	1.60.1.69913	1.60.1.70170
5377	1.60.1.69913	1.60.1.70170
5378	1.60.1.69913	1.60.1.70170
5379	1.60.1.69913	1.60.1.70170
5380	1.60.1.69913	1.60.1.70170
5381	1.60.1.69913	1.60.1.70170
5382	1.60.1.69913	1.60.1.70170
5383	1.60.1.69913	1.60.1.70170
5384	1.60.1.69913	1.60.1.70170
5385	1.60.1.69913	1.60.1.70170
5386	1.60.1.69913	1.60.1.70170
5387	1.60.1.69913	1.60.1.70170
5388	1.60.1.69913	1.60.1.70170
5389	1.60.1.69913	1.60.1.70170
5390	1.60.1.69913	1.60.1.70170
5391	1.60.1.69913	1.60.1.70170
5392	1.60.1.69913	1.60.1.70170
5393	1.60.1.69913	1.60.1.70170
5394	1.60.1.69913	1.60.1.70170
5395	1.60.1.69913	1.60.1.70170
5396	1.60.1.69913	1.60.1.70170
5397	1.60.1.69913	1.60.1.70170
5398	1.60.1.69913	1.60.1.70170
5399	1.60.1.69913	1.60.1.70170
5400	1.60.1.69913	1.60.1.70170
5401	1.60.1.69913	1.60.1.70170
5402	1.60.1.69913	1.60.1.70170
5403	1.60.1.69913	1.60.1.70170
5404	1.60.1.69913	1.60.1.70170
5405	1.60.1.69913	1.60.1.70170
5406	1.60.1.69913	1.60.1.70170
5407	1.60.1.69913	1.60.1.70170
5408	1.60.1.69913	1.60.1.70170
5409	1.60.1.69913	1.60.1.70170
5410	1.60.1.69913	1.60.1.70170
5411	1.60.1.69913	1.60.1.70170
5412	1.60.1.69913	1.60.1.70170
5413	1.60.1.69913	1.60.1.70170
5414	1.60.1.69913	1.60.1.70170
5415	1.60.1.69913	1.60.1.70170
5416	1.60.1.69913	1.60.1.70170
5417	1.60.1.69913	1.60.1.70170
5418	1.60.1.69913	1.60.1.70170
5419	1.60.1.69913	1.60.1.70170
5420	1.60.1.69913	1.60.1.70170
5421	1.60.1.69913	1.60.1.70170
5422	1.60.1.69913	1.60.1.70170
5423	1.60.1.69913	1.60.1.70170
5424	1.60.1.69913	1.60.1.70170
5425	1.60.1.69913	1.60.1.70170
5426	1.60.1.69913	1.60.1.70170
5427	1.60.1.69913	1.60.1.70170
5428	1.60.1.69913	1.60.1.70170
5429	1.60.1.69913	1.60.1.70170
5430	1.60.1.69913	1.60.1.70170
5431	1.60.1.69913	1.60.1.70170
5432	1.60.1.69913	1.60.1.70170
5433	1.60.1.69913	1.60.1.70170
5434	1.60.1.69913	1.60.1.70170
5435	1.60.1.69913	1.60.1.70170
5436	1.60.1.69913	1.60.1.70170
5437	1.60.1.69913	1.60.1.70170
5438	1.60.1.69913	1.60.1.70170
5439	1.60.1.69913	1.60.1.70170
5440	1.60.1.69913	1.60.1.70170
5441	1.60.1.69913	1.60.1.70170
5442	1.60.1.69913	1.60.1.70170
5443	1.60.1.69913	1.60.1.70170
5444	1.60.1.69913	1.60.1.70170
5445	1.60.1.69913	1.60.1.70170
5446	1.60.1.69913	1.60.1.70170
5447	1.60.1.69913	1.60.1.70170
5448	1.60.1.69913	1.60.1.70170
5449	1.60.1.69913	1.60.1.70170
5450	1.60.1.69913	1.60.1.70170
5451	1.60.1.69913	1.60.1.70170
5453	1.60.1.69913	1.60.1.70170
5454	1.60.1.69913	1.60.1.70170
5455	1.60.1.69913	1.60.1.70170
5456	1.60.1.69913	1.60.1.70170
5457	1.60.1.69913	1.60.1.70170
5458	1.60.1.69913	1.60.1.70170
5459	1.60.1.69913	1.60.1.70170
5460	1.60.1.69913	1.60.1.70170
5461	1.60.1.69913	1.60.1.70170
5462	1.60.1.69913	1.60.1.70170
5463	1.60.1.69913	1.60.1.70170
5464	1.60.1.69913	1.60.1.70170
5465	1.60.1.69913	1.60.1.70170
5466	1.60.1.69913	1.60.1.70170
5467	1.60.1.69913	1.60.1.70170
5468	1.60.1.69913	1.60.1.70170
5469	1.60.1.69913	1.60.1.70170
5470	1.60.1.69913	1.60.1.70170
5471	1.60.1.69913	1.60.1.70170
5472	1.60.1.69913	1.60.1.70170
5473	1.60.1.69913	1.60.1.70170
5474	1.60.1.69913	1.60.1.70170
5475	1.60.1.69913	1.60.1.70170
5476	1.60.1.69913	1.60.1.70170
5477	1.60.1.69913	1.60.1.70170
5478	1.60.1.69913	1.60.1.70170
5479	1.60.1.69913	1.60.1.70170
5480	1.60.1.69913	1.60.1.70170
5481	1.60.1.69913	1.60.1.70170
5482	1.60.1.69913	1.60.1.70170
5483	1.60.1.69913	1.60.1.70170
5484	1.60.1.69913	1.60.1.70170
5485	1.60.1.69913	1.60.1.70170
5486	1.60.1.69913	1.60.1.70170
5487	1.60.1.69913	1.60.1.70170
5488	1.60.1.69913	1.60.1.70170
5489	1.60.1.69913	1.60.1.70170
5490	1.60.1.69913	1.60.1.70170
5491	1.60.1.69913	1.60.1.70170
5493	1.60.1.69913	1.60.1.70170
5494	1.60.1.69913	1.60.1.70170
5495	1.60.1.69913	1.60.1.70170
5498	1.60.1.69913	1.60.1.70170
5500	1.60.1.69913	1.60.1.70170
5502	1.60.1.69913	1.60.1.70170
5503	1.60.1.69913	1.60.1.70170
5504	1.60.1.69913	1.60.1.70170
5505	1.60.1.69913	1.60.1.70170
5506	1.60.1.69913	1.60.1.70170
5507	1.60.1.69913	1.60.1.70170
5508	1.60.1.69913	1.60.1.70170
5509	1.60.1.69913	1.60.1.70170
5510	1.60.1.69913	1.60.1.70170
5511	1.60.1.69913	1.60.1.70170
5512	1.60.1.69913	1.60.1.70170
5513	1.60.1.69913	1.60.1.70170
5514	1.60.1.69913	1.60.1.70170
5515	1.60.1.69913	1.60.1.70170
5516	1.60.1.69913	1.60.1.70170
5517	1.60.1.69913	1.60.1.70170
5518	1.60.1.69913	1.60.1.70170
5519	1.60.1.69913	1.60.1.70170
5520	1.60.1.69913	1.60.1.70170
5521	1.60.1.69913	1.60.1.70170
5522	1.60.1.69913	1.60.1.70170
5523	1.60.1.69913	1.60.1.70170
5524	1.60.1.69913	1.60.1.70170
5525	1.60.1.69913	1.60.1.70170
5526	1.60.1.69913	1.60.1.70170
5527	1.60.1.69913	1.60.1.70170
5528	1.60.1.69913	1.60.1.70170
5529	1.60.1.69913	1.60.1.70170
5530	1.60.1.69913	1.60.1.70170
5531	1.60.1.69913	1.60.1.70170
5532	1.60.1.69913	1.60.1.70170
5533	1.60.1.69913	1.60.1.70170
5534	1.60.1.69913	1.60.1.70170
5535	1.60.1.69913	1.60.1.70170
5536	1.60.1.69913	1.60.1.70170
5537	1.60.1.69913	1.60.1.70170
5538	1.60.1.69913	1.60.1.70170
5539	1.60.1.69913	1.60.1.70170
5540	1.60.1.69913	1.60.1.70170
5541	1.60.1.69913	1.60.1.70170
5542	1.60.1.69913	1.60.1.70170
5543	1.60.1.69913	1.60.1.70170
5544	1.60.1.69913	1.60.1.70170
5545	1.60.1.69913	1.60.1.70170
5546	1.60.1.69913	1.60.1.70170
5547	1.60.1.69913	1.60.1.70170
5548	1.60.1.69913	1.60.1.70170
5549	1.60.1.69913	1.60.1.70170
5550	1.60.1.69913	1.60.1.70170
5551	1.60.1.69913	1.60.1.70170
5552	1.60.1.69913	1.60.1.70170
5553	1.60.1.69913	1.60.1.70170
5554	1.60.1.69913	1.60.1.70170
5555	1.60.1.69913	1.60.1.70170
5556	1.60.1.69913	1.60.1.70170
5557	1.60.1.69913	1.60.1.70170
5558	1.60.1.69913	1.60.1.70170
5559	1.60.1.69913	1.60.1.70170
5560	1.60.1.69913	1.60.1.70170
5561	1.60.1.69913	1.60.1.70170
5562	1.60.1.69913	1.60.1.70170
5563	1.60.1.69913	1.60.1.70170
5564	1.60.1.69913	1.60.1.70170
5565	1.60.1.69913	1.60.1.70170
5566	1.60.1.69913	1.60.1.70170
5567	1.60.1.69913	1.60.1.70170
5568	1.60.1.69913	1.60.1.70170
5569	1.60.1.69913	1.60.1.70170
5570	1.60.1.69913	1.60.1.70170
5571	1.60.1.69913	1.60.1.70170
5572	1.60.1.69913	1.60.1.70170
5573	1.60.1.69913	1.60.1.70170
5574	1.60.1.69913	1.60.1.70170
5575	1.60.1.69913	1.60.1.70170
5576	1.60.1.69913	1.60.1.70170
5578	1.60.1.69913	1.60.1.70170
5579	1.60.1.69913	1.60.1.70170
5580	1.60.1.69913	1.60.1.70170
5581	1.60.1.69913	1.60.1.70170
5582	1.60.1.69913	1.60.1.70170
5583	1.60.1.69913	1.60.1.70170
5584	1.60.1.69913	1.60.1.70170
5585	1.60.1.69913	1.60.1.70170
5586	1.60.1.69913	1.60.1.70170
5587	1.60.1.69913	1.60.1.70170
5588	1.60.1.69913	1.60.1.70170
5589	1.60.1.69913	1.60.1.70170
5590	1.60.1.69913	1.60.1.70170
5591	1.60.1.69913	1.60.1.70170
5592	1.60.1.69913	1.60.1.70170
5593	1.60.1.69913	1.60.1.70170
5594	1.60.1.69913	1.60.1.70170
5595	1.60.1.69913	1.60.1.70170
5596	1.60.1.69913	1.60.1.70170
5597	1.60.1.69913	1.60.1.70170
5598	1.60.1.69913	1.60.1.70170
5599	1.60.1.69913	1.60.1.70170
5600	1.60.1.69913	1.60.1.70170
5601	1.60.1.69913	1.60.1.70170
5602	1.60.1.69913	1.60.1.70170
5603	1.60.1.69913	1.60.1.70170
5604	1.60.1.69913	1.60.1.70170
5605	1.60.1.69913	1.60.1.70170
5606	1.60.1.69913	1.60.1.70170
5607	1.60.1.69913	1.60.1.70170
5608	1.60.1.70124	1.60.1.70170
5609	1.60.1.69913	1.60.1.70170
5610	1.60.1.69913	1.60.1.70170
5611	1.60.1.69913	1.60.1.70170
5612	1.60.1.69913	1.60.1.70170
5613	1.60.1.69913	1.60.1.70170
5614	1.60.1.69913	1.60.1.70170
5615	1.60.1.69913	1.60.1.70170
5617	1.60.1.69913	1.60.1.70170
5618	1.60.1.69913	1.60.1.70170
5619	1.60.1.69913	1.60.1.70170
5620	1.60.1.69913	1.60.1.70170
5621	1.60.1.69913	1.60.1.70170
5622	1.60.1.69913	1.60.1.70170
5623	1.60.1.69913	1.60.1.70170
5625	1.60.1.69913	1.60.1.70170
5626	1.60.1.69913	1.60.1.70170
5627	1.60.1.69913	1.60.1.70170
5628	1.60.1.69913	1.60.1.70170
5629	1.60.1.69913	1.60.1.70170
5630	1.60.1.69913	1.60.1.70170
5631	1.60.1.69913	1.60.1.70170
5633	1.60.1.69913	1.60.1.70170
5634	1.60.1.69913	1.60.1.70170
5635	1.60.1.69913	1.60.1.70170
5636	1.60.1.69913	1.60.1.70170
5637	1.60.1.69913	1.60.1.70170
5638	1.60.1.69913	1.60.1.70170
5639	1.60.1.69913	1.60.1.70170
5640	1.60.1.69913	1.60.1.70170
5642	1.60.1.69913	1.60.1.70170
5643	1.60.1.69913	1.60.1.70170
5644	1.60.1.69913	1.60.1.70170
5645	1.60.1.69913	1.60.1.70170
5646	1.60.1.69913	1.60.1.70170
5647	1.60.1.69913	1.60.1.70170
5648	1.60.1.69913	1.60.1.70170
5649	1.60.1.69913	1.60.1.70170
5650	1.60.1.69913	1.60.1.70170
5651	1.60.1.69913	1.60.1.70170
5652	1.60.1.69913	1.60.1.70170
5653	1.60.1.69913	1.60.1.70170
5654	1.60.1.69913	1.60.1.70170
5655	1.60.1.69913	1.60.1.70170
5656	1.60.1.69913	1.60.1.70170
5657	1.60.1.69913	1.60.1.70170
5658	1.60.1.69913	1.60.1.70170
5659	1.60.1.69913	1.60.1.70170
5660	1.60.1.69913	1.60.1.70170
5661	1.60.1.69913	1.60.1.70170
5662	1.60.1.69913	1.60.1.70170
5663	1.60.1.69913	1.60.1.70170
5664	1.60.1.69913	1.60.1.70170
5665	1.60.1.69913	1.60.1.70170
5666	1.60.1.69913	1.60.1.70170
5667	1.60.1.69913	1.60.1.70170
5668	1.60.1.69913	1.60.1.70170
5669	1.60.1.69913	1.60.1.70170
5670	1.60.1.69913	1.60.1.70170
5671	1.60.1.69913	1.60.1.70170
5672	1.60.1.69913	1.60.1.70170
5673	1.60.1.69913	1.60.1.70170
5674	1.60.1.69913	1.60.1.70170
5675	1.60.1.69913	1.60.1.70170
5676	1.60.1.69913	1.60.1.70170
5677	1.60.1.69913	1.60.1.70170
5678	1.60.1.69913	1.60.1.70170
5679	1.60.1.69913	1.60.1.70170
5680	1.60.1.69913	1.60.1.70170
5681	1.60.1.69913	1.60.1.70170
5682	1.60.1.69913	1.60.1.70170
5683	1.60.1.69913	1.60.1.70170
5684	1.60.1.69913	1.60.1.70170
5685	1.60.1.69913	1.60.1.70170
5686	1.60.1.69913	1.60.1.70170
5687	1.60.1.69913	1.60.1.70170
5688	1.60.1.69913	1.60.1.70170
5689	1.60.1.69913	1.60.1.70170
5690	1.60.1.69913	1.60.1.70170
5691	1.60.1.69913	1.60.1.70170
5692	1.60.1.69913	1.60.1.70170
5693	1.60.1.69913	1.60.1.70170
5694	1.60.1.69913	1.60.1.70170
5695	1.60.1.69913	1.60.1.70170
5696	1.60.1.69913	1.60.1.70170
5697	1.60.1.69913	1.60.1.70170
5698	1.60.1.69913	1.60.1.70170
5699	1.60.1.69913	1.60.1.70170
5700	1.60.1.69913	1.60.1.70170
5701	1.60.1.69913	1.60.1.70170
5702	1.60.1.69913	1.60.1.70170
5703	1.60.1.69913	1.60.1.70170
5704	1.60.1.69913	1.60.1.70170
5705	1.60.1.69913	1.60.1.70170
5706	1.60.1.69913	1.60.1.70170
5707	1.60.1.69913	1.60.1.70170
5708	1.60.1.69913	1.60.1.70170
5709	1.60.1.69913	1.60.1.70170
5710	1.60.1.69913	1.60.1.70170
5711	1.60.1.69913	1.60.1.70170
5712	1.60.1.69913	1.60.1.70170
5713	1.60.1.69913	1.60.1.70170
5714	1.60.1.69913	1.60.1.70170
5715	1.60.1.69913	1.60.1.70170
5716	1.60.1.69913	1.60.1.70170
5717	1.60.1.69913	1.60.1.70170
5718	1.60.1.69913	1.60.1.70170
5719	1.60.1.69913	1.60.1.70170
5720	1.60.1.69913	1.60.1.70170
5721	1.60.1.69913	1.60.1.70170
5722	1.60.1.69913	1.60.1.70170
5723	1.60.1.69913	1.60.1.70170
5724	1.60.1.69913	1.60.1.70170
5725	1.60.1.69913	1.60.1.70170
5726	1.60.1.69913	1.60.1.70170
5727	1.60.1.69913	1.60.1.70170
5728	1.60.1.69913	1.60.1.70170
5729	1.60.1.69913	1.60.1.70170
5730	1.60.1.69913	1.60.1.70170
5731	1.60.1.69913	1.60.1.70170
5732	1.60.1.69913	1.60.1.70170
5733	1.60.1.69913	1.60.1.70170
5734	1.60.1.69913	1.60.1.70170
5735	1.60.1.69913	1.60.1.70170
5736	1.60.1.69913	1.60.1.70170
5737	1.60.1.69913	1.60.1.70170
5738	1.60.1.69913	1.60.1.70170
5739	1.60.1.69913	1.60.1.70170
5740	1.60.1.69913	1.60.1.70170
5741	1.60.1.69913	1.60.1.70170
5743	1.60.1.69913	1.60.1.70170
5744	1.60.1.69913	1.60.1.70170
5745	1.60.1.69913	1.60.1.70170
5746	1.60.1.69913	1.60.1.70170
5747	1.60.1.69913	1.60.1.70170
5749	1.60.1.70009	1.60.1.70170
5750	1.60.1.69913	1.60.1.70170
5751	1.60.1.69913	1.60.1.70170
5752	1.60.1.69913	1.60.1.70170
5757	1.60.1.69913	1.60.1.70170
5758	1.60.1.69913	1.60.1.70170
5759	1.60.1.69913	1.60.1.70170
5760	1.60.1.69913	1.60.1.70170
5761	1.60.1.69913	1.60.1.70170
5762	1.60.1.69913	1.60.1.70170
5763	1.60.1.69913	1.60.1.70170
5764	1.60.1.69913	1.60.1.70170
5765	1.60.1.69913	1.60.1.70170
5766	1.60.1.69913	1.60.1.70170
5767	1.60.1.69913	1.60.1.70170
5768	1.60.1.69913	1.60.1.70170
5769	1.60.1.69913	1.60.1.70170
5770	1.60.1.69913	1.60.1.70170
5771	1.60.1.69913	1.60.1.70170
5772	1.60.1.69913	1.60.1.70170
5773	1.60.1.69913	1.60.1.70170
5774	1.60.1.69913	1.60.1.70170
5775	1.60.1.69913	1.60.1.70170
5776	1.60.1.69913	1.60.1.70170
5777	1.60.1.69913	1.60.1.70170
5778	1.60.1.69913	1.60.1.70170
5779	1.60.1.69913	1.60.1.70170
5780	1.60.1.69913	1.60.1.70170
5781	1.60.1.69913	1.60.1.70170
5782	1.60.1.69913	1.60.1.70170
5783	1.60.1.69913	1.60.1.70170
5784	1.60.1.69913	1.60.1.70170
5785	1.60.1.69913	1.60.1.70170
5786	1.60.1.69913	1.60.1.70170
5787	1.60.1.69913	1.60.1.70170
5788	1.60.1.69913	1.60.1.70170
5789	1.60.1.69913	1.60.1.70170
5790	1.60.1.69913	1.60.1.70170
5791	1.60.1.69913	1.60.1.70170
5792	1.60.1.69913	1.60.1.70170
5793	1.60.1.69913	1.60.1.70170
5794	1.60.1.69913	1.60.1.70170
5795	1.60.1.69913	1.60.1.70170
5796	1.60.1.69913	1.60.1.70170
5797	1.60.1.69913	1.60.1.70170
5798	1.60.1.69913	1.60.1.70170
5799	1.60.1.69913	1.60.1.70170
5800	1.60.1.69913	1.60.1.70170
5801	1.60.1.69913	1.60.1.70170
5802	1.60.1.69913	1.60.1.70170
5803	1.60.1.69913	1.60.1.70170
5804	1.60.1.69913	1.60.1.70170
5805	1.60.1.69913	1.60.1.70170
5806	1.60.1.69913	1.60.1.70170
5807	1.60.1.69913	1.60.1.70170
5808	1.60.1.69913	1.60.1.70170
5809	1.60.1.69913	1.60.1.70170
5810	1.60.1.69913	1.60.1.70170
5811	1.60.1.69913	1.60.1.70170
5812	1.60.1.69913	1.60.1.70170
5813	1.60.1.69913	1.60.1.70170
5814	1.60.1.69913	1.60.1.70170
5815	1.60.1.69913	1.60.1.70170
5816	1.60.1.69913	1.60.1.70170
5817	1.60.1.69913	1.60.1.70170
5818	1.60.1.69913	1.60.1.70170
5820	1.60.1.69913	1.60.1.70170
5821	1.60.1.69913	1.60.1.70170
5822	1.60.1.69913	1.60.1.70170
5823	1.60.1.69913	1.60.1.70170
5824	1.60.1.69913	1.60.1.70170
5825	1.60.1.69913	1.60.1.70170
5826	1.60.1.69913	1.60.1.70170
5827	1.60.1.69913	1.60.1.70170
5828	1.60.1.69913	1.60.1.70170
5829	1.60.1.69913	1.60.1.70170
5830	1.60.1.69913	1.60.1.70170
5831	1.60.1.69913	1.60.1.70170
5832	1.60.1.69913	1.60.1.70170
5833	1.60.1.69913	1.60.1.70170
5834	1.60.1.69913	1.60.1.70170
5835	1.60.1.69913	1.60.1.70170
5836	1.60.1.69913	1.60.1.70170
5837	1.60.1.69913	1.60.1.70170
5838	1.60.1.69913	1.60.1.70170
5839	1.60.1.69913	1.60.1.70170
5840	1.60.1.69913	1.60.1.70170
5841	1.60.1.69913	1.60.1.70170
5842	1.60.1.69913	1.60.1.70170
5843	1.60.1.69913	1.60.1.70170
5844	1.60.1.69913	1.60.1.70170
5845	1.60.1.69913	1.60.1.70170
5846	1.60.1.69913	1.60.1.70170
5847	1.60.1.69913	1.60.1.70170
5848	1.60.1.69913	1.60.1.70170
5849	1.60.1.69913	1.60.1.70170
5850	1.60.1.69913	1.60.1.70170
5851	1.60.1.69913	1.60.1.70170
5852	1.60.1.69913	1.60.1.70170
5853	1.60.1.69913	1.60.1.70170
5854	1.60.1.69913	1.60.1.70170
5855	1.60.1.69913	1.60.1.70170
5856	1.60.1.69913	1.60.1.70170
5857	1.60.1.69913	1.60.1.70170
5858	1.60.1.69913	1.60.1.70170
5859	1.60.1.69913	1.60.1.70170
5860	1.60.1.69913	1.60.1.70170
5861	1.60.1.69913	1.60.1.70170
5862	1.60.1.69913	1.60.1.70170
5863	1.60.1.69913	1.60.1.70170
5864	1.60.1.69913	1.60.1.70170
5865	1.60.1.69913	1.60.1.70170
5866	1.60.1.69913	1.60.1.70170
5867	1.60.1.69913	1.60.1.70170
5868	1.60.1.69913	1.60.1.70170
5869	1.60.1.69913	1.60.1.70170
5870	1.60.1.69913	1.60.1.70170
5871	1.60.1.69913	1.60.1.70170
5872	1.60.1.69913	1.60.1.70170
5873	1.60.1.69913	1.60.1.70170
5874	1.60.1.69913	1.60.1.70170
5875	1.60.1.69913	1.60.1.70170
5876	1.60.1.69913	1.60.1.70170
5877	1.60.1.69913	1.60.1.70170
5878	1.60.1.69913	1.60.1.70170
5879	1.60.1.69913	1.60.1.70170
5880	1.60.1.69913	1.60.1.70170
5881	1.60.1.69913	1.60.1.70170
5882	1.60.1.69913	1.60.1.70170
5883	1.60.1.69913	1.60.1.70170
5884	1.60.1.69913	1.60.1.70170
5896	1.60.1.69913	1.60.1.70170
5897	1.60.1.69913	1.60.1.70170
5916	1.60.1.69913	1.60.1.70170
5917	1.60.1.69913	1.60.1.70170
5918	1.60.1.69913	1.60.1.70170
5919	1.60.1.69913	1.60.1.70170
5936	1.60.1.69913	1.60.1.70170
5937	1.60.1.69913	1.60.1.70170
5938	1.60.1.69913	1.60.1.70170
5939	1.60.1.69913	1.60.1.70170
5940	1.60.1.69913	1.60.1.70170
5941	1.60.1.69913	1.60.1.70170
5942	1.60.1.69913	1.60.1.70170
5943	1.60.1.69913	1.60.1.70170
5944	1.60.1.69913	1.60.1.70170
5945	1.60.1.69913	1.60.1.70170
5946	1.60.1.69913	1.60.1.70170
5947	1.60.1.69913	1.60.1.70170
5948	1.60.1.69913	1.60.1.70170
5949	1.60.1.69913	1.60.1.70170
5950	1.60.1.69913	1.60.1.70170
5951	1.60.1.69913	1.60.1.70170
5952	1.60.1.69913	1.60.1.70170
5953	1.60.1.69913	1.60.1.70170
5954	1.60.1.69913	1.60.1.70170
5956	1.60.1.69913	1.60.1.70170
5957	1.60.1.69913	1.60.1.70170
5958	1.60.1.69913	1.60.1.70170
5959	1.60.1.69913	1.60.1.70170
5960	1.60.1.69913	1.60.1.70170
5961	1.60.1.69913	1.60.1.70170
5962	1.60.1.69913	1.60.1.70170
5963	1.60.1.69913	1.60.1.70170
5964	1.60.1.69913	1.60.1.70170
5965	1.60.1.69913	1.60.1.70170
5966	1.60.1.69913	1.60.1.70170
5967	1.60.1.69913	1.60.1.70170
5969	1.60.1.69913	1.60.1.70170
5970	1.60.1.69913	1.60.1.70170
5971	1.60.1.70009	1.60.1.70170
5972	1.60.1.69913	1.60.1.70170
5973	1.60.1.69913	1.60.1.70170
5974	1.60.1.69913	1.60.1.70170
5975	1.60.1.69913	1.60.1.70170
5976	1.60.1.69913	1.60.1.70170
5996	1.60.1.69913	1.60.1.70170
5997	1.60.1.69913	1.60.1.70170
5998	1.60.1.69913	1.60.1.70170
6016	1.60.1.69913	1.60.1.70170
6036	1.60.1.69913	1.60.1.70170
6037	1.60.1.69913	1.60.1.70170
6038	1.60.1.69913	1.60.1.70170
6039	1.60.1.69913	1.60.1.70170
6040	1.60.1.69913	1.60.1.70170
6041	1.60.1.69913	1.60.1.70170
6042	1.60.1.69913	1.60.1.70170
6043	1.60.1.69913	1.60.1.70170
6044	1.60.1.69913	1.60.1.70170
6045	1.60.1.69913	1.60.1.70170
6046	1.60.1.69913	1.60.1.70170
6047	1.60.1.69913	1.60.1.70170
6048	1.60.1.69913	1.60.1.70170
6049	1.60.1.69913	1.60.1.70170
6050	1.60.1.69913	1.60.1.70170
6051	1.60.1.69913	1.60.1.70170
6052	1.60.1.69913	1.60.1.70170
6053	1.60.1.69913	1.60.1.70170
6054	1.60.1.69913	1.60.1.70170
6055	1.60.1.69913	1.60.1.70170
6056	1.60.1.69913	1.60.1.70170
6057	1.60.1.69913	1.60.1.70170
6058	1.60.1.69913	1.60.1.70170
6059	1.60.1.69913	1.60.1.70170
6060	1.60.1.69913	1.60.1.70170
6061	1.60.1.69913	1.60.1.70170
6062	1.60.1.69913	1.60.1.70170
6063	1.60.1.69913	1.60.1.70170
6064	1.60.1.69913	1.60.1.70170
6065	1.60.1.69913	1.60.1.70170
6066	1.60.1.69913	1.60.1.70170
6067	1.60.1.69913	1.60.1.70170
6068	1.60.1.69913	1.60.1.70170
6069	1.60.1.69913	1.60.1.70170
6070	1.60.1.69913	1.60.1.70170
6071	1.60.1.69913	1.60.1.70170
6072	1.60.1.69913	1.60.1.70170
6073	1.60.1.69913	1.60.1.70170
6074	1.60.1.69913	1.60.1.70170
6075	1.60.1.69913	1.60.1.70170
6076	1.60.1.69913	1.60.1.70170
6077	1.60.1.69913	1.60.1.70170
6078	1.60.1.69913	1.60.1.70170
6079	1.60.1.69913	1.60.1.70170
6080	1.60.1.69913	1.60.1.70170
6081	1.60.1.69913	1.60.1.70170
6082	1.60.1.69913	1.60.1.70170
6083	1.60.1.69913	1.60.1.70170
6084	1.60.1.69913	1.60.1.70170
6085	1.60.1.69913	1.60.1.70170
6086	1.60.1.69913	1.60.1.70170
6087	1.60.1.69913	1.60.1.70170
6088	1.60.1.69913	1.60.1.70170
6089	1.60.1.69913	1.60.1.70170
6090	1.60.1.69913	1.60.1.70170
6091	1.60.1.69913	1.60.1.70170
6092	1.60.1.69913	1.60.1.70170
6093	1.60.1.69913	1.60.1.70170
6094	1.60.1.69913	1.60.1.70170
6095	1.60.1.69913	1.60.1.70170
6096	1.60.1.69913	1.60.1.70170
6097	1.60.1.69913	1.60.1.70170
6098	1.60.1.69913	1.60.1.70170
6116	1.60.1.69913	1.60.1.70170
6117	1.60.1.69913	1.60.1.70170
6118	1.60.1.69913	1.60.1.70170
6119	1.60.1.69913	1.60.1.70170
6120	1.60.1.69913	1.60.1.70170
6121	1.60.1.69913	1.60.1.70170
6122	1.60.1.69913	1.60.1.70170
6123	1.60.1.69913	1.60.1.70170
6124	1.60.1.69913	1.60.1.70170
6125	1.60.1.69913	1.60.1.70170
6126	1.60.1.69913	1.60.1.70170
6127	1.60.1.69913	1.60.1.70170
6129	1.60.1.69913	1.60.1.70170
6130	1.60.1.69913	1.60.1.70170
6131	1.60.1.69913	1.60.1.70170
6132	1.60.1.69913	1.60.1.70170
6133	1.60.1.69913	1.60.1.70170
6134	1.60.1.69913	1.60.1.70170
6135	1.60.1.69913	1.60.1.70170
6136	1.60.1.69913	1.60.1.70170
6137	1.60.1.69913	1.60.1.70170
6138	1.60.1.69913	1.60.1.70170
6139	1.60.1.69913	1.60.1.70170
6140	1.60.1.69913	1.60.1.70170
6144	1.60.1.69913	1.60.1.70170
6145	1.60.1.69913	1.60.1.70170
6146	1.60.1.69913	1.60.1.70170
6147	1.60.1.69913	1.60.1.70170
6148	1.60.1.69913	1.60.1.70170
6149	1.60.1.69913	1.60.1.70170
6150	1.60.1.69913	1.60.1.70170
6166	1.60.1.69913	1.60.1.70170
6167	1.60.1.69913	1.60.1.70170
6168	1.60.1.69913	1.60.1.70170
6169	1.60.1.69913	1.60.1.70170
6170	1.60.1.69913	1.60.1.70170
6171	1.60.1.69913	1.60.1.70170
6172	1.60.1.69913	1.60.1.70170
6173	1.60.1.69913	1.60.1.70170
6174	1.60.1.69913	1.60.1.70170
6175	1.60.1.69913	1.60.1.70170
6176	1.60.1.69913	1.60.1.70170
6177	1.60.1.69913	1.60.1.70170
6178	1.60.1.69913	1.60.1.70170
6179	1.60.1.69913	1.60.1.70170
6180	1.60.1.69913	1.60.1.70170
6181	1.60.1.69913	1.60.1.70170
6182	1.60.1.69913	1.60.1.70170
6183	1.60.1.69913	1.60.1.70170
6184	1.60.1.69913	1.60.1.70170
6185	1.60.1.69913	1.60.1.70170
6186	1.60.1.69913	1.60.1.70170
6187	1.60.1.69913	1.60.1.70170
6188	1.60.1.69913	1.60.1.70170
6189	1.60.1.69913	1.60.1.70170
6190	1.60.1.69913	1.60.1.70170
6191	1.60.1.69913	1.60.1.70170
6192	1.60.1.69913	1.60.1.70170
6193	1.60.1.69913	1.60.1.70170
6194	1.60.1.69913	1.60.1.70170
6195	1.60.1.69913	1.60.1.70170
6196	1.60.1.69913	1.60.1.70170
6197	1.60.1.69913	1.60.1.70170
6198	1.60.1.70124	1.60.1.70170
6199	1.60.1.69913	1.60.1.70170
6200	1.60.1.69913	1.60.1.70170
6201	1.60.1.69913	1.60.1.70170
6202	1.60.1.69913	1.60.1.70170
6203	1.60.1.69913	1.60.1.70170
6204	1.60.1.70009	1.60.1.70170
6205	1.60.1.69913	1.60.1.70170
6206	1.60.1.69913	1.60.1.70170
6207	1.60.1.69913	1.60.1.70170
6208	1.60.1.69913	1.60.1.70170
6209	1.60.1.69913	1.60.1.70170
6210	1.60.1.69913	1.60.1.70170
6211	1.60.1.69913	1.60.1.70170
6212	1.60.1.69913	1.60.1.70170
6214	1.60.1.69913	1.60.1.70170
6215	1.60.1.69913	1.60.1.70170
6217	1.60.1.69913	1.60.1.70170
6218	1.60.1.69913	1.60.1.70170
6219	1.60.1.69913	1.60.1.70170
6220	1.60.1.69913	1.60.1.70170
6222	1.60.1.69913	1.60.1.70170
6223	1.60.1.69913	1.60.1.70170
6224	1.60.1.69913	1.60.1.70170
6225	1.60.1.69913	1.60.1.70170
6226	1.60.1.69913	1.60.1.70170
6227	1.60.1.69913	1.60.1.70170
6228	1.60.1.69913	1.60.1.70170
6229	1.60.1.69913	1.60.1.70170
6230	1.60.1.69913	1.60.1.70170
6231	1.60.1.69913	1.60.1.70170
6232	1.60.1.69913	1.60.1.70170
6233	1.60.1.69913	1.60.1.70170
6234	1.60.1.69913	1.60.1.70170
6235	1.60.1.69913	1.60.1.70170
6236	1.60.1.69913	1.60.1.70170
6237	1.60.1.69913	1.60.1.70170
6238	1.60.1.69913	1.60.1.70170
6239	1.60.1.69913	1.60.1.70170
6240	1.60.1.69913	1.60.1.70170
6241	1.60.1.69913	1.60.1.70170
6242	1.60.1.69913	1.60.1.70170
6243	1.60.1.69913	1.60.1.70170
6244	1.60.1.69913	1.60.1.70170
6245	1.60.1.69913	1.60.1.70170
6246	1.60.1.69913	1.60.1.70170
6247	1.60.1.69913	1.60.1.70170
6248	1.60.1.69913	1.60.1.70170
6249	1.60.1.69913	1.60.1.70170
6250	1.60.1.69913	1.60.1.70170
6251	1.60.1.69913	1.60.1.70170
6252	1.60.1.69913	1.60.1.70170
6253	1.60.1.69913	1.60.1.70170
6254	1.60.1.69913	1.60.1.70170
6256	1.60.1.69913	1.60.1.70170
6257	1.60.1.69913	1.60.1.70170
6258	1.60.1.69913	1.60.1.70170
6259	1.60.1.69913	1.60.1.70170
6260	1.60.1.69913	1.60.1.70170
6261	1.60.1.69913	1.60.1.70170
6262	1.60.1.69913	1.60.1.70170
6263	1.60.1.69913	1.60.1.70170
6264	1.60.1.69913	1.60.1.70170
6265	1.60.1.69913	1.60.1.70170
6266	1.60.1.69913	1.60.1.70170
6267	1.60.1.69913	1.60.1.70170
6268	1.60.1.69913	1.60.1.70170
6269	1.60.1.69913	1.60.1.70170
6270	1.60.1.69913	1.60.1.70170
6271	1.60.1.69913	1.60.1.70170
6272	1.60.1.69913	1.60.1.70170
6274	1.60.1.69913	1.60.1.70170
6275	1.60.1.69913	1.60.1.70170
6276	1.60.1.69913	1.60.1.70170
6277	1.60.1.69913	1.60.1.70170
6278	1.60.1.69913	1.60.1.70170
6279	1.60.1.69913	1.60.1.70170
6280	1.60.1.69913	1.60.1.70170
6281	1.60.1.69913	1.60.1.70170
6282	1.60.1.69913	1.60.1.70170
6283	1.60.1.69913	1.60.1.70170
6284	1.60.1.69913	1.60.1.70170
6285	1.60.1.69913	1.60.1.70170
6286	1.60.1.69913	1.60.1.70170
6287	1.60.1.69913	1.60.1.70170
6288	1.60.1.69913	1.60.1.70170
6289	1.60.1.69913	1.60.1.70170
6290	1.60.1.69913	1.60.1.70170
6291	1.60.1.69913	1.60.1.70170
6292	1.60.1.69913	1.60.1.70170
6293	1.60.1.69913	1.60.1.70170
6294	1.60.1.69913	1.60.1.70170
6295	1.60.1.69913	1.60.1.70170
6296	1.60.1.69913	1.60.1.70170
6297	1.60.1.69913	1.60.1.70170
6298	1.60.1.69913	1.60.1.70170
6299	1.60.1.69913	1.60.1.70170
6300	1.60.1.69913	1.60.1.70170
6301	1.60.1.69913	1.60.1.70170
6302	1.60.1.69913	1.60.1.70170
6303	1.60.1.69913	1.60.1.70170
6304	1.60.1.69913	1.60.1.70170
6305	1.60.1.69913	1.60.1.70170
6306	1.60.1.69913	1.60.1.70170
6307	1.60.1.69913	1.60.1.70170
6308	1.60.1.69913	1.60.1.70170
6309	1.60.1.69913	1.60.1.70170
6310	1.60.1.69913	1.60.1.70170
6311	1.60.1.69913	1.60.1.70170
6312	1.60.1.69913	1.60.1.70170
6313	1.60.1.69913	1.60.1.70170
6314	1.60.1.69913	1.60.1.70170
6315	1.60.1.70009	1.60.1.70170
6316	1.60.1.69913	1.60.1.70170
6317	1.60.1.69913	1.60.1.70170
6318	1.60.1.69913	1.60.1.70170
6319	1.60.1.69913	1.60.1.70170
6320	1.60.1.69913	1.60.1.70170
6321	1.60.1.69913	1.60.1.70170
6322	1.60.1.69913	1.60.1.70170
6323	1.60.1.69913	1.60.1.70170
6324	1.60.1.69913	1.60.1.70170
6325	1.60.1.69913	1.60.1.70170
6326	1.60.1.69913	1.60.1.70170
6328	1.60.1.69913	1.60.1.70170
6329	1.60.1.69913	1.60.1.70170
6330	1.60.1.69913	1.60.1.70170
6332	1.60.1.69913	1.60.1.70170
6333	1.60.1.69913	1.60.1.70170
6334	1.60.1.69913	1.60.1.70170
6335	1.60.1.69913	1.60.1.70170
6336	1.60.1.69913	1.60.1.70170
6337	1.60.1.69913	1.60.1.70170
6338	1.60.1.69913	1.60.1.70170
6339	1.60.1.69913	1.60.1.70170
6340	1.60.1.69913	1.60.1.70170
6341	1.60.1.69913	1.60.1.70170
6342	1.60.1.69913	1.60.1.70170
6343	1.60.1.69913	1.60.1.70170
6344	1.60.1.69913	1.60.1.70170
6345	1.60.1.69913	1.60.1.70170
6346	1.60.1.69913	1.60.1.70170
6347	1.60.1.69913	1.60.1.70170
6348	1.60.1.69913	1.60.1.70170
6349	1.60.1.69913	1.60.1.70170
6350	1.60.1.69913	1.60.1.70170
6351	1.60.1.69913	1.60.1.70170
6352	1.60.1.69913	1.60.1.70170
6353	1.60.1.69913	1.60.1.70170
6354	1.60.1.69913	1.60.1.70170
6355	1.60.1.69913	1.60.1.70170
6356	1.60.1.69913	1.60.1.70170
6357	1.60.1.69913	1.60.1.70170
6358	1.60.1.69913	1.60.1.70170
6359	1.60.1.69913	1.60.1.70170
6360	1.60.1.69913	1.60.1.70170
6361	1.60.1.69913	1.60.1.70170
6362	1.60.1.69913	1.60.1.70170
6363	1.60.1.69913	1.60.1.70170
6364	1.60.1.69913	1.60.1.70170
6365	1.60.1.69913	1.60.1.70170
6367	1.60.1.69913	1.60.1.70170
6368	1.60.1.69913	1.60.1.70170
6369	1.60.1.69913	1.60.1.70170
6370	1.60.1.69913	1.60.1.70170
6371	1.60.1.69913	1.60.1.70170
6372	1.60.1.69913	1.60.1.70170
6373	1.60.1.69913	1.60.1.70170
6375	1.60.1.69913	1.60.1.70170
6376	1.60.1.69913	1.60.1.70170
6377	1.60.1.69913	1.60.1.70170
6378	1.60.1.69913	1.60.1.70170
6379	1.60.1.69913	1.60.1.70170
6380	1.60.1.69913	1.60.1.70170
6381	1.60.1.69913	1.60.1.70170
6382	1.60.1.69913	1.60.1.70170
6383	1.60.1.69913	1.60.1.70170
6384	1.60.1.69913	1.60.1.70170
6385	1.60.1.69913	1.60.1.70170
6386	1.60.1.69913	1.60.1.70170
6387	1.60.1.69913	1.60.1.70170
6388	1.60.1.69913	1.60.1.70170
6389	1.60.1.69913	1.60.1.70170
6390	1.60.1.69913	1.60.1.70170
6391	1.60.1.69913	1.60.1.70170
6392	1.60.1.69913	1.60.1.70170
6393	1.60.1.69913	1.60.1.70170
6394	1.60.1.69913	1.60.1.70170
6395	1.60.1.69913	1.60.1.70170
6396	1.60.1.69913	1.60.1.70170
6397	1.60.1.69913	1.60.1.70170
6398	1.60.1.69913	1.60.1.70170
6399	1.60.1.69913	1.60.1.70170
6400	1.60.1.69913	1.60.1.70170
6401	1.60.1.69913	1.60.1.70170
6402	1.60.1.69913	1.60.1.70170
6403	1.60.1.69913	1.60.1.70170
6404	1.60.1.69913	1.60.1.70170
6405	1.60.1.69913	1.60.1.70170
6406	1.60.1.69913	1.60.1.70170
6407	1.60.1.69913	1.60.1.70170
6408	1.60.1.69913	1.60.1.70170
6409	1.60.1.69913	1.60.1.70170
6410	1.60.1.69913	1.60.1.70170
6411	1.60.1.69913	1.60.1.70170
6412	1.60.1.69913	1.60.1.70170
6413	1.60.1.69913	1.60.1.70170
6414	1.60.1.69913	1.60.1.70170
6415	1.60.1.69913	1.60.1.70170
6416	1.60.1.69913	1.60.1.70170
6417	1.60.1.69913	1.60.1.70170
6418	1.60.1.69913	1.60.1.70170
6419	1.60.1.69913	1.60.1.70170
6420	1.60.1.69913	1.60.1.70170
6421	1.60.1.69913	1.60.1.70170
6422	1.60.1.69913	1.60.1.70170
6423	1.60.1.69913	1.60.1.70170
6424	1.60.1.69913	1.60.1.70170
6425	1.60.1.69913	1.60.1.70170
6426	1.60.1.69913	1.60.1.70170
6427	1.60.1.69913	1.60.1.70170
6428	1.60.1.69913	1.60.1.70170
6429	1.60.1.69913	1.60.1.70170
6430	1.60.1.69913	1.60.1.70170
6431	1.60.1.69913	1.60.1.70170
6432	1.60.1.69913	1.60.1.70170
6433	1.60.1.69913	1.60.1.70170
6434	1.60.1.69913	1.60.1.70170
6435	1.60.1.69913	1.60.1.70170
6436	1.60.1.69913	1.60.1.70170
6437	1.60.1.69913	1.60.1.70170
6438	1.60.1.69913	1.60.1.70170
6439	1.60.1.69913	1.60.1.70170
6441	1.60.1.69913	1.60.1.70170
6442	1.60.1.69913	1.60.1.70170
6443	1.60.1.69913	1.60.1.70170
6444	1.60.1.69913	1.60.1.70170
6445	1.60.1.69913	1.60.1.70170
6446	1.60.1.69913	1.60.1.70170
6447	1.60.1.69913	1.60.1.70170
6448	1.60.1.69913	1.60.1.70170
6449	1.60.1.69913	1.60.1.70170
6450	1.60.1.69913	1.60.1.70170
6451	1.60.1.69913	1.60.1.70170
6452	1.60.1.69913	1.60.1.70170
6453	1.60.1.69913	1.60.1.70170
6454	1.60.1.69913	1.60.1.70170
6455	1.60.1.69913	1.60.1.70170
6456	1.60.1.69913	1.60.1.70170
6457	1.60.1.69913	1.60.1.70170
6458	1.60.1.69913	1.60.1.70170
6459	1.60.1.69913	1.60.1.70170
6460	1.60.1.69913	1.60.1.70170
6461	1.60.1.69913	1.60.1.70170
6462	1.60.1.69913	1.60.1.70170
6463	1.60.1.69913	1.60.1.70170
6464	1.60.1.69913	1.60.1.70170
6465	1.60.1.69913	1.60.1.70170
6466	1.60.1.69913	1.60.1.70170
6467	1.60.1.69913	1.60.1.70170
6468	1.60.1.69913	1.60.1.70170
6469	1.60.1.69913	1.60.1.70170
6470	1.60.1.69913	1.60.1.70170
6471	1.60.1.69913	1.60.1.70170
6472	1.60.1.69913	1.60.1.70170
6473	1.60.1.69913	1.60.1.70170
6474	1.60.1.69913	1.60.1.70170
6475	1.60.1.69913	1.60.1.70170
6476	1.60.1.69913	1.60.1.70170
6477	1.60.1.69913	1.60.1.70170
6478	1.60.1.69913	1.60.1.70170
6479	1.60.1.69913	1.60.1.70170
6480	1.60.1.69913	1.60.1.70170
6481	1.60.1.69913	1.60.1.70170
6482	1.60.1.69913	1.60.1.70170
6486	1.60.1.69913	1.60.1.70170
6487	1.60.1.69913	1.60.1.70170
6488	1.60.1.69913	1.60.1.70170
6489	1.60.1.69913	1.60.1.70170
6490	1.60.1.69913	1.60.1.70170
6491	1.60.1.69913	1.60.1.70170
6492	1.60.1.69913	1.60.1.70170
6493	1.60.1.69913	1.60.1.70170
6494	1.60.1.69913	1.60.1.70170
6495	1.60.1.69913	1.60.1.70170
6496	1.60.1.69913	1.60.1.70170
6497	1.60.1.69913	1.60.1.70170
6498	1.60.1.69913	1.60.1.70170
6499	1.60.1.69913	1.60.1.70170
6500	1.60.1.69913	1.60.1.70170
6501	1.60.1.69913	1.60.1.70170
6502	1.60.1.69913	1.60.1.70170
6503	1.60.1.69913	1.60.1.70170
6504	1.60.1.69913	1.60.1.70170
6505	1.60.1.69913	1.60.1.70170
6506	1.60.1.69913	1.60.1.70170
6507	1.60.1.69913	1.60.1.70170
6508	1.60.1.69913	1.60.1.70170
6509	1.60.1.69913	1.60.1.70170
6510	1.60.1.69913	1.60.1.70170
6511	1.60.1.69913	1.60.1.70170
6512	1.60.1.69913	1.60.1.70170
6513	1.60.1.69913	1.60.1.70170
6514	1.60.1.69913	1.60.1.70170
6515	1.60.1.69913	1.60.1.70170
6516	1.60.1.69913	1.60.1.70170
6517	1.60.1.69913	1.60.1.70170
6518	1.60.1.69913	1.60.1.70170
6519	1.60.1.69913	1.60.1.70170
6520	1.60.1.69913	1.60.1.70170
6521	1.60.1.69913	1.60.1.70170
6522	1.60.1.69913	1.60.1.70170
6523	1.60.1.69913	1.60.1.70170
6524	1.60.1.69913	1.60.1.70170
6525	1.60.1.69913	1.60.1.70170
6526	1.60.1.69913	1.60.1.70170
6527	1.60.1.69913	1.60.1.70170
6528	1.60.1.69913	1.60.1.70170
6529	1.60.1.69913	1.60.1.70170
6530	1.60.1.69913	1.60.1.70170
6531	1.60.1.69913	1.60.1.70170
6532	1.60.1.69913	1.60.1.70170
6533	1.60.1.69913	1.60.1.70170
6534	1.60.1.69913	1.60.1.70170
6535	1.60.1.69913	1.60.1.70170
6536	1.60.1.69913	1.60.1.70170
6537	1.60.1.69913	1.60.1.70170
6538	1.60.1.69913	1.60.1.70170
6539	1.60.1.69913	1.60.1.70170
6540	1.60.1.69913	1.60.1.70170
6541	1.60.1.69913	1.60.1.70170
6542	1.60.1.69913	1.60.1.70170
6543	1.60.1.69913	1.60.1.70170
6544	1.60.1.69913	1.60.1.70170
6545	1.60.1.69913	1.60.1.70170
6546	1.60.1.69913	1.60.1.70170
6547	1.60.1.69913	1.60.1.70170
6548	1.60.1.69913	1.60.1.70170
6549	1.60.1.69913	1.60.1.70170
6550	1.60.1.69913	1.60.1.70170
6551	1.60.1.69913	1.60.1.70170
6552	1.60.1.69913	1.60.1.70170
6553	1.60.1.69913	1.60.1.70170
6554	1.60.1.69913	1.60.1.70170
6555	1.60.1.69913	1.60.1.70170
6556	1.60.1.69913	1.60.1.70170
6557	1.60.1.69913	1.60.1.70170
6558	1.60.1.69913	1.60.1.70170
6559	1.60.1.69913	1.60.1.70170
6560	1.60.1.69913	1.60.1.70170
6561	1.60.1.69913	1.60.1.70170
6562	1.60.1.69913	1.60.1.70170
6563	1.60.1.69913	1.60.1.70170
6564	1.60.1.69913	1.60.1.70170
6565	1.60.1.69913	1.60.1.70170
6566	1.60.1.69913	1.60.1.70170
6567	1.60.1.69913	1.60.1.70170
6568	1.60.1.69913	1.60.1.70170
6569	1.60.1.69913	1.60.1.70170
6570	1.60.1.69913	1.60.1.70170
6571	1.60.1.69913	1.60.1.70170
6572	1.60.1.69913	1.60.1.70170
6573	1.60.1.69913	1.60.1.70170
6574	1.60.1.69913	1.60.1.70170
6575	1.60.1.69913	1.60.1.70170
6576	1.60.1.69913	1.60.1.70170
6577	1.60.1.69913	1.60.1.70170
6578	1.60.1.69913	1.60.1.70170
6579	1.60.1.69913	1.60.1.70170
6580	1.60.1.69913	1.60.1.70170
6581	1.60.1.69913	1.60.1.70170
6582	1.60.1.69913	1.60.1.70170
6583	1.60.1.69913	1.60.1.70170
6584	1.60.1.69913	1.60.1.70170
6585	1.60.1.69913	1.60.1.70170
6586	1.60.1.69913	1.60.1.70170
6587	1.60.1.69913	1.60.1.70170
6588	1.60.1.69913	1.60.1.70170
6589	1.60.1.69913	1.60.1.70170
6590	1.60.1.69913	1.60.1.70170
6591	1.60.1.69913	1.60.1.70170
6592	1.60.1.69913	1.60.1.70170
6593	1.60.1.69913	1.60.1.70170
6594	1.60.1.69913	1.60.1.70170
6595	1.60.1.69913	1.60.1.70170
6596	1.60.1.69913	1.60.1.70170
6597	1.60.1.69913	1.60.1.70170
6598	1.60.1.69913	1.60.1.70170
6599	1.60.1.69913	1.60.1.70170
6600	1.60.1.69913	1.60.1.70170
6601	1.60.1.69913	1.60.1.70170
6602	1.60.1.69913	1.60.1.70170
6603	1.60.1.69913	1.60.1.70170
6604	1.60.1.69913	1.60.1.70170
6605	1.60.1.69913	1.60.1.70170
6607	1.60.1.69913	1.60.1.70170
6608	1.60.1.69913	1.60.1.70170
6609	1.60.1.69913	1.60.1.70170
6610	1.60.1.69913	1.60.1.70170
6611	1.60.1.69913	1.60.1.70170
6612	1.60.1.69913	1.60.1.70170
6613	1.60.1.69913	1.60.1.70170
6614	1.60.1.69913	1.60.1.70170
6615	1.60.1.69913	1.60.1.70170
6616	1.60.1.69913	1.60.1.70170
6617	1.60.1.69913	1.60.1.70170
6618	1.60.1.69913	1.60.1.70170
6619	1.60.1.69913	1.60.1.70170
6620	1.60.1.69913	1.60.1.70170
6621	1.60.1.69913	1.60.1.70170
6622	1.60.1.69913	1.60.1.70170
6623	1.60.1.69913	1.60.1.70170
6624	1.60.1.69913	1.60.1.70170
6625	1.60.1.69913	1.60.1.70170
6626	1.60.1.69913	1.60.1.70170
6627	1.60.1.69913	1.60.1.70170
6628	1.60.1.69913	1.60.1.70170
6629	1.60.1.69913	1.60.1.70170
6630	1.60.1.69913	1.60.1.70170
6631	1.60.1.69913	1.60.1.70170
6632	1.60.1.69913	1.60.1.70170
6633	1.60.1.69913	1.60.1.70170
6634	1.60.1.69913	1.60.1.70170
6635	1.60.1.69913	1.60.1.70170
6636	1.60.1.69913	1.60.1.70170
6637	1.60.1.69913	1.60.1.70170
6638	1.60.1.69913	1.60.1.70170
6639	1.60.1.69913	1.60.1.70170
6640	1.60.1.69913	1.60.1.70170
6641	1.60.1.69913	1.60.1.70170
6642	1.60.1.69913	1.60.1.70170
6643	1.60.1.69913	1.60.1.70170
6644	1.60.1.69913	1.60.1.70170
6645	1.60.1.69913	1.60.1.70170
6646	1.60.1.69913	1.60.1.70170
6647	1.60.1.69913	1.60.1.70170
6648	1.60.1.69913	1.60.1.70170
6649	1.60.1.69913	1.60.1.70170
6650	1.60.1.69913	1.60.1.70170
6651	1.60.1.69913	1.60.1.70170
6652	1.60.1.69913	1.60.1.70170
6653	1.60.1.69913	1.60.1.70170
6654	1.60.1.69913	1.60.1.70170
6655	1.60.1.69913	1.60.1.70170
6656	1.60.1.69913	1.60.1.70170
6657	1.60.1.69913	1.60.1.70170
6658	1.60.1.69913	1.60.1.70170
6659	1.60.1.69913	1.60.1.70170
6660	1.60.1.69913	1.60.1.70170
6661	1.60.1.69913	1.60.1.70170
6662	1.60.1.69913	1.60.1.70170
6663	1.60.1.69913	1.60.1.70170
6664	1.60.1.69913	1.60.1.70170
6665	1.60.1.69913	1.60.1.70170
6666	1.60.1.69913	1.60.1.70170
6667	1.60.1.69913	1.60.1.70170
6668	1.60.1.69913	1.60.1.70170
6669	1.60.1.69913	1.60.1.70170
6670	1.60.1.69913	1.60.1.70170
6671	1.60.1.69913	1.60.1.70170
6672	1.60.1.69913	1.60.1.70170
6673	1.60.1.69913	1.60.1.70170
6674	1.60.1.69913	1.60.1.70170
6675	1.60.1.69913	1.60.1.70170
6676	1.60.1.69913	1.60.1.70170
6677	1.60.1.69913	1.60.1.70170
6678	1.60.1.69913	1.60.1.70170
6679	1.60.1.70009	1.60.1.70170
6680	1.60.1.69913	1.60.1.70170
6681	1.60.1.70009	1.60.1.70170
6682	1.60.1.70124	1.60.1.70170
6683	1.60.1.69913	1.60.1.70170
6684	1.60.1.69913	1.60.1.70170
6685	1.60.1.70009	1.60.1.70170
6686	1.60.1.70009	1.60.1.70170
6687	1.60.1.70009	1.60.1.70170
6688	1.60.1.70124	1.60.1.70170
6689	1.60.1.70124	1.60.1.70170
6690	1.60.1.70170	1.60.1.70170
6691	1.60.1.70124	1.60.1.70170
6692	1.60.1.70170	1.60.1.70170
6693	1.60.1.70124	1.60.1.70170
6694	1.60.1.70170	1.60.1.70170
6695	1.60.1.70170	1.60.1.70170
6697	1.60.1.70170	1.60.1.70170
6698	1.60.1.69913	1.60.1.70170
6707	1.60.1.69913	1.60.1.70170
6708	1.60.1.69913	1.60.1.70170
6709	1.60.1.69913	1.60.1.70170
6710	1.60.1.69913	1.60.1.70170
6711	1.60.1.69913	1.60.1.70170
6712	1.60.1.69913	1.60.1.70170
6713	1.60.1.69913	1.60.1.70170
6714	1.60.1.69913	1.60.1.70170
6715	1.60.1.69913	1.60.1.70170
6716	1.60.1.69913	1.60.1.70170
6717	1.60.1.69913	1.60.1.70170
6718	1.60.1.69913	1.60.1.70170
6719	1.60.1.69913	1.60.1.70170
6720	1.60.1.69913	1.60.1.70170
6721	1.60.1.69913	1.60.1.70170
6722	1.60.1.69913	1.60.1.70170
6724	1.60.1.69913	1.60.1.70170
6725	1.60.1.70170	1.60.1.70170
6726	1.60.1.69913	1.60.1.70170
6727	1.60.1.69913	1.60.1.70170
6728	1.60.1.69913	1.60.1.70170
6729	1.60.1.69913	1.60.1.70170
6730	1.60.1.69913	1.60.1.70170
6731	1.60.1.69913	1.60.1.70170
6732	1.60.1.69913	1.60.1.70170
6733	1.60.1.69913	1.60.1.70170
6735	1.60.1.69913	1.60.1.70170
6737	1.60.1.69913	1.60.1.70170
6738	1.60.1.69913	1.60.1.70170
6739	1.60.1.69913	1.60.1.70170
6740	1.60.1.69913	1.60.1.70170
6741	1.60.1.69913	1.60.1.70170
6742	1.60.1.70170	1.60.1.70170
6743	1.60.1.69913	1.60.1.70170
6744	1.60.1.69913	1.60.1.70170
6745	1.60.1.69913	1.60.1.70170
6746	1.60.1.69913	1.60.1.70170
6747	1.60.1.69913	1.60.1.70170
6748	1.60.1.70170	1.60.1.70170
6749	1.60.1.70170	1.60.1.70170
6750	1.60.1.70170	1.60.1.70170
6751	1.60.1.70170	1.60.1.70170
6752	1.60.1.70170	1.60.1.70170
6753	1.60.1.69913	1.60.1.70170
6754	1.60.1.69913	1.60.1.70170
6755	1.60.1.69913	1.60.1.70170
6756	1.60.1.69913	1.60.1.70170
6757	1.60.1.69913	1.60.1.70170
6766	1.60.1.69913	1.60.1.70170
6767	1.60.1.69913	1.60.1.70170
6773	1.60.1.69913	1.60.1.70170
6774	1.60.1.69913	1.60.1.70170
6775	1.60.1.69913	1.60.1.70170
6776	1.60.1.69913	1.60.1.70170
6777	1.60.1.69913	1.60.1.70170
6778	1.60.1.69913	1.60.1.70170
6779	1.60.1.69913	1.60.1.70170
6780	1.60.1.69913	1.60.1.70170
6781	1.60.1.69913	1.60.1.70170
6782	1.60.1.69913	1.60.1.70170
6783	1.60.1.69913	1.60.1.70170
6784	1.60.1.69913	1.60.1.70170
6785	1.60.1.69913	1.60.1.70170
6786	1.60.1.69913	1.60.1.70170
6787	1.60.1.69913	1.60.1.70170
6788	1.60.1.69913	1.60.1.70170
6789	1.60.1.69913	1.60.1.70170
6790	1.60.1.69913	1.60.1.70170
6791	1.60.1.69913	1.60.1.70170
6792	1.60.1.69913	1.60.1.70170
6793	1.60.1.69913	1.60.1.70170
6794	1.60.1.69913	1.60.1.70170
6795	1.60.1.69913	1.60.1.70170
6796	1.60.1.69913	1.60.1.70170
6797	1.60.1.69913	1.60.1.70170
6798	1.60.1.69913	1.60.1.70170
6799	1.60.1.69913	1.60.1.70170
6800	1.60.1.69913	1.60.1.70170
6801	1.60.1.69913	1.60.1.70170
6805	1.60.1.69913	1.60.1.70170
6807	1.60.1.69913	1.60.1.70170
6808	1.60.1.69913	1.60.1.70170
6809	1.60.1.69913	1.60.1.70170
6810	1.60.1.69913	1.60.1.70170
6811	1.60.1.69913	1.60.1.70170
6812	1.60.1.69913	1.60.1.70170
6826	1.60.1.69913	1.60.1.70170
6827	1.60.1.69913	1.60.1.70170
6828	1.60.1.69913	1.60.1.70170
6832	1.60.1.69913	1.60.1.70170
6833	1.60.1.69913	1.60.1.70170
6834	1.60.1.69913	1.60.1.70170
6835	1.60.1.69913	1.60.1.70170
6836	1.60.1.69913	1.60.1.70170
6837	1.60.1.69913	1.60.1.70170
6838	1.60.1.69913	1.60.1.70170
6839	1.60.1.69913	1.60.1.70170
6840	1.60.1.69913	1.60.1.70170
6841	1.60.1.69913	1.60.1.70170
6842	1.60.1.69913	1.60.1.70170
6843	1.60.1.69913	1.60.1.70170
6844	1.60.1.69913	1.60.1.70170
6845	1.60.1.69913	1.60.1.70170
6846	1.60.1.69913	1.60.1.70170
6847	1.60.1.69913	1.60.1.70170
6848	1.60.1.69913	1.60.1.70170
6849	1.60.1.69913	1.60.1.70170
6850	1.60.1.69913	1.60.1.70170
6851	1.60.1.69913	1.60.1.70170
6852	1.60.1.69913	1.60.1.70170
6866	1.60.1.69913	1.60.1.70170
6886	1.60.1.69913	1.60.1.70170
6887	1.60.1.69913	1.60.1.70170
6888	1.60.1.69913	1.60.1.70170
6889	1.60.1.69913	1.60.1.70170
6890	1.60.1.69913	1.60.1.70170
6892	1.60.1.69913	1.60.1.70170
6893	1.60.1.69913	1.60.1.70170
6894	1.60.1.69913	1.60.1.70170
6895	1.60.1.69913	1.60.1.70170
6896	1.60.1.69913	1.60.1.70170
6897	1.60.1.69913	1.60.1.70170
6898	1.60.1.69913	1.60.1.70170
6899	1.60.1.69913	1.60.1.70170
6900	1.60.1.69913	1.60.1.70170
6901	1.60.1.69913	1.60.1.70170
6902	1.60.1.69913	1.60.1.70170
6903	1.60.1.69913	1.60.1.70170
6904	1.60.1.70009	1.60.1.70170
6905	1.60.1.69913	1.60.1.70170
6906	1.60.1.69913	1.60.1.70170
6907	1.60.1.69913	1.60.1.70170
6908	1.60.1.69913	1.60.1.70170
6909	1.60.1.70009	1.60.1.70170
6910	1.60.1.70009	1.60.1.70170
6911	1.60.1.70009	1.60.1.70170
6912	1.60.1.69913	1.60.1.70170
6913	1.60.1.69913	1.60.1.70170
6914	1.60.1.69913	1.60.1.70170
6915	1.60.1.69913	1.60.1.70170
6916	1.60.1.69913	1.60.1.70170
6926	1.60.1.69913	1.60.1.70170
6927	1.60.1.69913	1.60.1.70170
6928	1.60.1.69913	1.60.1.70170
6929	1.60.1.69913	1.60.1.70170
6930	1.60.1.69913	1.60.1.70170
6931	1.60.1.69913	1.60.1.70170
6946	1.60.1.69913	1.60.1.70170
6947	1.60.1.69913	1.60.1.70170
6948	1.60.1.69913	1.60.1.70170
6949	1.60.1.69913	1.60.1.70170
6950	1.60.1.69913	1.60.1.70170
6951	1.60.1.69913	1.60.1.70170
6952	1.60.1.69913	1.60.1.70170
6953	1.60.1.69913	1.60.1.70170
6966	1.60.1.69913	1.60.1.70170
6967	1.60.1.69913	1.60.1.70170
6968	1.60.1.69913	1.60.1.70170
6969	1.60.1.69913	1.60.1.70170
6970	1.60.1.69913	1.60.1.70170
6971	1.60.1.69913	1.60.1.70170
6972	1.60.1.69913	1.60.1.70170
6973	1.60.1.69913	1.60.1.70170
6974	1.60.1.69913	1.60.1.70170
6975	1.60.1.69913	1.60.1.70170
6976	1.60.1.69913	1.60.1.70170
6977	1.60.1.69913	1.60.1.70170
6978	1.60.1.69913	1.60.1.70170
6979	1.60.1.69913	1.60.1.70170
6980	1.60.1.69913	1.60.1.70170
6981	1.60.1.69913	1.60.1.70170
6982	1.60.1.69913	1.60.1.70170
6983	1.60.1.69913	1.60.1.70170
6984	1.60.1.69913	1.60.1.70170
6985	1.60.1.69913	1.60.1.70170
6986	1.60.1.69913	1.60.1.70170
6988	1.60.1.69913	1.60.1.70170
6989	1.60.1.69913	1.60.1.70170
6990	1.60.1.69913	1.60.1.70170
6991	1.60.1.69913	1.60.1.70170
6992	1.60.1.69913	1.60.1.70170
6993	1.60.1.69913	1.60.1.70170
6994	1.60.1.69913	1.60.1.70170
6995	1.60.1.69913	1.60.1.70170
6996	1.60.1.69913	1.60.1.70170
6997	1.60.1.69913	1.60.1.70170
6998	1.60.1.69913	1.60.1.70170
6999	1.60.1.69913	1.60.1.70170
7000	1.60.1.69913	1.60.1.70170
7001	1.60.1.69913	1.60.1.70170
7002	1.60.1.69913	1.60.1.70170
7003	1.60.1.69913	1.60.1.70170
7004	1.60.1.69913	1.60.1.70170
7005	1.60.1.69913	1.60.1.70170
7006	1.60.1.69913	1.60.1.70170
7007	1.60.1.69913	1.60.1.70170
7026	1.60.1.69913	1.60.1.70170
7027	1.60.1.69913	1.60.1.70170
7046	1.60.1.69913	1.60.1.70170
7047	1.60.1.69913	1.60.1.70170
7048	1.60.1.69913	1.60.1.70170
7049	1.60.1.69913	1.60.1.70170
7050	1.60.1.69913	1.60.1.70170
7051	1.60.1.69913	1.60.1.70170
7052	1.60.1.69913	1.60.1.70170
7053	1.60.1.69913	1.60.1.70170
7054	1.60.1.69913	1.60.1.70170
7055	1.60.1.69913	1.60.1.70170
7056	1.60.1.69913	1.60.1.70170
7057	1.60.1.69913	1.60.1.70170
7058	1.60.1.69913	1.60.1.70170
7059	1.60.1.69913	1.60.1.70170
7060	1.60.1.69913	1.60.1.70170
7061	1.60.1.69913	1.60.1.70170
7062	1.60.1.69913	1.60.1.70170
7063	1.60.1.69913	1.60.1.70170
7064	1.60.1.69913	1.60.1.70170
7065	1.60.1.69913	1.60.1.70170
7066	1.60.1.69913	1.60.1.70170
7067	1.60.1.69913	1.60.1.70170
7068	1.60.1.69913	1.60.1.70170
7069	1.60.1.69913	1.60.1.70170
7070	1.60.1.69913	1.60.1.70170
7071	1.60.1.69913	1.60.1.70170
7072	1.60.1.69913	1.60.1.70170
7073	1.60.1.69913	1.60.1.70170
7074	1.60.1.69913	1.60.1.70170
7075	1.60.1.69913	1.60.1.70170
7076	1.60.1.69913	1.60.1.70170
7077	1.60.1.69913	1.60.1.70170
7078	1.60.1.69913	1.60.1.70170
7079	1.60.1.69913	1.60.1.70170
7080	1.60.1.69913	1.60.1.70170
7081	1.60.1.69913	1.60.1.70170
7082	1.60.1.69913	1.60.1.70170
7083	1.60.1.69913	1.60.1.70170
7084	1.60.1.69913	1.60.1.70170
7085	1.60.1.69913	1.60.1.70170
7086	1.60.1.69913	1.60.1.70170
7087	1.60.1.69913	1.60.1.70170
7088	1.60.1.69913	1.60.1.70170
7089	1.60.1.69913	1.60.1.70170
7090	1.60.1.69913	1.60.1.70170
7091	1.60.1.69913	1.60.1.70170
7092	1.60.1.69913	1.60.1.70170
7094	1.60.1.69913	1.60.1.70170
7095	1.60.1.69913	1.60.1.70170
7096	1.60.1.69913	1.60.1.70170
7097	1.60.1.69913	1.60.1.70170
7098	1.60.1.69913	1.60.1.70170
7099	1.60.1.69913	1.60.1.70170
7100	1.60.1.69913	1.60.1.70170
7101	1.60.1.69913	1.60.1.70170
7106	1.60.1.69913	1.60.1.70170
7107	1.60.1.69913	1.60.1.70170
7108	1.60.1.69913	1.60.1.70170
7109	1.60.1.69913	1.60.1.70170
7110	1.60.1.69913	1.60.1.70170
7111	1.60.1.69913	1.60.1.70170
7112	1.60.1.69913	1.60.1.70170
7113	1.60.1.69913	1.60.1.70170
7114	1.60.1.69913	1.60.1.70170
7115	1.60.1.69913	1.60.1.70170
7116	1.60.1.69913	1.60.1.70170
7117	1.60.1.69913	1.60.1.70170
7118	1.60.1.69913	1.60.1.70170
7119	1.60.1.69913	1.60.1.70170
7120	1.60.1.69913	1.60.1.70170
7126	1.60.1.69913	1.60.1.70170
7127	1.60.1.69913	1.60.1.70170
7128	1.60.1.69913	1.60.1.70170
7129	1.60.1.69913	1.60.1.70170
7130	1.60.1.69913	1.60.1.70170
7131	1.60.1.69913	1.60.1.70170
7132	1.60.1.69913	1.60.1.70170
7133	1.60.1.69913	1.60.1.70170
7134	1.60.1.69913	1.60.1.70170
7135	1.60.1.69913	1.60.1.70170
7146	1.60.1.69913	1.60.1.70170
7148	1.60.1.69913	1.60.1.70170
7166	1.60.1.69913	1.60.1.70170
7170	1.60.1.69913	1.60.1.70170
7171	1.60.1.69913	1.60.1.70170
7189	1.60.1.69913	1.60.1.70170
7191	1.60.1.69913	1.60.1.70170
7192	1.60.1.69913	1.60.1.70170
7206	1.60.1.69913	1.60.1.70170
7207	1.60.1.69913	1.60.1.70170
7208	1.60.1.69913	1.60.1.70170
7209	1.60.1.69913	1.60.1.70170
7226	1.60.1.69913	1.60.1.70170
7227	1.60.1.69913	1.60.1.70170
7228	1.60.1.69913	1.60.1.70170
7229	1.60.1.69913	1.60.1.70170
7230	1.60.1.69913	1.60.1.70170
7231	1.60.1.69913	1.60.1.70170
7247	1.60.1.69913	1.60.1.70170
7248	1.60.1.69913	1.60.1.70170
7249	1.60.1.69913	1.60.1.70170
7266	1.60.1.69913	1.60.1.70170
7267	1.60.1.69913	1.60.1.70170
7268	1.60.1.69913	1.60.1.70170
7269	1.60.1.69913	1.60.1.70170
7270	1.60.1.69913	1.60.1.70170
7271	1.60.1.69913	1.60.1.70170
7272	1.60.1.69913	1.60.1.70170
7273	1.60.1.69913	1.60.1.70170
7274	1.60.1.69913	1.60.1.70170
7275	1.60.1.69913	1.60.1.70170
7276	1.60.1.69913	1.60.1.70170
7277	1.60.1.69913	1.60.1.70170
7278	1.60.1.69913	1.60.1.70170
7279	1.60.1.69913	1.60.1.70170
7280	1.60.1.69913	1.60.1.70170
7281	1.60.1.69913	1.60.1.70170
7282	1.60.1.69913	1.60.1.70170
7283	1.60.1.69913	1.60.1.70170
7284	1.60.1.69913	1.60.1.70170
7285	1.60.1.69913	1.60.1.70170
7286	1.60.1.69913	1.60.1.70170
7287	1.60.1.69913	1.60.1.70170
7288	1.60.1.69913	1.60.1.70170
7289	1.60.1.69913	1.60.1.70170
7290	1.60.1.69913	1.60.1.70170
7291	1.60.1.69913	1.60.1.70170
7292	1.60.1.69913	1.60.1.70170
7293	1.60.1.69913	1.60.1.70170
7294	1.60.1.69913	1.60.1.70170
7295	1.60.1.69913	1.60.1.70170
7296	1.60.1.69913	1.60.1.70170
7297	1.60.1.69913	1.60.1.70170
7298	1.60.1.69913	1.60.1.70170
7299	1.60.1.69913	1.60.1.70170
7306	1.60.1.69913	1.60.1.70170
7307	1.60.1.69913	1.60.1.70170
7308	1.60.1.69913	1.60.1.70170
7309	1.60.1.69913	1.60.1.70170
7326	1.60.1.69913	1.60.1.70170
7327	1.60.1.69913	1.60.1.70170
7328	1.60.1.69913	1.60.1.70170
7329	1.60.1.69913	1.60.1.70170
7330	1.60.1.69913	1.60.1.70170
7331	1.60.1.69913	1.60.1.70170
7332	1.60.1.69913	1.60.1.70170
7333	1.60.1.69913	1.60.1.70170
7334	1.60.1.69913	1.60.1.70170
7335	1.60.1.69913	1.60.1.70170
7336	1.60.1.69913	1.60.1.70170
7337	1.60.1.69913	1.60.1.70170
7338	1.60.1.69913	1.60.1.70170
7339	1.60.1.69913	1.60.1.70170
7340	1.60.1.69913	1.60.1.70170
7341	1.60.1.69913	1.60.1.70170
7342	1.60.1.69913	1.60.1.70170
7343	1.60.1.69913	1.60.1.70170
7344	1.60.1.69913	1.60.1.70170
7345	1.60.1.69913	1.60.1.70170
7346	1.60.1.69913	1.60.1.70170
7347	1.60.1.69913	1.60.1.70170
7348	1.60.1.69913	1.60.1.70170
7349	1.60.1.69913	1.60.1.70170
7350	1.60.1.69913	1.60.1.70170
7351	1.60.1.69913	1.60.1.70170
7352	1.60.1.69913	1.60.1.70170
7353	1.60.1.69913	1.60.1.70170
7354	1.60.1.69913	1.60.1.70170
7355	1.60.1.69913	1.60.1.70170
7356	1.60.1.69913	1.60.1.70170
7357	1.60.1.69913	1.60.1.70170
7358	1.60.1.69913	1.60.1.70170
7359	1.60.1.69913	1.60.1.70170
7360	1.60.1.69913	1.60.1.70170
7361	1.60.1.69913	1.60.1.70170
7362	1.60.1.69913	1.60.1.70170
7363	1.60.1.69913	1.60.1.70170
7364	1.60.1.69913	1.60.1.70170
7365	1.60.1.69913	1.60.1.70170
7366	1.60.1.69913	1.60.1.70170
7367	1.60.1.69913	1.60.1.70170
7368	1.60.1.69913	1.60.1.70170
7369	1.60.1.69913	1.60.1.70170
7370	1.60.1.69913	1.60.1.70170
7371	1.60.1.69913	1.60.1.70170
7372	1.60.1.69913	1.60.1.70170
7373	1.60.1.69913	1.60.1.70170
7374	1.60.1.69913	1.60.1.70170
7375	1.60.1.69913	1.60.1.70170
7376	1.60.1.69913	1.60.1.70170
7377	1.60.1.69913	1.60.1.70170
7378	1.60.1.69913	1.60.1.70170
7386	1.60.1.69913	1.60.1.70170
7387	1.60.1.69913	1.60.1.70170
7388	1.60.1.69913	1.60.1.70170
7389	1.60.1.69913	1.60.1.70170
7390	1.60.1.69913	1.60.1.70170
7391	1.60.1.69913	1.60.1.70170
7392	1.60.1.69913	1.60.1.70170
7406	1.60.1.69913	1.60.1.70170
7407	1.60.1.69913	1.60.1.70170
7408	1.60.1.69913	1.60.1.70170
7409	1.60.1.69913	1.60.1.70170
7410	1.60.1.69913	1.60.1.70170
7411	1.60.1.69913	1.60.1.70170
7412	1.60.1.69913	1.60.1.70170
7413	1.60.1.69913	1.60.1.70170
7414	1.60.1.69913	1.60.1.70170
7415	1.60.1.69913	1.60.1.70170
7416	1.60.1.69913	1.60.1.70170
7417	1.60.1.69913	1.60.1.70170
7418	1.60.1.69913	1.60.1.70170
7419	1.60.1.69913	1.60.1.70170
7420	1.60.1.69913	1.60.1.70170
7421	1.60.1.69913	1.60.1.70170
7422	1.60.1.69913	1.60.1.70170
7423	1.60.1.69913	1.60.1.70170
7424	1.60.1.69913	1.60.1.70170
7425	1.60.1.69913	1.60.1.70170
7426	1.60.1.69913	1.60.1.70170
7427	1.60.1.69913	1.60.1.70170
7428	1.60.1.69913	1.60.1.70170
7429	1.60.1.69913	1.60.1.70170
7430	1.60.1.69913	1.60.1.70170
7431	1.60.1.69913	1.60.1.70170
7432	1.60.1.69913	1.60.1.70170
7433	1.60.1.69913	1.60.1.70170
7434	1.60.1.69913	1.60.1.70170
7435	1.60.1.69913	1.60.1.70170
7436	1.60.1.69913	1.60.1.70170
7437	1.60.1.69913	1.60.1.70170
7438	1.60.1.69913	1.60.1.70170
7439	1.60.1.69913	1.60.1.70170
7440	1.60.1.69913	1.60.1.70170
7441	1.60.1.69913	1.60.1.70170
7442	1.60.1.69913	1.60.1.70170
7443	1.60.1.69913	1.60.1.70170
7444	1.60.1.69913	1.60.1.70170
7445	1.60.1.69913	1.60.1.70170
7446	1.60.1.69913	1.60.1.70170
7447	1.60.1.69913	1.60.1.70170
7448	1.60.1.69913	1.60.1.70170
7449	1.60.1.69913	1.60.1.70170
7450	1.60.1.69913	1.60.1.70170
7451	1.60.1.69913	1.60.1.70170
7452	1.60.1.69913	1.60.1.70170
7453	1.60.1.69913	1.60.1.70170
7454	1.60.1.69913	1.60.1.70170
7455	1.60.1.69913	1.60.1.70170
7456	1.60.1.69913	1.60.1.70170
7457	1.60.1.69913	1.60.1.70170
7458	1.60.1.69913	1.60.1.70170
7459	1.60.1.69913	1.60.1.70170
7460	1.60.1.69913	1.60.1.70170
7461	1.60.1.69913	1.60.1.70170
7462	1.60.1.69913	1.60.1.70170
7463	1.60.1.69913	1.60.1.70170
7464	1.60.1.69913	1.60.1.70170
7465	1.60.1.69913	1.60.1.70170
7466	1.60.1.69913	1.60.1.70170
7467	1.60.1.69913	1.60.1.70170
7468	1.60.1.69913	1.60.1.70170
7469	1.60.1.69913	1.60.1.70170
7470	1.60.1.69913	1.60.1.70170
7471	1.60.1.69913	1.60.1.70170
7472	1.60.1.69913	1.60.1.70170
7473	1.60.1.69913	1.60.1.70170
7474	1.60.1.69913	1.60.1.70170
7475	1.60.1.69913	1.60.1.70170
7476	1.60.1.69913	1.60.1.70170
7477	1.60.1.69913	1.60.1.70170
7478	1.60.1.69913	1.60.1.70170
7479	1.60.1.69913	1.60.1.70170
7480	1.60.1.69913	1.60.1.70170
7481	1.60.1.69913	1.60.1.70170
7482	1.60.1.69913	1.60.1.70170
7483	1.60.1.69913	1.60.1.70170
7484	1.60.1.69913	1.60.1.70170
7485	1.60.1.69913	1.60.1.70170
7486	1.60.1.69913	1.60.1.70170
7487	1.60.1.69913	1.60.1.70170
7488	1.60.1.69913	1.60.1.70170
7489	1.60.1.69913	1.60.1.70170
7490	1.60.1.69913	1.60.1.70170
7491	1.60.1.69913	1.60.1.70170
7492	1.60.1.69913	1.60.1.70170
7493	1.60.1.69913	1.60.1.70170
7494	1.60.1.69913	1.60.1.70170
7495	1.60.1.69913	1.60.1.70170
7496	1.60.1.69913	1.60.1.70170
7497	1.60.1.69913	1.60.1.70170
7498	1.60.1.69913	1.60.1.70170
7499	1.60.1.69913	1.60.1.70170
7500	1.60.1.69913	1.60.1.70170
7506	1.60.1.69913	1.60.1.70170
7507	1.60.1.69913	1.60.1.70170
7508	1.60.1.69913	1.60.1.70170
7509	1.60.1.69913	1.60.1.70170
7510	1.60.1.69913	1.60.1.70170
7511	1.60.1.69913	1.60.1.70170
7512	1.60.1.69913	1.60.1.70170
7513	1.60.1.69913	1.60.1.70170
7514	1.60.1.69913	1.60.1.70170
7515	1.60.1.69913	1.60.1.70170
7516	1.60.1.69913	1.60.1.70170
7517	1.60.1.69913	1.60.1.70170
7518	1.60.1.69913	1.60.1.70170
7519	1.60.1.69913	1.60.1.70170
7520	1.60.1.69913	1.60.1.70170
7521	1.60.1.69913	1.60.1.70170
7522	1.60.1.69913	1.60.1.70170
7523	1.60.1.69913	1.60.1.70170
7524	1.60.1.69913	1.60.1.70170
7525	1.60.1.69913	1.60.1.70170
7526	1.60.1.69913	1.60.1.70170
7527	1.60.1.69913	1.60.1.70170
7528	1.60.1.69913	1.60.1.70170
7529	1.60.1.69913	1.60.1.70170
7530	1.60.1.69913	1.60.1.70170
7531	1.60.1.69913	1.60.1.70170
7532	1.60.1.69913	1.60.1.70170
7533	1.60.1.69913	1.60.1.70170
7534	1.60.1.69913	1.60.1.70170
7535	1.60.1.69913	1.60.1.70170
7536	1.60.1.69913	1.60.1.70170
7537	1.60.1.69913	1.60.1.70170
7538	1.60.1.69913	1.60.1.70170
7539	1.60.1.69913	1.60.1.70170
7540	1.60.1.69913	1.60.1.70170
7541	1.60.1.69913	1.60.1.70170
7542	1.60.1.69913	1.60.1.70170
7543	1.60.1.69913	1.60.1.70170
7544	1.60.1.69913	1.60.1.70170
7545	1.60.1.69913	1.60.1.70170
7546	1.60.1.69913	1.60.1.70170
7547	1.60.1.69913	1.60.1.70170
7548	1.60.1.69913	1.60.1.70170
7552	1.60.1.69913	1.60.1.70170
7553	1.60.1.69913	1.60.1.70170
7554	1.60.1.69913	1.60.1.70170
7555	1.60.1.69913	1.60.1.70170
7556	1.60.1.69913	1.60.1.70170
7557	1.60.1.69913	1.60.1.70170
7558	1.60.1.69913	1.60.1.70170
7559	1.60.1.69913	1.60.1.70170
7560	1.60.1.69913	1.60.1.70170
7561	1.60.1.69913	1.60.1.70170
7566	1.60.1.69913	1.60.1.70170
7567	1.60.1.69913	1.60.1.70170
7568	1.60.1.69913	1.60.1.70170
7569	1.60.1.69913	1.60.1.70170
7586	1.60.1.69913	1.60.1.70170
7587	1.60.1.69913	1.60.1.70170
7606	1.60.1.69913	1.60.1.70170
7607	1.60.1.69913	1.60.1.70170
7608	1.60.1.69913	1.60.1.70170
7609	1.60.1.69913	1.60.1.70170
7610	1.60.1.69913	1.60.1.70170
7611	1.60.1.69913	1.60.1.70170
7612	1.60.1.69913	1.60.1.70170
7613	1.60.1.69913	1.60.1.70170
7626	1.60.1.69913	1.60.1.70170
7627	1.60.1.69913	1.60.1.70170
7628	1.60.1.69913	1.60.1.70170
7629	1.60.1.69913	1.60.1.70170
7646	1.60.1.69913	1.60.1.70170
7666	1.60.1.69913	1.60.1.70170
7667	1.60.1.69913	1.60.1.70170
7668	1.60.1.69913	1.60.1.70170
7669	1.60.1.69913	1.60.1.70170
7670	1.60.1.69913	1.60.1.70170
7671	1.60.1.69913	1.60.1.70170
7672	1.60.1.69913	1.60.1.70170
7674	1.60.1.69913	1.60.1.70170
7675	1.60.1.69913	1.60.1.70170
7676	1.60.1.69913	1.60.1.70170
7678	1.60.1.69913	1.60.1.70170
7679	1.60.1.69913	1.60.1.70170
7680	1.60.1.69913	1.60.1.70170
7681	1.60.1.69913	1.60.1.70170
7682	1.60.1.70009	1.60.1.70170
7683	1.60.1.70009	1.60.1.70170
7684	1.60.1.70170	1.60.1.70170
7685	1.60.1.70170	1.60.1.70170
7686	1.60.1.70170	1.60.1.70170
7689	1.60.1.70170	1.60.1.70170
7706	1.60.1.69913	1.60.1.70170
7707	1.60.1.69913	1.60.1.70170
7709	1.60.1.70170	1.60.1.70170
7710	1.60.1.70170	1.60.1.70170
7715	1.60.1.69913	1.60.1.70170
7716	1.60.1.69913	1.60.1.70170
7725	1.60.1.69913	1.60.1.70170
7726	1.60.1.69913	1.60.1.70170
7727	1.60.1.70124	1.60.1.70170
7730	1.60.1.70009	1.60.1.70170
7733	1.60.1.69913	1.60.1.70170
7734	1.60.1.69913	1.60.1.70170
7735	1.60.1.69913	1.60.1.70170
7737	1.60.1.69913	1.60.1.70170
7738	1.60.1.69913	1.60.1.70170
7739	1.60.1.69913	1.60.1.70170
7740	1.60.1.69913	1.60.1.70170
7741	1.60.1.69913	1.60.1.70170
7742	1.60.1.69913	1.60.1.70170
7746	1.60.1.70170	1.60.1.70170
7747	1.60.1.70170	1.60.1.70170
7748	1.60.1.69913	1.60.1.70170
7749	1.60.1.70170	1.60.1.70170
7750	1.60.1.70170	1.60.1.70170
7751	1.60.1.70170	1.60.1.70170
7753	1.60.1.70170	1.60.1.70170
7766	1.60.1.69913	1.60.1.70170
7767	1.60.1.69913	1.60.1.70170
7768	1.60.1.69913	1.60.1.70170
7769	1.60.1.69913	1.60.1.70170
7770	1.60.1.69913	1.60.1.70170
7771	1.60.1.69913	1.60.1.70170
7806	1.60.1.69913	1.60.1.70170
7807	1.60.1.69913	1.60.1.70170
7808	1.60.1.69913	1.60.1.70170
7809	1.60.1.69913	1.60.1.70170
7810	1.60.1.69913	1.60.1.70170
7811	1.60.1.69913	1.60.1.70170
7812	1.60.1.69913	1.60.1.70170
7813	1.60.1.69913	1.60.1.70170
7826	1.60.1.69913	1.60.1.70170
7846	1.60.1.69913	1.60.1.70170
7847	1.60.1.69913	1.60.1.70170
7848	1.60.1.69913	1.60.1.70170
7866	1.60.1.69913	1.60.1.70170
7867	1.60.1.69913	1.60.1.70170
7868	1.60.1.69913	1.60.1.70170
7869	1.60.1.69913	1.60.1.70170
7870	1.60.1.69913	1.60.1.70170
7871	1.60.1.69913	1.60.1.70170
7872	1.60.1.69913	1.60.1.70170
7886	1.60.1.69913	1.60.1.70170
7887	1.60.1.69913	1.60.1.70170
7906	1.60.1.69913	1.60.1.70170
7907	1.60.1.69913	1.60.1.70170
7908	1.60.1.69913	1.60.1.70170
7909	1.60.1.69913	1.60.1.70170
7910	1.60.1.69913	1.60.1.70170
7911	1.60.1.69913	1.60.1.70170
7912	1.60.1.69913	1.60.1.70170
7913	1.60.1.69913	1.60.1.70170
7914	1.60.1.69913	1.60.1.70170
7915	1.60.1.69913	1.60.1.70170
7916	1.60.1.69913	1.60.1.70170
7917	1.60.1.69913	1.60.1.70170
7918	1.60.1.69913	1.60.1.70170
7919	1.60.1.69913	1.60.1.70170
7920	1.60.1.69913	1.60.1.70170
7921	1.60.1.69913	1.60.1.70170
7922	1.60.1.69913	1.60.1.70170
7923	1.60.1.69913	1.60.1.70170
7924	1.60.1.69913	1.60.1.70170
7925	1.60.1.69913	1.60.1.70170
7926	1.60.1.69913	1.60.1.70170
7927	1.60.1.69913	1.60.1.70170
7928	1.60.1.69913	1.60.1.70170
7929	1.60.1.69913	1.60.1.70170
7930	1.60.1.69913	1.60.1.70170
7931	1.60.1.69913	1.60.1.70170
7932	1.60.1.69913	1.60.1.70170
7933	1.60.1.69913	1.60.1.70170
7934	1.60.1.69913	1.60.1.70170
7935	1.60.1.69913	1.60.1.70170
7936	1.60.1.69913	1.60.1.70170
7937	1.60.1.69913	1.60.1.70170
7938	1.60.1.69913	1.60.1.70170
7939	1.60.1.69913	1.60.1.70170
7941	1.60.1.69913	1.60.1.70170
7942	1.60.1.69913	1.60.1.70170
7943	1.60.1.69913	1.60.1.70170
7944	1.60.1.69913	1.60.1.70170
7945	1.60.1.69913	1.60.1.70170
7946	1.60.1.69913	1.60.1.70170
7947	1.60.1.69913	1.60.1.70170
7948	1.60.1.69913	1.60.1.70170
7949	1.60.1.69913	1.60.1.70170
7950	1.60.1.69913	1.60.1.70170
7951	1.60.1.69913	1.60.1.70170
7952	1.60.1.69913	1.60.1.70170
7953	1.60.1.69913	1.60.1.70170
7954	1.60.1.69913	1.60.1.70170
7955	1.60.1.69913	1.60.1.70170
7956	1.60.1.69913	1.60.1.70170
7957	1.60.1.69913	1.60.1.70170
7958	1.60.1.69913	1.60.1.70170
7959	1.60.1.69913	1.60.1.70170
7960	1.60.1.69913	1.60.1.70170
7961	1.60.1.69913	1.60.1.70170
7963	1.60.1.69913	1.60.1.70170
7964	1.60.1.69913	1.60.1.70170
7965	1.60.1.69913	1.60.1.70170
7966	1.60.1.69913	1.60.1.70170
7967	1.60.1.69913	1.60.1.70170
7968	1.60.1.69913	1.60.1.70170
7969	1.60.1.69913	1.60.1.70170
7970	1.60.1.69913	1.60.1.70170
7971	1.60.1.69913	1.60.1.70170
7972	1.60.1.69913	1.60.1.70170
7973	1.60.1.69913	1.60.1.70170
7974	1.60.1.69913	1.60.1.70170
7975	1.60.1.69913	1.60.1.70170
7976	1.60.1.69913	1.60.1.70170
7978	1.60.1.69913	1.60.1.70170
7979	1.60.1.69913	1.60.1.70170
7980	1.60.1.69913	1.60.1.70170
7981	1.60.1.69913	1.60.1.70170
7982	1.60.1.69913	1.60.1.70170
7983	1.60.1.69913	1.60.1.70170
7984	1.60.1.69913	1.60.1.70170
7985	1.60.1.69913	1.60.1.70170
7989	1.60.1.69913	1.60.1.70170
7990	1.60.1.69913	1.60.1.70170
7991	1.60.1.69913	1.60.1.70170
7992	1.60.1.69913	1.60.1.70170
7993	1.60.1.69913	1.60.1.70170
7995	1.60.1.69913	1.60.1.70170
7996	1.60.1.69913	1.60.1.70170
7997	1.60.1.69913	1.60.1.70170
8006	1.60.1.69913	1.60.1.70170
8007	1.60.1.69913	1.60.1.70170
8008	1.60.1.69913	1.60.1.70170
8009	1.60.1.69913	1.60.1.70170
8026	1.60.1.69913	1.60.1.70170
8027	1.60.1.69913	1.60.1.70170
8028	1.60.1.69913	1.60.1.70170
8029	1.60.1.69913	1.60.1.70170
8030	1.60.1.69913	1.60.1.70170
8046	1.60.1.69913	1.60.1.70170
8047	1.60.1.69913	1.60.1.70170
8048	1.60.1.69913	1.60.1.70170
8049	1.60.1.69913	1.60.1.70170
8050	1.60.1.69913	1.60.1.70170
8051	1.60.1.69913	1.60.1.70170
8052	1.60.1.69913	1.60.1.70170
8053	1.60.1.69913	1.60.1.70170
8066	1.60.1.69913	1.60.1.70170
8067	1.60.1.69913	1.60.1.70170
8068	1.60.1.69913	1.60.1.70170
8069	1.60.1.69913	1.60.1.70170
8070	1.60.1.69913	1.60.1.70170
8071	1.60.1.69913	1.60.1.70170
8072	1.60.1.69913	1.60.1.70170
8073	1.60.1.69913	1.60.1.70170
8074	1.60.1.69913	1.60.1.70170
8075	1.60.1.69913	1.60.1.70170
8076	1.60.1.69913	1.60.1.70170
8077	1.60.1.69913	1.60.1.70170
8078	1.60.1.69913	1.60.1.70170
8079	1.60.1.69913	1.60.1.70170
8080	1.60.1.69913	1.60.1.70170
8081	1.60.1.69913	1.60.1.70170
8082	1.60.1.69913	1.60.1.70170
8083	1.60.1.69913	1.60.1.70170
8084	1.60.1.69913	1.60.1.70170
8085	1.60.1.69913	1.60.1.70170
8086	1.60.1.69913	1.60.1.70170
8087	1.60.1.69913	1.60.1.70170
8088	1.60.1.69913	1.60.1.70170
8089	1.60.1.69913	1.60.1.70170
8090	1.60.1.69913	1.60.1.70170
8091	1.60.1.69913	1.60.1.70170
8092	1.60.1.69913	1.60.1.70170
8093	1.60.1.69913	1.60.1.70170
8094	1.60.1.69913	1.60.1.70170
8095	1.60.1.69913	1.60.1.70170
8106	1.60.1.69913	1.60.1.70170
8107	1.60.1.69913	1.60.1.70170
8108	1.60.1.69913	1.60.1.70170
8109	1.60.1.69913	1.60.1.70170
8110	1.60.1.69913	1.60.1.70170
8111	1.60.1.69913	1.60.1.70170
8112	1.60.1.69913	1.60.1.70170
8113	1.60.1.69913	1.60.1.70170
8114	1.60.1.69913	1.60.1.70170
8115	1.60.1.69913	1.60.1.70170
8116	1.60.1.69913	1.60.1.70170
8117	1.60.1.69913	1.60.1.70170
8118	1.60.1.69913	1.60.1.70170
8119	1.60.1.69913	1.60.1.70170
8120	1.60.1.69913	1.60.1.70170
8121	1.60.1.69913	1.60.1.70170
8122	1.60.1.69913	1.60.1.70170
8123	1.60.1.69913	1.60.1.70170
8124	1.60.1.69913	1.60.1.70170
8125	1.60.1.69913	1.60.1.70170
8126	1.60.1.69913	1.60.1.70170
8127	1.60.1.69913	1.60.1.70170
8128	1.60.1.69913	1.60.1.70170
8129	1.60.1.69913	1.60.1.70170
8130	1.60.1.69913	1.60.1.70170
8131	1.60.1.69913	1.60.1.70170
8132	1.60.1.69913	1.60.1.70170
8133	1.60.1.69913	1.60.1.70170
8134	1.60.1.69913	1.60.1.70170
8135	1.60.1.69913	1.60.1.70170
8136	1.60.1.69913	1.60.1.70170
8137	1.60.1.69913	1.60.1.70170
8138	1.60.1.69913	1.60.1.70170
8139	1.60.1.69913	1.60.1.70170
8140	1.60.1.69913	1.60.1.70170
8141	1.60.1.69913	1.60.1.70170
8142	1.60.1.69913	1.60.1.70170
8143	1.60.1.69913	1.60.1.70170
8144	1.60.1.69913	1.60.1.70170
8146	1.60.1.69913	1.60.1.70170
8147	1.60.1.69913	1.60.1.70170
8148	1.60.1.69913	1.60.1.70170
8149	1.60.1.69913	1.60.1.70170
8150	1.60.1.69913	1.60.1.70170
8151	1.60.1.69913	1.60.1.70170
8152	1.60.1.69913	1.60.1.70170
8153	1.60.1.69913	1.60.1.70170
8154	1.60.1.69913	1.60.1.70170
8155	1.60.1.69913	1.60.1.70170
8156	1.60.1.69913	1.60.1.70170
8157	1.60.1.69913	1.60.1.70170
8158	1.60.1.69913	1.60.1.70170
8159	1.60.1.69913	1.60.1.70170
8160	1.60.1.69913	1.60.1.70170
8161	1.60.1.69913	1.60.1.70170
8162	1.60.1.69913	1.60.1.70170
8163	1.60.1.69913	1.60.1.70170
8164	1.60.1.69913	1.60.1.70170
8165	1.60.1.69913	1.60.1.70170
8167	1.60.1.69913	1.60.1.70170
8168	1.60.1.69913	1.60.1.70170
8169	1.60.1.69913	1.60.1.70170
8170	1.60.1.69913	1.60.1.70170
8171	1.60.1.69913	1.60.1.70170
8172	1.60.1.69913	1.60.1.70170
8173	1.60.1.69913	1.60.1.70170
8174	1.60.1.69913	1.60.1.70170
8175	1.60.1.69913	1.60.1.70170
8176	1.60.1.69913	1.60.1.70170
8177	1.60.1.69913	1.60.1.70170
8178	1.60.1.69913	1.60.1.70170
8179	1.60.1.69913	1.60.1.70170
8180	1.60.1.69913	1.60.1.70170
8181	1.60.1.69913	1.60.1.70170
8182	1.60.1.69913	1.60.1.70170
8183	1.60.1.69913	1.60.1.70170
8184	1.60.1.69913	1.60.1.70170
8185	1.60.1.69913	1.60.1.70170
8186	1.60.1.69913	1.60.1.70170
8187	1.60.1.69913	1.60.1.70170
8188	1.60.1.69913	1.60.1.70170
8189	1.60.1.69913	1.60.1.70170
8190	1.60.1.69913	1.60.1.70170
8191	1.60.1.69913	1.60.1.70170
8192	1.60.1.69913	1.60.1.70170
8193	1.60.1.69913	1.60.1.70170
8194	1.60.1.69913	1.60.1.70170
8195	1.60.1.69913	1.60.1.70170
8196	1.60.1.69913	1.60.1.70170
8197	1.60.1.69913	1.60.1.70170
8198	1.60.1.69913	1.60.1.70170
8199	1.60.1.69913	1.60.1.70170
8200	1.60.1.69913	1.60.1.70170
8201	1.60.1.69913	1.60.1.70170
8202	1.60.1.69913	1.60.1.70170
8203	1.60.1.69913	1.60.1.70170
8204	1.60.1.69913	1.60.1.70170
8205	1.60.1.69913	1.60.1.70170
8206	1.60.1.69913	1.60.1.70170
8207	1.60.1.69913	1.60.1.70170
8208	1.60.1.69913	1.60.1.70170
8209	1.60.1.69913	1.60.1.70170
8210	1.60.1.69913	1.60.1.70170
8211	1.60.1.69913	1.60.1.70170
8212	1.60.1.69913	1.60.1.70170
8213	1.60.1.69913	1.60.1.70170
8214	1.60.1.69913	1.60.1.70170
8215	1.60.1.69913	1.60.1.70170
8216	1.60.1.69913	1.60.1.70170
8217	1.60.1.69913	1.60.1.70170
8218	1.60.1.69913	1.60.1.70170
8243	1.60.1.69913	1.60.1.70170
8244	1.60.1.69913	1.60.1.70170
8245	1.60.1.69913	1.60.1.70170
8246	1.60.1.69913	1.60.1.70170
8247	1.60.1.69913	1.60.1.70170
8248	1.60.1.69913	1.60.1.70170
8249	1.60.1.69913	1.60.1.70170
8250	1.60.1.69913	1.60.1.70170
8251	1.60.1.69913	1.60.1.70170
8252	1.60.1.69913	1.60.1.70170
8253	1.60.1.69913	1.60.1.70170
8254	1.60.1.69913	1.60.1.70170
8255	1.60.1.69913	1.60.1.70170
8256	1.60.1.69913	1.60.1.70170
8257	1.60.1.69913	1.60.1.70170
8258	1.60.1.69913	1.60.1.70170
8259	1.60.1.69913	1.60.1.70170
8260	1.60.1.69913	1.60.1.70170
8261	1.60.1.69913	1.60.1.70170
8262	1.60.1.69913	1.60.1.70170
8263	1.60.1.69913	1.60.1.70170
8264	1.60.1.69913	1.60.1.70170
8265	1.60.1.69913	1.60.1.70170
8266	1.60.1.69913	1.60.1.70170
8267	1.60.1.69913	1.60.1.70170
8268	1.60.1.69913	1.60.1.70170
8269	1.60.1.69913	1.60.1.70170
8270	1.60.1.69913	1.60.1.70170
8271	1.60.1.69913	1.60.1.70170
8272	1.60.1.69913	1.60.1.70170
8273	1.60.1.69913	1.60.1.70170
8274	1.60.1.69913	1.60.1.70170
8275	1.60.1.69913	1.60.1.70170
8276	1.60.1.69913	1.60.1.70170
8277	1.60.1.69913	1.60.1.70170
8278	1.60.1.69913	1.60.1.70170
8279	1.60.1.69913	1.60.1.70170
8280	1.60.1.69913	1.60.1.70170
8281	1.60.1.69913	1.60.1.70170
8282	1.60.1.69913	1.60.1.70170
8283	1.60.1.69913	1.60.1.70170
8284	1.60.1.69913	1.60.1.70170
8285	1.60.1.69913	1.60.1.70170
8286	1.60.1.69913	1.60.1.70170
8287	1.60.1.69913	1.60.1.70170
8288	1.60.1.69913	1.60.1.70170
8289	1.60.1.69913	1.60.1.70170
8290	1.60.1.69913	1.60.1.70170
8291	1.60.1.69913	1.60.1.70170
8292	1.60.1.69913	1.60.1.70170
8293	1.60.1.69913	1.60.1.70170
8294	1.60.1.69913	1.60.1.70170
8295	1.60.1.69913	1.60.1.70170
8296	1.60.1.69913	1.60.1.70170
8297	1.60.1.69913	1.60.1.70170
8298	1.60.1.69913	1.60.1.70170
8299	1.60.1.69913	1.60.1.70170
8300	1.60.1.69913	1.60.1.70170
8301	1.60.1.69913	1.60.1.70170
8302	1.60.1.69913	1.60.1.70170
8303	1.60.1.69913	1.60.1.70170
8304	1.60.1.69913	1.60.1.70170
8305	1.60.1.69913	1.60.1.70170
8306	1.60.1.69913	1.60.1.70170
8307	1.60.1.69913	1.60.1.70170
8308	1.60.1.69913	1.60.1.70170
8309	1.60.1.69913	1.60.1.70170
8310	1.60.1.69913	1.60.1.70170
8311	1.60.1.69913	1.60.1.70170
8312	1.60.1.69913	1.60.1.70170
8313	1.60.1.69913	1.60.1.70170
8314	1.60.1.69913	1.60.1.70170
8315	1.60.1.69913	1.60.1.70170
8316	1.60.1.69913	1.60.1.70170
8317	1.60.1.69913	1.60.1.70170
8318	1.60.1.69913	1.60.1.70170
8319	1.60.1.69913	1.60.1.70170
8320	1.60.1.69913	1.60.1.70170
8343	1.60.1.69913	1.60.1.70170
8344	1.60.1.69913	1.60.1.70170
8345	1.60.1.69913	1.60.1.70170
8346	1.60.1.69913	1.60.1.70170
8347	1.60.1.69913	1.60.1.70170
8348	1.60.1.69913	1.60.1.70170
8349	1.60.1.69913	1.60.1.70170
8350	1.60.1.69913	1.60.1.70170
8363	1.60.1.69913	1.60.1.70170
8364	1.60.1.69913	1.60.1.70170
8365	1.60.1.69913	1.60.1.70170
8366	1.60.1.69913	1.60.1.70170
8367	1.60.1.69913	1.60.1.70170
8368	1.60.1.69913	1.60.1.70170
8383	1.60.1.69913	1.60.1.70170
8384	1.60.1.69913	1.60.1.70170
8385	1.60.1.69913	1.60.1.70170
8386	1.60.1.69913	1.60.1.70170
8387	1.60.1.69913	1.60.1.70170
8388	1.60.1.69913	1.60.1.70170
8389	1.60.1.69913	1.60.1.70170
8390	1.60.1.69913	1.60.1.70170
8391	1.60.1.69913	1.60.1.70170
8392	1.60.1.69913	1.60.1.70170
8393	1.60.1.69913	1.60.1.70170
8394	1.60.1.69913	1.60.1.70170
8395	1.60.1.69913	1.60.1.70170
8396	1.60.1.69913	1.60.1.70170
8397	1.60.1.69913	1.60.1.70170
8398	1.60.1.69913	1.60.1.70170
8399	1.60.1.69913	1.60.1.70170
8400	1.60.1.69913	1.60.1.70170
8401	1.60.1.69913	1.60.1.70170
8402	1.60.1.69913	1.60.1.70170
8403	1.60.1.69913	1.60.1.70170
8404	1.60.1.69913	1.60.1.70170
8405	1.60.1.69913	1.60.1.70170
8406	1.60.1.69913	1.60.1.70170
8407	1.60.1.69913	1.60.1.70170
8408	1.60.1.69913	1.60.1.70170
8409	1.60.1.69913	1.60.1.70170
8410	1.60.1.69913	1.60.1.70170
8411	1.60.1.69913	1.60.1.70170
8412	1.60.1.69913	1.60.1.70170
8423	1.60.1.69913	1.60.1.70170
8424	1.60.1.69913	1.60.1.70170
8425	1.60.1.69913	1.60.1.70170
8426	1.60.1.69913	1.60.1.70170
8427	1.60.1.69913	1.60.1.70170
8428	1.60.1.69913	1.60.1.70170
8429	1.60.1.69913	1.60.1.70170
8430	1.60.1.69913	1.60.1.70170
8431	1.60.1.69913	1.60.1.70170
8432	1.60.1.69913	1.60.1.70170
8443	1.60.1.69913	1.60.1.70170
8444	1.60.1.69913	1.60.1.70170
8463	1.60.1.69913	1.60.1.70170
8483	1.60.1.69913	1.60.1.70170
8484	1.60.1.69913	1.60.1.70170
8485	1.60.1.69913	1.60.1.70170
8486	1.60.1.69913	1.60.1.70170
8487	1.60.1.69913	1.60.1.70170
8488	1.60.1.69913	1.60.1.70170
8489	1.60.1.69913	1.60.1.70170
8490	1.60.1.69913	1.60.1.70170
8491	1.60.1.69913	1.60.1.70170
8492	1.60.1.69913	1.60.1.70170
8493	1.60.1.69913	1.60.1.70170
8494	1.60.1.69913	1.60.1.70170
8495	1.60.1.69913	1.60.1.70170
8496	1.60.1.69913	1.60.1.70170
8497	1.60.1.69913	1.60.1.70170
8498	1.60.1.69913	1.60.1.70170
8499	1.60.1.69913	1.60.1.70170
8500	1.60.1.69913	1.60.1.70170
8501	1.60.1.69913	1.60.1.70170
8502	1.60.1.69913	1.60.1.70170
8503	1.60.1.69913	1.60.1.70170
8504	1.60.1.69913	1.60.1.70170
8505	1.60.1.69913	1.60.1.70170
8506	1.60.1.69913	1.60.1.70170
8507	1.60.1.69913	1.60.1.70170
8508	1.60.1.69913	1.60.1.70170
8523	1.60.1.69913	1.60.1.70170
8524	1.60.1.69913	1.60.1.70170
8525	1.60.1.69913	1.60.1.70170
8526	1.60.1.69913	1.60.1.70170
8527	1.60.1.69913	1.60.1.70170
8528	1.60.1.69913	1.60.1.70170
8529	1.60.1.69913	1.60.1.70170
8543	1.60.1.69913	1.60.1.70170
8544	1.60.1.69913	1.60.1.70170
8545	1.60.1.69913	1.60.1.70170
8546	1.60.1.69913	1.60.1.70170
8547	1.60.1.69913	1.60.1.70170
8548	1.60.1.69913	1.60.1.70170
8563	1.60.1.69913	1.60.1.70170
8564	1.60.1.69913	1.60.1.70170
8583	1.60.1.69913	1.60.1.70170
8584	1.60.1.69913	1.60.1.70170
8585	1.60.1.69913	1.60.1.70170
8586	1.60.1.69913	1.60.1.70170
8587	1.60.1.69913	1.60.1.70170
8588	1.60.1.69913	1.60.1.70170
8589	1.60.1.69913	1.60.1.70170
8590	1.60.1.69913	1.60.1.70170
8591	1.60.1.69913	1.60.1.70170
8592	1.60.1.69913	1.60.1.70170
8593	1.60.1.69913	1.60.1.70170
8594	1.60.1.69913	1.60.1.70170
8595	1.60.1.69913	1.60.1.70170
8603	1.60.1.69913	1.60.1.70170
8623	1.60.1.69913	1.60.1.70170
8624	1.60.1.69913	1.60.1.70170
8625	1.60.1.69913	1.60.1.70170
8626	1.60.1.69913	1.60.1.70170
8627	1.60.1.69913	1.60.1.70170
8628	1.60.1.69913	1.60.1.70170
8629	1.60.1.69913	1.60.1.70170
8630	1.60.1.69913	1.60.1.70170
8631	1.60.1.69913	1.60.1.70170
8632	1.60.1.69913	1.60.1.70170
8633	1.60.1.69913	1.60.1.70170
8643	1.60.1.69913	1.60.1.70170
8644	1.60.1.69913	1.60.1.70170
8645	1.60.1.69913	1.60.1.70170
8646	1.60.1.69913	1.60.1.70170
8647	1.60.1.69913	1.60.1.70170
8663	1.60.1.69913	1.60.1.70170
8683	1.60.1.69913	1.60.1.70170
8684	1.60.1.69913	1.60.1.70170
8685	1.60.1.69913	1.60.1.70170
8686	1.60.1.69913	1.60.1.70170
8687	1.60.1.69913	1.60.1.70170
8688	1.60.1.69913	1.60.1.70170
8703	1.60.1.69913	1.60.1.70170
8704	1.60.1.69913	1.60.1.70170
8705	1.60.1.69913	1.60.1.70170
8707	1.60.1.69913	1.60.1.70170
8708	1.60.1.69913	1.60.1.70170
8723	1.60.1.69913	1.60.1.70170
8724	1.60.1.69913	1.60.1.70170
8743	1.60.1.69913	1.60.1.70170
8744	1.60.1.69913	1.60.1.70170
8745	1.60.1.69913	1.60.1.70170
8746	1.60.1.69913	1.60.1.70170
8747	1.60.1.69913	1.60.1.70170
8748	1.60.1.69913	1.60.1.70170
8749	1.60.1.69913	1.60.1.70170
8750	1.60.1.69913	1.60.1.70170
8751	1.60.1.69913	1.60.1.70170
8752	1.60.1.69913	1.60.1.70170
8753	1.60.1.69913	1.60.1.70170
8754	1.60.1.69913	1.60.1.70170
8755	1.60.1.69913	1.60.1.70170
8756	1.60.1.69913	1.60.1.70170
8757	1.60.1.69913	1.60.1.70170
8758	1.60.1.69913	1.60.1.70170
8759	1.60.1.69913	1.60.1.70170
8760	1.60.1.69913	1.60.1.70170
8761	1.60.1.69913	1.60.1.70170
8762	1.60.1.69913	1.60.1.70170
8763	1.60.1.69913	1.60.1.70170
8764	1.60.1.69913	1.60.1.70170
8765	1.60.1.69913	1.60.1.70170
8766	1.60.1.69913	1.60.1.70170
8768	1.60.1.69913	1.60.1.70170
8769	1.60.1.69913	1.60.1.70170
8770	1.60.1.69913	1.60.1.70170
8771	1.60.1.69913	1.60.1.70170
8772	1.60.1.69913	1.60.1.70170
8773	1.60.1.69913	1.60.1.70170
8774	1.60.1.69913	1.60.1.70170
8775	1.60.1.69913	1.60.1.70170
8776	1.60.1.69913	1.60.1.70170
8777	1.60.1.69913	1.60.1.70170
8778	1.60.1.69913	1.60.1.70170
8779	1.60.1.69913	1.60.1.70170
8780	1.60.1.69913	1.60.1.70170
8781	1.60.1.69913	1.60.1.70170
8782	1.60.1.69913	1.60.1.70170
8783	1.60.1.69913	1.60.1.70170
8784	1.60.1.69913	1.60.1.70170
8785	1.60.1.69913	1.60.1.70170
8786	1.60.1.69913	1.60.1.70170
8787	1.60.1.69913	1.60.1.70170
8788	1.60.1.69913	1.60.1.70170
8789	1.60.1.69913	1.60.1.70170
8790	1.60.1.69913	1.60.1.70170
8791	1.60.1.69913	1.60.1.70170
8792	1.60.1.69913	1.60.1.70170
8793	1.60.1.69913	1.60.1.70170
8794	1.60.1.69913	1.60.1.70170
8795	1.60.1.69913	1.60.1.70170
8796	1.60.1.69913	1.60.1.70170
8797	1.60.1.69913	1.60.1.70170
8798	1.60.1.69913	1.60.1.70170
8799	1.60.1.69913	1.60.1.70170
8800	1.60.1.69913	1.60.1.70170
8801	1.60.1.69913	1.60.1.70170
8802	1.60.1.69913	1.60.1.70170
8803	1.60.1.69913	1.60.1.70170
8804	1.60.1.69913	1.60.1.70170
8805	1.60.1.69913	1.60.1.70170
8806	1.60.1.69913	1.60.1.70170
8807	1.60.1.69913	1.60.1.70170
8808	1.60.1.69913	1.60.1.70170
8809	1.60.1.69913	1.60.1.70170
8810	1.60.1.69913	1.60.1.70170
8811	1.60.1.69913	1.60.1.70170
8812	1.60.1.69913	1.60.1.70170
8813	1.60.1.69913	1.60.1.70170
8814	1.60.1.69913	1.60.1.70170
8815	1.60.1.69913	1.60.1.70170
8816	1.60.1.69913	1.60.1.70170
8818	1.60.1.69913	1.60.1.70170
8819	1.60.1.69913	1.60.1.70170
8820	1.60.1.69913	1.60.1.70170
8821	1.60.1.69913	1.60.1.70170
8822	1.60.1.69913	1.60.1.70170
8823	1.60.1.69913	1.60.1.70170
8824	1.60.1.69913	1.60.1.70170
8825	1.60.1.69913	1.60.1.70170
8826	1.60.1.69913	1.60.1.70170
8827	1.60.1.69913	1.60.1.70170
8828	1.60.1.69913	1.60.1.70170
8829	1.60.1.69913	1.60.1.70170
8830	1.60.1.69913	1.60.1.70170
8831	1.60.1.69913	1.60.1.70170
8832	1.60.1.69913	1.60.1.70170
8833	1.60.1.69913	1.60.1.70170
8834	1.60.1.69913	1.60.1.70170
8835	1.60.1.69913	1.60.1.70170
8836	1.60.1.69913	1.60.1.70170
8837	1.60.1.69913	1.60.1.70170
8838	1.60.1.69913	1.60.1.70170
8839	1.60.1.69913	1.60.1.70170
8840	1.60.1.69913	1.60.1.70170
8841	1.60.1.69913	1.60.1.70170
8842	1.60.1.69913	1.60.1.70170
8843	1.60.1.69913	1.60.1.70170
8844	1.60.1.69913	1.60.1.70170
8845	1.60.1.69913	1.60.1.70170
8846	1.60.1.69913	1.60.1.70170
8847	1.60.1.69913	1.60.1.70170
8848	1.60.1.69913	1.60.1.70170
8849	1.60.1.69913	1.60.1.70170
8850	1.60.1.69913	1.60.1.70170
8851	1.60.1.69913	1.60.1.70170
8852	1.60.1.69913	1.60.1.70170
8853	1.60.1.69913	1.60.1.70170
8854	1.60.1.69913	1.60.1.70170
8855	1.60.1.69913	1.60.1.70170
8856	1.60.1.69913	1.60.1.70170
8857	1.60.1.69913	1.60.1.70170
8858	1.60.1.69913	1.60.1.70170
8859	1.60.1.69913	1.60.1.70170
8860	1.60.1.69913	1.60.1.70170
8861	1.60.1.69913	1.60.1.70170
8862	1.60.1.69913	1.60.1.70170
8863	1.60.1.69913	1.60.1.70170
8864	1.60.1.69913	1.60.1.70170
8865	1.60.1.69913	1.60.1.70170
8866	1.60.1.69913	1.60.1.70170
8867	1.60.1.69913	1.60.1.70170
8868	1.60.1.69913	1.60.1.70170
8869	1.60.1.69913	1.60.1.70170
8870	1.60.1.69913	1.60.1.70170
8871	1.60.1.69913	1.60.1.70170
8872	1.60.1.69913	1.60.1.70170
8873	1.60.1.69913	1.60.1.70170
8874	1.60.1.69913	1.60.1.70170
8875	1.60.1.69913	1.60.1.70170
8876	1.60.1.69913	1.60.1.70170
8877	1.60.1.69913	1.60.1.70170
8878	1.60.1.69913	1.60.1.70170
8879	1.60.1.69913	1.60.1.70170
8880	1.60.1.69913	1.60.1.70170
8881	1.60.1.69913	1.60.1.70170
8882	1.60.1.69913	1.60.1.70170
8883	1.60.1.69913	1.60.1.70170
8884	1.60.1.69913	1.60.1.70170
8885	1.60.1.69913	1.60.1.70170
8886	1.60.1.69913	1.60.1.70170
8887	1.60.1.69913	1.60.1.70170
8888	1.60.1.69913	1.60.1.70170
8889	1.60.1.69913	1.60.1.70170
8890	1.60.1.69913	1.60.1.70170
8891	1.60.1.69913	1.60.1.70170
8892	1.60.1.69913	1.60.1.70170
8893	1.60.1.69913	1.60.1.70170
8894	1.60.1.69913	1.60.1.70170
8895	1.60.1.69913	1.60.1.70170
8896	1.60.1.69913	1.60.1.70170
8897	1.60.1.69913	1.60.1.70170
8898	1.60.1.69913	1.60.1.70170
8899	1.60.1.69913	1.60.1.70170
8900	1.60.1.69913	1.60.1.70170
8901	1.60.1.69913	1.60.1.70170
8902	1.60.1.69913	1.60.1.70170
8903	1.60.1.69913	1.60.1.70170
8904	1.60.1.69913	1.60.1.70170
8905	1.60.1.69913	1.60.1.70170
8906	1.60.1.69913	1.60.1.70170
8907	1.60.1.69913	1.60.1.70170
8909	1.60.1.69913	1.60.1.70170
8910	1.60.1.69913	1.60.1.70170
8911	1.60.1.69913	1.60.1.70170
8912	1.60.1.69913	1.60.1.70170
8913	1.60.1.69913	1.60.1.70170
8914	1.60.1.69913	1.60.1.70170
8915	1.60.1.69913	1.60.1.70170
8916	1.60.1.69913	1.60.1.70170
8917	1.60.1.69913	1.60.1.70170
8918	1.60.1.69913	1.60.1.70170
8919	1.60.1.69913	1.60.1.70170
8920	1.60.1.69913	1.60.1.70170
8921	1.60.1.69913	1.60.1.70170
8922	1.60.1.69913	1.60.1.70170
8923	1.60.1.69913	1.60.1.70170
8924	1.60.1.69913	1.60.1.70170
8925	1.60.1.69913	1.60.1.70170
8926	1.60.1.69913	1.60.1.70170
8927	1.60.1.69913	1.60.1.70170
8928	1.60.1.69913	1.60.1.70170
8929	1.60.1.69913	1.60.1.70170
8930	1.60.1.69913	1.60.1.70170
8931	1.60.1.69913	1.60.1.70170
8932	1.60.1.69913	1.60.1.70170
8933	1.60.1.69913	1.60.1.70170
8934	1.60.1.69913	1.60.1.70170
8935	1.60.1.69913	1.60.1.70170
8936	1.60.1.69913	1.60.1.70170
8937	1.60.1.69913	1.60.1.70170
8938	1.60.1.69913	1.60.1.70170
8939	1.60.1.69913	1.60.1.70170
8940	1.60.1.69913	1.60.1.70170
8941	1.60.1.69913	1.60.1.70170
8942	1.60.1.69913	1.60.1.70170
8943	1.60.1.69913	1.60.1.70170
8944	1.60.1.69913	1.60.1.70170
8945	1.60.1.69913	1.60.1.70170
8947	1.60.1.69913	1.60.1.70170
8948	1.60.1.69913	1.60.1.70170
8949	1.60.1.69913	1.60.1.70170
8950	1.60.1.69913	1.60.1.70170
8951	1.60.1.69913	1.60.1.70170
8952	1.60.1.69913	1.60.1.70170
8953	1.60.1.69913	1.60.1.70170
8954	1.60.1.69913	1.60.1.70170
8955	1.60.1.69913	1.60.1.70170
8956	1.60.1.69913	1.60.1.70170
8957	1.60.1.69913	1.60.1.70170
8958	1.60.1.69913	1.60.1.70170
8959	1.60.1.69913	1.60.1.70170
8960	1.60.1.69913	1.60.1.70170
8961	1.60.1.69913	1.60.1.70170
8962	1.60.1.69913	1.60.1.70170
8963	1.60.1.69913	1.60.1.70170
8964	1.60.1.69913	1.60.1.70170
8965	1.60.1.69913	1.60.1.70170
8966	1.60.1.69913	1.60.1.70170
8967	1.60.1.69913	1.60.1.70170
8968	1.60.1.69913	1.60.1.70170
8969	1.60.1.69913	1.60.1.70170
8971	1.60.1.69913	1.60.1.70170
8972	1.60.1.69913	1.60.1.70170
8973	1.60.1.69913	1.60.1.70170
8974	1.60.1.69913	1.60.1.70170
8975	1.60.1.69913	1.60.1.70170
8976	1.60.1.69913	1.60.1.70170
8977	1.60.1.69913	1.60.1.70170
8978	1.60.1.69913	1.60.1.70170
8980	1.60.1.69913	1.60.1.70170
8981	1.60.1.69913	1.60.1.70170
8983	1.60.1.69913	1.60.1.70170
8984	1.60.1.69913	1.60.1.70170
8985	1.60.1.69913	1.60.1.70170
8986	1.60.1.69913	1.60.1.70170
8987	1.60.1.69913	1.60.1.70170
8988	1.60.1.69913	1.60.1.70170
8989	1.60.1.69913	1.60.1.70170
8990	1.60.1.69913	1.60.1.70170
8991	1.60.1.69913	1.60.1.70170
8992	1.60.1.69913	1.60.1.70170
8993	1.60.1.69913	1.60.1.70170
8994	1.60.1.69913	1.60.1.70170
8995	1.60.1.69913	1.60.1.70170
8996	1.60.1.69913	1.60.1.70170
8997	1.60.1.69913	1.60.1.70170
8998	1.60.1.69913	1.60.1.70170
8999	1.60.1.69913	1.60.1.70170
9000	1.60.1.69913	1.60.1.70170
9001	1.60.1.69913	1.60.1.70170
9002	1.60.1.69913	1.60.1.70170
9003	1.60.1.69913	1.60.1.70170
9004	1.60.1.69913	1.60.1.70170
9005	1.60.1.69913	1.60.1.70170
9006	1.60.1.69913	1.60.1.70170
9007	1.60.1.69913	1.60.1.70170
9008	1.60.1.69913	1.60.1.70170
9009	1.60.1.69913	1.60.1.70170
9010	1.60.1.69913	1.60.1.70170
9011	1.60.1.69913	1.60.1.70170
9012	1.60.1.69913	1.60.1.70170
9013	1.60.1.69913	1.60.1.70170
9014	1.60.1.69913	1.60.1.70170
9015	1.60.1.69913	1.60.1.70170
9016	1.60.1.69913	1.60.1.70170
9017	1.60.1.69913	1.60.1.70170
9018	1.60.1.69913	1.60.1.70170
9019	1.60.1.69913	1.60.1.70170
9020	1.60.1.69913	1.60.1.70170
9021	1.60.1.69913	1.60.1.70170
9022	1.60.1.69913	1.60.1.70170
9023	1.60.1.69913	1.60.1.70170
9024	1.60.1.69913	1.60.1.70170
9025	1.60.1.69913	1.60.1.70170
9026	1.60.1.69913	1.60.1.70170
9027	1.60.1.69913	1.60.1.70170
9028	1.60.1.69913	1.60.1.70170
9029	1.60.1.69913	1.60.1.70170
9030	1.60.1.69913	1.60.1.70170
9031	1.60.1.69913	1.60.1.70170
9032	1.60.1.69913	1.60.1.70170
9033	1.60.1.69913	1.60.1.70170
9034	1.60.1.69913	1.60.1.70170
9035	1.60.1.69913	1.60.1.70170
9036	1.60.1.69913	1.60.1.70170
9037	1.60.1.69913	1.60.1.70170
9039	1.60.1.69913	1.60.1.70170
9040	1.60.1.69913	1.60.1.70170
9041	1.60.1.69913	1.60.1.70170
9043	1.60.1.69913	1.60.1.70170
9044	1.60.1.69913	1.60.1.70170
9046	1.60.1.69913	1.60.1.70170
9047	1.60.1.69913	1.60.1.70170
9048	1.60.1.69913	1.60.1.70170
9049	1.60.1.69913	1.60.1.70170
9050	1.60.1.69913	1.60.1.70170
9051	1.60.1.69913	1.60.1.70170
9052	1.60.1.69913	1.60.1.70170
9053	1.60.1.69913	1.60.1.70170
9054	1.60.1.69913	1.60.1.70170
9055	1.60.1.69913	1.60.1.70170
9056	1.60.1.69913	1.60.1.70170
9057	1.60.1.69913	1.60.1.70170
9058	1.60.1.69913	1.60.1.70170
9059	1.60.1.69913	1.60.1.70170
9060	1.60.1.69913	1.60.1.70170
9061	1.60.1.69913	1.60.1.70170
9062	1.60.1.69913	1.60.1.70170
9063	1.60.1.69913	1.60.1.70170
9064	1.60.1.69913	1.60.1.70170
9065	1.60.1.69913	1.60.1.70170
9066	1.60.1.69913	1.60.1.70170
9067	1.60.1.69913	1.60.1.70170
9068	1.60.1.69913	1.60.1.70170
9069	1.60.1.69913	1.60.1.70170
9070	1.60.1.69913	1.60.1.70170
9071	1.60.1.69913	1.60.1.70170
9072	1.60.1.69913	1.60.1.70170
9073	1.60.1.69913	1.60.1.70170
9074	1.60.1.69913	1.60.1.70170
9075	1.60.1.69913	1.60.1.70170
9076	1.60.1.69913	1.60.1.70170
9077	1.60.1.69913	1.60.1.70170
9078	1.60.1.69913	1.60.1.70170
9079	1.60.1.69913	1.60.1.70170
9080	1.60.1.69913	1.60.1.70170
9081	1.60.1.69913	1.60.1.70170
9082	1.60.1.69913	1.60.1.70170
9083	1.60.1.69913	1.60.1.70170
9084	1.60.1.69913	1.60.1.70170
9085	1.60.1.69913	1.60.1.70170
9086	1.60.1.69913	1.60.1.70170
9087	1.60.1.69913	1.60.1.70170
9088	1.60.1.69913	1.60.1.70170
9089	1.60.1.69913	1.60.1.70170
9090	1.60.1.69913	1.60.1.70170
9091	1.60.1.69913	1.60.1.70170
9092	1.60.1.69913	1.60.1.70170
9093	1.60.1.69913	1.60.1.70170
9094	1.60.1.69913	1.60.1.70170
9095	1.60.1.69913	1.60.1.70170
9096	1.60.1.69913	1.60.1.70170
9097	1.60.1.69913	1.60.1.70170
9098	1.60.1.69913	1.60.1.70170
9099	1.60.1.69913	1.60.1.70170
9100	1.60.1.69913	1.60.1.70170
9101	1.60.1.69913	1.60.1.70170
9102	1.60.1.69913	1.60.1.70170
9103	1.60.1.69913	1.60.1.70170
9104	1.60.1.69913	1.60.1.70170
9105	1.60.1.69913	1.60.1.70170
9123	1.60.1.69913	1.60.1.70170
9124	1.60.1.69913	1.60.1.70170
9125	1.60.1.69913	1.60.1.70170
9126	1.60.1.69913	1.60.1.70170
9127	1.60.1.69913	1.60.1.70170
9128	1.60.1.69913	1.60.1.70170
9129	1.60.1.69913	1.60.1.70170
9130	1.60.1.69913	1.60.1.70170
9131	1.60.1.69913	1.60.1.70170
9132	1.60.1.69913	1.60.1.70170
9133	1.60.1.69913	1.60.1.70170
9134	1.60.1.69913	1.60.1.70170
9135	1.60.1.69913	1.60.1.70170
9136	1.60.1.69913	1.60.1.70170
9137	1.60.1.69913	1.60.1.70170
9138	1.60.1.69913	1.60.1.70170
9139	1.60.1.69913	1.60.1.70170
9140	1.60.1.69913	1.60.1.70170
9141	1.60.1.69913	1.60.1.70170
9142	1.60.1.69913	1.60.1.70170
9143	1.60.1.69913	1.60.1.70170
9144	1.60.1.69913	1.60.1.70170
9145	1.60.1.69913	1.60.1.70170
9146	1.60.1.69913	1.60.1.70170
9147	1.60.1.69913	1.60.1.70170
9148	1.60.1.69913	1.60.1.70170
9149	1.60.1.69913	1.60.1.70170
9150	1.60.1.69913	1.60.1.70170
9151	1.60.1.69913	1.60.1.70170
9152	1.60.1.69913	1.60.1.70170
9153	1.60.1.69913	1.60.1.70170
9154	1.60.1.69913	1.60.1.70170
9155	1.60.1.69913	1.60.1.70170
9156	1.60.1.69913	1.60.1.70170
9157	1.60.1.69913	1.60.1.70170
9158	1.60.1.69913	1.60.1.70170
9159	1.60.1.69913	1.60.1.70170
9160	1.60.1.69913	1.60.1.70170
9161	1.60.1.69913	1.60.1.70170
9162	1.60.1.69913	1.60.1.70170
9164	1.60.1.69913	1.60.1.70170
9165	1.60.1.69913	1.60.1.70170
9166	1.60.1.69913	1.60.1.70170
9167	1.60.1.69913	1.60.1.70170
9168	1.60.1.69913	1.60.1.70170
9169	1.60.1.69913	1.60.1.70170
9170	1.60.1.69913	1.60.1.70170
9171	1.60.1.69913	1.60.1.70170
9172	1.60.1.69913	1.60.1.70170
9173	1.60.1.69913	1.60.1.70170
9174	1.60.1.69913	1.60.1.70170
9175	1.60.1.69913	1.60.1.70170
9176	1.60.1.69913	1.60.1.70170
9177	1.60.1.69913	1.60.1.70170
9178	1.60.1.69913	1.60.1.70170
9179	1.60.1.69913	1.60.1.70170
9180	1.60.1.69913	1.60.1.70170
9181	1.60.1.69913	1.60.1.70170
9182	1.60.1.69913	1.60.1.70170
9183	1.60.1.69913	1.60.1.70170
9184	1.60.1.69913	1.60.1.70170
9185	1.60.1.69913	1.60.1.70170
9186	1.60.1.69913	1.60.1.70170
9187	1.60.1.69913	1.60.1.70170
9188	1.60.1.69913	1.60.1.70170
9189	1.60.1.69913	1.60.1.70170
9190	1.60.1.69913	1.60.1.70170
9191	1.60.1.69913	1.60.1.70170
9192	1.60.1.69913	1.60.1.70170
9193	1.60.1.69913	1.60.1.70170
9194	1.60.1.69913	1.60.1.70170
9195	1.60.1.69913	1.60.1.70170
9197	1.60.1.69913	1.60.1.70170
9198	1.60.1.69913	1.60.1.70170
9199	1.60.1.69913	1.60.1.70170
9200	1.60.1.69913	1.60.1.70170
9201	1.60.1.69913	1.60.1.70170
9202	1.60.1.69913	1.60.1.70170
9203	1.60.1.69913	1.60.1.70170
9204	1.60.1.69913	1.60.1.70170
9205	1.60.1.69913	1.60.1.70170
9206	1.60.1.69913	1.60.1.70170
9207	1.60.1.69913	1.60.1.70170
9208	1.60.1.69913	1.60.1.70170
9209	1.60.1.69913	1.60.1.70170
9210	1.60.1.69913	1.60.1.70170
9211	1.60.1.69913	1.60.1.70170
9212	1.60.1.69913	1.60.1.70170
9214	1.60.1.69913	1.60.1.70170
9215	1.60.1.69913	1.60.1.70170
9216	1.60.1.69913	1.60.1.70170
9217	1.60.1.69913	1.60.1.70170
9218	1.60.1.69913	1.60.1.70170
9219	1.60.1.69913	1.60.1.70170
9221	1.60.1.69913	1.60.1.70170
9222	1.60.1.69913	1.60.1.70170
9223	1.60.1.69913	1.60.1.70170
9224	1.60.1.69913	1.60.1.70170
9225	1.60.1.69913	1.60.1.70170
9226	1.60.1.69913	1.60.1.70170
9227	1.60.1.69913	1.60.1.70170
9228	1.60.1.69913	1.60.1.70170
9229	1.60.1.69913	1.60.1.70170
9230	1.60.1.69913	1.60.1.70170
9231	1.60.1.69913	1.60.1.70170
9233	1.60.1.69913	1.60.1.70170
9234	1.60.1.69913	1.60.1.70170
9235	1.60.1.69913	1.60.1.70170
9236	1.60.1.69913	1.60.1.70170
9237	1.60.1.69913	1.60.1.70170
9238	1.60.1.69913	1.60.1.70170
9240	1.60.1.69913	1.60.1.70170
9241	1.60.1.69913	1.60.1.70170
9242	1.60.1.69913	1.60.1.70170
9244	1.60.1.69913	1.60.1.70170
9245	1.60.1.69913	1.60.1.70170
9246	1.60.1.69913	1.60.1.70170
9247	1.60.1.69913	1.60.1.70170
9248	1.60.1.69913	1.60.1.70170
9249	1.60.1.69913	1.60.1.70170
9250	1.60.1.69913	1.60.1.70170
9251	1.60.1.69913	1.60.1.70170
9252	1.60.1.69913	1.60.1.70170
9253	1.60.1.69913	1.60.1.70170
9254	1.60.1.69913	1.60.1.70170
9255	1.60.1.69913	1.60.1.70170
9256	1.60.1.69913	1.60.1.70170
9257	1.60.1.69913	1.60.1.70170
9258	1.60.1.69913	1.60.1.70170
9259	1.60.1.69913	1.60.1.70170
9260	1.60.1.69913	1.60.1.70170
9261	1.60.1.69913	1.60.1.70170
9262	1.60.1.69913	1.60.1.70170
9263	1.60.1.69913	1.60.1.70170
9264	1.60.1.69913	1.60.1.70170
9265	1.60.1.69913	1.60.1.70170
9266	1.60.1.69913	1.60.1.70170
9275	1.60.1.69913	1.60.1.70170
9276	1.60.1.69913	1.60.1.70170
9277	1.60.1.69913	1.60.1.70170
9278	1.60.1.69913	1.60.1.70170
9279	1.60.1.69913	1.60.1.70170
9280	1.60.1.69913	1.60.1.70170
9281	1.60.1.69913	1.60.1.70170
9282	1.60.1.69913	1.60.1.70170
9283	1.60.1.69913	1.60.1.70170
9284	1.60.1.69913	1.60.1.70170
9285	1.60.1.69913	1.60.1.70170
9286	1.60.1.69913	1.60.1.70170
9287	1.60.1.69913	1.60.1.70170
9288	1.60.1.69913	1.60.1.70170
9289	1.60.1.69913	1.60.1.70170
9290	1.60.1.69913	1.60.1.70170
9291	1.60.1.69913	1.60.1.70170
9292	1.60.1.69913	1.60.1.70170
9293	1.60.1.69913	1.60.1.70170
9294	1.60.1.69913	1.60.1.70170
9295	1.60.1.69913	1.60.1.70170
9296	1.60.1.69913	1.60.1.70170
9297	1.60.1.69913	1.60.1.70170
9298	1.60.1.69913	1.60.1.70170
9299	1.60.1.69913	1.60.1.70170
9300	1.60.1.69913	1.60.1.70170
9301	1.60.1.69913	1.60.1.70170
9302	1.60.1.69913	1.60.1.70170
9303	1.60.1.69913	1.60.1.70170
9304	1.60.1.69913	1.60.1.70170
9305	1.60.1.69913	1.60.1.70170
9306	1.60.1.69913	1.60.1.70170
9307	1.60.1.69913	1.60.1.70170
9308	1.60.1.69913	1.60.1.70170
9309	1.60.1.69913	1.60.1.70170
9311	1.60.1.69913	1.60.1.70170
9312	1.60.1.69913	1.60.1.70170
9313	1.60.1.69913	1.60.1.70170
9314	1.60.1.69913	1.60.1.70170
9315	1.60.1.69913	1.60.1.70170
9316	1.60.1.69913	1.60.1.70170
9317	1.60.1.69913	1.60.1.70170
9318	1.60.1.69913	1.60.1.70170
9319	1.60.1.69913	1.60.1.70170
9320	1.60.1.69913	1.60.1.70170
9321	1.60.1.69913	1.60.1.70170
9322	1.60.1.69913	1.60.1.70170
9323	1.60.1.69913	1.60.1.70170
9324	1.60.1.69913	1.60.1.70170
9325	1.60.1.69913	1.60.1.70170
9326	1.60.1.69913	1.60.1.70170
9327	1.60.1.69913	1.60.1.70170
9328	1.60.1.69913	1.60.1.70170
9329	1.60.1.69913	1.60.1.70170
9330	1.60.1.69913	1.60.1.70170
9331	1.60.1.69913	1.60.1.70170
9332	1.60.1.69913	1.60.1.70170
9333	1.60.1.69913	1.60.1.70170
9334	1.60.1.69913	1.60.1.70170
9335	1.60.1.69913	1.60.1.70170
9336	1.60.1.69913	1.60.1.70170
9355	1.60.1.69913	1.60.1.70170
9356	1.60.1.69913	1.60.1.70170
9357	1.60.1.69913	1.60.1.70170
9358	1.60.1.69913	1.60.1.70170
9359	1.60.1.69913	1.60.1.70170
9360	1.60.1.69913	1.60.1.70170
9361	1.60.1.69913	1.60.1.70170
9362	1.60.1.69913	1.60.1.70170
9363	1.60.1.69913	1.60.1.70170
9364	1.60.1.69913	1.60.1.70170
9365	1.60.1.69913	1.60.1.70170
9366	1.60.1.69913	1.60.1.70170
9367	1.60.1.69913	1.60.1.70170
9368	1.60.1.69913	1.60.1.70170
9369	1.60.1.69913	1.60.1.70170
9370	1.60.1.69913	1.60.1.70170
9371	1.60.1.69913	1.60.1.70170
9380	1.60.1.69913	1.60.1.70170
9385	1.60.1.69913	1.60.1.70170
9395	1.60.1.69913	1.60.1.70170
9402	1.60.1.70009	1.60.1.70170
9405	1.60.1.69913	1.60.1.70170
9417	1.60.1.69913	1.60.1.70170
9421	1.60.1.69913	1.60.1.70170
9433	1.60.1.69913	1.60.1.70170
9434	1.60.1.69913	1.60.1.70170
9435	1.60.1.69913	1.60.1.70170
9436	1.60.1.69913	1.60.1.70170
9437	1.60.1.69913	1.60.1.70170
9438	1.60.1.69913	1.60.1.70170
9439	1.60.1.69913	1.60.1.70170
9440	1.60.1.69913	1.60.1.70170
9441	1.60.1.69913	1.60.1.70170
9442	1.60.1.69913	1.60.1.70170
9443	1.60.1.69913	1.60.1.70170
9444	1.60.1.69913	1.60.1.70170
9445	1.60.1.70009	1.60.1.70170
9446	1.60.1.70009	1.60.1.70170
9449	1.60.1.69913	1.60.1.70170
9450	1.60.1.70009	1.60.1.70170
9451	1.60.1.69913	1.60.1.70170
9452	1.60.1.70009	1.60.1.70170
9453	1.60.1.70009	1.60.1.70170
9454	1.60.1.70009	1.60.1.70170
9457	1.60.1.70170	1.60.1.70170
9460	1.60.1.69913	1.60.1.70170
9462	1.60.1.69913	1.60.1.70170
9463	1.60.1.69913	1.60.1.70170
9464	1.60.1.69913	1.60.1.70170
9466	1.60.1.69913	1.60.1.70170
9468	1.60.1.69913	1.60.1.70170
9471	1.60.1.69913	1.60.1.70170
9472	1.60.1.69913	1.60.1.70170
9486	1.60.1.70009	1.60.1.70170
9487	1.60.1.70170	1.60.1.70170
9488	1.60.1.70009	1.60.1.70170
9490	1.60.1.70124	1.60.1.70170
9507	1.60.1.69913	1.60.1.70170
9509	1.60.1.70124	1.60.1.70170
9513	1.60.1.69913	1.60.1.70170
9514	1.60.1.69913	1.60.1.70170
9515	1.60.1.69913	1.60.1.70170
9516	1.60.1.69913	1.60.1.70170
9517	1.60.1.69913	1.60.1.70170
9518	1.60.1.69913	1.60.1.70170
9519	1.60.1.69913	1.60.1.70170
9520	1.60.1.69913	1.60.1.70170
9521	1.60.1.69913	1.60.1.70170
9522	1.60.1.70170	1.60.1.70170
9523	1.60.1.69913	1.60.1.70170
9528	1.60.1.69913	1.60.1.70170
9529	1.60.1.69913	1.60.1.70170
9530	1.60.1.69913	1.60.1.70170
9532	1.60.1.69913	1.60.1.70170
9535	1.60.1.70009	1.60.1.70170
9536	1.60.1.70009	1.60.1.70170
9537	1.60.1.69913	1.60.1.70170
9538	1.60.1.70170	1.60.1.70170
9539	1.60.1.69913	1.60.1.70170
9540	1.60.1.69913	1.60.1.70170
9541	1.60.1.69913	1.60.1.70170
9542	1.60.1.69913	1.60.1.70170
9543	1.60.1.69913	1.60.1.70170
9544	1.60.1.69913	1.60.1.70170
9545	1.60.1.69913	1.60.1.70170
9546	1.60.1.69913	1.60.1.70170
9547	1.60.1.69913	1.60.1.70170
9548	1.60.1.69913	1.60.1.70170
9550	1.60.1.69913	1.60.1.70170
9551	1.60.1.69913	1.60.1.70170
9552	1.60.1.69913	1.60.1.70170
9553	1.60.1.69913	1.60.1.70170
9554	1.60.1.69913	1.60.1.70170
9555	1.60.1.69913	1.60.1.70170
9556	1.60.1.69913	1.60.1.70170
9557	1.60.1.69913	1.60.1.70170
9558	1.60.1.69913	1.60.1.70170
9559	1.60.1.69913	1.60.1.70170
9560	1.60.1.69913	1.60.1.70170
9561	1.60.1.69913	1.60.1.70170
9562	1.60.1.69913	1.60.1.70170
9563	1.60.1.69913	1.60.1.70170
9564	1.60.1.69913	1.60.1.70170
9565	1.60.1.69913	1.60.1.70170
9566	1.60.1.69913	1.60.1.70170
9567	1.60.1.69913	1.60.1.70170
9568	1.60.1.69913	1.60.1.70170
9569	1.60.1.69913	1.60.1.70170
9570	1.60.1.69913	1.60.1.70170
9571	1.60.1.69913	1.60.1.70170
9572	1.60.1.69913	1.60.1.70170
9573	1.60.1.69913	1.60.1.70170
9574	1.60.1.69913	1.60.1.70170
9575	1.60.1.69913	1.60.1.70170
9576	1.60.1.69913	1.60.1.70170
9577	1.60.1.69913	1.60.1.70170
9578	1.60.1.69913	1.60.1.70170
9579	1.60.1.69913	1.60.1.70170
9580	1.60.1.69913	1.60.1.70170
9581	1.60.1.69913	1.60.1.70170
9587	1.60.1.69913	1.60.1.70170
9589	1.60.1.69913	1.60.1.70170
9590	1.60.1.69913	1.60.1.70170
9591	1.60.1.69913	1.60.1.70170
9592	1.60.1.69913	1.60.1.70170
9593	1.60.1.69913	1.60.1.70170
9594	1.60.1.69913	1.60.1.70170
9595	1.60.1.69913	1.60.1.70170
9596	1.60.1.69913	1.60.1.70170
9597	1.60.1.69913	1.60.1.70170
9598	1.60.1.69913	1.60.1.70170
9599	1.60.1.69913	1.60.1.70170
9600	1.60.1.69913	1.60.1.70170
9601	1.60.1.69913	1.60.1.70170
9602	1.60.1.69913	1.60.1.70170
9603	1.60.1.69913	1.60.1.70170
9604	1.60.1.70170	1.60.1.70170
9605	1.60.1.70170	1.60.1.70170
9606	1.60.1.69913	1.60.1.70170
9607	1.60.1.69913	1.60.1.70170
9608	1.60.1.69913	1.60.1.70170
9609	1.60.1.69913	1.60.1.70170
9618	1.60.1.69913	1.60.1.70170
9619	1.60.1.69913	1.60.1.70170
9620	1.60.1.69913	1.60.1.70170
9621	1.60.1.69913	1.60.1.70170
9622	1.60.1.69913	1.60.1.70170
9623	1.60.1.70170	1.60.1.70170
9624	1.60.1.70170	1.60.1.70170
9625	1.60.1.70170	1.60.1.70170
9628	1.60.1.69913	1.60.1.70170
9629	1.60.1.69913	1.60.1.70170
9630	1.60.1.69913	1.60.1.70170
9631	1.60.1.69913	1.60.1.70170
9632	1.60.1.69913	1.60.1.70170
9633	1.60.1.69913	1.60.1.70170
9634	1.60.1.69913	1.60.1.70170
9635	1.60.1.69913	1.60.1.70170
9636	1.60.1.69913	1.60.1.70170
9637	1.60.1.69913	1.60.1.70170
9638	1.60.1.69913	1.60.1.70170
9642	1.60.1.69913	1.60.1.70170
9643	1.60.1.69913	1.60.1.70170
9644	1.60.1.69913	1.60.1.70170
9645	1.60.1.69913	1.60.1.70170
9646	1.60.1.69913	1.60.1.70170
9647	1.60.1.69913	1.60.1.70170
9648	1.60.1.69913	1.60.1.70170
9649	1.60.1.69913	1.60.1.70170
9650	1.60.1.69913	1.60.1.70170
9651	1.60.1.69913	1.60.1.70170
9652	1.60.1.69913	1.60.1.70170
9653	1.60.1.69913	1.60.1.70170
9654	1.60.1.69913	1.60.1.70170
9655	1.60.1.69913	1.60.1.70170
9656	1.60.1.69913	1.60.1.70170
9657	1.60.1.69913	1.60.1.70170
9658	1.60.1.69913	1.60.1.70170
9659	1.60.1.69913	1.60.1.70170
9660	1.60.1.69913	1.60.1.70170
9661	1.60.1.69913	1.60.1.70170
9662	1.60.1.69913	1.60.1.70170
9663	1.60.1.69913	1.60.1.70170
9664	1.60.1.69913	1.60.1.70170
9665	1.60.1.69913	1.60.1.70170
9666	1.60.1.69913	1.60.1.70170
9678	1.60.1.69913	1.60.1.70170
9679	1.60.1.69913	1.60.1.70170
9680	1.60.1.69913	1.60.1.70170
9681	1.60.1.69913	1.60.1.70170
9682	1.60.1.69913	1.60.1.70170
9683	1.60.1.69913	1.60.1.70170
9684	1.60.1.69913	1.60.1.70170
9685	1.60.1.69913	1.60.1.70170
9686	1.60.1.69913	1.60.1.70170
9687	1.60.1.69913	1.60.1.70170
9698	1.60.1.69913	1.60.1.70170
9699	1.60.1.69913	1.60.1.70170
9700	1.60.1.69913	1.60.1.70170
9701	1.60.1.69913	1.60.1.70170
9702	1.60.1.69913	1.60.1.70170
9703	1.60.1.69913	1.60.1.70170
9704	1.60.1.69913	1.60.1.70170
9705	1.60.1.69913	1.60.1.70170
9706	1.60.1.69913	1.60.1.70170
9718	1.60.1.69913	1.60.1.70170
9719	1.60.1.69913	1.60.1.70170
9738	1.60.1.69913	1.60.1.70170
9739	1.60.1.69913	1.60.1.70170
9740	1.60.1.69913	1.60.1.70170
9741	1.60.1.69913	1.60.1.70170
9742	1.60.1.69913	1.60.1.70170
9743	1.60.1.69913	1.60.1.70170
9744	1.60.1.69913	1.60.1.70170
9745	1.60.1.69913	1.60.1.70170
9746	1.60.1.69913	1.60.1.70170
9747	1.60.1.69913	1.60.1.70170
9748	1.60.1.69913	1.60.1.70170
9749	1.60.1.69913	1.60.1.70170
9750	1.60.1.69913	1.60.1.70170
9751	1.60.1.69913	1.60.1.70170
9752	1.60.1.69913	1.60.1.70170
9753	1.60.1.69913	1.60.1.70170
9754	1.60.1.69913	1.60.1.70170
9755	1.60.1.69913	1.60.1.70170
9756	1.60.1.69913	1.60.1.70170
9757	1.60.1.69913	1.60.1.70170
9758	1.60.1.69913	1.60.1.70170
9759	1.60.1.69913	1.60.1.70170
9760	1.60.1.69913	1.60.1.70170
9761	1.60.1.69913	1.60.1.70170
9762	1.60.1.69913	1.60.1.70170
9763	1.60.1.69913	1.60.1.70170
9764	1.60.1.69913	1.60.1.70170
9765	1.60.1.69913	1.60.1.70170
9766	1.60.1.69913	1.60.1.70170
9767	1.60.1.69913	1.60.1.70170
9768	1.60.1.69913	1.60.1.70170
9769	1.60.1.69913	1.60.1.70170
9770	1.60.1.69913	1.60.1.70170
9771	1.60.1.69913	1.60.1.70170
9772	1.60.1.69913	1.60.1.70170
9773	1.60.1.69913	1.60.1.70170
9774	1.60.1.69913	1.60.1.70170
9775	1.60.1.69913	1.60.1.70170
9776	1.60.1.69913	1.60.1.70170
9777	1.60.1.69913	1.60.1.70170
9778	1.60.1.69913	1.60.1.70170
9779	1.60.1.69913	1.60.1.70170
9780	1.60.1.69913	1.60.1.70170
9781	1.60.1.69913	1.60.1.70170
9782	1.60.1.69913	1.60.1.70170
9783	1.60.1.69913	1.60.1.70170
9784	1.60.1.69913	1.60.1.70170
9785	1.60.1.69913	1.60.1.70170
9786	1.60.1.69913	1.60.1.70170
9787	1.60.1.69913	1.60.1.70170
9788	1.60.1.69913	1.60.1.70170
9789	1.60.1.69913	1.60.1.70170
9790	1.60.1.69913	1.60.1.70170
9791	1.60.1.69913	1.60.1.70170
9792	1.60.1.69913	1.60.1.70170
9793	1.60.1.69913	1.60.1.70170
9794	1.60.1.69913	1.60.1.70170
9795	1.60.1.69913	1.60.1.70170
9796	1.60.1.69913	1.60.1.70170
9797	1.60.1.69913	1.60.1.70170
9798	1.60.1.69913	1.60.1.70170
9799	1.60.1.69913	1.60.1.70170
9800	1.60.1.69913	1.60.1.70170
9801	1.60.1.69913	1.60.1.70170
9802	1.60.1.69913	1.60.1.70170
9803	1.60.1.69913	1.60.1.70170
9804	1.60.1.69913	1.60.1.70170
9805	1.60.1.69913	1.60.1.70170
9806	1.60.1.69913	1.60.1.70170
9807	1.60.1.69913	1.60.1.70170
9808	1.60.1.69913	1.60.1.70170
9809	1.60.1.69913	1.60.1.70170
9810	1.60.1.69913	1.60.1.70170
9811	1.60.1.69913	1.60.1.70170
9812	1.60.1.69913	1.60.1.70170
9813	1.60.1.69913	1.60.1.70170
9814	1.60.1.69913	1.60.1.70170
9815	1.60.1.69913	1.60.1.70170
9816	1.60.1.69913	1.60.1.70170
9817	1.60.1.69913	1.60.1.70170
9818	1.60.1.69913	1.60.1.70170
9819	1.60.1.69913	1.60.1.70170
9820	1.60.1.69913	1.60.1.70170
9821	1.60.1.69913	1.60.1.70170
9822	1.60.1.69913	1.60.1.70170
9823	1.60.1.69913	1.60.1.70170
9824	1.60.1.69913	1.60.1.70170
9825	1.60.1.69913	1.60.1.70170
9826	1.60.1.69913	1.60.1.70170
9827	1.60.1.69913	1.60.1.70170
9828	1.60.1.69913	1.60.1.70170
9829	1.60.1.69913	1.60.1.70170
9830	1.60.1.69913	1.60.1.70170
9831	1.60.1.69913	1.60.1.70170
9832	1.60.1.69913	1.60.1.70170
9833	1.60.1.69913	1.60.1.70170
9834	1.60.1.69913	1.60.1.70170
9835	1.60.1.69913	1.60.1.70170
9836	1.60.1.69913	1.60.1.70170
9837	1.60.1.69913	1.60.1.70170
9838	1.60.1.69913	1.60.1.70170
9839	1.60.1.69913	1.60.1.70170
9840	1.60.1.69913	1.60.1.70170
9841	1.60.1.69913	1.60.1.70170
9842	1.60.1.69913	1.60.1.70170
9843	1.60.1.69913	1.60.1.70170
9844	1.60.1.69913	1.60.1.70170
9845	1.60.1.69913	1.60.1.70170
9846	1.60.1.69913	1.60.1.70170
9847	1.60.1.69913	1.60.1.70170
9848	1.60.1.69913	1.60.1.70170
9849	1.60.1.69913	1.60.1.70170
9850	1.60.1.69913	1.60.1.70170
9851	1.60.1.69913	1.60.1.70170
9852	1.60.1.69913	1.60.1.70170
9853	1.60.1.69913	1.60.1.70170
9854	1.60.1.69913	1.60.1.70170
9855	1.60.1.69913	1.60.1.70170
9856	1.60.1.69913	1.60.1.70170
9857	1.60.1.69913	1.60.1.70170
9858	1.60.1.69913	1.60.1.70170
9859	1.60.1.69913	1.60.1.70170
9860	1.60.1.69913	1.60.1.70170
9861	1.60.1.69913	1.60.1.70170
9862	1.60.1.69913	1.60.1.70170
9863	1.60.1.69913	1.60.1.70170
9864	1.60.1.69913	1.60.1.70170
9865	1.60.1.69913	1.60.1.70170
9866	1.60.1.69913	1.60.1.70170
9867	1.60.1.69913	1.60.1.70170
9868	1.60.1.69913	1.60.1.70170
9869	1.60.1.69913	1.60.1.70170
9870	1.60.1.69913	1.60.1.70170
9871	1.60.1.69913	1.60.1.70170
9872	1.60.1.69913	1.60.1.70170
9873	1.60.1.69913	1.60.1.70170
9874	1.60.1.69913	1.60.1.70170
9875	1.60.1.69913	1.60.1.70170
9876	1.60.1.69913	1.60.1.70170
9877	1.60.1.69913	1.60.1.70170
9878	1.60.1.69913	1.60.1.70170
9879	1.60.1.69913	1.60.1.70170
9880	1.60.1.69913	1.60.1.70170
9881	1.60.1.69913	1.60.1.70170
9882	1.60.1.69913	1.60.1.70170
9883	1.60.1.69913	1.60.1.70170
9884	1.60.1.69913	1.60.1.70170
9885	1.60.1.69913	1.60.1.70170
9886	1.60.1.69913	1.60.1.70170
9887	1.60.1.69913	1.60.1.70170
9888	1.60.1.69913	1.60.1.70170
9889	1.60.1.69913	1.60.1.70170
9890	1.60.1.69913	1.60.1.70170
9891	1.60.1.69913	1.60.1.70170
9892	1.60.1.69913	1.60.1.70170
9893	1.60.1.69913	1.60.1.70170
9894	1.60.1.69913	1.60.1.70170
9895	1.60.1.69913	1.60.1.70170
9896	1.60.1.69913	1.60.1.70170
9897	1.60.1.69913	1.60.1.70170
9898	1.60.1.69913	1.60.1.70170
9899	1.60.1.69913	1.60.1.70170
9900	1.60.1.69913	1.60.1.70170
9901	1.60.1.69913	1.60.1.70170
9902	1.60.1.69913	1.60.1.70170
9903	1.60.1.69913	1.60.1.70170
9904	1.60.1.69913	1.60.1.70170
9905	1.60.1.69913	1.60.1.70170
9906	1.60.1.69913	1.60.1.70170
9907	1.60.1.69913	1.60.1.70170
9908	1.60.1.69913	1.60.1.70170
9909	1.60.1.69913	1.60.1.70170
9910	1.60.1.69913	1.60.1.70170
9911	1.60.1.69913	1.60.1.70170
9912	1.60.1.69913	1.60.1.70170
9913	1.60.1.69913	1.60.1.70170
9914	1.60.1.69913	1.60.1.70170
9915	1.60.1.69913	1.60.1.70170
9916	1.60.1.69913	1.60.1.70170
9917	1.60.1.69913	1.60.1.70170
9918	1.60.1.69913	1.60.1.70170
9919	1.60.1.69913	1.60.1.70170
9920	1.60.1.69913	1.60.1.70170
9921	1.60.1.69913	1.60.1.70170
9922	1.60.1.69913	1.60.1.70170
9923	1.60.1.69913	1.60.1.70170
9924	1.60.1.69913	1.60.1.70170
9925	1.60.1.69913	1.60.1.70170
9926	1.60.1.69913	1.60.1.70170
9927	1.60.1.69913	1.60.1.70170
9928	1.60.1.69913	1.60.1.70170
9929	1.60.1.69913	1.60.1.70170
9930	1.60.1.69913	1.60.1.70170
9931	1.60.1.69913	1.60.1.70170
9932	1.60.1.69913	1.60.1.70170
9933	1.60.1.69913	1.60.1.70170
9934	1.60.1.69913	1.60.1.70170
9935	1.60.1.69913	1.60.1.70170
9936	1.60.1.69913	1.60.1.70170
9937	1.60.1.69913	1.60.1.70170
9938	1.60.1.69913	1.60.1.70170
9939	1.60.1.69913	1.60.1.70170
9940	1.60.1.69913	1.60.1.70170
9941	1.60.1.69913	1.60.1.70170
9942	1.60.1.69913	1.60.1.70170
9943	1.60.1.69913	1.60.1.70170
9944	1.60.1.69913	1.60.1.70170
9945	1.60.1.69913	1.60.1.70170
9946	1.60.1.69913	1.60.1.70170
9947	1.60.1.69913	1.60.1.70170
9948	1.60.1.69913	1.60.1.70170
9949	1.60.1.69913	1.60.1.70170
9950	1.60.1.69913	1.60.1.70170
9951	1.60.1.69913	1.60.1.70170
9952	1.60.1.69913	1.60.1.70170
9953	1.60.1.69913	1.60.1.70170
9954	1.60.1.69913	1.60.1.70170
9955	1.60.1.69913	1.60.1.70170
9956	1.60.1.69913	1.60.1.70170
9957	1.60.1.69913	1.60.1.70170
9958	1.60.1.69913	1.60.1.70170
9959	1.60.1.69913	1.60.1.70170
9960	1.60.1.69913	1.60.1.70170
9961	1.60.1.69913	1.60.1.70170
9962	1.60.1.69913	1.60.1.70170
9963	1.60.1.69913	1.60.1.70170
9964	1.60.1.69913	1.60.1.70170
9965	1.60.1.69913	1.60.1.70170
9966	1.60.1.69913	1.60.1.70170
9967	1.60.1.69913	1.60.1.70170
9968	1.60.1.69913	1.60.1.70170
9969	1.60.1.69913	1.60.1.70170
9970	1.60.1.69913	1.60.1.70170
9971	1.60.1.69913	1.60.1.70170
9972	1.60.1.69913	1.60.1.70170
9973	1.60.1.69913	1.60.1.70170
9974	1.60.1.69913	1.60.1.70170
9978	1.60.1.69913	1.60.1.70170
9998	1.60.1.69913	1.60.1.70170
9999	1.60.1.69913	1.60.1.70170
10000	1.60.1.69913	1.60.1.70170
10001	1.60.1.69913	1.60.1.70170
10002	1.60.1.69913	1.60.1.70170
10003	1.60.1.69913	1.60.1.70170
10004	1.60.1.69913	1.60.1.70170
10005	1.60.1.69913	1.60.1.70170
10007	1.60.1.69913	1.60.1.70170
10008	1.60.1.69913	1.60.1.70170
10009	1.60.1.69913	1.60.1.70170
10010	1.60.1.69913	1.60.1.70170
10011	1.60.1.69913	1.60.1.70170
10018	1.60.1.69913	1.60.1.70170
10019	1.60.1.69913	1.60.1.70170
10020	1.60.1.69913	1.60.1.70170
10021	1.60.1.69913	1.60.1.70170
10022	1.60.1.69913	1.60.1.70170
10023	1.60.1.69913	1.60.1.70170
10024	1.60.1.69913	1.60.1.70170
10025	1.60.1.69913	1.60.1.70170
10026	1.60.1.69913	1.60.1.70170
10027	1.60.1.69913	1.60.1.70170
10028	1.60.1.69913	1.60.1.70170
10029	1.60.1.69913	1.60.1.70170
10030	1.60.1.69913	1.60.1.70170
10031	1.60.1.69913	1.60.1.70170
10032	1.60.1.69913	1.60.1.70170
10033	1.60.1.69913	1.60.1.70170
10034	1.60.1.69913	1.60.1.70170
10035	1.60.1.69913	1.60.1.70170
10036	1.60.1.69913	1.60.1.70170
10037	1.60.1.69913	1.60.1.70170
10038	1.60.1.69913	1.60.1.70170
10039	1.60.1.69913	1.60.1.70170
10040	1.60.1.69913	1.60.1.70170
10041	1.60.1.69913	1.60.1.70170
10042	1.60.1.69913	1.60.1.70170
10043	1.60.1.69913	1.60.1.70170
10044	1.60.1.69913	1.60.1.70170
10045	1.60.1.69913	1.60.1.70170
10046	1.60.1.69913	1.60.1.70170
10047	1.60.1.69913	1.60.1.70170
10048	1.60.1.69913	1.60.1.70170
10049	1.60.1.69913	1.60.1.70170
10050	1.60.1.69913	1.60.1.70170
10051	1.60.1.69913	1.60.1.70170
10052	1.60.1.69913	1.60.1.70170
10053	1.60.1.69913	1.60.1.70170
10054	1.60.1.69913	1.60.1.70170
10055	1.60.1.69913	1.60.1.70170
10056	1.60.1.69913	1.60.1.70170
10057	1.60.1.69913	1.60.1.70170
10058	1.60.1.69913	1.60.1.70170
10059	1.60.1.69913	1.60.1.70170
10060	1.60.1.69913	1.60.1.70170
10061	1.60.1.69913	1.60.1.70170
10062	1.60.1.69913	1.60.1.70170
10063	1.60.1.69913	1.60.1.70170
10064	1.60.1.69913	1.60.1.70170
10065	1.60.1.69913	1.60.1.70170
10066	1.60.1.69913	1.60.1.70170
10067	1.60.1.69913	1.60.1.70170
10068	1.60.1.69913	1.60.1.70170
10069	1.60.1.69913	1.60.1.70170
10070	1.60.1.69913	1.60.1.70170
10071	1.60.1.69913	1.60.1.70170
10072	1.60.1.69913	1.60.1.70170
10073	1.60.1.69913	1.60.1.70170
10074	1.60.1.69913	1.60.1.70170
10075	1.60.1.69913	1.60.1.70170
10076	1.60.1.69913	1.60.1.70170
10077	1.60.1.69913	1.60.1.70170
10078	1.60.1.69913	1.60.1.70170
10079	1.60.1.69913	1.60.1.70170
10080	1.60.1.69913	1.60.1.70170
10081	1.60.1.69913	1.60.1.70170
10082	1.60.1.69913	1.60.1.70170
10083	1.60.1.69913	1.60.1.70170
10084	1.60.1.69913	1.60.1.70170
10085	1.60.1.69913	1.60.1.70170
10086	1.60.1.69913	1.60.1.70170
10087	1.60.1.69913	1.60.1.70170
10088	1.60.1.69913	1.60.1.70170
10089	1.60.1.69913	1.60.1.70170
10090	1.60.1.69913	1.60.1.70170
10091	1.60.1.70009	1.60.1.70170
10092	1.60.1.69913	1.60.1.70170
10093	1.60.1.69913	1.60.1.70170
10094	1.60.1.69913	1.60.1.70170
10095	1.60.1.69913	1.60.1.70170
10096	1.60.1.69913	1.60.1.70170
10097	1.60.1.69913	1.60.1.70170
10098	1.60.1.69913	1.60.1.70170
10099	1.60.1.69913	1.60.1.70170
10100	1.60.1.70009	1.60.1.70170
10101	1.60.1.69913	1.60.1.70170
10102	1.60.1.69913	1.60.1.70170
10103	1.60.1.69913	1.60.1.70170
10104	1.60.1.69913	1.60.1.70170
10105	1.60.1.69913	1.60.1.70170
10106	1.60.1.69913	1.60.1.70170
10107	1.60.1.69913	1.60.1.70170
10108	1.60.1.69913	1.60.1.70170
10109	1.60.1.69913	1.60.1.70170
10110	1.60.1.69913	1.60.1.70170
10111	1.60.1.69913	1.60.1.70170
10112	1.60.1.69913	1.60.1.70170
10113	1.60.1.69913	1.60.1.70170
10118	1.60.1.69913	1.60.1.70170
10119	1.60.1.69913	1.60.1.70170
10120	1.60.1.69913	1.60.1.70170
10121	1.60.1.69913	1.60.1.70170
10122	1.60.1.69913	1.60.1.70170
10123	1.60.1.69913	1.60.1.70170
10124	1.60.1.69913	1.60.1.70170
10125	1.60.1.69913	1.60.1.70170
10126	1.60.1.69913	1.60.1.70170
10127	1.60.1.69913	1.60.1.70170
10128	1.60.1.69913	1.60.1.70170
10129	1.60.1.70009	1.60.1.70170
10130	1.60.1.69913	1.60.1.70170
10131	1.60.1.69913	1.60.1.70170
10132	1.60.1.69913	1.60.1.70170
10133	1.60.1.69913	1.60.1.70170
10134	1.60.1.69913	1.60.1.70170
10135	1.60.1.69913	1.60.1.70170
10136	1.60.1.69913	1.60.1.70170
10137	1.60.1.69913	1.60.1.70170
10138	1.60.1.69913	1.60.1.70170
10139	1.60.1.69913	1.60.1.70170
10140	1.60.1.69913	1.60.1.70170
10141	1.60.1.69913	1.60.1.70170
10142	1.60.1.69913	1.60.1.70170
10143	1.60.1.69913	1.60.1.70170
10144	1.60.1.69913	1.60.1.70170
10145	1.60.1.69913	1.60.1.70170
10146	1.60.1.69913	1.60.1.70170
10147	1.60.1.69913	1.60.1.70170
10148	1.60.1.69913	1.60.1.70170
10149	1.60.1.69913	1.60.1.70170
10150	1.60.1.69913	1.60.1.70170
10151	1.60.1.69913	1.60.1.70170
10152	1.60.1.69913	1.60.1.70170
10153	1.60.1.69913	1.60.1.70170
10154	1.60.1.69913	1.60.1.70170
10155	1.60.1.69913	1.60.1.70170
10156	1.60.1.69913	1.60.1.70170
10157	1.60.1.69913	1.60.1.70170
10158	1.60.1.69913	1.60.1.70170
10159	1.60.1.69913	1.60.1.70170
10160	1.60.1.69913	1.60.1.70170
10161	1.60.1.69913	1.60.1.70170
10162	1.60.1.69913	1.60.1.70170
10163	1.60.1.69913	1.60.1.70170
10164	1.60.1.69913	1.60.1.70170
10165	1.60.1.69913	1.60.1.70170
10166	1.60.1.69913	1.60.1.70170
10167	1.60.1.69913	1.60.1.70170
10168	1.60.1.69913	1.60.1.70170
10169	1.60.1.69913	1.60.1.70170
10170	1.60.1.69913	1.60.1.70170
10171	1.60.1.69913	1.60.1.70170
10172	1.60.1.69913	1.60.1.70170
10173	1.60.1.69913	1.60.1.70170
10174	1.60.1.69913	1.60.1.70170
10175	1.60.1.69913	1.60.1.70170
10176	1.60.1.69913	1.60.1.70170
10177	1.60.1.69913	1.60.1.70170
10178	1.60.1.69913	1.60.1.70170
10179	1.60.1.69913	1.60.1.70170
10180	1.60.1.69913	1.60.1.70170
10181	1.60.1.69913	1.60.1.70170
10182	1.60.1.69913	1.60.1.70170
10183	1.60.1.69913	1.60.1.70170
10184	1.60.1.69913	1.60.1.70170
10185	1.60.1.69913	1.60.1.70170
10186	1.60.1.69913	1.60.1.70170
10187	1.60.1.69913	1.60.1.70170
10188	1.60.1.69913	1.60.1.70170
10189	1.60.1.69913	1.60.1.70170
10190	1.60.1.69913	1.60.1.70170
10191	1.60.1.69913	1.60.1.70170
10192	1.60.1.69913	1.60.1.70170
10193	1.60.1.69913	1.60.1.70170
10194	1.60.1.69913	1.60.1.70170
10195	1.60.1.69913	1.60.1.70170
10196	1.60.1.69913	1.60.1.70170
10197	1.60.1.69913	1.60.1.70170
10198	1.60.1.69913	1.60.1.70170
10199	1.60.1.69913	1.60.1.70170
10200	1.60.1.69913	1.60.1.70170
10201	1.60.1.69913	1.60.1.70170
10202	1.60.1.69913	1.60.1.70170
10203	1.60.1.69913	1.60.1.70170
10204	1.60.1.69913	1.60.1.70170
10205	1.60.1.69913	1.60.1.70170
10206	1.60.1.69913	1.60.1.70170
10207	1.60.1.69913	1.60.1.70170
10208	1.60.1.69913	1.60.1.70170
10209	1.60.1.69913	1.60.1.70170
10210	1.60.1.69913	1.60.1.70170
10211	1.60.1.69913	1.60.1.70170
10212	1.60.1.69913	1.60.1.70170
10213	1.60.1.69913	1.60.1.70170
10214	1.60.1.69913	1.60.1.70170
10215	1.60.1.69913	1.60.1.70170
10216	1.60.1.69913	1.60.1.70170
10217	1.60.1.69913	1.60.1.70170
10218	1.60.1.69913	1.60.1.70170
10219	1.60.1.69913	1.60.1.70170
10220	1.60.1.69913	1.60.1.70170
10221	1.60.1.69913	1.60.1.70170
10222	1.60.1.69913	1.60.1.70170
10223	1.60.1.69913	1.60.1.70170
10224	1.60.1.69913	1.60.1.70170
10225	1.60.1.69913	1.60.1.70170
10226	1.60.1.69913	1.60.1.70170
10227	1.60.1.69913	1.60.1.70170
10228	1.60.1.69913	1.60.1.70170
10229	1.60.1.69913	1.60.1.70170
10230	1.60.1.69913	1.60.1.70170
10231	1.60.1.69913	1.60.1.70170
10232	1.60.1.69913	1.60.1.70170
10233	1.60.1.69913	1.60.1.70170
10234	1.60.1.69913	1.60.1.70170
10235	1.60.1.70009	1.60.1.70170
10236	1.60.1.70009	1.60.1.70170
10237	1.60.1.69913	1.60.1.70170
10238	1.60.1.69913	1.60.1.70170
10239	1.60.1.69913	1.60.1.70170
10240	1.60.1.69913	1.60.1.70170
10241	1.60.1.69913	1.60.1.70170
10242	1.60.1.69913	1.60.1.70170
10243	1.60.1.69913	1.60.1.70170
10244	1.60.1.69913	1.60.1.70170
10245	1.60.1.69913	1.60.1.70170
10246	1.60.1.69913	1.60.1.70170
10247	1.60.1.69913	1.60.1.70170
10248	1.60.1.69913	1.60.1.70170
10249	1.60.1.69913	1.60.1.70170
10250	1.60.1.69913	1.60.1.70170
10251	1.60.1.69913	1.60.1.70170
10252	1.60.1.69913	1.60.1.70170
10253	1.60.1.69913	1.60.1.70170
10254	1.60.1.69913	1.60.1.70170
10255	1.60.1.69913	1.60.1.70170
10256	1.60.1.69913	1.60.1.70170
10257	1.60.1.69913	1.60.1.70170
10258	1.60.1.69913	1.60.1.70170
10259	1.60.1.69913	1.60.1.70170
10260	1.60.1.69913	1.60.1.70170
10261	1.60.1.69913	1.60.1.70170
10262	1.60.1.69913	1.60.1.70170
10263	1.60.1.69913	1.60.1.70170
10264	1.60.1.69913	1.60.1.70170
10265	1.60.1.70009	1.60.1.70170
10266	1.60.1.69913	1.60.1.70170
10267	1.60.1.69913	1.60.1.70170
10268	1.60.1.69913	1.60.1.70170
10269	1.60.1.69913	1.60.1.70170
10270	1.60.1.69913	1.60.1.70170
10271	1.60.1.69913	1.60.1.70170
10272	1.60.1.69913	1.60.1.70170
10273	1.60.1.69913	1.60.1.70170
10274	1.60.1.69913	1.60.1.70170
10275	1.60.1.69913	1.60.1.70170
10276	1.60.1.69913	1.60.1.70170
10277	1.60.1.69913	1.60.1.70170
10278	1.60.1.69913	1.60.1.70170
10279	1.60.1.69913	1.60.1.70170
10280	1.60.1.69913	1.60.1.70170
10281	1.60.1.69913	1.60.1.70170
10282	1.60.1.69913	1.60.1.70170
10283	1.60.1.69913	1.60.1.70170
10284	1.60.1.69913	1.60.1.70170
10285	1.60.1.69913	1.60.1.70170
10286	1.60.1.69913	1.60.1.70170
10287	1.60.1.69913	1.60.1.70170
10288	1.60.1.69913	1.60.1.70170
10289	1.60.1.69913	1.60.1.70170
10290	1.60.1.69913	1.60.1.70170
10298	1.60.1.69913	1.60.1.70170
10299	1.60.1.69913	1.60.1.70170
10300	1.60.1.69913	1.60.1.70170
10301	1.60.1.69913	1.60.1.70170
10302	1.60.1.69913	1.60.1.70170
10305	1.60.1.69913	1.60.1.70170
10306	1.60.1.69913	1.60.1.70170
10307	1.60.1.69913	1.60.1.70170
10308	1.60.1.69913	1.60.1.70170
10309	1.60.1.69913	1.60.1.70170
10310	1.60.1.69913	1.60.1.70170
10311	1.60.1.69913	1.60.1.70170
10312	1.60.1.69913	1.60.1.70170
10314	1.60.1.69913	1.60.1.70170
10315	1.60.1.69913	1.60.1.70170
10316	1.60.1.69913	1.60.1.70170
10317	1.60.1.69913	1.60.1.70170
10318	1.60.1.69913	1.60.1.70170
10320	1.60.1.69913	1.60.1.70170
10321	1.60.1.69913	1.60.1.70170
10323	1.60.1.69913	1.60.1.70170
10325	1.60.1.69913	1.60.1.70170
10326	1.60.1.69913	1.60.1.70170
10327	1.60.1.69913	1.60.1.70170
10338	1.60.1.69913	1.60.1.70170
10358	1.60.1.70170	1.60.1.70170
10359	1.60.1.70170	1.60.1.70170
10360	1.60.1.69913	1.60.1.70170
10361	1.60.1.69913	1.60.1.70170
10362	1.60.1.69913	1.60.1.70170
10363	1.60.1.69913	1.60.1.70170
10364	1.60.1.69913	1.60.1.70170
10365	1.60.1.69913	1.60.1.70170
10366	1.60.1.69913	1.60.1.70170
10367	1.60.1.70009	1.60.1.70170
10368	1.60.1.69913	1.60.1.70170
10369	1.60.1.69913	1.60.1.70170
10370	1.60.1.69913	1.60.1.70170
10371	1.60.1.70009	1.60.1.70170
10372	1.60.1.69913	1.60.1.70170
10373	1.60.1.69913	1.60.1.70170
10374	1.60.1.69913	1.60.1.70170
10375	1.60.1.69913	1.60.1.70170
10376	1.60.1.69913	1.60.1.70170
10377	1.60.1.69913	1.60.1.70170
10378	1.60.1.69913	1.60.1.70170
10379	1.60.1.70009	1.60.1.70170
10380	1.60.1.69913	1.60.1.70170
10381	1.60.1.69913	1.60.1.70170
10382	1.60.1.69913	1.60.1.70170
10383	1.60.1.69913	1.60.1.70170
10384	1.60.1.69913	1.60.1.70170
10385	1.60.1.69913	1.60.1.70170
10386	1.60.1.69913	1.60.1.70170
10387	1.60.1.69913	1.60.1.70170
10388	1.60.1.69913	1.60.1.70170
10389	1.60.1.69913	1.60.1.70170
10390	1.60.1.69913	1.60.1.70170
10391	1.60.1.69913	1.60.1.70170
10392	1.60.1.69913	1.60.1.70170
10393	1.60.1.69913	1.60.1.70170
10394	1.60.1.69913	1.60.1.70170
10398	1.60.1.69913	1.60.1.70170
10399	1.60.1.69913	1.60.1.70170
10400	1.60.1.69913	1.60.1.70170
10401	1.60.1.69913	1.60.1.70170
10402	1.60.1.69913	1.60.1.70170
10403	1.60.1.69913	1.60.1.70170
10404	1.60.1.69913	1.60.1.70170
10405	1.60.1.69913	1.60.1.70170
10406	1.60.1.69913	1.60.1.70170
10407	1.60.1.69913	1.60.1.70170
10408	1.60.1.69913	1.60.1.70170
10409	1.60.1.69913	1.60.1.70170
10410	1.60.1.69913	1.60.1.70170
10411	1.60.1.69913	1.60.1.70170
10412	1.60.1.69913	1.60.1.70170
10413	1.60.1.69913	1.60.1.70170
10414	1.60.1.69913	1.60.1.70170
10418	1.60.1.69913	1.60.1.70170
10420	1.60.1.69913	1.60.1.70170
10421	1.60.1.69913	1.60.1.70170
10423	1.60.1.69913	1.60.1.70170
10424	1.60.1.69913	1.60.1.70170
10438	1.60.1.69913	1.60.1.70170
10439	1.60.1.69913	1.60.1.70170
10440	1.60.1.69913	1.60.1.70170
10441	1.60.1.69913	1.60.1.70170
10442	1.60.1.69913	1.60.1.70170
10443	1.60.1.69913	1.60.1.70170
10444	1.60.1.69913	1.60.1.70170
10445	1.60.1.69913	1.60.1.70170
10446	1.60.1.69913	1.60.1.70170
10447	1.60.1.69913	1.60.1.70170
10450	1.60.1.69913	1.60.1.70170
10456	1.60.1.69913	1.60.1.70170
10457	1.60.1.69913	1.60.1.70170
10458	1.60.1.69913	1.60.1.70170
10459	1.60.1.69913	1.60.1.70170
10460	1.60.1.69913	1.60.1.70170
10461	1.60.1.69913	1.60.1.70170
10462	1.60.1.69913	1.60.1.70170
10463	1.60.1.69913	1.60.1.70170
10464	1.60.1.69913	1.60.1.70170
10465	1.60.1.69913	1.60.1.70170
10466	1.60.1.69913	1.60.1.70170
10467	1.60.1.69913	1.60.1.70170
10478	1.60.1.69913	1.60.1.70170
10479	1.60.1.69913	1.60.1.70170
10498	1.60.1.69913	1.60.1.70170
10499	1.60.1.69913	1.60.1.70170
10500	1.60.1.69913	1.60.1.70170
10501	1.60.1.69913	1.60.1.70170
10502	1.60.1.69913	1.60.1.70170
10503	1.60.1.69913	1.60.1.70170
10504	1.60.1.69913	1.60.1.70170
10505	1.60.1.69913	1.60.1.70170
10506	1.60.1.69913	1.60.1.70170
10507	1.60.1.69913	1.60.1.70170
10508	1.60.1.69913	1.60.1.70170
10509	1.60.1.69913	1.60.1.70170
10510	1.60.1.69913	1.60.1.70170
10511	1.60.1.69913	1.60.1.70170
10512	1.60.1.69913	1.60.1.70170
10513	1.60.1.69913	1.60.1.70170
10514	1.60.1.69913	1.60.1.70170
10515	1.60.1.69913	1.60.1.70170
10518	1.60.1.69913	1.60.1.70170
10538	1.60.1.69913	1.60.1.70170
10539	1.60.1.69913	1.60.1.70170
10540	1.60.1.69913	1.60.1.70170
10541	1.60.1.69913	1.60.1.70170
10542	1.60.1.69913	1.60.1.70170
10543	1.60.1.69913	1.60.1.70170
10544	1.60.1.69913	1.60.1.70170
10545	1.60.1.69913	1.60.1.70170
10546	1.60.1.69913	1.60.1.70170
10547	1.60.1.69913	1.60.1.70170
10548	1.60.1.69913	1.60.1.70170
10549	1.60.1.69913	1.60.1.70170
10550	1.60.1.69913	1.60.1.70170
10551	1.60.1.69913	1.60.1.70170
10552	1.60.1.69913	1.60.1.70170
10553	1.60.1.69913	1.60.1.70170
10554	1.60.1.69913	1.60.1.70170
10555	1.60.1.69913	1.60.1.70170
10556	1.60.1.69913	1.60.1.70170
10558	1.60.1.69913	1.60.1.70170
10559	1.60.1.69913	1.60.1.70170
10560	1.60.1.69913	1.60.1.70170
10561	1.60.1.69913	1.60.1.70170
10562	1.60.1.69913	1.60.1.70170
10563	1.60.1.69913	1.60.1.70170
10564	1.60.1.69913	1.60.1.70170
10565	1.60.1.69913	1.60.1.70170
10566	1.60.1.69913	1.60.1.70170
10568	1.60.1.69913	1.60.1.70170
10569	1.60.1.69913	1.60.1.70170
10575	1.60.1.69913	1.60.1.70170
10576	1.60.1.69913	1.60.1.70170
10577	1.60.1.69913	1.60.1.70170
10579	1.60.1.69913	1.60.1.70170
10586	1.60.1.69913	1.60.1.70170
10587	1.60.1.69913	1.60.1.70170
10588	1.60.1.69913	1.60.1.70170
10589	1.60.1.69913	1.60.1.70170
10590	1.60.1.69913	1.60.1.70170
10591	1.60.1.69913	1.60.1.70170
10592	1.60.1.69913	1.60.1.70170
10593	1.60.1.69913	1.60.1.70170
10594	1.60.1.69913	1.60.1.70170
10595	1.60.1.69913	1.60.1.70170
10596	1.60.1.69913	1.60.1.70170
10597	1.60.1.69913	1.60.1.70170
10598	1.60.1.69913	1.60.1.70170
10599	1.60.1.69913	1.60.1.70170
10600	1.60.1.69913	1.60.1.70170
10601	1.60.1.69913	1.60.1.70170
10602	1.60.1.69913	1.60.1.70170
10603	1.60.1.69913	1.60.1.70170
10604	1.60.1.69913	1.60.1.70170
10605	1.60.1.69913	1.60.1.70170
10606	1.60.1.69913	1.60.1.70170
10607	1.60.1.69913	1.60.1.70170
10608	1.60.1.69913	1.60.1.70170
10609	1.60.1.69913	1.60.1.70170
10610	1.60.1.69913	1.60.1.70170
10611	1.60.1.69913	1.60.1.70170
10612	1.60.1.69913	1.60.1.70170
10613	1.60.1.69913	1.60.1.70170
10614	1.60.1.69913	1.60.1.70170
10615	1.60.1.69913	1.60.1.70170
10616	1.60.1.69913	1.60.1.70170
10617	1.60.1.69913	1.60.1.70170
10618	1.60.1.69913	1.60.1.70170
10619	1.60.1.69913	1.60.1.70170
10620	1.60.1.69913	1.60.1.70170
10621	1.60.1.69913	1.60.1.70170
10622	1.60.1.69913	1.60.1.70170
10635	1.60.1.69913	1.60.1.70170
10636	1.60.1.69913	1.60.1.70170
10637	1.60.1.69913	1.60.1.70170
10638	1.60.1.69913	1.60.1.70170
10639	1.60.1.69913	1.60.1.70170
10640	1.60.1.69913	1.60.1.70170
10641	1.60.1.69913	1.60.1.70170
10642	1.60.1.69913	1.60.1.70170
10643	1.60.1.69913	1.60.1.70170
10644	1.60.1.69913	1.60.1.70170
10645	1.60.1.69913	1.60.1.70170
10646	1.60.1.69913	1.60.1.70170
10647	1.60.1.69913	1.60.1.70170
10648	1.60.1.69913	1.60.1.70170
10649	1.60.1.69913	1.60.1.70170
10650	1.60.1.69913	1.60.1.70170
10651	1.60.1.69913	1.60.1.70170
10652	1.60.1.69913	1.60.1.70170
10653	1.60.1.69913	1.60.1.70170
10654	1.60.1.69913	1.60.1.70170
10655	1.60.1.69913	1.60.1.70170
10656	1.60.1.69913	1.60.1.70170
10657	1.60.1.69913	1.60.1.70170
10658	1.60.1.69913	1.60.1.70170
10659	1.60.1.69913	1.60.1.70170
10660	1.60.1.69913	1.60.1.70170
10661	1.60.1.69913	1.60.1.70170
10662	1.60.1.69913	1.60.1.70170
10663	1.60.1.69913	1.60.1.70170
10664	1.60.1.69913	1.60.1.70170
10678	1.60.1.69913	1.60.1.70170
10679	1.60.1.69913	1.60.1.70170
10680	1.60.1.69913	1.60.1.70170
10681	1.60.1.69913	1.60.1.70170
10682	1.60.1.69913	1.60.1.70170
10683	1.60.1.69913	1.60.1.70170
10684	1.60.1.69913	1.60.1.70170
10685	1.60.1.69913	1.60.1.70170
10686	1.60.1.69913	1.60.1.70170
10687	1.60.1.69913	1.60.1.70170
10688	1.60.1.69913	1.60.1.70170
10689	1.60.1.69913	1.60.1.70170
10690	1.60.1.69913	1.60.1.70170
10691	1.60.1.69913	1.60.1.70170
10692	1.60.1.69913	1.60.1.70170
10693	1.60.1.69913	1.60.1.70170
10694	1.60.1.69913	1.60.1.70170
10695	1.60.1.69913	1.60.1.70170
10696	1.60.1.69913	1.60.1.70170
10697	1.60.1.69913	1.60.1.70170
10698	1.60.1.69913	1.60.1.70170
10699	1.60.1.69913	1.60.1.70170
10700	1.60.1.69913	1.60.1.70170
10701	1.60.1.69913	1.60.1.70170
10702	1.60.1.69913	1.60.1.70170
10703	1.60.1.69913	1.60.1.70170
10704	1.60.1.69913	1.60.1.70170
10705	1.60.1.69913	1.60.1.70170
10706	1.60.1.69913	1.60.1.70170
10707	1.60.1.69913	1.60.1.70170
10708	1.60.1.69913	1.60.1.70170
10709	1.60.1.69913	1.60.1.70170
10712	1.60.1.69913	1.60.1.70170
10713	1.60.1.69913	1.60.1.70170
10714	1.60.1.69913	1.60.1.70170
10715	1.60.1.69913	1.60.1.70170
10716	1.60.1.69913	1.60.1.70170
10717	1.60.1.69913	1.60.1.70170
10718	1.60.1.69913	1.60.1.70170
10719	1.60.1.69913	1.60.1.70170
10720	1.60.1.69913	1.60.1.70170
10721	1.60.1.69913	1.60.1.70170
10722	1.60.1.69913	1.60.1.70170
10724	1.60.1.69913	1.60.1.70170
10725	1.60.1.69913	1.60.1.70170
10726	1.60.1.69913	1.60.1.70170
10727	1.60.1.69913	1.60.1.70170
10728	1.60.1.69913	1.60.1.70170
10738	1.60.1.69913	1.60.1.70170
10739	1.60.1.69913	1.60.1.70170
10740	1.60.1.69913	1.60.1.70170
10741	1.60.1.69913	1.60.1.70170
10742	1.60.1.69913	1.60.1.70170
10743	1.60.1.69913	1.60.1.70170
10744	1.60.1.69913	1.60.1.70170
10745	1.60.1.69913	1.60.1.70170
10746	1.60.1.69913	1.60.1.70170
10747	1.60.1.69913	1.60.1.70170
10748	1.60.1.69913	1.60.1.70170
10752	1.60.1.69913	1.60.1.70170
10753	1.60.1.69913	1.60.1.70170
10754	1.60.1.69913	1.60.1.70170
10755	1.60.1.69913	1.60.1.70170
10756	1.60.1.69913	1.60.1.70170
10757	1.60.1.69913	1.60.1.70170
10759	1.60.1.69913	1.60.1.70170
10773	1.60.1.69913	1.60.1.70170
10778	1.60.1.69913	1.60.1.70170
10779	1.60.1.69913	1.60.1.70170
10789	1.60.1.69913	1.60.1.70170
10790	1.60.1.69913	1.60.1.70170
10791	1.60.1.69913	1.60.1.70170
10792	1.60.1.69913	1.60.1.70170
10793	1.60.1.69913	1.60.1.70170
10794	1.60.1.69913	1.60.1.70170
10818	1.60.1.69913	1.60.1.70170
10819	1.60.1.69913	1.60.1.70170
10820	1.60.1.69913	1.60.1.70170
10821	1.60.1.69913	1.60.1.70170
10822	1.60.1.69913	1.60.1.70170
10825	1.60.1.69913	1.60.1.70170
10826	1.60.1.69913	1.60.1.70170
10827	1.60.1.69913	1.60.1.70170
10830	1.60.1.69913	1.60.1.70170
10831	1.60.1.69913	1.60.1.70170
10832	1.60.1.69913	1.60.1.70170
10834	1.60.1.69913	1.60.1.70170
10839	1.60.1.69913	1.60.1.70170
10840	1.60.1.69913	1.60.1.70170
10841	1.60.1.69913	1.60.1.70170
10858	1.60.1.69913	1.60.1.70170
10878	1.60.1.69913	1.60.1.70170
10898	1.60.1.69913	1.60.1.70170
10918	1.60.1.69913	1.60.1.70170
10919	1.60.1.69913	1.60.1.70170
10920	1.60.1.69913	1.60.1.70170
10921	1.60.1.69913	1.60.1.70170
10922	1.60.1.69913	1.60.1.70170
10938	1.60.1.69913	1.60.1.70170
10939	1.60.1.69913	1.60.1.70170
10940	1.60.1.69913	1.60.1.70170
10958	1.60.1.69913	1.60.1.70170
10959	1.60.1.69913	1.60.1.70170
10978	1.60.1.69913	1.60.1.70170
10998	1.60.1.69913	1.60.1.70170
10999	1.60.1.69913	1.60.1.70170
11000	1.60.1.69913	1.60.1.70170
11018	1.60.1.69913	1.60.1.70170
11019	1.60.1.69913	1.60.1.70170
11020	1.60.1.69913	1.60.1.70170
11021	1.60.1.69913	1.60.1.70170
11022	1.60.1.69913	1.60.1.70170
11023	1.60.1.69913	1.60.1.70170
11024	1.60.1.69913	1.60.1.70170
11025	1.60.1.69913	1.60.1.70170
11026	1.60.1.69913	1.60.1.70170
11027	1.60.1.69913	1.60.1.70170
11038	1.60.1.69913	1.60.1.70170
11039	1.60.1.69913	1.60.1.70170
11040	1.60.1.69913	1.60.1.70170
11041	1.60.1.69913	1.60.1.70170
11042	1.60.1.69913	1.60.1.70170
11058	1.60.1.69913	1.60.1.70170
11078	1.60.1.69913	1.60.1.70170
11079	1.60.1.69913	1.60.1.70170
11080	1.60.1.69913	1.60.1.70170
11081	1.60.1.69913	1.60.1.70170
11082	1.60.1.69913	1.60.1.70170
11083	1.60.1.69913	1.60.1.70170
11084	1.60.1.69913	1.60.1.70170
11085	1.60.1.69913	1.60.1.70170
11087	1.60.1.69913	1.60.1.70170
11098	1.60.1.69913	1.60.1.70170
11099	1.60.1.69913	1.60.1.70170
11101	1.60.1.69913	1.60.1.70170
11102	1.60.1.69913	1.60.1.70170
11103	1.60.1.69913	1.60.1.70170
11104	1.60.1.69913	1.60.1.70170
11105	1.60.1.69913	1.60.1.70170
11106	1.60.1.69913	1.60.1.70170
11107	1.60.1.69913	1.60.1.70170
11108	1.60.1.69913	1.60.1.70170
11109	1.60.1.69913	1.60.1.70170
11110	1.60.1.69913	1.60.1.70170
11111	1.60.1.69913	1.60.1.70170
11112	1.60.1.69913	1.60.1.70170
11113	1.60.1.69913	1.60.1.70170
11114	1.60.1.69913	1.60.1.70170
11115	1.60.1.69913	1.60.1.70170
11116	1.60.1.69913	1.60.1.70170
11119	1.60.1.69913	1.60.1.70170
11120	1.60.1.69913	1.60.1.70170
11121	1.60.1.69913	1.60.1.70170
11122	1.60.1.69913	1.60.1.70170
11125	1.60.1.69913	1.60.1.70170
11126	1.60.1.69913	1.60.1.70170
11127	1.60.1.69913	1.60.1.70170
11128	1.60.1.69913	1.60.1.70170
11129	1.60.1.69913	1.60.1.70170
11130	1.60.1.69913	1.60.1.70170
11131	1.60.1.69913	1.60.1.70170
11132	1.60.1.69913	1.60.1.70170
11133	1.60.1.69913	1.60.1.70170
11134	1.60.1.69913	1.60.1.70170
11135	1.60.1.69913	1.60.1.70170
11136	1.60.1.69913	1.60.1.70170
11137	1.60.1.69913	1.60.1.70170
11138	1.60.1.69913	1.60.1.70170
11139	1.60.1.69913	1.60.1.70170
11140	1.60.1.69913	1.60.1.70170
11141	1.60.1.69913	1.60.1.70170
11142	1.60.1.69913	1.60.1.70170
11143	1.60.1.69913	1.60.1.70170
11144	1.60.1.69913	1.60.1.70170
11145	1.60.1.69913	1.60.1.70170
11146	1.60.1.69913	1.60.1.70170
11147	1.60.1.69913	1.60.1.70170
11148	1.60.1.69913	1.60.1.70170
11149	1.60.1.69913	1.60.1.70170
11150	1.60.1.69913	1.60.1.70170
11151	1.60.1.69913	1.60.1.70170
11152	1.60.1.69913	1.60.1.70170
11162	1.60.1.69913	1.60.1.70170
11163	1.60.1.69913	1.60.1.70170
11164	1.60.1.69913	1.60.1.70170
11165	1.60.1.69913	1.60.1.70170
11166	1.60.1.69913	1.60.1.70170
11167	1.60.1.69913	1.60.1.70170
11168	1.60.1.69913	1.60.1.70170
11169	1.60.1.69913	1.60.1.70170
11170	1.60.1.69913	1.60.1.70170
11171	1.60.1.69913	1.60.1.70170
11172	1.60.1.69913	1.60.1.70170
11173	1.60.1.69913	1.60.1.70170
11174	1.60.1.69913	1.60.1.70170
11175	1.60.1.69913	1.60.1.70170
11176	1.60.1.69913	1.60.1.70170
11177	1.60.1.69913	1.60.1.70170
11178	1.60.1.69913	1.60.1.70170
11179	1.60.1.69913	1.60.1.70170
11184	1.60.1.69913	1.60.1.70170
11185	1.60.1.69913	1.60.1.70170
11186	1.60.1.69913	1.60.1.70170
11187	1.60.1.69913	1.60.1.70170
11188	1.60.1.69913	1.60.1.70170
11189	1.60.1.69913	1.60.1.70170
11190	1.60.1.69913	1.60.1.70170
11191	1.60.1.69913	1.60.1.70170
11192	1.60.1.69913	1.60.1.70170
11193	1.60.1.69913	1.60.1.70170
11194	1.60.1.69913	1.60.1.70170
11195	1.60.1.69913	1.60.1.70170
11196	1.60.1.69913	1.60.1.70170
11197	1.60.1.69913	1.60.1.70170
11198	1.60.1.69913	1.60.1.70170
11199	1.60.1.69913	1.60.1.70170
11200	1.60.1.69913	1.60.1.70170
11201	1.60.1.69913	1.60.1.70170
11202	1.60.1.69913	1.60.1.70170
11203	1.60.1.69913	1.60.1.70170
11204	1.60.1.69913	1.60.1.70170
11205	1.60.1.69913	1.60.1.70170
11206	1.60.1.69913	1.60.1.70170
11207	1.60.1.69913	1.60.1.70170
11208	1.60.1.69913	1.60.1.70170
11222	1.60.1.69913	1.60.1.70170
11223	1.60.1.69913	1.60.1.70170
11224	1.60.1.69913	1.60.1.70170
11225	1.60.1.69913	1.60.1.70170
11226	1.60.1.69913	1.60.1.70170
11227	1.60.1.69913	1.60.1.70170
11228	1.60.1.69913	1.60.1.70170
11229	1.60.1.69913	1.60.1.70170
11230	1.60.1.69913	1.60.1.70170
11231	1.60.1.69913	1.60.1.70170
11242	1.60.1.69913	1.60.1.70170
11243	1.60.1.69913	1.60.1.70170
11263	1.60.1.69913	1.60.1.70170
11264	1.60.1.69913	1.60.1.70170
11265	1.60.1.69913	1.60.1.70170
11266	1.60.1.69913	1.60.1.70170
11267	1.60.1.69913	1.60.1.70170
11268	1.60.1.69913	1.60.1.70170
11269	1.60.1.69913	1.60.1.70170
11270	1.60.1.69913	1.60.1.70170
11282	1.60.1.69913	1.60.1.70170
11283	1.60.1.69913	1.60.1.70170
11284	1.60.1.69913	1.60.1.70170
11285	1.60.1.69913	1.60.1.70170
11286	1.60.1.69913	1.60.1.70170
11287	1.60.1.69913	1.60.1.70170
11288	1.60.1.69913	1.60.1.70170
11289	1.60.1.69913	1.60.1.70170
11291	1.60.1.69913	1.60.1.70170
11302	1.60.1.69913	1.60.1.70170
11303	1.60.1.69913	1.60.1.70170
11304	1.60.1.69913	1.60.1.70170
11305	1.60.1.69913	1.60.1.70170
11306	1.60.1.69913	1.60.1.70170
11307	1.60.1.69913	1.60.1.70170
11308	1.60.1.69913	1.60.1.70170
11309	1.60.1.69913	1.60.1.70170
11312	1.60.1.69913	1.60.1.70170
11313	1.60.1.69913	1.60.1.70170
11314	1.60.1.69913	1.60.1.70170
11315	1.60.1.69913	1.60.1.70170
11316	1.60.1.69913	1.60.1.70170
11317	1.60.1.69913	1.60.1.70170
11318	1.60.1.69913	1.60.1.70170
11319	1.60.1.69913	1.60.1.70170
11320	1.60.1.69913	1.60.1.70170
11321	1.60.1.69913	1.60.1.70170
11322	1.60.1.69913	1.60.1.70170
11323	1.60.1.69913	1.60.1.70170
11324	1.60.1.69913	1.60.1.70170
11325	1.60.1.69913	1.60.1.70170
11342	1.60.1.69913	1.60.1.70170
11343	1.60.1.69913	1.60.1.70170
11362	1.60.1.69913	1.60.1.70170
11363	1.60.1.69913	1.60.1.70170
11364	1.60.1.69913	1.60.1.70170
11365	1.60.1.69913	1.60.1.70170
11366	1.60.1.69913	1.60.1.70170
11367	1.60.1.69913	1.60.1.70170
11368	1.60.1.69913	1.60.1.70170
11369	1.60.1.69913	1.60.1.70170
11370	1.60.1.69913	1.60.1.70170
11371	1.60.1.69913	1.60.1.70170
11382	1.60.1.69913	1.60.1.70170
11383	1.60.1.69913	1.60.1.70170
11384	1.60.1.69913	1.60.1.70170
11385	1.60.1.69913	1.60.1.70170
11386	1.60.1.69913	1.60.1.70170
11387	1.60.1.69913	1.60.1.70170
11388	1.60.1.69913	1.60.1.70170
11389	1.60.1.69913	1.60.1.70170
11390	1.60.1.69913	1.60.1.70170
11391	1.60.1.69913	1.60.1.70170
11392	1.60.1.69913	1.60.1.70170
11393	1.60.1.69913	1.60.1.70170
11394	1.60.1.69913	1.60.1.70170
11395	1.60.1.69913	1.60.1.70170
11402	1.60.1.69913	1.60.1.70170
11403	1.60.1.69913	1.60.1.70170
11404	1.60.1.69913	1.60.1.70170
11405	1.60.1.69913	1.60.1.70170
11406	1.60.1.69913	1.60.1.70170
11407	1.60.1.69913	1.60.1.70170
11408	1.60.1.69913	1.60.1.70170
11409	1.60.1.69913	1.60.1.70170
11410	1.60.1.69913	1.60.1.70170
11411	1.60.1.69913	1.60.1.70170
11412	1.60.1.69913	1.60.1.70170
11413	1.60.1.69913	1.60.1.70170
11414	1.60.1.69913	1.60.1.70170
11415	1.60.1.69913	1.60.1.70170
11416	1.60.1.69913	1.60.1.70170
11417	1.60.1.69913	1.60.1.70170
11418	1.60.1.69913	1.60.1.70170
11419	1.60.1.69913	1.60.1.70170
11420	1.60.1.69913	1.60.1.70170
11424	1.60.1.69913	1.60.1.70170
11442	1.60.1.69913	1.60.1.70170
11443	1.60.1.69913	1.60.1.70170
11444	1.60.1.69913	1.60.1.70170
11445	1.60.1.69913	1.60.1.70170
11446	1.60.1.69913	1.60.1.70170
11462	1.60.1.69913	1.60.1.70170
11463	1.60.1.69913	1.60.1.70170
11464	1.60.1.69913	1.60.1.70170
11465	1.60.1.69913	1.60.1.70170
11466	1.60.1.69913	1.60.1.70170
11467	1.60.1.69913	1.60.1.70170
11468	1.60.1.69913	1.60.1.70170
11469	1.60.1.69913	1.60.1.70170
11470	1.60.1.69913	1.60.1.70170
11471	1.60.1.69913	1.60.1.70170
11472	1.60.1.69913	1.60.1.70170
11473	1.60.1.69913	1.60.1.70170
11474	1.60.1.69913	1.60.1.70170
11475	1.60.1.69913	1.60.1.70170
11476	1.60.1.69913	1.60.1.70170
11477	1.60.1.69913	1.60.1.70170
11478	1.60.1.69913	1.60.1.70170
11479	1.60.1.69913	1.60.1.70170
11480	1.60.1.69913	1.60.1.70170
11482	1.60.1.69913	1.60.1.70170
11502	1.60.1.69913	1.60.1.70170
11503	1.60.1.69913	1.60.1.70170
11504	1.60.1.69913	1.60.1.70170
11505	1.60.1.69913	1.60.1.70170
11506	1.60.1.69913	1.60.1.70170
11507	1.60.1.69913	1.60.1.70170
11508	1.60.1.69913	1.60.1.70170
11509	1.60.1.69913	1.60.1.70170
11510	1.60.1.69913	1.60.1.70170
11511	1.60.1.69913	1.60.1.70170
11512	1.60.1.69913	1.60.1.70170
11513	1.60.1.69913	1.60.1.70170
11514	1.60.1.69913	1.60.1.70170
11515	1.60.1.69913	1.60.1.70170
11516	1.60.1.69913	1.60.1.70170
11522	1.60.1.69913	1.60.1.70170
11542	1.60.1.69913	1.60.1.70170
11562	1.60.1.69913	1.60.1.70170
11563	1.60.1.69913	1.60.1.70170
11564	1.60.1.69913	1.60.1.70170
11565	1.60.1.69913	1.60.1.70170
11566	1.60.1.69913	1.60.1.70170
11567	1.60.1.69913	1.60.1.70170
11568	1.60.1.69913	1.60.1.70170
11569	1.60.1.69913	1.60.1.70170
11570	1.60.1.69913	1.60.1.70170
11582	1.60.1.69913	1.60.1.70170
11583	1.60.1.69913	1.60.1.70170
11584	1.60.1.69913	1.60.1.70170
11585	1.60.1.69913	1.60.1.70170
11586	1.60.1.69913	1.60.1.70170
11587	1.60.1.69913	1.60.1.70170
11588	1.60.1.69913	1.60.1.70170
11589	1.60.1.69913	1.60.1.70170
11590	1.60.1.69913	1.60.1.70170
11591	1.60.1.69913	1.60.1.70170
11602	1.60.1.69913	1.60.1.70170
11604	1.60.1.69913	1.60.1.70170
11605	1.60.1.69913	1.60.1.70170
11606	1.60.1.69913	1.60.1.70170
11607	1.60.1.69913	1.60.1.70170
11608	1.60.1.69913	1.60.1.70170
11609	1.60.1.69913	1.60.1.70170
11610	1.60.1.69913	1.60.1.70170
11611	1.60.1.69913	1.60.1.70170
11612	1.60.1.69913	1.60.1.70170
11613	1.60.1.69913	1.60.1.70170
11614	1.60.1.69913	1.60.1.70170
11615	1.60.1.69913	1.60.1.70170
11616	1.60.1.69913	1.60.1.70170
11617	1.60.1.69913	1.60.1.70170
11622	1.60.1.69913	1.60.1.70170
11642	1.60.1.69913	1.60.1.70170
11643	1.60.1.69913	1.60.1.70170
11644	1.60.1.69913	1.60.1.70170
11645	1.60.1.69913	1.60.1.70170
11646	1.60.1.69913	1.60.1.70170
11647	1.60.1.69913	1.60.1.70170
11648	1.60.1.69913	1.60.1.70170
11649	1.60.1.69913	1.60.1.70170
11663	1.60.1.69913	1.60.1.70170
11664	1.60.1.69913	1.60.1.70170
11666	1.60.1.69913	1.60.1.70170
11667	1.60.1.69913	1.60.1.70170
11668	1.60.1.69913	1.60.1.70170
11670	1.60.1.69913	1.60.1.70170
11671	1.60.1.69913	1.60.1.70170
11672	1.60.1.69913	1.60.1.70170
11673	1.60.1.69913	1.60.1.70170
11674	1.60.1.69913	1.60.1.70170
11676	1.60.1.69913	1.60.1.70170
11682	1.60.1.69913	1.60.1.70170
11683	1.60.1.69913	1.60.1.70170
11723	1.60.1.69913	1.60.1.70170
11724	1.60.1.69913	1.60.1.70170
11725	1.60.1.69913	1.60.1.70170
11727	1.60.1.69913	1.60.1.70170
11732	1.60.1.69913	1.60.1.70170
11733	1.60.1.69913	1.60.1.70170
11734	1.60.1.69913	1.60.1.70170
11736	1.60.1.69913	1.60.1.70170
11737	1.60.1.69913	1.60.1.70170
11751	1.60.1.69913	1.60.1.70170
11752	1.60.1.69913	1.60.1.70170
11753	1.60.1.69913	1.60.1.70170
11754	1.60.1.69913	1.60.1.70170
11762	1.60.1.69913	1.60.1.70170
11763	1.60.1.69913	1.60.1.70170
11804	1.60.1.69913	1.60.1.70170
11811	1.60.1.69913	1.60.1.70170
11813	1.60.1.69913	1.60.1.70170
11818	1.60.1.69913	1.60.1.70170
11825	1.60.1.69913	1.60.1.70170
11826	1.60.1.69913	1.60.1.70170
11827	1.60.1.69913	1.60.1.70170
11828	1.60.1.69913	1.60.1.70170
11829	1.60.1.69913	1.60.1.70170
11830	1.60.1.69913	1.60.1.70170
11831	1.60.1.69913	1.60.1.70170
11833	1.60.1.69913	1.60.1.70170
11834	1.60.1.69913	1.60.1.70170
11835	1.60.1.69913	1.60.1.70170
11837	1.60.1.69913	1.60.1.70170
11838	1.60.1.69913	1.60.1.70170
11840	1.60.1.69913	1.60.1.70170
11843	1.60.1.69913	1.60.1.70170
11844	1.60.1.69913	1.60.1.70170
11845	1.60.1.69913	1.60.1.70170
11846	1.60.1.69913	1.60.1.70170
11847	1.60.1.69913	1.60.1.70170
11848	1.60.1.69913	1.60.1.70170
11849	1.60.1.69913	1.60.1.70170
11850	1.60.1.69913	1.60.1.70170
11851	1.60.1.69913	1.60.1.70170
11852	1.60.1.69913	1.60.1.70170
11853	1.60.1.69913	1.60.1.70170
11854	1.60.1.69913	1.60.1.70170
11855	1.60.1.69913	1.60.1.70170
11856	1.60.1.69913	1.60.1.70170
11857	1.60.1.69913	1.60.1.70170
11858	1.60.1.69913	1.60.1.70170
11859	1.60.1.69913	1.60.1.70170
11860	1.60.1.69913	1.60.1.70170
11861	1.60.1.69913	1.60.1.70170
11862	1.60.1.69913	1.60.1.70170
11863	1.60.1.69913	1.60.1.70170
11864	1.60.1.69913	1.60.1.70170
11867	1.60.1.69913	1.60.1.70170
11868	1.60.1.69913	1.60.1.70170
11869	1.60.1.69913	1.60.1.70170
11870	1.60.1.69913	1.60.1.70170
11871	1.60.1.69913	1.60.1.70170
11872	1.60.1.69913	1.60.1.70170
11873	1.60.1.69913	1.60.1.70170
11874	1.60.1.69913	1.60.1.70170
11875	1.60.1.69913	1.60.1.70170
11876	1.60.1.69913	1.60.1.70170
11882	1.60.1.69913	1.60.1.70170
11883	1.60.1.69913	1.60.1.70170
11884	1.60.1.69913	1.60.1.70170
11885	1.60.1.69913	1.60.1.70170
11886	1.60.1.69913	1.60.1.70170
11887	1.60.1.69913	1.60.1.70170
11888	1.60.1.69913	1.60.1.70170
11889	1.60.1.69913	1.60.1.70170
11902	1.60.1.69913	1.60.1.70170
11903	1.60.1.69913	1.60.1.70170
11904	1.60.1.69913	1.60.1.70170
11905	1.60.1.69913	1.60.1.70170
11906	1.60.1.69913	1.60.1.70170
11907	1.60.1.69913	1.60.1.70170
11908	1.60.1.69913	1.60.1.70170
11909	1.60.1.69913	1.60.1.70170
11910	1.60.1.69913	1.60.1.70170
11911	1.60.1.69913	1.60.1.70170
11912	1.60.1.69913	1.60.1.70170
11913	1.60.1.69913	1.60.1.70170
11914	1.60.1.69913	1.60.1.70170
11915	1.60.1.69913	1.60.1.70170
11916	1.60.1.69913	1.60.1.70170
11917	1.60.1.69913	1.60.1.70170
11918	1.60.1.69913	1.60.1.70170
11919	1.60.1.69913	1.60.1.70170
11936	1.60.1.69913	1.60.1.70170
11937	1.60.1.69913	1.60.1.70170
11938	1.60.1.69913	1.60.1.70170
11939	1.60.1.69913	1.60.1.70170
11940	1.60.1.69913	1.60.1.70170
11941	1.60.1.69913	1.60.1.70170
11942	1.60.1.69913	1.60.1.70170
11943	1.60.1.69913	1.60.1.70170
11944	1.60.1.69913	1.60.1.70170
11945	1.60.1.69913	1.60.1.70170
11946	1.60.1.69913	1.60.1.70170
11947	1.60.1.69913	1.60.1.70170
11948	1.60.1.69913	1.60.1.70170
11949	1.60.1.69913	1.60.1.70170
11950	1.60.1.69913	1.60.1.70170
11951	1.60.1.69913	1.60.1.70170
11952	1.60.1.69913	1.60.1.70170
11953	1.60.1.69913	1.60.1.70170
11954	1.60.1.69913	1.60.1.70170
11955	1.60.1.69913	1.60.1.70170
11965	1.60.1.69913	1.60.1.70170
11966	1.60.1.69913	1.60.1.70170
11967	1.60.1.69913	1.60.1.70170
11968	1.60.1.69913	1.60.1.70170
11969	1.60.1.69913	1.60.1.70170
11970	1.60.1.69913	1.60.1.70170
11971	1.60.1.69913	1.60.1.70170
11972	1.60.1.69913	1.60.1.70170
11973	1.60.1.69913	1.60.1.70170
11974	1.60.1.69913	1.60.1.70170
11975	1.60.1.69913	1.60.1.70170
11976	1.60.1.69913	1.60.1.70170
11977	1.60.1.69913	1.60.1.70170
11978	1.60.1.69913	1.60.1.70170
11979	1.60.1.69913	1.60.1.70170
11980	1.60.1.69913	1.60.1.70170
11981	1.60.1.69913	1.60.1.70170
11982	1.60.1.69913	1.60.1.70170
11983	1.60.1.69913	1.60.1.70170
11984	1.60.1.69913	1.60.1.70170
11985	1.60.1.69913	1.60.1.70170
11986	1.60.1.69913	1.60.1.70170
11987	1.60.1.69913	1.60.1.70170
11988	1.60.1.69913	1.60.1.70170
11989	1.60.1.69913	1.60.1.70170
11990	1.60.1.69913	1.60.1.70170
11991	1.60.1.69913	1.60.1.70170
11992	1.60.1.69913	1.60.1.70170
11993	1.60.1.69913	1.60.1.70170
11994	1.60.1.69913	1.60.1.70170
11995	1.60.1.69913	1.60.1.70170
11996	1.60.1.69913	1.60.1.70170
11997	1.60.1.69913	1.60.1.70170
11998	1.60.1.69913	1.60.1.70170
11999	1.60.1.69913	1.60.1.70170
12001	1.60.1.69913	1.60.1.70170
12002	1.60.1.69913	1.60.1.70170
12003	1.60.1.69913	1.60.1.70170
12004	1.60.1.69913	1.60.1.70170
12005	1.60.1.69913	1.60.1.70170
12006	1.60.1.69913	1.60.1.70170
12007	1.60.1.69913	1.60.1.70170
12008	1.60.1.69913	1.60.1.70170
12009	1.60.1.69913	1.60.1.70170
12010	1.60.1.69913	1.60.1.70170
12011	1.60.1.69913	1.60.1.70170
12012	1.60.1.69913	1.60.1.70170
12013	1.60.1.69913	1.60.1.70170
12014	1.60.1.69913	1.60.1.70170
12015	1.60.1.69913	1.60.1.70170
12016	1.60.1.69913	1.60.1.70170
12017	1.60.1.69913	1.60.1.70170
12018	1.60.1.69913	1.60.1.70170
12019	1.60.1.69913	1.60.1.70170
12020	1.60.1.69913	1.60.1.70170
12021	1.60.1.69913	1.60.1.70170
12022	1.60.1.69913	1.60.1.70170
12023	1.60.1.69913	1.60.1.70170
12024	1.60.1.69913	1.60.1.70170
12025	1.60.1.69913	1.60.1.70170
12026	1.60.1.69913	1.60.1.70170
12027	1.60.1.69913	1.60.1.70170
12028	1.60.1.69913	1.60.1.70170
12029	1.60.1.69913	1.60.1.70170
12030	1.60.1.69913	1.60.1.70170
12031	1.60.1.69913	1.60.1.70170
12032	1.60.1.69913	1.60.1.70170
12033	1.60.1.69913	1.60.1.70170
12034	1.60.1.69913	1.60.1.70170
12035	1.60.1.69913	1.60.1.70170
12036	1.60.1.69913	1.60.1.70170
12037	1.60.1.69913	1.60.1.70170
12039	1.60.1.69913	1.60.1.70170
12040	1.60.1.69913	1.60.1.70170
12041	1.60.1.69913	1.60.1.70170
12042	1.60.1.69913	1.60.1.70170
12043	1.60.1.69913	1.60.1.70170
12044	1.60.1.69913	1.60.1.70170
12045	1.60.1.69913	1.60.1.70170
12046	1.60.1.69913	1.60.1.70170
12047	1.60.1.69913	1.60.1.70170
12048	1.60.1.69913	1.60.1.70170
12050	1.60.1.69913	1.60.1.70170
12051	1.60.1.69913	1.60.1.70170
12052	1.60.1.69913	1.60.1.70170
12053	1.60.1.69913	1.60.1.70170
12054	1.60.1.69913	1.60.1.70170
12055	1.60.1.69913	1.60.1.70170
12056	1.60.1.69913	1.60.1.70170
12057	1.60.1.69913	1.60.1.70170
12058	1.60.1.69913	1.60.1.70170
12060	1.60.1.69913	1.60.1.70170
12063	1.60.1.69913	1.60.1.70170
12064	1.60.1.69913	1.60.1.70170
12102	1.60.1.69913	1.60.1.70170
12104	1.60.1.69913	1.60.1.70170
12105	1.60.1.69913	1.60.1.70170
12106	1.60.1.69913	1.60.1.70170
12107	1.60.1.69913	1.60.1.70170
12122	1.60.1.69913	1.60.1.70170
12142	1.60.1.69913	1.60.1.70170
12143	1.60.1.69913	1.60.1.70170
12144	1.60.1.69913	1.60.1.70170
12162	1.60.1.69913	1.60.1.70170
12163	1.60.1.69913	1.60.1.70170
12164	1.60.1.69913	1.60.1.70170
12182	1.60.1.69913	1.60.1.70170
12183	1.60.1.69913	1.60.1.70170
12184	1.60.1.69913	1.60.1.70170
12185	1.60.1.69913	1.60.1.70170
12186	1.60.1.69913	1.60.1.70170
12187	1.60.1.69913	1.60.1.70170
12188	1.60.1.69913	1.60.1.70170
12189	1.60.1.69913	1.60.1.70170
12190	1.60.1.69913	1.60.1.70170
12191	1.60.1.69913	1.60.1.70170
12192	1.60.1.69913	1.60.1.70170
12202	1.60.1.69913	1.60.1.70170
12203	1.60.1.69913	1.60.1.70170
12204	1.60.1.69913	1.60.1.70170
12205	1.60.1.69913	1.60.1.70170
12206	1.60.1.69913	1.60.1.70170
12207	1.60.1.69913	1.60.1.70170
12208	1.60.1.69913	1.60.1.70170
12209	1.60.1.69913	1.60.1.70170
12210	1.60.1.69913	1.60.1.70170
12212	1.60.1.69913	1.60.1.70170
12213	1.60.1.69913	1.60.1.70170
12214	1.60.1.69913	1.60.1.70170
12215	1.60.1.69913	1.60.1.70170
12216	1.60.1.69913	1.60.1.70170
12217	1.60.1.69913	1.60.1.70170
12218	1.60.1.69913	1.60.1.70170
12219	1.60.1.69913	1.60.1.70170
12220	1.60.1.69913	1.60.1.70170
12223	1.60.1.69913	1.60.1.70170
12224	1.60.1.69913	1.60.1.70170
12225	1.60.1.69913	1.60.1.70170
12226	1.60.1.69913	1.60.1.70170
12227	1.60.1.69913	1.60.1.70170
12228	1.60.1.69913	1.60.1.70170
12229	1.60.1.69913	1.60.1.70170
12230	1.60.1.69913	1.60.1.70170
12231	1.60.1.69913	1.60.1.70170
12232	1.60.1.69913	1.60.1.70170
12233	1.60.1.69913	1.60.1.70170
12234	1.60.1.69913	1.60.1.70170
12235	1.60.1.69913	1.60.1.70170
12236	1.60.1.69913	1.60.1.70170
12237	1.60.1.69913	1.60.1.70170
12238	1.60.1.69913	1.60.1.70170
12239	1.60.1.69913	1.60.1.70170
12240	1.60.1.69913	1.60.1.70170
12241	1.60.1.69913	1.60.1.70170
12242	1.60.1.69913	1.60.1.70170
12244	1.60.1.69913	1.60.1.70170
12245	1.60.1.69913	1.60.1.70170
12247	1.60.1.69913	1.60.1.70170
12248	1.60.1.69913	1.60.1.70170
12249	1.60.1.69913	1.60.1.70170
12250	1.60.1.69913	1.60.1.70170
12251	1.60.1.69913	1.60.1.70170
12252	1.60.1.69913	1.60.1.70170
12253	1.60.1.69913	1.60.1.70170
12254	1.60.1.69913	1.60.1.70170
12255	1.60.1.69913	1.60.1.70170
12256	1.60.1.69913	1.60.1.70170
12257	1.60.1.69913	1.60.1.70170
12258	1.60.1.69913	1.60.1.70170
12259	1.60.1.69913	1.60.1.70170
12260	1.60.1.69913	1.60.1.70170
12261	1.60.1.69913	1.60.1.70170
12262	1.60.1.69913	1.60.1.70170
12263	1.60.1.69913	1.60.1.70170
12264	1.60.1.69913	1.60.1.70170
12282	1.60.1.69913	1.60.1.70170
12283	1.60.1.69913	1.60.1.70170
12284	1.60.1.69913	1.60.1.70170
12285	1.60.1.69913	1.60.1.70170
12286	1.60.1.69913	1.60.1.70170
12287	1.60.1.69913	1.60.1.70170
12288	1.60.1.69913	1.60.1.70170
12289	1.60.1.69913	1.60.1.70170
12290	1.60.1.69913	1.60.1.70170
12291	1.60.1.69913	1.60.1.70170
12292	1.60.1.69913	1.60.1.70170
12293	1.60.1.69913	1.60.1.70170
12294	1.60.1.69913	1.60.1.70170
12295	1.60.1.69913	1.60.1.70170
12296	1.60.1.69913	1.60.1.70170
12297	1.60.1.69913	1.60.1.70170
12298	1.60.1.69913	1.60.1.70170
12299	1.60.1.69913	1.60.1.70170
12300	1.60.1.69913	1.60.1.70170
12301	1.60.1.69913	1.60.1.70170
12302	1.60.1.69913	1.60.1.70170
12303	1.60.1.69913	1.60.1.70170
12304	1.60.1.69913	1.60.1.70170
12322	1.60.1.69913	1.60.1.70170
12323	1.60.1.69913	1.60.1.70170
12324	1.60.1.69913	1.60.1.70170
12325	1.60.1.69913	1.60.1.70170
12326	1.60.1.69913	1.60.1.70170
12327	1.60.1.69913	1.60.1.70170
12328	1.60.1.69913	1.60.1.70170
12329	1.60.1.69913	1.60.1.70170
12330	1.60.1.69913	1.60.1.70170
12331	1.60.1.69913	1.60.1.70170
12332	1.60.1.69913	1.60.1.70170
12334	1.60.1.69913	1.60.1.70170
12335	1.60.1.69913	1.60.1.70170
12336	1.60.1.69913	1.60.1.70170
12337	1.60.1.69913	1.60.1.70170
12338	1.60.1.69913	1.60.1.70170
12339	1.60.1.69913	1.60.1.70170
12341	1.60.1.69913	1.60.1.70170
12342	1.60.1.69913	1.60.1.70170
12343	1.60.1.69913	1.60.1.70170
12345	1.60.1.69913	1.60.1.70170
12346	1.60.1.69913	1.60.1.70170
12347	1.60.1.69913	1.60.1.70170
12348	1.60.1.69913	1.60.1.70170
12349	1.60.1.69913	1.60.1.70170
12350	1.60.1.69913	1.60.1.70170
12351	1.60.1.69913	1.60.1.70170
12352	1.60.1.69913	1.60.1.70170
12353	1.60.1.69913	1.60.1.70170
12354	1.60.1.69913	1.60.1.70170
12355	1.60.1.69913	1.60.1.70170
12356	1.60.1.69913	1.60.1.70170
12358	1.60.1.69913	1.60.1.70170
12359	1.60.1.69913	1.60.1.70170
12360	1.60.1.69913	1.60.1.70170
12361	1.60.1.69913	1.60.1.70170
12363	1.60.1.69913	1.60.1.70170
12364	1.60.1.69913	1.60.1.70170
12365	1.60.1.69913	1.60.1.70170
12366	1.60.1.69913	1.60.1.70170
12367	1.60.1.69913	1.60.1.70170
12368	1.60.1.69913	1.60.1.70170
12369	1.60.1.69913	1.60.1.70170
12382	1.60.1.69913	1.60.1.70170
12383	1.60.1.69913	1.60.1.70170
12384	1.60.1.69913	1.60.1.70170
12385	1.60.1.69913	1.60.1.70170
12402	1.60.1.69913	1.60.1.70170
12403	1.60.1.69913	1.60.1.70170
12404	1.60.1.69913	1.60.1.70170
12405	1.60.1.69913	1.60.1.70170
12406	1.60.1.69913	1.60.1.70170
12408	1.60.1.69913	1.60.1.70170
12409	1.60.1.69913	1.60.1.70170
12410	1.60.1.69913	1.60.1.70170
12411	1.60.1.69913	1.60.1.70170
12412	1.60.1.69913	1.60.1.70170
12414	1.60.1.69913	1.60.1.70170
12415	1.60.1.69913	1.60.1.70170
12416	1.60.1.69913	1.60.1.70170
12417	1.60.1.69913	1.60.1.70170
12418	1.60.1.69913	1.60.1.70170
12419	1.60.1.69913	1.60.1.70170
12420	1.60.1.69913	1.60.1.70170
12421	1.60.1.69913	1.60.1.70170
12422	1.60.1.69913	1.60.1.70170
12424	1.60.1.69913	1.60.1.70170
12425	1.60.1.69913	1.60.1.70170
12426	1.60.1.69913	1.60.1.70170
12427	1.60.1.69913	1.60.1.70170
12428	1.60.1.69913	1.60.1.70170
12429	1.60.1.69913	1.60.1.70170
12430	1.60.1.69913	1.60.1.70170
12431	1.60.1.69913	1.60.1.70170
12432	1.60.1.69913	1.60.1.70170
12433	1.60.1.69913	1.60.1.70170
12434	1.60.1.69913	1.60.1.70170
12435	1.60.1.69913	1.60.1.70170
12436	1.60.1.69913	1.60.1.70170
12437	1.60.1.69913	1.60.1.70170
12438	1.60.1.69913	1.60.1.70170
12440	1.60.1.69913	1.60.1.70170
12442	1.60.1.69913	1.60.1.70170
12443	1.60.1.69913	1.60.1.70170
12444	1.60.1.69913	1.60.1.70170
12445	1.60.1.69913	1.60.1.70170
12446	1.60.1.69913	1.60.1.70170
12447	1.60.1.69913	1.60.1.70170
12448	1.60.1.69913	1.60.1.70170
12449	1.60.1.69913	1.60.1.70170
12450	1.60.1.69913	1.60.1.70170
12451	1.60.1.69913	1.60.1.70170
12452	1.60.1.69913	1.60.1.70170
12453	1.60.1.69913	1.60.1.70170
12454	1.60.1.69913	1.60.1.70170
12455	1.60.1.69913	1.60.1.70170
12456	1.60.1.69913	1.60.1.70170
12457	1.60.1.69913	1.60.1.70170
12458	1.60.1.69913	1.60.1.70170
12459	1.60.1.69913	1.60.1.70170
12460	1.60.1.69913	1.60.1.70170
12461	1.60.1.69913	1.60.1.70170
12467	1.60.1.69913	1.60.1.70170
12468	1.60.1.69913	1.60.1.70170
12472	1.60.1.69913	1.60.1.70170
12482	1.60.1.69913	1.60.1.70170
12502	1.60.1.69913	1.60.1.70170
12522	1.60.1.69913	1.60.1.70170
12523	1.60.1.69913	1.60.1.70170
12524	1.60.1.69913	1.60.1.70170
12525	1.60.1.69913	1.60.1.70170
12526	1.60.1.69913	1.60.1.70170
12529	1.60.1.69913	1.60.1.70170
12530	1.60.1.69913	1.60.1.70170
12533	1.60.1.69913	1.60.1.70170
12534	1.60.1.69913	1.60.1.70170
12558	1.60.1.69913	1.60.1.70170
12562	1.60.1.69913	1.60.1.70170
12563	1.60.1.69913	1.60.1.70170
12564	1.60.1.69913	1.60.1.70170
12565	1.60.1.69913	1.60.1.70170
12566	1.60.1.69913	1.60.1.70170
12567	1.60.1.69913	1.60.1.70170
12584	1.60.1.69913	1.60.1.70170
12585	1.60.1.69913	1.60.1.70170
12586	1.60.1.69913	1.60.1.70170
12591	1.60.1.69913	1.60.1.70170
12593	1.60.1.69913	1.60.1.70170
12607	1.60.1.69913	1.60.1.70170
12610	1.60.1.69913	1.60.1.70170
12611	1.60.1.69913	1.60.1.70170
12612	1.60.1.69913	1.60.1.70170
12613	1.60.1.69913	1.60.1.70170
12614	1.60.1.69913	1.60.1.70170
12615	1.60.1.69913	1.60.1.70170
12616	1.60.1.69913	1.60.1.70170
12617	1.60.1.69913	1.60.1.70170
12618	1.60.1.69913	1.60.1.70170
12619	1.60.1.69913	1.60.1.70170
12620	1.60.1.69913	1.60.1.70170
12622	1.60.1.69913	1.60.1.70170
12623	1.60.1.69913	1.60.1.70170
12624	1.60.1.69913	1.60.1.70170
12625	1.60.1.69913	1.60.1.70170
12627	1.60.1.69913	1.60.1.70170
12628	1.60.1.69913	1.60.1.70170
12629	1.60.1.69913	1.60.1.70170
12630	1.60.1.69913	1.60.1.70170
12631	1.60.1.69913	1.60.1.70170
12632	1.60.1.69913	1.60.1.70170
12633	1.60.1.69913	1.60.1.70170
12635	1.60.1.69913	1.60.1.70170
12636	1.60.1.69913	1.60.1.70170
12638	1.60.1.69913	1.60.1.70170
12639	1.60.1.69913	1.60.1.70170
12640	1.60.1.69913	1.60.1.70170
12641	1.60.1.69913	1.60.1.70170
12642	1.60.1.69913	1.60.1.70170
12643	1.60.1.69913	1.60.1.70170
12644	1.60.1.69913	1.60.1.70170
12645	1.60.1.69913	1.60.1.70170
12646	1.60.1.69913	1.60.1.70170
12647	1.60.1.69913	1.60.1.70170
12648	1.60.1.69913	1.60.1.70170
12649	1.60.1.69913	1.60.1.70170
12650	1.60.1.69913	1.60.1.70170
12652	1.60.1.69913	1.60.1.70170
12655	1.60.1.69913	1.60.1.70170
12662	1.60.1.69913	1.60.1.70170
12663	1.60.1.69913	1.60.1.70170
12682	1.60.1.69913	1.60.1.70170
12683	1.60.1.69913	1.60.1.70170
12684	1.60.1.69913	1.60.1.70170
12685	1.60.1.69913	1.60.1.70170
12687	1.60.1.69913	1.60.1.70170
12688	1.60.1.69913	1.60.1.70170
12689	1.60.1.69913	1.60.1.70170
12690	1.60.1.69913	1.60.1.70170
12691	1.60.1.69913	1.60.1.70170
12692	1.60.1.69913	1.60.1.70170
12693	1.60.1.69913	1.60.1.70170
12694	1.60.1.69913	1.60.1.70170
12695	1.60.1.69913	1.60.1.70170
12696	1.60.1.69913	1.60.1.70170
12697	1.60.1.69913	1.60.1.70170
12698	1.60.1.69913	1.60.1.70170
12699	1.60.1.69913	1.60.1.70170
12700	1.60.1.69913	1.60.1.70170
12701	1.60.1.69913	1.60.1.70170
12702	1.60.1.69913	1.60.1.70170
12703	1.60.1.69913	1.60.1.70170
12704	1.60.1.69913	1.60.1.70170
12705	1.60.1.69913	1.60.1.70170
12706	1.60.1.69913	1.60.1.70170
12707	1.60.1.69913	1.60.1.70170
12708	1.60.1.69913	1.60.1.70170
12710	1.60.1.69913	1.60.1.70170
12711	1.60.1.69913	1.60.1.70170
12712	1.60.1.69913	1.60.1.70170
12713	1.60.1.69913	1.60.1.70170
12714	1.60.1.69913	1.60.1.70170
12715	1.60.1.69913	1.60.1.70170
12716	1.60.1.69913	1.60.1.70170
12717	1.60.1.69913	1.60.1.70170
12718	1.60.1.69913	1.60.1.70170
12719	1.60.1.69913	1.60.1.70170
12720	1.60.1.69913	1.60.1.70170
12721	1.60.1.69913	1.60.1.70170
12722	1.60.1.69913	1.60.1.70170
12723	1.60.1.69913	1.60.1.70170
12724	1.60.1.69913	1.60.1.70170
12725	1.60.1.69913	1.60.1.70170
12726	1.60.1.69913	1.60.1.70170
12727	1.60.1.69913	1.60.1.70170
12728	1.60.1.69913	1.60.1.70170
12730	1.60.1.69913	1.60.1.70170
12732	1.60.1.69913	1.60.1.70170
12733	1.60.1.69913	1.60.1.70170
12734	1.60.1.69913	1.60.1.70170
12735	1.60.1.69913	1.60.1.70170
12736	1.60.1.69913	1.60.1.70170
12737	1.60.1.69913	1.60.1.70170
12738	1.60.1.69913	1.60.1.70170
12739	1.60.1.69913	1.60.1.70170
12740	1.60.1.69913	1.60.1.70170
12741	1.60.1.69913	1.60.1.70170
12742	1.60.1.69913	1.60.1.70170
12743	1.60.1.69913	1.60.1.70170
12744	1.60.1.69913	1.60.1.70170
12745	1.60.1.69913	1.60.1.70170
12746	1.60.1.69913	1.60.1.70170
12747	1.60.1.69913	1.60.1.70170
12748	1.60.1.69913	1.60.1.70170
12749	1.60.1.69913	1.60.1.70170
12750	1.60.1.69913	1.60.1.70170
12751	1.60.1.69913	1.60.1.70170
12753	1.60.1.69913	1.60.1.70170
12754	1.60.1.69913	1.60.1.70170
12755	1.60.1.69913	1.60.1.70170
12762	1.60.1.69913	1.60.1.70170
12763	1.60.1.69913	1.60.1.70170
12764	1.60.1.69913	1.60.1.70170
12765	1.60.1.69913	1.60.1.70170
12766	1.60.1.69913	1.60.1.70170
12768	1.60.1.69913	1.60.1.70170
12769	1.60.1.69913	1.60.1.70170
12770	1.60.1.69913	1.60.1.70170
12771	1.60.1.69913	1.60.1.70170
12772	1.60.1.69913	1.60.1.70170
12773	1.60.1.69913	1.60.1.70170
12774	1.60.1.69913	1.60.1.70170
12775	1.60.1.69913	1.60.1.70170
12776	1.60.1.69913	1.60.1.70170
12777	1.60.1.69913	1.60.1.70170
12778	1.60.1.69913	1.60.1.70170
12780	1.60.1.69913	1.60.1.70170
12781	1.60.1.69913	1.60.1.70170
12782	1.60.1.69913	1.60.1.70170
12783	1.60.1.69913	1.60.1.70170
12784	1.60.1.69913	1.60.1.70170
12785	1.60.1.69913	1.60.1.70170
12786	1.60.1.69913	1.60.1.70170
12787	1.60.1.69913	1.60.1.70170
12788	1.60.1.69913	1.60.1.70170
12789	1.60.1.69913	1.60.1.70170
12790	1.60.1.69913	1.60.1.70170
12792	1.60.1.69913	1.60.1.70170
12794	1.60.1.69913	1.60.1.70170
12795	1.60.1.69913	1.60.1.70170
12796	1.60.1.69913	1.60.1.70170
12797	1.60.1.69913	1.60.1.70170
12798	1.60.1.69913	1.60.1.70170
12799	1.60.1.69913	1.60.1.70170
12800	1.60.1.69913	1.60.1.70170
12801	1.60.1.69913	1.60.1.70170
12802	1.60.1.69913	1.60.1.70170
12803	1.60.1.69913	1.60.1.70170
12804	1.60.1.69913	1.60.1.70170
12805	1.60.1.69913	1.60.1.70170
12806	1.60.1.69913	1.60.1.70170
12807	1.60.1.69913	1.60.1.70170
12808	1.60.1.69913	1.60.1.70170
12809	1.60.1.69913	1.60.1.70170
12810	1.60.1.69913	1.60.1.70170
12811	1.60.1.69913	1.60.1.70170
12812	1.60.1.69913	1.60.1.70170
12813	1.60.1.69913	1.60.1.70170
12814	1.60.1.69913	1.60.1.70170
12815	1.60.1.69913	1.60.1.70170
12819	1.60.1.69913	1.60.1.70170
12820	1.60.1.69913	1.60.1.70170
12821	1.60.1.69913	1.60.1.70170
12822	1.60.1.69913	1.60.1.70170
12823	1.60.1.69913	1.60.1.70170
12824	1.60.1.69913	1.60.1.70170
12825	1.60.1.69913	1.60.1.70170
12827	1.60.1.69913	1.60.1.70170
12828	1.60.1.69913	1.60.1.70170
12829	1.60.1.69913	1.60.1.70170
12830	1.60.1.69913	1.60.1.70170
12833	1.60.1.69913	1.60.1.70170
12834	1.60.1.69913	1.60.1.70170
12835	1.60.1.69913	1.60.1.70170
12836	1.60.1.69913	1.60.1.70170
12837	1.60.1.69913	1.60.1.70170
12838	1.60.1.69913	1.60.1.70170
12839	1.60.1.69913	1.60.1.70170
12840	1.60.1.69913	1.60.1.70170
12841	1.60.1.69913	1.60.1.70170
12842	1.60.1.69913	1.60.1.70170
12843	1.60.1.69913	1.60.1.70170
12844	1.60.1.69913	1.60.1.70170
12845	1.60.1.69913	1.60.1.70170
12846	1.60.1.69913	1.60.1.70170
12847	1.60.1.69913	1.60.1.70170
12848	1.60.1.69913	1.60.1.70170
12849	1.60.1.69913	1.60.1.70170
12850	1.60.1.69913	1.60.1.70170
12851	1.60.1.69913	1.60.1.70170
12852	1.60.1.69913	1.60.1.70170
12853	1.60.1.69913	1.60.1.70170
12854	1.60.1.69913	1.60.1.70170
12855	1.60.1.69913	1.60.1.70170
12856	1.60.1.69913	1.60.1.70170
12857	1.60.1.69913	1.60.1.70170
12858	1.60.1.69913	1.60.1.70170
12859	1.60.1.69913	1.60.1.70170
12860	1.60.1.69913	1.60.1.70170
12861	1.60.1.69913	1.60.1.70170
12862	1.60.1.69913	1.60.1.70170
12863	1.60.1.69913	1.60.1.70170
12864	1.60.1.69913	1.60.1.70170
12865	1.60.1.69913	1.60.1.70170
12866	1.60.1.69913	1.60.1.70170
12867	1.60.1.69913	1.60.1.70170
12868	1.60.1.69913	1.60.1.70170
12869	1.60.1.69913	1.60.1.70170
12870	1.60.1.69913	1.60.1.70170
12882	1.60.1.69913	1.60.1.70170
12883	1.60.1.69913	1.60.1.70170
12884	1.60.1.69913	1.60.1.70170
12885	1.60.1.69913	1.60.1.70170
12886	1.60.1.69913	1.60.1.70170
12887	1.60.1.69913	1.60.1.70170
12888	1.60.1.69913	1.60.1.70170
12889	1.60.1.69913	1.60.1.70170
12890	1.60.1.69913	1.60.1.70170
12891	1.60.1.69913	1.60.1.70170
12892	1.60.1.69913	1.60.1.70170
12893	1.60.1.69913	1.60.1.70170
12894	1.60.1.69913	1.60.1.70170
12896	1.60.1.69913	1.60.1.70170
12897	1.60.1.69913	1.60.1.70170
12898	1.60.1.69913	1.60.1.70170
12899	1.60.1.69913	1.60.1.70170
12900	1.60.1.69913	1.60.1.70170
12901	1.60.1.69913	1.60.1.70170
12902	1.60.1.69913	1.60.1.70170
12904	1.60.1.69913	1.60.1.70170
12906	1.60.1.69913	1.60.1.70170
12907	1.60.1.69913	1.60.1.70170
12922	1.60.1.69913	1.60.1.70170
12923	1.60.1.69913	1.60.1.70170
12924	1.60.1.69913	1.60.1.70170
12925	1.60.1.69913	1.60.1.70170
12928	1.60.1.69913	1.60.1.70170
12931	1.60.1.69913	1.60.1.70170
12932	1.60.1.69913	1.60.1.70170
12933	1.60.1.69913	1.60.1.70170
12934	1.60.1.69913	1.60.1.70170
12937	1.60.1.69913	1.60.1.70170
12938	1.60.1.69913	1.60.1.70170
12941	1.60.1.69913	1.60.1.70170
12942	1.60.1.69913	1.60.1.70170
12943	1.60.1.69913	1.60.1.70170
12944	1.60.1.69913	1.60.1.70170
12946	1.60.1.69913	1.60.1.70170
12947	1.60.1.69913	1.60.1.70170
12949	1.60.1.69913	1.60.1.70170
12950	1.60.1.69913	1.60.1.70170
12951	1.60.1.69913	1.60.1.70170
12954	1.60.1.69913	1.60.1.70170
12955	1.60.1.69913	1.60.1.70170
12956	1.60.1.69913	1.60.1.70170
12957	1.60.1.69913	1.60.1.70170
12958	1.60.1.69913	1.60.1.70170
12959	1.60.1.69913	1.60.1.70170
12961	1.60.1.69913	1.60.1.70170
12962	1.60.1.69913	1.60.1.70170
12970	1.60.1.69913	1.60.1.70170
12971	1.60.1.69913	1.60.1.70170
12972	1.60.1.69913	1.60.1.70170
12973	1.60.1.69913	1.60.1.70170
12974	1.60.1.69913	1.60.1.70170
12975	1.60.1.69913	1.60.1.70170
12976	1.60.1.69913	1.60.1.70170
12977	1.60.1.69913	1.60.1.70170
12978	1.60.1.69913	1.60.1.70170
12979	1.60.1.69913	1.60.1.70170
12980	1.60.1.69913	1.60.1.70170
12981	1.60.1.69913	1.60.1.70170
12982	1.60.1.69913	1.60.1.70170
12983	1.60.1.69913	1.60.1.70170
12984	1.60.1.69913	1.60.1.70170
12985	1.60.1.69913	1.60.1.70170
12986	1.60.1.69913	1.60.1.70170
12987	1.60.1.69913	1.60.1.70170
12988	1.60.1.69913	1.60.1.70170
12989	1.60.1.69913	1.60.1.70170
12990	1.60.1.69913	1.60.1.70170
12991	1.60.1.69913	1.60.1.70170
12992	1.60.1.69913	1.60.1.70170
12993	1.60.1.69913	1.60.1.70170
12994	1.60.1.69913	1.60.1.70170
12995	1.60.1.69913	1.60.1.70170
12996	1.60.1.69913	1.60.1.70170
12997	1.60.1.69913	1.60.1.70170
12998	1.60.1.69913	1.60.1.70170
12999	1.60.1.69913	1.60.1.70170
13000	1.60.1.69913	1.60.1.70170
13002	1.60.1.70009	1.60.1.70170
13003	1.60.1.69913	1.60.1.70170
13004	1.60.1.69913	1.60.1.70170
13005	1.60.1.69913	1.60.1.70170
13006	1.60.1.70009	1.60.1.70170
13007	1.60.1.69913	1.60.1.70170
13008	1.60.1.69913	1.60.1.70170
13009	1.60.1.69913	1.60.1.70170
13010	1.60.1.69913	1.60.1.70170
13011	1.60.1.69913	1.60.1.70170
13012	1.60.1.69913	1.60.1.70170
13013	1.60.1.69913	1.60.1.70170
13014	1.60.1.69913	1.60.1.70170
13015	1.60.1.70009	1.60.1.70170
13016	1.60.1.69913	1.60.1.70170
13017	1.60.1.69913	1.60.1.70170
13018	1.60.1.69913	1.60.1.70170
13019	1.60.1.69913	1.60.1.70170
13020	1.60.1.69913	1.60.1.70170
13021	1.60.1.70009	1.60.1.70170
13022	1.60.1.69913	1.60.1.70170
13023	1.60.1.70009	1.60.1.70170
13024	1.60.1.69913	1.60.1.70170
13025	1.60.1.69913	1.60.1.70170
13026	1.60.1.69913	1.60.1.70170
13027	1.60.1.69913	1.60.1.70170
13028	1.60.1.70009	1.60.1.70170
13029	1.60.1.69913	1.60.1.70170
13030	1.60.1.69913	1.60.1.70170
13031	1.60.1.69913	1.60.1.70170
13032	1.60.1.69913	1.60.1.70170
13033	1.60.1.69913	1.60.1.70170
13034	1.60.1.69913	1.60.1.70170
13035	1.60.1.69913	1.60.1.70170
13036	1.60.1.69913	1.60.1.70170
13037	1.60.1.69913	1.60.1.70170
13038	1.60.1.69913	1.60.1.70170
13039	1.60.1.70009	1.60.1.70170
13040	1.60.1.69913	1.60.1.70170
13041	1.60.1.69913	1.60.1.70170
13042	1.60.1.69913	1.60.1.70170
13043	1.60.1.69913	1.60.1.70170
13044	1.60.1.69913	1.60.1.70170
13045	1.60.1.69913	1.60.1.70170
13046	1.60.1.69913	1.60.1.70170
13047	1.60.1.69913	1.60.1.70170
13048	1.60.1.69913	1.60.1.70170
13049	1.60.1.69913	1.60.1.70170
13050	1.60.1.69913	1.60.1.70170
13051	1.60.1.69913	1.60.1.70170
13052	1.60.1.69913	1.60.1.70170
13053	1.60.1.69913	1.60.1.70170
13054	1.60.1.69913	1.60.1.70170
13055	1.60.1.70009	1.60.1.70170
13056	1.60.1.70009	1.60.1.70170
13057	1.60.1.69913	1.60.1.70170
13058	1.60.1.69913	1.60.1.70170
13059	1.60.1.69913	1.60.1.70170
13060	1.60.1.69913	1.60.1.70170
13061	1.60.1.69913	1.60.1.70170
13062	1.60.1.69913	1.60.1.70170
13063	1.60.1.69913	1.60.1.70170
13064	1.60.1.69913	1.60.1.70170
13065	1.60.1.69913	1.60.1.70170
13066	1.60.1.69913	1.60.1.70170
13067	1.60.1.69913	1.60.1.70170
13068	1.60.1.69913	1.60.1.70170
13069	1.60.1.69913	1.60.1.70170
13070	1.60.1.70009	1.60.1.70170
13071	1.60.1.69913	1.60.1.70170
13072	1.60.1.69913	1.60.1.70170
13073	1.60.1.69913	1.60.1.70170
13074	1.60.1.70009	1.60.1.70170
13075	1.60.1.70124	1.60.1.70170
13076	1.60.1.70009	1.60.1.70170
13077	1.60.1.69913	1.60.1.70170
13078	1.60.1.69913	1.60.1.70170
13079	1.60.1.69913	1.60.1.70170
13080	1.60.1.69913	1.60.1.70170
13081	1.60.1.69913	1.60.1.70170
13082	1.60.1.69913	1.60.1.70170
13083	1.60.1.69913	1.60.1.70170
13084	1.60.1.69913	1.60.1.70170
13085	1.60.1.69913	1.60.1.70170
13086	1.60.1.69913	1.60.1.70170
13087	1.60.1.69913	1.60.1.70170
13088	1.60.1.69913	1.60.1.70170
13089	1.60.1.70009	1.60.1.70170
13090	1.60.1.69913	1.60.1.70170
13091	1.60.1.70009	1.60.1.70170
13092	1.60.1.69913	1.60.1.70170
13093	1.60.1.69913	1.60.1.70170
13094	1.60.1.69913	1.60.1.70170
13095	1.60.1.69913	1.60.1.70170
13096	1.60.1.70009	1.60.1.70170
13097	1.60.1.69913	1.60.1.70170
13099	1.60.1.69913	1.60.1.70170
13100	1.60.1.69913	1.60.1.70170
13101	1.60.1.69913	1.60.1.70170
13102	1.60.1.69913	1.60.1.70170
13103	1.60.1.69913	1.60.1.70170
13104	1.60.1.69913	1.60.1.70170
13105	1.60.1.69913	1.60.1.70170
13106	1.60.1.69913	1.60.1.70170
13107	1.60.1.70124	1.60.1.70170
13108	1.60.1.69913	1.60.1.70170
13109	1.60.1.69913	1.60.1.70170
13110	1.60.1.69913	1.60.1.70170
13111	1.60.1.69913	1.60.1.70170
13112	1.60.1.69913	1.60.1.70170
13113	1.60.1.70009	1.60.1.70170
13114	1.60.1.69913	1.60.1.70170
13115	1.60.1.69913	1.60.1.70170
13116	1.60.1.70124	1.60.1.70170
13117	1.60.1.69913	1.60.1.70170
13118	1.60.1.70009	1.60.1.70170
13119	1.60.1.69913	1.60.1.70170
13120	1.60.1.69913	1.60.1.70170
13121	1.60.1.69913	1.60.1.70170
13122	1.60.1.69913	1.60.1.70170
13123	1.60.1.69913	1.60.1.70170
13124	1.60.1.69913	1.60.1.70170
13125	1.60.1.69913	1.60.1.70170
13126	1.60.1.69913	1.60.1.70170
13127	1.60.1.69913	1.60.1.70170
13128	1.60.1.70009	1.60.1.70170
13129	1.60.1.69913	1.60.1.70170
13130	1.60.1.70009	1.60.1.70170
13131	1.60.1.69913	1.60.1.70170
13132	1.60.1.69913	1.60.1.70170
13134	1.60.1.69913	1.60.1.70170
13135	1.60.1.70009	1.60.1.70170
13136	1.60.1.69913	1.60.1.70170
13137	1.60.1.69913	1.60.1.70170
13138	1.60.1.69913	1.60.1.70170
13139	1.60.1.70009	1.60.1.70170
13140	1.60.1.69913	1.60.1.70170
13144	1.60.1.69913	1.60.1.70170
13145	1.60.1.69913	1.60.1.70170
13146	1.60.1.69913	1.60.1.70170
13147	1.60.1.69913	1.60.1.70170
13149	1.60.1.69913	1.60.1.70170
13150	1.60.1.69913	1.60.1.70170
13151	1.60.1.69913	1.60.1.70170
13152	1.60.1.69913	1.60.1.70170
13153	1.60.1.69913	1.60.1.70170
13154	1.60.1.69913	1.60.1.70170
13155	1.60.1.69913	1.60.1.70170
13156	1.60.1.69913	1.60.1.70170
13157	1.60.1.69913	1.60.1.70170
13158	1.60.1.69913	1.60.1.70170
13159	1.60.1.69913	1.60.1.70170
13160	1.60.1.69913	1.60.1.70170
13164	1.60.1.69913	1.60.1.70170
13165	1.60.1.69913	1.60.1.70170
13172	1.60.1.69913	1.60.1.70170
13174	1.60.1.69913	1.60.1.70170
13176	1.60.1.69913	1.60.1.70170
13180	1.60.1.69913	1.60.1.70170
13186	1.60.1.69913	1.60.1.70170
13187	1.60.1.69913	1.60.1.70170
13188	1.60.1.69913	1.60.1.70170
13189	1.60.1.69913	1.60.1.70170
13190	1.60.1.69913	1.60.1.70170
13191	1.60.1.69913	1.60.1.70170
13192	1.60.1.69913	1.60.1.70170
13193	1.60.1.69913	1.60.1.70170
13194	1.60.1.69913	1.60.1.70170
13195	1.60.1.69913	1.60.1.70170
13196	1.60.1.69913	1.60.1.70170
13197	1.60.1.69913	1.60.1.70170
13199	1.60.1.69913	1.60.1.70170
13202	1.60.1.69913	1.60.1.70170
13207	1.60.1.69913	1.60.1.70170
13214	1.60.1.69913	1.60.1.70170
13219	1.60.1.69913	1.60.1.70170
13220	1.60.1.69913	1.60.1.70170
13221	1.60.1.69913	1.60.1.70170
13222	1.60.1.69913	1.60.1.70170
13223	1.60.1.69913	1.60.1.70170
13242	1.60.1.69913	1.60.1.70170
13245	1.60.1.69913	1.60.1.70170
13247	1.60.1.69913	1.60.1.70170
13250	1.60.1.69913	1.60.1.70170
13251	1.60.1.69913	1.60.1.70170
13262	1.60.1.69913	1.60.1.70170
13287	1.60.1.69913	1.60.1.70170
13288	1.60.1.69913	1.60.1.70170
13289	1.60.1.69913	1.60.1.70170
13290	1.60.1.69913	1.60.1.70170
13291	1.60.1.69913	1.60.1.70170
13292	1.60.1.69913	1.60.1.70170
13293	1.60.1.69913	1.60.1.70170
13302	1.60.1.69913	1.60.1.70170
13303	1.60.1.69913	1.60.1.70170
13304	1.60.1.69913	1.60.1.70170
13305	1.60.1.69913	1.60.1.70170
13306	1.60.1.69913	1.60.1.70170
13307	1.60.1.69913	1.60.1.70170
13308	1.60.1.69913	1.60.1.70170
13309	1.60.1.69913	1.60.1.70170
13310	1.60.1.69913	1.60.1.70170
13311	1.60.1.69913	1.60.1.70170
13312	1.60.1.69913	1.60.1.70170
13313	1.60.1.69913	1.60.1.70170
13316	1.60.1.69913	1.60.1.70170
13317	1.60.1.69913	1.60.1.70170
13318	1.60.1.69913	1.60.1.70170
13319	1.60.1.69913	1.60.1.70170
13320	1.60.1.69913	1.60.1.70170
13321	1.60.1.69913	1.60.1.70170
13322	1.60.1.69913	1.60.1.70170
13323	1.60.1.69913	1.60.1.70170
13324	1.60.1.69913	1.60.1.70170
13325	1.60.1.69913	1.60.1.70170
13326	1.60.1.69913	1.60.1.70170
13327	1.60.1.69913	1.60.1.70170
13328	1.60.1.69913	1.60.1.70170
13329	1.60.1.69913	1.60.1.70170
13330	1.60.1.69913	1.60.1.70170
13331	1.60.1.69913	1.60.1.70170
13332	1.60.1.69913	1.60.1.70170
13333	1.60.1.69913	1.60.1.70170
13334	1.60.1.69913	1.60.1.70170
13335	1.60.1.69913	1.60.1.70170
13336	1.60.1.69913	1.60.1.70170
13337	1.60.1.69913	1.60.1.70170
13338	1.60.1.69913	1.60.1.70170
13339	1.60.1.69913	1.60.1.70170
13341	1.60.1.69913	1.60.1.70170
13342	1.60.1.69913	1.60.1.70170
13343	1.60.1.69913	1.60.1.70170
13347	1.60.1.69913	1.60.1.70170
13350	1.60.1.69913	1.60.1.70170
13351	1.60.1.69913	1.60.1.70170
13352	1.60.1.69913	1.60.1.70170
13354	1.60.1.69913	1.60.1.70170
13356	1.60.1.69913	1.60.1.70170
13357	1.60.1.69913	1.60.1.70170
13362	1.60.1.69913	1.60.1.70170
13363	1.60.1.69913	1.60.1.70170
13364	1.60.1.69913	1.60.1.70170
13365	1.60.1.69913	1.60.1.70170
13366	1.60.1.69913	1.60.1.70170
13367	1.60.1.69913	1.60.1.70170
13370	1.60.1.69913	1.60.1.70170
13371	1.60.1.69913	1.60.1.70170
13406	1.60.1.69913	1.60.1.70170
13407	1.60.1.69913	1.60.1.70170
13422	1.60.1.69913	1.60.1.70170
13423	1.60.1.69913	1.60.1.70170
13442	1.60.1.69913	1.60.1.70170
13443	1.60.1.69913	1.60.1.70170
13444	1.60.1.69913	1.60.1.70170
13445	1.60.1.69913	1.60.1.70170
13446	1.60.1.69913	1.60.1.70170
13447	1.60.1.69913	1.60.1.70170
13448	1.60.1.69913	1.60.1.70170
13450	1.60.1.69913	1.60.1.70170
13451	1.60.1.69913	1.60.1.70170
13452	1.60.1.69913	1.60.1.70170
13453	1.60.1.69913	1.60.1.70170
13454	1.60.1.69913	1.60.1.70170
13455	1.60.1.69913	1.60.1.70170
13456	1.60.1.69913	1.60.1.70170
13457	1.60.1.69913	1.60.1.70170
13458	1.60.1.69913	1.60.1.70170
13459	1.60.1.69913	1.60.1.70170
13460	1.60.1.69913	1.60.1.70170
13461	1.60.1.69913	1.60.1.70170
13462	1.60.1.69913	1.60.1.70170
13463	1.60.1.69913	1.60.1.70170
13464	1.60.1.69913	1.60.1.70170
13465	1.60.1.69913	1.60.1.70170
13466	1.60.1.69913	1.60.1.70170
13467	1.60.1.69913	1.60.1.70170
13468	1.60.1.69913	1.60.1.70170
13469	1.60.1.69913	1.60.1.70170
13470	1.60.1.69913	1.60.1.70170
13471	1.60.1.69913	1.60.1.70170
13473	1.60.1.69913	1.60.1.70170
13474	1.60.1.69913	1.60.1.70170
13475	1.60.1.69913	1.60.1.70170
13476	1.60.1.69913	1.60.1.70170
13477	1.60.1.69913	1.60.1.70170
13478	1.60.1.69913	1.60.1.70170
13479	1.60.1.69913	1.60.1.70170
13481	1.60.1.69913	1.60.1.70170
13482	1.60.1.69913	1.60.1.70170
13483	1.60.1.69913	1.60.1.70170
13484	1.60.1.69913	1.60.1.70170
13485	1.60.1.69913	1.60.1.70170
13486	1.60.1.69913	1.60.1.70170
13487	1.60.1.69913	1.60.1.70170
13488	1.60.1.69913	1.60.1.70170
13489	1.60.1.69913	1.60.1.70170
13490	1.60.1.69913	1.60.1.70170
13491	1.60.1.69913	1.60.1.70170
13492	1.60.1.69913	1.60.1.70170
13493	1.60.1.69913	1.60.1.70170
13494	1.60.1.69913	1.60.1.70170
13495	1.60.1.69913	1.60.1.70170
13496	1.60.1.69913	1.60.1.70170
13497	1.60.1.69913	1.60.1.70170
13499	1.60.1.69913	1.60.1.70170
13500	1.60.1.69913	1.60.1.70170
13501	1.60.1.69913	1.60.1.70170
13503	1.60.1.69913	1.60.1.70170
13504	1.60.1.69913	1.60.1.70170
13506	1.60.1.69913	1.60.1.70170
13507	1.60.1.69913	1.60.1.70170
13509	1.60.1.69913	1.60.1.70170
13510	1.60.1.69913	1.60.1.70170
13511	1.60.1.69913	1.60.1.70170
13512	1.60.1.69913	1.60.1.70170
13513	1.60.1.69913	1.60.1.70170
13517	1.60.1.69913	1.60.1.70170
13518	1.60.1.69913	1.60.1.70170
13519	1.60.1.69913	1.60.1.70170
13520	1.60.1.69913	1.60.1.70170
13521	1.60.1.69913	1.60.1.70170
13522	1.60.1.69913	1.60.1.70170
13523	1.60.1.69913	1.60.1.70170
13536	1.60.1.69913	1.60.1.70170
13542	1.60.1.69913	1.60.1.70170
13543	1.60.1.69913	1.60.1.70170
13545	1.60.1.69913	1.60.1.70170
13546	1.60.1.69913	1.60.1.70170
13562	1.60.1.69913	1.60.1.70170
13582	1.60.1.69913	1.60.1.70170
13583	1.60.1.69913	1.60.1.70170
13584	1.60.1.69913	1.60.1.70170
13585	1.60.1.69913	1.60.1.70170
13586	1.60.1.69913	1.60.1.70170
13602	1.60.1.69913	1.60.1.70170
13603	1.60.1.69913	1.60.1.70170
13604	1.60.1.69913	1.60.1.70170
13605	1.60.1.69913	1.60.1.70170
13606	1.60.1.69913	1.60.1.70170
13607	1.60.1.69913	1.60.1.70170
13608	1.60.1.69913	1.60.1.70170
13609	1.60.1.69913	1.60.1.70170
13610	1.60.1.69913	1.60.1.70170
13611	1.60.1.69913	1.60.1.70170
13612	1.60.1.69913	1.60.1.70170
13622	1.60.1.69913	1.60.1.70170
13623	1.60.1.69913	1.60.1.70170
13624	1.60.1.69913	1.60.1.70170
13625	1.60.1.69913	1.60.1.70170
13626	1.60.1.69913	1.60.1.70170
13627	1.60.1.69913	1.60.1.70170
13628	1.60.1.69913	1.60.1.70170
13629	1.60.1.69913	1.60.1.70170
13630	1.60.1.69913	1.60.1.70170
13631	1.60.1.69913	1.60.1.70170
13632	1.60.1.69913	1.60.1.70170
13642	1.60.1.69913	1.60.1.70170
13643	1.60.1.69913	1.60.1.70170
13644	1.60.1.69913	1.60.1.70170
13645	1.60.1.69913	1.60.1.70170
13646	1.60.1.69913	1.60.1.70170
13647	1.60.1.69913	1.60.1.70170
13648	1.60.1.69913	1.60.1.70170
13649	1.60.1.69913	1.60.1.70170
13650	1.60.1.69913	1.60.1.70170
13651	1.60.1.69913	1.60.1.70170
13652	1.60.1.69913	1.60.1.70170
13653	1.60.1.69913	1.60.1.70170
13654	1.60.1.69913	1.60.1.70170
13655	1.60.1.69913	1.60.1.70170
13656	1.60.1.69913	1.60.1.70170
13657	1.60.1.69913	1.60.1.70170
13658	1.60.1.69913	1.60.1.70170
13659	1.60.1.69913	1.60.1.70170
13660	1.60.1.69913	1.60.1.70170
13661	1.60.1.69913	1.60.1.70170
13662	1.60.1.69913	1.60.1.70170
13663	1.60.1.69913	1.60.1.70170
13664	1.60.1.69913	1.60.1.70170
13665	1.60.1.69913	1.60.1.70170
13666	1.60.1.69913	1.60.1.70170
13667	1.60.1.69913	1.60.1.70170
13668	1.60.1.69913	1.60.1.70170
13669	1.60.1.69913	1.60.1.70170
13670	1.60.1.69913	1.60.1.70170
13671	1.60.1.69913	1.60.1.70170
13672	1.60.1.69913	1.60.1.70170
13673	1.60.1.69913	1.60.1.70170
13674	1.60.1.69913	1.60.1.70170
13675	1.60.1.69913	1.60.1.70170
13676	1.60.1.69913	1.60.1.70170
13677	1.60.1.69913	1.60.1.70170
13678	1.60.1.69913	1.60.1.70170
13679	1.60.1.69913	1.60.1.70170
13680	1.60.1.69913	1.60.1.70170
13681	1.60.1.69913	1.60.1.70170
13682	1.60.1.69913	1.60.1.70170
13683	1.60.1.69913	1.60.1.70170
13684	1.60.1.69913	1.60.1.70170
13685	1.60.1.69913	1.60.1.70170
13686	1.60.1.69913	1.60.1.70170
13687	1.60.1.69913	1.60.1.70170
13688	1.60.1.69913	1.60.1.70170
13689	1.60.1.69913	1.60.1.70170
13690	1.60.1.69913	1.60.1.70170
13691	1.60.1.69913	1.60.1.70170
13692	1.60.1.69913	1.60.1.70170
13693	1.60.1.69913	1.60.1.70170
13694	1.60.1.69913	1.60.1.70170
13695	1.60.1.69913	1.60.1.70170
13696	1.60.1.69913	1.60.1.70170
13697	1.60.1.69913	1.60.1.70170
13698	1.60.1.69913	1.60.1.70170
13699	1.60.1.69913	1.60.1.70170
13700	1.60.1.69913	1.60.1.70170
13701	1.60.1.69913	1.60.1.70170
13702	1.60.1.69913	1.60.1.70170
13703	1.60.1.69913	1.60.1.70170
13704	1.60.1.69913	1.60.1.70170
13705	1.60.1.69913	1.60.1.70170
13706	1.60.1.69913	1.60.1.70170
13707	1.60.1.69913	1.60.1.70170
13708	1.60.1.69913	1.60.1.70170
13709	1.60.1.69913	1.60.1.70170
13710	1.60.1.69913	1.60.1.70170
13711	1.60.1.69913	1.60.1.70170
13712	1.60.1.69913	1.60.1.70170
13713	1.60.1.69913	1.60.1.70170
13714	1.60.1.69913	1.60.1.70170
13715	1.60.1.69913	1.60.1.70170
13716	1.60.1.69913	1.60.1.70170
13717	1.60.1.69913	1.60.1.70170
13718	1.60.1.69913	1.60.1.70170
13719	1.60.1.69913	1.60.1.70170
13720	1.60.1.69913	1.60.1.70170
13721	1.60.1.69913	1.60.1.70170
13722	1.60.1.69913	1.60.1.70170
13723	1.60.1.69913	1.60.1.70170
13724	1.60.1.69913	1.60.1.70170
13725	1.60.1.69913	1.60.1.70170
13726	1.60.1.69913	1.60.1.70170
13727	1.60.1.69913	1.60.1.70170
13728	1.60.1.69913	1.60.1.70170
13729	1.60.1.69913	1.60.1.70170
13730	1.60.1.69913	1.60.1.70170
13731	1.60.1.69913	1.60.1.70170
13732	1.60.1.69913	1.60.1.70170
13733	1.60.1.69913	1.60.1.70170
13734	1.60.1.69913	1.60.1.70170
13735	1.60.1.69913	1.60.1.70170
13736	1.60.1.69913	1.60.1.70170
13737	1.60.1.69913	1.60.1.70170
13738	1.60.1.69913	1.60.1.70170
13739	1.60.1.69913	1.60.1.70170
13740	1.60.1.69913	1.60.1.70170
13741	1.60.1.69913	1.60.1.70170
13742	1.60.1.69913	1.60.1.70170
13743	1.60.1.69913	1.60.1.70170
13744	1.60.1.69913	1.60.1.70170
13745	1.60.1.69913	1.60.1.70170
13746	1.60.1.69913	1.60.1.70170
13747	1.60.1.69913	1.60.1.70170
13748	1.60.1.69913	1.60.1.70170
13749	1.60.1.69913	1.60.1.70170
13750	1.60.1.69913	1.60.1.70170
13751	1.60.1.69913	1.60.1.70170
13752	1.60.1.69913	1.60.1.70170
13753	1.60.1.69913	1.60.1.70170
13754	1.60.1.69913	1.60.1.70170
13755	1.60.1.69913	1.60.1.70170
13756	1.60.1.69913	1.60.1.70170
13757	1.60.1.69913	1.60.1.70170
13758	1.60.1.69913	1.60.1.70170
13759	1.60.1.69913	1.60.1.70170
13760	1.60.1.69913	1.60.1.70170
13761	1.60.1.69913	1.60.1.70170
13762	1.60.1.69913	1.60.1.70170
13763	1.60.1.69913	1.60.1.70170
13764	1.60.1.69913	1.60.1.70170
13765	1.60.1.69913	1.60.1.70170
13766	1.60.1.69913	1.60.1.70170
13767	1.60.1.69913	1.60.1.70170
13768	1.60.1.69913	1.60.1.70170
13769	1.60.1.69913	1.60.1.70170
13770	1.60.1.69913	1.60.1.70170
13771	1.60.1.69913	1.60.1.70170
13772	1.60.1.69913	1.60.1.70170
13773	1.60.1.69913	1.60.1.70170
13774	1.60.1.69913	1.60.1.70170
13775	1.60.1.69913	1.60.1.70170
13776	1.60.1.69913	1.60.1.70170
13777	1.60.1.69913	1.60.1.70170
13778	1.60.1.69913	1.60.1.70170
13779	1.60.1.69913	1.60.1.70170
13780	1.60.1.69913	1.60.1.70170
13781	1.60.1.69913	1.60.1.70170
13782	1.60.1.69913	1.60.1.70170
13783	1.60.1.69913	1.60.1.70170
13784	1.60.1.69913	1.60.1.70170
13785	1.60.1.69913	1.60.1.70170
13786	1.60.1.69913	1.60.1.70170
13787	1.60.1.69913	1.60.1.70170
13788	1.60.1.69913	1.60.1.70170
13789	1.60.1.69913	1.60.1.70170
13790	1.60.1.69913	1.60.1.70170
13791	1.60.1.69913	1.60.1.70170
13792	1.60.1.69913	1.60.1.70170
13793	1.60.1.69913	1.60.1.70170
13794	1.60.1.69913	1.60.1.70170
13795	1.60.1.69913	1.60.1.70170
13796	1.60.1.69913	1.60.1.70170
13797	1.60.1.69913	1.60.1.70170
13798	1.60.1.69913	1.60.1.70170
13799	1.60.1.69913	1.60.1.70170
13800	1.60.1.69913	1.60.1.70170
13801	1.60.1.69913	1.60.1.70170
13802	1.60.1.69913	1.60.1.70170
13803	1.60.1.69913	1.60.1.70170
13804	1.60.1.69913	1.60.1.70170
13805	1.60.1.69913	1.60.1.70170
13806	1.60.1.69913	1.60.1.70170
13807	1.60.1.69913	1.60.1.70170
13808	1.60.1.69913	1.60.1.70170
13809	1.60.1.69913	1.60.1.70170
13810	1.60.1.69913	1.60.1.70170
13811	1.60.1.69913	1.60.1.70170
13812	1.60.1.69913	1.60.1.70170
13813	1.60.1.69913	1.60.1.70170
13814	1.60.1.69913	1.60.1.70170
13815	1.60.1.69913	1.60.1.70170
13816	1.60.1.69913	1.60.1.70170
13817	1.60.1.69913	1.60.1.70170
13818	1.60.1.69913	1.60.1.70170
13819	1.60.1.69913	1.60.1.70170
13820	1.60.1.69913	1.60.1.70170
13821	1.60.1.69913	1.60.1.70170
13822	1.60.1.69913	1.60.1.70170
13823	1.60.1.69913	1.60.1.70170
13824	1.60.1.69913	1.60.1.70170
13825	1.60.1.69913	1.60.1.70170
13842	1.60.1.69913	1.60.1.70170
13843	1.60.1.69913	1.60.1.70170
13844	1.60.1.69913	1.60.1.70170
13845	1.60.1.69913	1.60.1.70170
13846	1.60.1.69913	1.60.1.70170
13847	1.60.1.69913	1.60.1.70170
13848	1.60.1.69913	1.60.1.70170
13849	1.60.1.69913	1.60.1.70170
13850	1.60.1.69913	1.60.1.70170
13851	1.60.1.69913	1.60.1.70170
13852	1.60.1.69913	1.60.1.70170
13853	1.60.1.69913	1.60.1.70170
13854	1.60.1.69913	1.60.1.70170
13855	1.60.1.69913	1.60.1.70170
13856	1.60.1.69913	1.60.1.70170
13857	1.60.1.69913	1.60.1.70170
13858	1.60.1.69913	1.60.1.70170
13859	1.60.1.69913	1.60.1.70170
13860	1.60.1.69913	1.60.1.70170
13861	1.60.1.69913	1.60.1.70170
13862	1.60.1.69913	1.60.1.70170
13863	1.60.1.69913	1.60.1.70170
13864	1.60.1.69913	1.60.1.70170
13865	1.60.1.69913	1.60.1.70170
13866	1.60.1.69913	1.60.1.70170
13867	1.60.1.69913	1.60.1.70170
13868	1.60.1.69913	1.60.1.70170
13869	1.60.1.69913	1.60.1.70170
13870	1.60.1.69913	1.60.1.70170
13871	1.60.1.69913	1.60.1.70170
13872	1.60.1.69913	1.60.1.70170
13873	1.60.1.69913	1.60.1.70170
13874	1.60.1.69913	1.60.1.70170
13875	1.60.1.69913	1.60.1.70170
13876	1.60.1.69913	1.60.1.70170
13877	1.60.1.69913	1.60.1.70170
13878	1.60.1.69913	1.60.1.70170
13879	1.60.1.69913	1.60.1.70170
13880	1.60.1.69913	1.60.1.70170
13881	1.60.1.69913	1.60.1.70170
13882	1.60.1.69913	1.60.1.70170
13883	1.60.1.69913	1.60.1.70170
13884	1.60.1.69913	1.60.1.70170
13885	1.60.1.69913	1.60.1.70170
13886	1.60.1.69913	1.60.1.70170
13887	1.60.1.69913	1.60.1.70170
13888	1.60.1.69913	1.60.1.70170
13889	1.60.1.69913	1.60.1.70170
13890	1.60.1.69913	1.60.1.70170
13891	1.60.1.69913	1.60.1.70170
13892	1.60.1.69913	1.60.1.70170
13893	1.60.1.69913	1.60.1.70170
13894	1.60.1.69913	1.60.1.70170
13895	1.60.1.69913	1.60.1.70170
13896	1.60.1.69913	1.60.1.70170
13897	1.60.1.69913	1.60.1.70170
13898	1.60.1.69913	1.60.1.70170
13899	1.60.1.69913	1.60.1.70170
13900	1.60.1.69913	1.60.1.70170
13901	1.60.1.69913	1.60.1.70170
13902	1.60.1.69913	1.60.1.70170
13903	1.60.1.69913	1.60.1.70170
13904	1.60.1.69913	1.60.1.70170
13905	1.60.1.69913	1.60.1.70170
13906	1.60.1.69913	1.60.1.70170
13907	1.60.1.69913	1.60.1.70170
13908	1.60.1.69913	1.60.1.70170
13909	1.60.1.69913	1.60.1.70170
13910	1.60.1.69913	1.60.1.70170
13911	1.60.1.69913	1.60.1.70170
13912	1.60.1.69913	1.60.1.70170
13913	1.60.1.69913	1.60.1.70170
13914	1.60.1.69913	1.60.1.70170
13915	1.60.1.69913	1.60.1.70170
13916	1.60.1.69913	1.60.1.70170
13917	1.60.1.69913	1.60.1.70170
13918	1.60.1.69913	1.60.1.70170
13920	1.60.1.69913	1.60.1.70170
13922	1.60.1.69913	1.60.1.70170
13923	1.60.1.69913	1.60.1.70170
13924	1.60.1.69913	1.60.1.70170
13925	1.60.1.69913	1.60.1.70170
13926	1.60.1.69913	1.60.1.70170
13927	1.60.1.69913	1.60.1.70170
13928	1.60.1.69913	1.60.1.70170
13929	1.60.1.69913	1.60.1.70170
13930	1.60.1.69913	1.60.1.70170
13931	1.60.1.69913	1.60.1.70170
13932	1.60.1.69913	1.60.1.70170
13933	1.60.1.69913	1.60.1.70170
13934	1.60.1.69913	1.60.1.70170
13935	1.60.1.69913	1.60.1.70170
13936	1.60.1.69913	1.60.1.70170
13939	1.60.1.69913	1.60.1.70170
13940	1.60.1.69913	1.60.1.70170
13941	1.60.1.69913	1.60.1.70170
13942	1.60.1.69913	1.60.1.70170
13943	1.60.1.69913	1.60.1.70170
13945	1.60.1.69913	1.60.1.70170
13946	1.60.1.69913	1.60.1.70170
13947	1.60.1.69913	1.60.1.70170
13948	1.60.1.69913	1.60.1.70170
13949	1.60.1.69913	1.60.1.70170
14025	1.60.1.69913	1.60.1.70170
14042	1.60.1.69913	1.60.1.70170
14043	1.60.1.69913	1.60.1.70170
14044	1.60.1.69913	1.60.1.70170
14045	1.60.1.69913	1.60.1.70170
14046	1.60.1.69913	1.60.1.70170
14047	1.60.1.69913	1.60.1.70170
14048	1.60.1.69913	1.60.1.70170
14062	1.60.1.69913	1.60.1.70170
14082	1.60.1.69913	1.60.1.70170
14083	1.60.1.69913	1.60.1.70170
14084	1.60.1.69913	1.60.1.70170
14085	1.60.1.69913	1.60.1.70170
14086	1.60.1.69913	1.60.1.70170
14087	1.60.1.69913	1.60.1.70170
14088	1.60.1.69913	1.60.1.70170
14089	1.60.1.69913	1.60.1.70170
14090	1.60.1.69913	1.60.1.70170
14091	1.60.1.69913	1.60.1.70170
14092	1.60.1.69913	1.60.1.70170
14093	1.60.1.69913	1.60.1.70170
14094	1.60.1.69913	1.60.1.70170
14095	1.60.1.69913	1.60.1.70170
14096	1.60.1.69913	1.60.1.70170
14097	1.60.1.69913	1.60.1.70170
14098	1.60.1.69913	1.60.1.70170
14099	1.60.1.69913	1.60.1.70170
14100	1.60.1.69913	1.60.1.70170
14101	1.60.1.69913	1.60.1.70170
14102	1.60.1.69913	1.60.1.70170
14103	1.60.1.69913	1.60.1.70170
14104	1.60.1.69913	1.60.1.70170
14105	1.60.1.69913	1.60.1.70170
14106	1.60.1.69913	1.60.1.70170
14107	1.60.1.69913	1.60.1.70170
14108	1.60.1.69913	1.60.1.70170
14109	1.60.1.69913	1.60.1.70170
14110	1.60.1.69913	1.60.1.70170
14111	1.60.1.69913	1.60.1.70170
14112	1.60.1.69913	1.60.1.70170
14113	1.60.1.69913	1.60.1.70170
14114	1.60.1.69913	1.60.1.70170
14115	1.60.1.69913	1.60.1.70170
14116	1.60.1.69913	1.60.1.70170
14117	1.60.1.69913	1.60.1.70170
14118	1.60.1.69913	1.60.1.70170
14119	1.60.1.69913	1.60.1.70170
14120	1.60.1.69913	1.60.1.70170
14121	1.60.1.69913	1.60.1.70170
14122	1.60.1.69913	1.60.1.70170
14123	1.60.1.69913	1.60.1.70170
14124	1.60.1.69913	1.60.1.70170
14125	1.60.1.69913	1.60.1.70170
14126	1.60.1.69913	1.60.1.70170
14127	1.60.1.69913	1.60.1.70170
14128	1.60.1.69913	1.60.1.70170
14129	1.60.1.69913	1.60.1.70170
14130	1.60.1.69913	1.60.1.70170
14131	1.60.1.69913	1.60.1.70170
14132	1.60.1.69913	1.60.1.70170
14133	1.60.1.69913	1.60.1.70170
14134	1.60.1.69913	1.60.1.70170
14136	1.60.1.69913	1.60.1.70170
14137	1.60.1.69913	1.60.1.70170
14138	1.60.1.69913	1.60.1.70170
14139	1.60.1.69913	1.60.1.70170
14140	1.60.1.69913	1.60.1.70170
14141	1.60.1.69913	1.60.1.70170
14142	1.60.1.69913	1.60.1.70170
14143	1.60.1.69913	1.60.1.70170
14144	1.60.1.69913	1.60.1.70170
14145	1.60.1.69913	1.60.1.70170
14146	1.60.1.69913	1.60.1.70170
14147	1.60.1.69913	1.60.1.70170
14148	1.60.1.69913	1.60.1.70170
14149	1.60.1.69913	1.60.1.70170
14150	1.60.1.69913	1.60.1.70170
14151	1.60.1.69913	1.60.1.70170
14152	1.60.1.69913	1.60.1.70170
14153	1.60.1.69913	1.60.1.70170
14154	1.60.1.69913	1.60.1.70170
14155	1.60.1.69913	1.60.1.70170
14156	1.60.1.69913	1.60.1.70170
14157	1.60.1.69913	1.60.1.70170
14158	1.60.1.69913	1.60.1.70170
14159	1.60.1.69913	1.60.1.70170
14160	1.60.1.69913	1.60.1.70170
14161	1.60.1.69913	1.60.1.70170
14162	1.60.1.69913	1.60.1.70170
14163	1.60.1.69913	1.60.1.70170
14164	1.60.1.69913	1.60.1.70170
14165	1.60.1.69913	1.60.1.70170
14166	1.60.1.69913	1.60.1.70170
14167	1.60.1.69913	1.60.1.70170
14168	1.60.1.69913	1.60.1.70170
14169	1.60.1.69913	1.60.1.70170
14170	1.60.1.69913	1.60.1.70170
14171	1.60.1.69913	1.60.1.70170
14172	1.60.1.69913	1.60.1.70170
14173	1.60.1.69913	1.60.1.70170
14174	1.60.1.69913	1.60.1.70170
14175	1.60.1.69913	1.60.1.70170
14176	1.60.1.69913	1.60.1.70170
14177	1.60.1.69913	1.60.1.70170
14178	1.60.1.69913	1.60.1.70170
14179	1.60.1.69913	1.60.1.70170
14180	1.60.1.69913	1.60.1.70170
14181	1.60.1.69913	1.60.1.70170
14182	1.60.1.69913	1.60.1.70170
14183	1.60.1.69913	1.60.1.70170
14184	1.60.1.69913	1.60.1.70170
14185	1.60.1.69913	1.60.1.70170
14186	1.60.1.69913	1.60.1.70170
14187	1.60.1.69913	1.60.1.70170
14188	1.60.1.69913	1.60.1.70170
14189	1.60.1.69913	1.60.1.70170
14190	1.60.1.69913	1.60.1.70170
14191	1.60.1.69913	1.60.1.70170
14192	1.60.1.69913	1.60.1.70170
14193	1.60.1.69913	1.60.1.70170
14194	1.60.1.69913	1.60.1.70170
14195	1.60.1.69913	1.60.1.70170
14196	1.60.1.69913	1.60.1.70170
14197	1.60.1.69913	1.60.1.70170
14198	1.60.1.69913	1.60.1.70170
14199	1.60.1.69913	1.60.1.70170
14200	1.60.1.69913	1.60.1.70170
14201	1.60.1.69913	1.60.1.70170
14202	1.60.1.69913	1.60.1.70170
14203	1.60.1.69913	1.60.1.70170
14204	1.60.1.69913	1.60.1.70170
14205	1.60.1.69913	1.60.1.70170
14206	1.60.1.69913	1.60.1.70170
14207	1.60.1.69913	1.60.1.70170
14208	1.60.1.69913	1.60.1.70170
14209	1.60.1.69913	1.60.1.70170
14210	1.60.1.69913	1.60.1.70170
14211	1.60.1.69913	1.60.1.70170
14212	1.60.1.69913	1.60.1.70170
14213	1.60.1.69913	1.60.1.70170
14214	1.60.1.69913	1.60.1.70170
14215	1.60.1.69913	1.60.1.70170
14216	1.60.1.69913	1.60.1.70170
14217	1.60.1.69913	1.60.1.70170
14218	1.60.1.69913	1.60.1.70170
14219	1.60.1.69913	1.60.1.70170
14220	1.60.1.69913	1.60.1.70170
14221	1.60.1.69913	1.60.1.70170
14222	1.60.1.69913	1.60.1.70170
14223	1.60.1.69913	1.60.1.70170
14224	1.60.1.69913	1.60.1.70170
14225	1.60.1.69913	1.60.1.70170
14226	1.60.1.69913	1.60.1.70170
14227	1.60.1.69913	1.60.1.70170
14228	1.60.1.69913	1.60.1.70170
14229	1.60.1.69913	1.60.1.70170
14230	1.60.1.69913	1.60.1.70170
14231	1.60.1.69913	1.60.1.70170
14232	1.60.1.69913	1.60.1.70170
14233	1.60.1.69913	1.60.1.70170
14234	1.60.1.69913	1.60.1.70170
14235	1.60.1.69913	1.60.1.70170
14236	1.60.1.69913	1.60.1.70170
14237	1.60.1.69913	1.60.1.70170
14238	1.60.1.69913	1.60.1.70170
14239	1.60.1.69913	1.60.1.70170
14240	1.60.1.69913	1.60.1.70170
14241	1.60.1.69913	1.60.1.70170
14242	1.60.1.69913	1.60.1.70170
14243	1.60.1.69913	1.60.1.70170
14244	1.60.1.69913	1.60.1.70170
14245	1.60.1.69913	1.60.1.70170
14246	1.60.1.69913	1.60.1.70170
14247	1.60.1.69913	1.60.1.70170
14248	1.60.1.69913	1.60.1.70170
14249	1.60.1.69913	1.60.1.70170
14250	1.60.1.69913	1.60.1.70170
14251	1.60.1.69913	1.60.1.70170
14252	1.60.1.69913	1.60.1.70170
14253	1.60.1.69913	1.60.1.70170
14254	1.60.1.69913	1.60.1.70170
14255	1.60.1.69913	1.60.1.70170
14256	1.60.1.69913	1.60.1.70170
14257	1.60.1.69913	1.60.1.70170
14258	1.60.1.69913	1.60.1.70170
14259	1.60.1.69913	1.60.1.70170
14260	1.60.1.69913	1.60.1.70170
14261	1.60.1.69913	1.60.1.70170
14262	1.60.1.69913	1.60.1.70170
14263	1.60.1.69913	1.60.1.70170
14264	1.60.1.69913	1.60.1.70170
14265	1.60.1.69913	1.60.1.70170
14266	1.60.1.69913	1.60.1.70170
14267	1.60.1.69913	1.60.1.70170
14268	1.60.1.69913	1.60.1.70170
14269	1.60.1.69913	1.60.1.70170
14270	1.60.1.69913	1.60.1.70170
14271	1.60.1.69913	1.60.1.70170
14272	1.60.1.69913	1.60.1.70170
14273	1.60.1.69913	1.60.1.70170
14274	1.60.1.69913	1.60.1.70170
14275	1.60.1.69913	1.60.1.70170
14276	1.60.1.69913	1.60.1.70170
14277	1.60.1.69913	1.60.1.70170
14278	1.60.1.69913	1.60.1.70170
14279	1.60.1.69913	1.60.1.70170
14280	1.60.1.69913	1.60.1.70170
14281	1.60.1.69913	1.60.1.70170
14282	1.60.1.69913	1.60.1.70170
14283	1.60.1.69913	1.60.1.70170
14284	1.60.1.69913	1.60.1.70170
14285	1.60.1.69913	1.60.1.70170
14286	1.60.1.69913	1.60.1.70170
14287	1.60.1.69913	1.60.1.70170
14288	1.60.1.69913	1.60.1.70170
14289	1.60.1.69913	1.60.1.70170
14290	1.60.1.69913	1.60.1.70170
14291	1.60.1.69913	1.60.1.70170
14292	1.60.1.69913	1.60.1.70170
14293	1.60.1.69913	1.60.1.70170
14294	1.60.1.69913	1.60.1.70170
14295	1.60.1.69913	1.60.1.70170
14296	1.60.1.69913	1.60.1.70170
14297	1.60.1.69913	1.60.1.70170
14298	1.60.1.69913	1.60.1.70170
14299	1.60.1.69913	1.60.1.70170
14300	1.60.1.69913	1.60.1.70170
14301	1.60.1.69913	1.60.1.70170
14302	1.60.1.69913	1.60.1.70170
14303	1.60.1.69913	1.60.1.70170
14304	1.60.1.69913	1.60.1.70170
14305	1.60.1.69913	1.60.1.70170
14306	1.60.1.69913	1.60.1.70170
14307	1.60.1.69913	1.60.1.70170
14308	1.60.1.69913	1.60.1.70170
14309	1.60.1.69913	1.60.1.70170
14310	1.60.1.69913	1.60.1.70170
14311	1.60.1.69913	1.60.1.70170
14312	1.60.1.69913	1.60.1.70170
14313	1.60.1.69913	1.60.1.70170
14314	1.60.1.69913	1.60.1.70170
14315	1.60.1.69913	1.60.1.70170
14316	1.60.1.69913	1.60.1.70170
14317	1.60.1.69913	1.60.1.70170
14318	1.60.1.69913	1.60.1.70170
14319	1.60.1.69913	1.60.1.70170
14320	1.60.1.69913	1.60.1.70170
14321	1.60.1.69913	1.60.1.70170
14322	1.60.1.69913	1.60.1.70170
14323	1.60.1.69913	1.60.1.70170
14324	1.60.1.69913	1.60.1.70170
14325	1.60.1.69913	1.60.1.70170
14326	1.60.1.69913	1.60.1.70170
14327	1.60.1.69913	1.60.1.70170
14328	1.60.1.69913	1.60.1.70170
14329	1.60.1.69913	1.60.1.70170
14330	1.60.1.69913	1.60.1.70170
14331	1.60.1.69913	1.60.1.70170
14332	1.60.1.69913	1.60.1.70170
14333	1.60.1.69913	1.60.1.70170
14334	1.60.1.69913	1.60.1.70170
14335	1.60.1.69913	1.60.1.70170
14336	1.60.1.69913	1.60.1.70170
14337	1.60.1.69913	1.60.1.70170
14338	1.60.1.69913	1.60.1.70170
14339	1.60.1.69913	1.60.1.70170
14341	1.60.1.69913	1.60.1.70170
14342	1.60.1.69913	1.60.1.70170
14343	1.60.1.69913	1.60.1.70170
14344	1.60.1.69913	1.60.1.70170
14363	1.60.1.69913	1.60.1.70170
14364	1.60.1.69913	1.60.1.70170
14365	1.60.1.69913	1.60.1.70170
14366	1.60.1.69913	1.60.1.70170
14367	1.60.1.69913	1.60.1.70170
14368	1.60.1.69913	1.60.1.70170
14369	1.60.1.69913	1.60.1.70170
14370	1.60.1.69913	1.60.1.70170
14371	1.60.1.69913	1.60.1.70170
14372	1.60.1.69913	1.60.1.70170
14373	1.60.1.69913	1.60.1.70170
14374	1.60.1.69913	1.60.1.70170
14375	1.60.1.69913	1.60.1.70170
14376	1.60.1.69913	1.60.1.70170
14377	1.60.1.69913	1.60.1.70170
14378	1.60.1.69913	1.60.1.70170
14379	1.60.1.69913	1.60.1.70170
14380	1.60.1.69913	1.60.1.70170
14381	1.60.1.69913	1.60.1.70170
14382	1.60.1.69913	1.60.1.70170
14383	1.60.1.69913	1.60.1.70170
14384	1.60.1.69913	1.60.1.70170
14385	1.60.1.69913	1.60.1.70170
14386	1.60.1.69913	1.60.1.70170
14387	1.60.1.69913	1.60.1.70170
14388	1.60.1.69913	1.60.1.70170
14389	1.60.1.69913	1.60.1.70170
14390	1.60.1.69913	1.60.1.70170
14391	1.60.1.69913	1.60.1.70170
14392	1.60.1.69913	1.60.1.70170
14393	1.60.1.69913	1.60.1.70170
14394	1.60.1.69913	1.60.1.70170
14395	1.60.1.69913	1.60.1.70170
14396	1.60.1.69913	1.60.1.70170
14397	1.60.1.69913	1.60.1.70170
14398	1.60.1.69913	1.60.1.70170
14399	1.60.1.69913	1.60.1.70170
14400	1.60.1.69913	1.60.1.70170
14401	1.60.1.69913	1.60.1.70170
14402	1.60.1.69913	1.60.1.70170
14403	1.60.1.69913	1.60.1.70170
14404	1.60.1.69913	1.60.1.70170
14405	1.60.1.69913	1.60.1.70170
14406	1.60.1.69913	1.60.1.70170
14407	1.60.1.69913	1.60.1.70170
14408	1.60.1.69913	1.60.1.70170
14409	1.60.1.69913	1.60.1.70170
14410	1.60.1.69913	1.60.1.70170
14411	1.60.1.69913	1.60.1.70170
14412	1.60.1.69913	1.60.1.70170
14413	1.60.1.69913	1.60.1.70170
14414	1.60.1.69913	1.60.1.70170
14415	1.60.1.69913	1.60.1.70170
14416	1.60.1.69913	1.60.1.70170
14417	1.60.1.69913	1.60.1.70170
14418	1.60.1.69913	1.60.1.70170
14419	1.60.1.69913	1.60.1.70170
14420	1.60.1.69913	1.60.1.70170
14421	1.60.1.69913	1.60.1.70170
14422	1.60.1.69913	1.60.1.70170
14423	1.60.1.69913	1.60.1.70170
14424	1.60.1.69913	1.60.1.70170
14425	1.60.1.69913	1.60.1.70170
14426	1.60.1.69913	1.60.1.70170
14427	1.60.1.69913	1.60.1.70170
14428	1.60.1.69913	1.60.1.70170
14429	1.60.1.69913	1.60.1.70170
14430	1.60.1.69913	1.60.1.70170
14431	1.60.1.69913	1.60.1.70170
14432	1.60.1.69913	1.60.1.70170
14433	1.60.1.69913	1.60.1.70170
14434	1.60.1.69913	1.60.1.70170
14435	1.60.1.69913	1.60.1.70170
14436	1.60.1.69913	1.60.1.70170
14437	1.60.1.69913	1.60.1.70170
14438	1.60.1.69913	1.60.1.70170
14439	1.60.1.69913	1.60.1.70170
14440	1.60.1.69913	1.60.1.70170
14441	1.60.1.69913	1.60.1.70170
14442	1.60.1.69913	1.60.1.70170
14443	1.60.1.69913	1.60.1.70170
14444	1.60.1.69913	1.60.1.70170
14445	1.60.1.69913	1.60.1.70170
14446	1.60.1.69913	1.60.1.70170
14447	1.60.1.69913	1.60.1.70170
14448	1.60.1.69913	1.60.1.70170
14449	1.60.1.69913	1.60.1.70170
14450	1.60.1.69913	1.60.1.70170
14451	1.60.1.69913	1.60.1.70170
14452	1.60.1.69913	1.60.1.70170
14453	1.60.1.69913	1.60.1.70170
14454	1.60.1.69913	1.60.1.70170
14455	1.60.1.69913	1.60.1.70170
14456	1.60.1.69913	1.60.1.70170
14457	1.60.1.69913	1.60.1.70170
14458	1.60.1.69913	1.60.1.70170
14459	1.60.1.69913	1.60.1.70170
14460	1.60.1.69913	1.60.1.70170
14461	1.60.1.69913	1.60.1.70170
14462	1.60.1.69913	1.60.1.70170
14463	1.60.1.69913	1.60.1.70170
14464	1.60.1.69913	1.60.1.70170
14465	1.60.1.69913	1.60.1.70170
14466	1.60.1.69913	1.60.1.70170
14467	1.60.1.69913	1.60.1.70170
14468	1.60.1.69913	1.60.1.70170
14469	1.60.1.69913	1.60.1.70170
14470	1.60.1.69913	1.60.1.70170
14471	1.60.1.69913	1.60.1.70170
14472	1.60.1.69913	1.60.1.70170
14473	1.60.1.69913	1.60.1.70170
14474	1.60.1.69913	1.60.1.70170
14475	1.60.1.69913	1.60.1.70170
14476	1.60.1.69913	1.60.1.70170
14477	1.60.1.69913	1.60.1.70170
14478	1.60.1.69913	1.60.1.70170
14479	1.60.1.69913	1.60.1.70170
14480	1.60.1.69913	1.60.1.70170
14481	1.60.1.69913	1.60.1.70170
14482	1.60.1.69913	1.60.1.70170
14483	1.60.1.69913	1.60.1.70170
14484	1.60.1.69913	1.60.1.70170
14485	1.60.1.69913	1.60.1.70170
14486	1.60.1.69913	1.60.1.70170
14488	1.60.1.69913	1.60.1.70170
14489	1.60.1.69913	1.60.1.70170
14490	1.60.1.69913	1.60.1.70170
14491	1.60.1.69913	1.60.1.70170
14492	1.60.1.69913	1.60.1.70170
14493	1.60.1.69913	1.60.1.70170
14494	1.60.1.69913	1.60.1.70170
14495	1.60.1.69913	1.60.1.70170
14496	1.60.1.69913	1.60.1.70170
14497	1.60.1.69913	1.60.1.70170
14498	1.60.1.69913	1.60.1.70170
14499	1.60.1.69913	1.60.1.70170
14500	1.60.1.69913	1.60.1.70170
14501	1.60.1.69913	1.60.1.70170
14504	1.60.1.69913	1.60.1.70170
14505	1.60.1.69913	1.60.1.70170
14506	1.60.1.69913	1.60.1.70170
14507	1.60.1.69913	1.60.1.70170
14508	1.60.1.69913	1.60.1.70170
14509	1.60.1.69913	1.60.1.70170
14510	1.60.1.69913	1.60.1.70170
14511	1.60.1.69913	1.60.1.70170
14512	1.60.1.69913	1.60.1.70170
14513	1.60.1.69913	1.60.1.70170
14514	1.60.1.69913	1.60.1.70170
14523	1.60.1.69913	1.60.1.70170
14524	1.60.1.69913	1.60.1.70170
14526	1.60.1.69913	1.60.1.70170
14527	1.60.1.69913	1.60.1.70170
14529	1.60.1.69913	1.60.1.70170
14530	1.60.1.69913	1.60.1.70170
14532	1.60.1.69913	1.60.1.70170
14533	1.60.1.69913	1.60.1.70170
14534	1.60.1.69913	1.60.1.70170
14535	1.60.1.69913	1.60.1.70170
14540	1.60.1.69913	1.60.1.70170
14542	1.60.1.69913	1.60.1.70170
14544	1.60.1.69913	1.60.1.70170
14546	1.60.1.69913	1.60.1.70170
14547	1.60.1.69913	1.60.1.70170
14549	1.60.1.69913	1.60.1.70170
14550	1.60.1.69913	1.60.1.70170
14559	1.60.1.69913	1.60.1.70170
14560	1.60.1.69913	1.60.1.70170
14561	1.60.1.69913	1.60.1.70170
14562	1.60.1.69913	1.60.1.70170
14563	1.60.1.69913	1.60.1.70170
14564	1.60.1.69913	1.60.1.70170
14565	1.60.1.69913	1.60.1.70170
14566	1.60.1.69913	1.60.1.70170
14567	1.60.1.69913	1.60.1.70170
14568	1.60.1.69913	1.60.1.70170
14569	1.60.1.69913	1.60.1.70170
14570	1.60.1.69913	1.60.1.70170
14571	1.60.1.69913	1.60.1.70170
14572	1.60.1.69913	1.60.1.70170
14573	1.60.1.69913	1.60.1.70170
14574	1.60.1.69913	1.60.1.70170
14575	1.60.1.69913	1.60.1.70170
14578	1.60.1.69913	1.60.1.70170
14579	1.60.1.69913	1.60.1.70170
14580	1.60.1.69913	1.60.1.70170
14581	1.60.1.69913	1.60.1.70170
14582	1.60.1.69913	1.60.1.70170
14583	1.60.1.69913	1.60.1.70170
14584	1.60.1.69913	1.60.1.70170
14585	1.60.1.69913	1.60.1.70170
14586	1.60.1.69913	1.60.1.70170
14587	1.60.1.69913	1.60.1.70170
14588	1.60.1.69913	1.60.1.70170
14589	1.60.1.69913	1.60.1.70170
14590	1.60.1.69913	1.60.1.70170
14591	1.60.1.69913	1.60.1.70170
14592	1.60.1.69913	1.60.1.70170
14593	1.60.1.69913	1.60.1.70170
14594	1.60.1.69913	1.60.1.70170
14595	1.60.1.69913	1.60.1.70170
14596	1.60.1.69913	1.60.1.70170
14597	1.60.1.69913	1.60.1.70170
14598	1.60.1.69913	1.60.1.70170
14599	1.60.1.69913	1.60.1.70170
14600	1.60.1.69913	1.60.1.70170
14601	1.60.1.69913	1.60.1.70170
14602	1.60.1.69913	1.60.1.70170
14603	1.60.1.69913	1.60.1.70170
14604	1.60.1.69913	1.60.1.70170
14605	1.60.1.69913	1.60.1.70170
14606	1.60.1.69913	1.60.1.70170
14607	1.60.1.69913	1.60.1.70170
14608	1.60.1.69913	1.60.1.70170
14609	1.60.1.69913	1.60.1.70170
14610	1.60.1.69913	1.60.1.70170
14613	1.60.1.69913	1.60.1.70170
14617	1.60.1.69913	1.60.1.70170
14618	1.60.1.69913	1.60.1.70170
14619	1.60.1.69913	1.60.1.70170
14625	1.60.1.69913	1.60.1.70170
14627	1.60.1.69913	1.60.1.70170
14628	1.60.1.69913	1.60.1.70170
14630	1.60.1.69913	1.60.1.70170
14634	1.60.1.69913	1.60.1.70170
14635	1.60.1.69913	1.60.1.70170
14639	1.60.1.69913	1.60.1.70170
14642	1.60.1.69913	1.60.1.70170
14643	1.60.1.69913	1.60.1.70170
14644	1.60.1.69913	1.60.1.70170
14645	1.60.1.69913	1.60.1.70170
14646	1.60.1.69913	1.60.1.70170
14647	1.60.1.69913	1.60.1.70170
14648	1.60.1.69913	1.60.1.70170
14649	1.60.1.69913	1.60.1.70170
14650	1.60.1.69913	1.60.1.70170
14651	1.60.1.69913	1.60.1.70170
14652	1.60.1.69913	1.60.1.70170
14653	1.60.1.69913	1.60.1.70170
14654	1.60.1.69913	1.60.1.70170
14655	1.60.1.69913	1.60.1.70170
14656	1.60.1.69913	1.60.1.70170
14657	1.60.1.69913	1.60.1.70170
14658	1.60.1.69913	1.60.1.70170
14659	1.60.1.69913	1.60.1.70170
14660	1.60.1.69913	1.60.1.70170
14661	1.60.1.69913	1.60.1.70170
14662	1.60.1.69913	1.60.1.70170
14663	1.60.1.69913	1.60.1.70170
14664	1.60.1.69913	1.60.1.70170
14665	1.60.1.69913	1.60.1.70170
14666	1.60.1.69913	1.60.1.70170
14667	1.60.1.69913	1.60.1.70170
14668	1.60.1.69913	1.60.1.70170
14669	1.60.1.69913	1.60.1.70170
14670	1.60.1.69913	1.60.1.70170
14671	1.60.1.69913	1.60.1.70170
14672	1.60.1.69913	1.60.1.70170
14673	1.60.1.69913	1.60.1.70170
14674	1.60.1.69913	1.60.1.70170
14675	1.60.1.69913	1.60.1.70170
14676	1.60.1.69913	1.60.1.70170
14677	1.60.1.69913	1.60.1.70170
14678	1.60.1.69913	1.60.1.70170
14679	1.60.1.69913	1.60.1.70170
14680	1.60.1.69913	1.60.1.70170
14681	1.60.1.69913	1.60.1.70170
14682	1.60.1.69913	1.60.1.70170
14683	1.60.1.69913	1.60.1.70170
14684	1.60.1.69913	1.60.1.70170
14685	1.60.1.69913	1.60.1.70170
14686	1.60.1.69913	1.60.1.70170
14687	1.60.1.69913	1.60.1.70170
14688	1.60.1.69913	1.60.1.70170
14691	1.60.1.69913	1.60.1.70170
14696	1.60.1.69913	1.60.1.70170
14706	1.60.1.69913	1.60.1.70170
14707	1.60.1.69913	1.60.1.70170
14722	1.60.1.69913	1.60.1.70170
14723	1.60.1.69913	1.60.1.70170
14724	1.60.1.69913	1.60.1.70170
14725	1.60.1.69913	1.60.1.70170
14726	1.60.1.69913	1.60.1.70170
14727	1.60.1.69913	1.60.1.70170
14728	1.60.1.69913	1.60.1.70170
14729	1.60.1.69913	1.60.1.70170
14730	1.60.1.69913	1.60.1.70170
14742	1.60.1.69913	1.60.1.70170
14743	1.60.1.69913	1.60.1.70170
14744	1.60.1.69913	1.60.1.70170
14745	1.60.1.69913	1.60.1.70170
14746	1.60.1.69913	1.60.1.70170
14747	1.60.1.69913	1.60.1.70170
14748	1.60.1.69913	1.60.1.70170
14749	1.60.1.69913	1.60.1.70170
14750	1.60.1.69913	1.60.1.70170
14751	1.60.1.69913	1.60.1.70170
14752	1.60.1.69913	1.60.1.70170
14753	1.60.1.69913	1.60.1.70170
14754	1.60.1.69913	1.60.1.70170
14755	1.60.1.69913	1.60.1.70170
14756	1.60.1.69913	1.60.1.70170
14757	1.60.1.69913	1.60.1.70170
14758	1.60.1.69913	1.60.1.70170
14759	1.60.1.69913	1.60.1.70170
14760	1.60.1.69913	1.60.1.70170
14761	1.60.1.69913	1.60.1.70170
14762	1.60.1.69913	1.60.1.70170
14763	1.60.1.69913	1.60.1.70170
14764	1.60.1.69913	1.60.1.70170
14765	1.60.1.69913	1.60.1.70170
14766	1.60.1.69913	1.60.1.70170
14767	1.60.1.69913	1.60.1.70170
14768	1.60.1.69913	1.60.1.70170
14769	1.60.1.69913	1.60.1.70170
14770	1.60.1.69913	1.60.1.70170
14771	1.60.1.69913	1.60.1.70170
14772	1.60.1.69913	1.60.1.70170
14773	1.60.1.69913	1.60.1.70170
14774	1.60.1.69913	1.60.1.70170
14775	1.60.1.69913	1.60.1.70170
14776	1.60.1.69913	1.60.1.70170
14777	1.60.1.69913	1.60.1.70170
14778	1.60.1.69913	1.60.1.70170
14779	1.60.1.69913	1.60.1.70170
14780	1.60.1.69913	1.60.1.70170
14781	1.60.1.69913	1.60.1.70170
14782	1.60.1.69913	1.60.1.70170
14783	1.60.1.69913	1.60.1.70170
14784	1.60.1.69913	1.60.1.70170
14785	1.60.1.69913	1.60.1.70170
14786	1.60.1.69913	1.60.1.70170
14787	1.60.1.69913	1.60.1.70170
14788	1.60.1.69913	1.60.1.70170
14789	1.60.1.69913	1.60.1.70170
14790	1.60.1.69913	1.60.1.70170
14791	1.60.1.69913	1.60.1.70170
14792	1.60.1.69913	1.60.1.70170
14793	1.60.1.69913	1.60.1.70170
14794	1.60.1.69913	1.60.1.70170
14795	1.60.1.69913	1.60.1.70170
14796	1.60.1.69913	1.60.1.70170
14797	1.60.1.69913	1.60.1.70170
14798	1.60.1.69913	1.60.1.70170
14799	1.60.1.69913	1.60.1.70170
14800	1.60.1.69913	1.60.1.70170
14801	1.60.1.69913	1.60.1.70170
14802	1.60.1.69913	1.60.1.70170
14803	1.60.1.69913	1.60.1.70170
14804	1.60.1.69913	1.60.1.70170
14805	1.60.1.69913	1.60.1.70170
14806	1.60.1.69913	1.60.1.70170
14807	1.60.1.69913	1.60.1.70170
14808	1.60.1.69913	1.60.1.70170
14809	1.60.1.69913	1.60.1.70170
14810	1.60.1.69913	1.60.1.70170
14811	1.60.1.69913	1.60.1.70170
14812	1.60.1.69913	1.60.1.70170
14813	1.60.1.69913	1.60.1.70170
14814	1.60.1.69913	1.60.1.70170
14815	1.60.1.69913	1.60.1.70170
14816	1.60.1.69913	1.60.1.70170
14817	1.60.1.69913	1.60.1.70170
14818	1.60.1.69913	1.60.1.70170
14820	1.60.1.69913	1.60.1.70170
14821	1.60.1.69913	1.60.1.70170
14822	1.60.1.69913	1.60.1.70170
14823	1.60.1.69913	1.60.1.70170
14824	1.60.1.69913	1.60.1.70170
14825	1.60.1.69913	1.60.1.70170
14826	1.60.1.69913	1.60.1.70170
14827	1.60.1.69913	1.60.1.70170
14828	1.60.1.69913	1.60.1.70170
14829	1.60.1.69913	1.60.1.70170
14830	1.60.1.69913	1.60.1.70170
14831	1.60.1.69913	1.60.1.70170
14832	1.60.1.69913	1.60.1.70170
14833	1.60.1.69913	1.60.1.70170
14834	1.60.1.69913	1.60.1.70170
14835	1.60.1.69913	1.60.1.70170
14836	1.60.1.69913	1.60.1.70170
14837	1.60.1.69913	1.60.1.70170
14838	1.60.1.69913	1.60.1.70170
14839	1.60.1.69913	1.60.1.70170
14840	1.60.1.69913	1.60.1.70170
14841	1.60.1.69913	1.60.1.70170
14842	1.60.1.69913	1.60.1.70170
14843	1.60.1.69913	1.60.1.70170
14844	1.60.1.69913	1.60.1.70170
14845	1.60.1.69913	1.60.1.70170
14846	1.60.1.69913	1.60.1.70170
14847	1.60.1.69913	1.60.1.70170
14848	1.60.1.69913	1.60.1.70170
14849	1.60.1.69913	1.60.1.70170
14850	1.60.1.69913	1.60.1.70170
14851	1.60.1.69913	1.60.1.70170
14852	1.60.1.69913	1.60.1.70170
14853	1.60.1.69913	1.60.1.70170
14854	1.60.1.69913	1.60.1.70170
14855	1.60.1.69913	1.60.1.70170
14856	1.60.1.69913	1.60.1.70170
14857	1.60.1.69913	1.60.1.70170
14858	1.60.1.69913	1.60.1.70170
14859	1.60.1.69913	1.60.1.70170
14860	1.60.1.69913	1.60.1.70170
14861	1.60.1.69913	1.60.1.70170
14862	1.60.1.69913	1.60.1.70170
14863	1.60.1.69913	1.60.1.70170
14864	1.60.1.69913	1.60.1.70170
14865	1.60.1.69913	1.60.1.70170
14866	1.60.1.69913	1.60.1.70170
14868	1.60.1.69913	1.60.1.70170
14869	1.60.1.69913	1.60.1.70170
14870	1.60.1.69913	1.60.1.70170
14871	1.60.1.69913	1.60.1.70170
14872	1.60.1.69913	1.60.1.70170
14873	1.60.1.69913	1.60.1.70170
14874	1.60.1.69913	1.60.1.70170
14875	1.60.1.69913	1.60.1.70170
14876	1.60.1.69913	1.60.1.70170
14877	1.60.1.69913	1.60.1.70170
14878	1.60.1.69913	1.60.1.70170
14879	1.60.1.69913	1.60.1.70170
14880	1.60.1.69913	1.60.1.70170
14881	1.60.1.69913	1.60.1.70170
14882	1.60.1.69913	1.60.1.70170
14883	1.60.1.69913	1.60.1.70170
14884	1.60.1.69913	1.60.1.70170
14885	1.60.1.69913	1.60.1.70170
14886	1.60.1.69913	1.60.1.70170
14887	1.60.1.69913	1.60.1.70170
14888	1.60.1.69913	1.60.1.70170
14889	1.60.1.69913	1.60.1.70170
14890	1.60.1.69913	1.60.1.70170
14891	1.60.1.69913	1.60.1.70170
14892	1.60.1.69913	1.60.1.70170
14893	1.60.1.69913	1.60.1.70170
14894	1.60.1.69913	1.60.1.70170
14895	1.60.1.69913	1.60.1.70170
14896	1.60.1.69913	1.60.1.70170
14897	1.60.1.69913	1.60.1.70170
14898	1.60.1.69913	1.60.1.70170
14899	1.60.1.69913	1.60.1.70170
14900	1.60.1.69913	1.60.1.70170
14901	1.60.1.69913	1.60.1.70170
14902	1.60.1.69913	1.60.1.70170
14903	1.60.1.69913	1.60.1.70170
14904	1.60.1.69913	1.60.1.70170
14905	1.60.1.69913	1.60.1.70170
14906	1.60.1.69913	1.60.1.70170
14907	1.60.1.69913	1.60.1.70170
14908	1.60.1.69913	1.60.1.70170
14909	1.60.1.69913	1.60.1.70170
14910	1.60.1.69913	1.60.1.70170
14911	1.60.1.69913	1.60.1.70170
14912	1.60.1.69913	1.60.1.70170
14913	1.60.1.69913	1.60.1.70170
14914	1.60.1.69913	1.60.1.70170
14915	1.60.1.69913	1.60.1.70170
14916	1.60.1.69913	1.60.1.70170
14917	1.60.1.69913	1.60.1.70170
14918	1.60.1.69913	1.60.1.70170
14919	1.60.1.69913	1.60.1.70170
14920	1.60.1.69913	1.60.1.70170
14921	1.60.1.69913	1.60.1.70170
14922	1.60.1.69913	1.60.1.70170
14923	1.60.1.70009	1.60.1.70170
14924	1.60.1.69913	1.60.1.70170
14925	1.60.1.69913	1.60.1.70170
14926	1.60.1.69913	1.60.1.70170
14927	1.60.1.69913	1.60.1.70170
14928	1.60.1.69913	1.60.1.70170
14929	1.60.1.69913	1.60.1.70170
14930	1.60.1.69913	1.60.1.70170
14931	1.60.1.69913	1.60.1.70170
14932	1.60.1.69913	1.60.1.70170
14933	1.60.1.69913	1.60.1.70170
14934	1.60.1.69913	1.60.1.70170
14935	1.60.1.69913	1.60.1.70170
14936	1.60.1.69913	1.60.1.70170
14937	1.60.1.69913	1.60.1.70170
14938	1.60.1.69913	1.60.1.70170
14939	1.60.1.69913	1.60.1.70170
14940	1.60.1.69913	1.60.1.70170
14941	1.60.1.69913	1.60.1.70170
14942	1.60.1.69913	1.60.1.70170
14943	1.60.1.69913	1.60.1.70170
14944	1.60.1.69913	1.60.1.70170
14945	1.60.1.69913	1.60.1.70170
14946	1.60.1.69913	1.60.1.70170
14947	1.60.1.69913	1.60.1.70170
14948	1.60.1.69913	1.60.1.70170
14949	1.60.1.69913	1.60.1.70170
14950	1.60.1.69913	1.60.1.70170
14951	1.60.1.69913	1.60.1.70170
14952	1.60.1.69913	1.60.1.70170
14953	1.60.1.69913	1.60.1.70170
14954	1.60.1.69913	1.60.1.70170
14955	1.60.1.69913	1.60.1.70170
14956	1.60.1.69913	1.60.1.70170
14957	1.60.1.69913	1.60.1.70170
14958	1.60.1.69913	1.60.1.70170
14959	1.60.1.69913	1.60.1.70170
14960	1.60.1.69913	1.60.1.70170
14961	1.60.1.69913	1.60.1.70170
14962	1.60.1.69913	1.60.1.70170
14963	1.60.1.69913	1.60.1.70170
14964	1.60.1.69913	1.60.1.70170
14965	1.60.1.69913	1.60.1.70170
14966	1.60.1.69913	1.60.1.70170
14967	1.60.1.69913	1.60.1.70170
14968	1.60.1.70009	1.60.1.70170
14969	1.60.1.69913	1.60.1.70170
14970	1.60.1.69913	1.60.1.70170
14971	1.60.1.69913	1.60.1.70170
14972	1.60.1.69913	1.60.1.70170
14973	1.60.1.69913	1.60.1.70170
14974	1.60.1.69913	1.60.1.70170
14975	1.60.1.69913	1.60.1.70170
14976	1.60.1.69913	1.60.1.70170
14977	1.60.1.69913	1.60.1.70170
14978	1.60.1.69913	1.60.1.70170
14979	1.60.1.69913	1.60.1.70170
14980	1.60.1.69913	1.60.1.70170
14981	1.60.1.69913	1.60.1.70170
14982	1.60.1.69913	1.60.1.70170
14983	1.60.1.69913	1.60.1.70170
15002	1.60.1.69913	1.60.1.70170
15003	1.60.1.69913	1.60.1.70170
15004	1.60.1.69913	1.60.1.70170
15005	1.60.1.69913	1.60.1.70170
15006	1.60.1.69913	1.60.1.70170
15007	1.60.1.69913	1.60.1.70170
15008	1.60.1.69913	1.60.1.70170
15009	1.60.1.69913	1.60.1.70170
15010	1.60.1.69913	1.60.1.70170
15011	1.60.1.69913	1.60.1.70170
15012	1.60.1.69913	1.60.1.70170
15013	1.60.1.69913	1.60.1.70170
15014	1.60.1.69913	1.60.1.70170
15015	1.60.1.69913	1.60.1.70170
15016	1.60.1.69913	1.60.1.70170
15017	1.60.1.69913	1.60.1.70170
15018	1.60.1.69913	1.60.1.70170
15019	1.60.1.69913	1.60.1.70170
15042	1.60.1.69913	1.60.1.70170
15043	1.60.1.69913	1.60.1.70170
15044	1.60.1.69913	1.60.1.70170
15045	1.60.1.69913	1.60.1.70170
15046	1.60.1.69913	1.60.1.70170
15047	1.60.1.69913	1.60.1.70170
15048	1.60.1.69913	1.60.1.70170
15049	1.60.1.69913	1.60.1.70170
15050	1.60.1.69913	1.60.1.70170
15051	1.60.1.69913	1.60.1.70170
15052	1.60.1.69913	1.60.1.70170
15053	1.60.1.69913	1.60.1.70170
15054	1.60.1.69913	1.60.1.70170
15055	1.60.1.69913	1.60.1.70170
15056	1.60.1.69913	1.60.1.70170
15057	1.60.1.69913	1.60.1.70170
15058	1.60.1.69913	1.60.1.70170
15059	1.60.1.69913	1.60.1.70170
15060	1.60.1.69913	1.60.1.70170
15061	1.60.1.69913	1.60.1.70170
15062	1.60.1.69913	1.60.1.70170
15063	1.60.1.69913	1.60.1.70170
15064	1.60.1.69913	1.60.1.70170
15065	1.60.1.69913	1.60.1.70170
15066	1.60.1.69913	1.60.1.70170
15067	1.60.1.69913	1.60.1.70170
15068	1.60.1.69913	1.60.1.70170
15069	1.60.1.69913	1.60.1.70170
15070	1.60.1.69913	1.60.1.70170
15071	1.60.1.69913	1.60.1.70170
15072	1.60.1.69913	1.60.1.70170
15073	1.60.1.69913	1.60.1.70170
15074	1.60.1.69913	1.60.1.70170
15075	1.60.1.69913	1.60.1.70170
15076	1.60.1.69913	1.60.1.70170
15077	1.60.1.69913	1.60.1.70170
15078	1.60.1.69913	1.60.1.70170
15079	1.60.1.69913	1.60.1.70170
15080	1.60.1.69913	1.60.1.70170
15081	1.60.1.69913	1.60.1.70170
15082	1.60.1.69913	1.60.1.70170
15083	1.60.1.69913	1.60.1.70170
15084	1.60.1.69913	1.60.1.70170
15085	1.60.1.69913	1.60.1.70170
15086	1.60.1.69913	1.60.1.70170
15087	1.60.1.69913	1.60.1.70170
15088	1.60.1.69913	1.60.1.70170
15090	1.60.1.69913	1.60.1.70170
15091	1.60.1.69913	1.60.1.70170
15092	1.60.1.69913	1.60.1.70170
15093	1.60.1.69913	1.60.1.70170
15094	1.60.1.69913	1.60.1.70170
15095	1.60.1.69913	1.60.1.70170
15096	1.60.1.69913	1.60.1.70170
15102	1.60.1.69913	1.60.1.70170
15103	1.60.1.69913	1.60.1.70170
15104	1.60.1.69913	1.60.1.70170
15105	1.60.1.69913	1.60.1.70170
15106	1.60.1.69913	1.60.1.70170
15107	1.60.1.69913	1.60.1.70170
15108	1.60.1.69913	1.60.1.70170
15109	1.60.1.69913	1.60.1.70170
15110	1.60.1.69913	1.60.1.70170
15111	1.60.1.69913	1.60.1.70170
15112	1.60.1.69913	1.60.1.70170
15113	1.60.1.69913	1.60.1.70170
15114	1.60.1.69913	1.60.1.70170
15115	1.60.1.69913	1.60.1.70170
15116	1.60.1.69913	1.60.1.70170
15117	1.60.1.69913	1.60.1.70170
15118	1.60.1.69913	1.60.1.70170
15119	1.60.1.69913	1.60.1.70170
15120	1.60.1.69913	1.60.1.70170
15121	1.60.1.69913	1.60.1.70170
15122	1.60.1.69913	1.60.1.70170
15123	1.60.1.69913	1.60.1.70170
15124	1.60.1.69913	1.60.1.70170
15125	1.60.1.69913	1.60.1.70170
15126	1.60.1.69913	1.60.1.70170
15127	1.60.1.69913	1.60.1.70170
15128	1.60.1.69913	1.60.1.70170
15129	1.60.1.69913	1.60.1.70170
15130	1.60.1.69913	1.60.1.70170
15131	1.60.1.69913	1.60.1.70170
15132	1.60.1.69913	1.60.1.70170
15133	1.60.1.69913	1.60.1.70170
15134	1.60.1.69913	1.60.1.70170
15135	1.60.1.69913	1.60.1.70170
15136	1.60.1.69913	1.60.1.70170
15137	1.60.1.69913	1.60.1.70170
15138	1.60.1.69913	1.60.1.70170
15139	1.60.1.69913	1.60.1.70170
15140	1.60.1.69913	1.60.1.70170
15141	1.60.1.69913	1.60.1.70170
15142	1.60.1.69913	1.60.1.70170
15143	1.60.1.69913	1.60.1.70170
15144	1.60.1.69913	1.60.1.70170
15145	1.60.1.69913	1.60.1.70170
15146	1.60.1.69913	1.60.1.70170
15147	1.60.1.69913	1.60.1.70170
15148	1.60.1.69913	1.60.1.70170
15149	1.60.1.69913	1.60.1.70170
15150	1.60.1.69913	1.60.1.70170
15151	1.60.1.69913	1.60.1.70170
15152	1.60.1.69913	1.60.1.70170
15153	1.60.1.69913	1.60.1.70170
15154	1.60.1.69913	1.60.1.70170
15155	1.60.1.69913	1.60.1.70170
15156	1.60.1.69913	1.60.1.70170
15157	1.60.1.69913	1.60.1.70170
15158	1.60.1.69913	1.60.1.70170
15159	1.60.1.69913	1.60.1.70170
15160	1.60.1.69913	1.60.1.70170
15161	1.60.1.69913	1.60.1.70170
15162	1.60.1.69913	1.60.1.70170
15163	1.60.1.69913	1.60.1.70170
15164	1.60.1.69913	1.60.1.70170
15165	1.60.1.69913	1.60.1.70170
15166	1.60.1.69913	1.60.1.70170
15167	1.60.1.69913	1.60.1.70170
15168	1.60.1.69913	1.60.1.70170
15169	1.60.1.69913	1.60.1.70170
15170	1.60.1.69913	1.60.1.70170
15171	1.60.1.69913	1.60.1.70170
15172	1.60.1.69913	1.60.1.70170
15173	1.60.1.69913	1.60.1.70170
15174	1.60.1.69913	1.60.1.70170
15175	1.60.1.69913	1.60.1.70170
15176	1.60.1.69913	1.60.1.70170
15177	1.60.1.69913	1.60.1.70170
15178	1.60.1.69913	1.60.1.70170
15179	1.60.1.69913	1.60.1.70170
15180	1.60.1.69913	1.60.1.70170
15181	1.60.1.69913	1.60.1.70170
15182	1.60.1.69913	1.60.1.70170
15183	1.60.1.69913	1.60.1.70170
15184	1.60.1.69913	1.60.1.70170
15185	1.60.1.69913	1.60.1.70170
15186	1.60.1.69913	1.60.1.70170
15187	1.60.1.69913	1.60.1.70170
15188	1.60.1.69913	1.60.1.70170
15189	1.60.1.69913	1.60.1.70170
15190	1.60.1.69913	1.60.1.70170
15191	1.60.1.69913	1.60.1.70170
15192	1.60.1.69913	1.60.1.70170
15193	1.60.1.69913	1.60.1.70170
15194	1.60.1.69913	1.60.1.70170
15195	1.60.1.69913	1.60.1.70170
15196	1.60.1.69913	1.60.1.70170
15197	1.60.1.69913	1.60.1.70170
15198	1.60.1.69913	1.60.1.70170
15199	1.60.1.69913	1.60.1.70170
15200	1.60.1.69913	1.60.1.70170
15202	1.60.1.69913	1.60.1.70170
15203	1.60.1.69913	1.60.1.70170
15204	1.60.1.69913	1.60.1.70170
15205	1.60.1.69913	1.60.1.70170
15206	1.60.1.69913	1.60.1.70170
15207	1.60.1.69913	1.60.1.70170
15208	1.60.1.69913	1.60.1.70170
15209	1.60.1.69913	1.60.1.70170
15210	1.60.1.69913	1.60.1.70170
15211	1.60.1.69913	1.60.1.70170
15212	1.60.1.69913	1.60.1.70170
15213	1.60.1.69913	1.60.1.70170
15214	1.60.1.69913	1.60.1.70170
15215	1.60.1.69913	1.60.1.70170
15216	1.60.1.69913	1.60.1.70170
15217	1.60.1.69913	1.60.1.70170
15218	1.60.1.69913	1.60.1.70170
15219	1.60.1.69913	1.60.1.70170
15220	1.60.1.69913	1.60.1.70170
15221	1.60.1.69913	1.60.1.70170
15222	1.60.1.69913	1.60.1.70170
15223	1.60.1.69913	1.60.1.70170
15224	1.60.1.69913	1.60.1.70170
15225	1.60.1.69913	1.60.1.70170
15226	1.60.1.69913	1.60.1.70170
15227	1.60.1.69913	1.60.1.70170
15228	1.60.1.69913	1.60.1.70170
15229	1.60.1.69913	1.60.1.70170
15230	1.60.1.69913	1.60.1.70170
15231	1.60.1.69913	1.60.1.70170
15232	1.60.1.69913	1.60.1.70170
15233	1.60.1.69913	1.60.1.70170
15234	1.60.1.69913	1.60.1.70170
15235	1.60.1.69913	1.60.1.70170
15236	1.60.1.69913	1.60.1.70170
15237	1.60.1.69913	1.60.1.70170
15238	1.60.1.69913	1.60.1.70170
15239	1.60.1.69913	1.60.1.70170
15240	1.60.1.69913	1.60.1.70170
15241	1.60.1.69913	1.60.1.70170
15242	1.60.1.69913	1.60.1.70170
15243	1.60.1.69913	1.60.1.70170
15244	1.60.1.69913	1.60.1.70170
15245	1.60.1.69913	1.60.1.70170
15246	1.60.1.69913	1.60.1.70170
15247	1.60.1.69913	1.60.1.70170
15248	1.60.1.69913	1.60.1.70170
15249	1.60.1.69913	1.60.1.70170
15250	1.60.1.69913	1.60.1.70170
15251	1.60.1.69913	1.60.1.70170
15252	1.60.1.69913	1.60.1.70170
15253	1.60.1.69913	1.60.1.70170
15254	1.60.1.69913	1.60.1.70170
15255	1.60.1.69913	1.60.1.70170
15256	1.60.1.69913	1.60.1.70170
15257	1.60.1.69913	1.60.1.70170
15258	1.60.1.69913	1.60.1.70170
15259	1.60.1.69913	1.60.1.70170
15260	1.60.1.69913	1.60.1.70170
15261	1.60.1.69913	1.60.1.70170
15262	1.60.1.69913	1.60.1.70170
15263	1.60.1.69913	1.60.1.70170
15264	1.60.1.69913	1.60.1.70170
15265	1.60.1.69913	1.60.1.70170
15266	1.60.1.69913	1.60.1.70170
15267	1.60.1.69913	1.60.1.70170
15268	1.60.1.69913	1.60.1.70170
15269	1.60.1.69913	1.60.1.70170
15270	1.60.1.69913	1.60.1.70170
15271	1.60.1.69913	1.60.1.70170
15272	1.60.1.69913	1.60.1.70170
15273	1.60.1.69913	1.60.1.70170
15274	1.60.1.69913	1.60.1.70170
15275	1.60.1.69913	1.60.1.70170
15276	1.60.1.69913	1.60.1.70170
15277	1.60.1.69913	1.60.1.70170
15278	1.60.1.69913	1.60.1.70170
15279	1.60.1.69913	1.60.1.70170
15280	1.60.1.69913	1.60.1.70170
15281	1.60.1.69913	1.60.1.70170
15282	1.60.1.69913	1.60.1.70170
15283	1.60.1.69913	1.60.1.70170
15284	1.60.1.69913	1.60.1.70170
15285	1.60.1.69913	1.60.1.70170
15286	1.60.1.69913	1.60.1.70170
15287	1.60.1.69913	1.60.1.70170
15288	1.60.1.69913	1.60.1.70170
15289	1.60.1.69913	1.60.1.70170
15290	1.60.1.69913	1.60.1.70170
15291	1.60.1.69913	1.60.1.70170
15292	1.60.1.69913	1.60.1.70170
15293	1.60.1.69913	1.60.1.70170
15294	1.60.1.69913	1.60.1.70170
15295	1.60.1.69913	1.60.1.70170
15296	1.60.1.69913	1.60.1.70170
15297	1.60.1.69913	1.60.1.70170
15298	1.60.1.69913	1.60.1.70170
15299	1.60.1.69913	1.60.1.70170
15300	1.60.1.69913	1.60.1.70170
15301	1.60.1.69913	1.60.1.70170
15302	1.60.1.69913	1.60.1.70170
15303	1.60.1.69913	1.60.1.70170
15304	1.60.1.69913	1.60.1.70170
15305	1.60.1.69913	1.60.1.70170
15306	1.60.1.69913	1.60.1.70170
15307	1.60.1.69913	1.60.1.70170
15308	1.60.1.69913	1.60.1.70170
15309	1.60.1.69913	1.60.1.70170
15310	1.60.1.69913	1.60.1.70170
15311	1.60.1.69913	1.60.1.70170
15312	1.60.1.69913	1.60.1.70170
15313	1.60.1.69913	1.60.1.70170
15314	1.60.1.69913	1.60.1.70170
15322	1.60.1.69913	1.60.1.70170
15323	1.60.1.69913	1.60.1.70170
15324	1.60.1.69913	1.60.1.70170
15325	1.60.1.69913	1.60.1.70170
15326	1.60.1.69913	1.60.1.70170
15327	1.60.1.69913	1.60.1.70170
15328	1.60.1.69913	1.60.1.70170
15329	1.60.1.69913	1.60.1.70170
15330	1.60.1.69913	1.60.1.70170
15331	1.60.1.69913	1.60.1.70170
15332	1.60.1.69913	1.60.1.70170
15333	1.60.1.69913	1.60.1.70170
15334	1.60.1.69913	1.60.1.70170
15335	1.60.1.69913	1.60.1.70170
15336	1.60.1.69913	1.60.1.70170
15337	1.60.1.69913	1.60.1.70170
15338	1.60.1.69913	1.60.1.70170
15339	1.60.1.69913	1.60.1.70170
15340	1.60.1.69913	1.60.1.70170
15341	1.60.1.69913	1.60.1.70170
15342	1.60.1.69913	1.60.1.70170
15343	1.60.1.69913	1.60.1.70170
15344	1.60.1.69913	1.60.1.70170
15345	1.60.1.69913	1.60.1.70170
15346	1.60.1.69913	1.60.1.70170
15347	1.60.1.69913	1.60.1.70170
15348	1.60.1.69913	1.60.1.70170
15349	1.60.1.69913	1.60.1.70170
15350	1.60.1.69913	1.60.1.70170
15351	1.60.1.69913	1.60.1.70170
15352	1.60.1.69913	1.60.1.70170
15353	1.60.1.69913	1.60.1.70170
15354	1.60.1.69913	1.60.1.70170
15355	1.60.1.69913	1.60.1.70170
15356	1.60.1.69913	1.60.1.70170
15357	1.60.1.69913	1.60.1.70170
15358	1.60.1.69913	1.60.1.70170
15359	1.60.1.69913	1.60.1.70170
15360	1.60.1.69913	1.60.1.70170
15361	1.60.1.69913	1.60.1.70170
15362	1.60.1.69913	1.60.1.70170
15363	1.60.1.69913	1.60.1.70170
15364	1.60.1.69913	1.60.1.70170
15365	1.60.1.69913	1.60.1.70170
15366	1.60.1.69913	1.60.1.70170
15367	1.60.1.69913	1.60.1.70170
15368	1.60.1.69913	1.60.1.70170
15369	1.60.1.69913	1.60.1.70170
15370	1.60.1.69913	1.60.1.70170
15371	1.60.1.69913	1.60.1.70170
15372	1.60.1.69913	1.60.1.70170
15373	1.60.1.69913	1.60.1.70170
15374	1.60.1.69913	1.60.1.70170
15375	1.60.1.69913	1.60.1.70170
15376	1.60.1.69913	1.60.1.70170
15377	1.60.1.69913	1.60.1.70170
15378	1.60.1.69913	1.60.1.70170
15379	1.60.1.69913	1.60.1.70170
15380	1.60.1.69913	1.60.1.70170
15381	1.60.1.69913	1.60.1.70170
15382	1.60.1.69913	1.60.1.70170
15383	1.60.1.69913	1.60.1.70170
15384	1.60.1.69913	1.60.1.70170
15385	1.60.1.69913	1.60.1.70170
15386	1.60.1.69913	1.60.1.70170
15387	1.60.1.69913	1.60.1.70170
15388	1.60.1.69913	1.60.1.70170
15389	1.60.1.69913	1.60.1.70170
15390	1.60.1.69913	1.60.1.70170
15391	1.60.1.69913	1.60.1.70170
15392	1.60.1.69913	1.60.1.70170
15393	1.60.1.69913	1.60.1.70170
15394	1.60.1.69913	1.60.1.70170
15395	1.60.1.69913	1.60.1.70170
15396	1.60.1.69913	1.60.1.70170
15397	1.60.1.69913	1.60.1.70170
15398	1.60.1.69913	1.60.1.70170
15399	1.60.1.69913	1.60.1.70170
15400	1.60.1.69913	1.60.1.70170
15401	1.60.1.69913	1.60.1.70170
15402	1.60.1.69913	1.60.1.70170
15403	1.60.1.69913	1.60.1.70170
15404	1.60.1.69913	1.60.1.70170
15405	1.60.1.69913	1.60.1.70170
15406	1.60.1.69913	1.60.1.70170
15407	1.60.1.69913	1.60.1.70170
15408	1.60.1.69913	1.60.1.70170
15409	1.60.1.69913	1.60.1.70170
15410	1.60.1.69913	1.60.1.70170
15412	1.60.1.69913	1.60.1.70170
15414	1.60.1.69913	1.60.1.70170
15415	1.60.1.69913	1.60.1.70170
15416	1.60.1.69913	1.60.1.70170
15417	1.60.1.69913	1.60.1.70170
15419	1.60.1.69913	1.60.1.70170
15420	1.60.1.69913	1.60.1.70170
15422	1.60.1.69913	1.60.1.70170
15423	1.60.1.69913	1.60.1.70170
15424	1.60.1.69913	1.60.1.70170
15425	1.60.1.69913	1.60.1.70170
15426	1.60.1.69913	1.60.1.70170
15427	1.60.1.69913	1.60.1.70170
15428	1.60.1.69913	1.60.1.70170
15429	1.60.1.69913	1.60.1.70170
15430	1.60.1.69913	1.60.1.70170
15431	1.60.1.69913	1.60.1.70170
15432	1.60.1.69913	1.60.1.70170
15433	1.60.1.69913	1.60.1.70170
15434	1.60.1.69913	1.60.1.70170
15435	1.60.1.69913	1.60.1.70170
15436	1.60.1.69913	1.60.1.70170
15437	1.60.1.69913	1.60.1.70170
15438	1.60.1.69913	1.60.1.70170
15439	1.60.1.69913	1.60.1.70170
15440	1.60.1.69913	1.60.1.70170
15441	1.60.1.69913	1.60.1.70170
15442	1.60.1.69913	1.60.1.70170
15443	1.60.1.69913	1.60.1.70170
15444	1.60.1.69913	1.60.1.70170
15445	1.60.1.69913	1.60.1.70170
15446	1.60.1.69913	1.60.1.70170
15447	1.60.1.69913	1.60.1.70170
15448	1.60.1.69913	1.60.1.70170
15449	1.60.1.69913	1.60.1.70170
15450	1.60.1.69913	1.60.1.70170
15451	1.60.1.69913	1.60.1.70170
15452	1.60.1.69913	1.60.1.70170
15453	1.60.1.69913	1.60.1.70170
15454	1.60.1.69913	1.60.1.70170
15455	1.60.1.69913	1.60.1.70170
15456	1.60.1.69913	1.60.1.70170
15457	1.60.1.69913	1.60.1.70170
15458	1.60.1.69913	1.60.1.70170
15459	1.60.1.69913	1.60.1.70170
15460	1.60.1.69913	1.60.1.70170
15461	1.60.1.69913	1.60.1.70170
15462	1.60.1.69913	1.60.1.70170
15463	1.60.1.69913	1.60.1.70170
15464	1.60.1.69913	1.60.1.70170
15465	1.60.1.69913	1.60.1.70170
15466	1.60.1.69913	1.60.1.70170
15467	1.60.1.69913	1.60.1.70170
15468	1.60.1.69913	1.60.1.70170
15469	1.60.1.69913	1.60.1.70170
15470	1.60.1.69913	1.60.1.70170
15471	1.60.1.69913	1.60.1.70170
15472	1.60.1.69913	1.60.1.70170
15473	1.60.1.69913	1.60.1.70170
15474	1.60.1.69913	1.60.1.70170
15475	1.60.1.69913	1.60.1.70170
15476	1.60.1.69913	1.60.1.70170
15477	1.60.1.69913	1.60.1.70170
15478	1.60.1.69913	1.60.1.70170
15479	1.60.1.69913	1.60.1.70170
15480	1.60.1.69913	1.60.1.70170
15481	1.60.1.69913	1.60.1.70170
15482	1.60.1.69913	1.60.1.70170
15483	1.60.1.69913	1.60.1.70170
15484	1.60.1.69913	1.60.1.70170
15485	1.60.1.69913	1.60.1.70170
15486	1.60.1.69913	1.60.1.70170
15487	1.60.1.69913	1.60.1.70170
15488	1.60.1.69913	1.60.1.70170
15489	1.60.1.69913	1.60.1.70170
15490	1.60.1.69913	1.60.1.70170
15491	1.60.1.69913	1.60.1.70170
15492	1.60.1.69913	1.60.1.70170
15493	1.60.1.69913	1.60.1.70170
15494	1.60.1.69913	1.60.1.70170
15495	1.60.1.69913	1.60.1.70170
15496	1.60.1.69913	1.60.1.70170
15497	1.60.1.69913	1.60.1.70170
15498	1.60.1.69913	1.60.1.70170
15499	1.60.1.69913	1.60.1.70170
15500	1.60.1.69913	1.60.1.70170
15501	1.60.1.69913	1.60.1.70170
15502	1.60.1.69913	1.60.1.70170
15503	1.60.1.69913	1.60.1.70170
15504	1.60.1.69913	1.60.1.70170
15505	1.60.1.69913	1.60.1.70170
15506	1.60.1.69913	1.60.1.70170
15507	1.60.1.69913	1.60.1.70170
15508	1.60.1.69913	1.60.1.70170
15509	1.60.1.69913	1.60.1.70170
15510	1.60.1.69913	1.60.1.70170
15511	1.60.1.69913	1.60.1.70170
15512	1.60.1.69913	1.60.1.70170
15513	1.60.1.69913	1.60.1.70170
15514	1.60.1.69913	1.60.1.70170
15515	1.60.1.69913	1.60.1.70170
15516	1.60.1.69913	1.60.1.70170
15517	1.60.1.69913	1.60.1.70170
15518	1.60.1.69913	1.60.1.70170
15519	1.60.1.69913	1.60.1.70170
15520	1.60.1.69913	1.60.1.70170
15521	1.60.1.69913	1.60.1.70170
15522	1.60.1.69913	1.60.1.70170
15523	1.60.1.69913	1.60.1.70170
15524	1.60.1.69913	1.60.1.70170
15525	1.60.1.69913	1.60.1.70170
15526	1.60.1.69913	1.60.1.70170
15527	1.60.1.69913	1.60.1.70170
15528	1.60.1.69913	1.60.1.70170
15529	1.60.1.69913	1.60.1.70170
15530	1.60.1.69913	1.60.1.70170
15531	1.60.1.69913	1.60.1.70170
15532	1.60.1.69913	1.60.1.70170
15533	1.60.1.69913	1.60.1.70170
15534	1.60.1.69913	1.60.1.70170
15535	1.60.1.69913	1.60.1.70170
15536	1.60.1.69913	1.60.1.70170
15537	1.60.1.69913	1.60.1.70170
15538	1.60.1.69913	1.60.1.70170
15539	1.60.1.69913	1.60.1.70170
15540	1.60.1.69913	1.60.1.70170
15541	1.60.1.69913	1.60.1.70170
15542	1.60.1.69913	1.60.1.70170
15543	1.60.1.69913	1.60.1.70170
15544	1.60.1.69913	1.60.1.70170
15545	1.60.1.69913	1.60.1.70170
15546	1.60.1.69913	1.60.1.70170
15547	1.60.1.69913	1.60.1.70170
15548	1.60.1.69913	1.60.1.70170
15549	1.60.1.69913	1.60.1.70170
15550	1.60.1.69913	1.60.1.70170
15551	1.60.1.69913	1.60.1.70170
15552	1.60.1.69913	1.60.1.70170
15553	1.60.1.69913	1.60.1.70170
15554	1.60.1.69913	1.60.1.70170
15555	1.60.1.69913	1.60.1.70170
15556	1.60.1.69913	1.60.1.70170
15557	1.60.1.69913	1.60.1.70170
15558	1.60.1.69913	1.60.1.70170
15559	1.60.1.69913	1.60.1.70170
15560	1.60.1.69913	1.60.1.70170
15561	1.60.1.69913	1.60.1.70170
15562	1.60.1.69913	1.60.1.70170
15563	1.60.1.69913	1.60.1.70170
15564	1.60.1.69913	1.60.1.70170
15565	1.60.1.69913	1.60.1.70170
15566	1.60.1.69913	1.60.1.70170
15567	1.60.1.69913	1.60.1.70170
15568	1.60.1.69913	1.60.1.70170
15569	1.60.1.69913	1.60.1.70170
15570	1.60.1.69913	1.60.1.70170
15571	1.60.1.69913	1.60.1.70170
15572	1.60.1.69913	1.60.1.70170
15573	1.60.1.69913	1.60.1.70170
15574	1.60.1.69913	1.60.1.70170
15575	1.60.1.69913	1.60.1.70170
15576	1.60.1.69913	1.60.1.70170
15577	1.60.1.69913	1.60.1.70170
15578	1.60.1.69913	1.60.1.70170
15579	1.60.1.69913	1.60.1.70170
15580	1.60.1.69913	1.60.1.70170
15581	1.60.1.69913	1.60.1.70170
15582	1.60.1.69913	1.60.1.70170
15583	1.60.1.69913	1.60.1.70170
15584	1.60.1.69913	1.60.1.70170
15585	1.60.1.69913	1.60.1.70170
15586	1.60.1.69913	1.60.1.70170
15587	1.60.1.69913	1.60.1.70170
15588	1.60.1.69913	1.60.1.70170
15589	1.60.1.69913	1.60.1.70170
15590	1.60.1.69913	1.60.1.70170
15591	1.60.1.69913	1.60.1.70170
15592	1.60.1.69913	1.60.1.70170
15593	1.60.1.69913	1.60.1.70170
15594	1.60.1.69913	1.60.1.70170
15595	1.60.1.69913	1.60.1.70170
15596	1.60.1.69913	1.60.1.70170
15597	1.60.1.69913	1.60.1.70170
15598	1.60.1.69913	1.60.1.70170
15599	1.60.1.69913	1.60.1.70170
15600	1.60.1.69913	1.60.1.70170
15601	1.60.1.69913	1.60.1.70170
15602	1.60.1.69913	1.60.1.70170
15603	1.60.1.69913	1.60.1.70170
15604	1.60.1.69913	1.60.1.70170
15605	1.60.1.69913	1.60.1.70170
15606	1.60.1.69913	1.60.1.70170
15607	1.60.1.69913	1.60.1.70170
15608	1.60.1.69913	1.60.1.70170
15609	1.60.1.69913	1.60.1.70170
15610	1.60.1.69913	1.60.1.70170
15611	1.60.1.69913	1.60.1.70170
15612	1.60.1.69913	1.60.1.70170
15613	1.60.1.69913	1.60.1.70170
15614	1.60.1.69913	1.60.1.70170
15615	1.60.1.69913	1.60.1.70170
15616	1.60.1.69913	1.60.1.70170
15617	1.60.1.69913	1.60.1.70170
15618	1.60.1.69913	1.60.1.70170
15619	1.60.1.69913	1.60.1.70170
15620	1.60.1.69913	1.60.1.70170
15621	1.60.1.69913	1.60.1.70170
15622	1.60.1.69913	1.60.1.70170
15623	1.60.1.69913	1.60.1.70170
15624	1.60.1.69913	1.60.1.70170
15625	1.60.1.69913	1.60.1.70170
15626	1.60.1.69913	1.60.1.70170
15627	1.60.1.69913	1.60.1.70170
15628	1.60.1.69913	1.60.1.70170
15629	1.60.1.69913	1.60.1.70170
15630	1.60.1.69913	1.60.1.70170
15631	1.60.1.69913	1.60.1.70170
15632	1.60.1.69913	1.60.1.70170
15633	1.60.1.69913	1.60.1.70170
15634	1.60.1.69913	1.60.1.70170
15635	1.60.1.69913	1.60.1.70170
15636	1.60.1.69913	1.60.1.70170
15637	1.60.1.69913	1.60.1.70170
15638	1.60.1.69913	1.60.1.70170
15639	1.60.1.69913	1.60.1.70170
15640	1.60.1.69913	1.60.1.70170
15641	1.60.1.69913	1.60.1.70170
15642	1.60.1.69913	1.60.1.70170
15643	1.60.1.69913	1.60.1.70170
15644	1.60.1.69913	1.60.1.70170
15645	1.60.1.69913	1.60.1.70170
15646	1.60.1.69913	1.60.1.70170
15647	1.60.1.69913	1.60.1.70170
15648	1.60.1.69913	1.60.1.70170
15649	1.60.1.69913	1.60.1.70170
15650	1.60.1.69913	1.60.1.70170
15651	1.60.1.69913	1.60.1.70170
15652	1.60.1.69913	1.60.1.70170
15653	1.60.1.69913	1.60.1.70170
15654	1.60.1.69913	1.60.1.70170
15655	1.60.1.69913	1.60.1.70170
15656	1.60.1.69913	1.60.1.70170
15657	1.60.1.69913	1.60.1.70170
15658	1.60.1.69913	1.60.1.70170
15659	1.60.1.69913	1.60.1.70170
15660	1.60.1.69913	1.60.1.70170
15661	1.60.1.69913	1.60.1.70170
15662	1.60.1.69913	1.60.1.70170
15663	1.60.1.69913	1.60.1.70170
15664	1.60.1.69913	1.60.1.70170
15665	1.60.1.69913	1.60.1.70170
15666	1.60.1.69913	1.60.1.70170
15667	1.60.1.69913	1.60.1.70170
15668	1.60.1.69913	1.60.1.70170
15669	1.60.1.69913	1.60.1.70170
15670	1.60.1.69913	1.60.1.70170
15671	1.60.1.69913	1.60.1.70170
15672	1.60.1.69913	1.60.1.70170
15673	1.60.1.69913	1.60.1.70170
15674	1.60.1.69913	1.60.1.70170
15675	1.60.1.69913	1.60.1.70170
15676	1.60.1.69913	1.60.1.70170
15677	1.60.1.69913	1.60.1.70170
15678	1.60.1.69913	1.60.1.70170
15679	1.60.1.69913	1.60.1.70170
15680	1.60.1.69913	1.60.1.70170
15681	1.60.1.69913	1.60.1.70170
15682	1.60.1.69913	1.60.1.70170
15683	1.60.1.69913	1.60.1.70170
15684	1.60.1.69913	1.60.1.70170
15685	1.60.1.69913	1.60.1.70170
15686	1.60.1.69913	1.60.1.70170
15687	1.60.1.69913	1.60.1.70170
15688	1.60.1.69913	1.60.1.70170
15689	1.60.1.69913	1.60.1.70170
15690	1.60.1.69913	1.60.1.70170
15691	1.60.1.69913	1.60.1.70170
15692	1.60.1.69913	1.60.1.70170
15693	1.60.1.69913	1.60.1.70170
15694	1.60.1.69913	1.60.1.70170
15695	1.60.1.69913	1.60.1.70170
15696	1.60.1.69913	1.60.1.70170
15697	1.60.1.69913	1.60.1.70170
15698	1.60.1.69913	1.60.1.70170
15699	1.60.1.69913	1.60.1.70170
15702	1.60.1.69913	1.60.1.70170
15703	1.60.1.69913	1.60.1.70170
15704	1.60.1.69913	1.60.1.70170
15705	1.60.1.69913	1.60.1.70170
15706	1.60.1.69913	1.60.1.70170
15707	1.60.1.69913	1.60.1.70170
15708	1.60.1.69913	1.60.1.70170
15709	1.60.1.69913	1.60.1.70170
15710	1.60.1.69913	1.60.1.70170
15722	1.60.1.69913	1.60.1.70170
15723	1.60.1.69913	1.60.1.70170
15724	1.60.1.69913	1.60.1.70170
15725	1.60.1.69913	1.60.1.70170
15726	1.60.1.69913	1.60.1.70170
15727	1.60.1.69913	1.60.1.70170
15728	1.60.1.69913	1.60.1.70170
15729	1.60.1.69913	1.60.1.70170
15730	1.60.1.69913	1.60.1.70170
15731	1.60.1.69913	1.60.1.70170
15732	1.60.1.69913	1.60.1.70170
15733	1.60.1.69913	1.60.1.70170
15734	1.60.1.69913	1.60.1.70170
15735	1.60.1.69913	1.60.1.70170
15736	1.60.1.69913	1.60.1.70170
15737	1.60.1.69913	1.60.1.70170
15738	1.60.1.69913	1.60.1.70170
15739	1.60.1.69913	1.60.1.70170
15740	1.60.1.69913	1.60.1.70170
15741	1.60.1.69913	1.60.1.70170
15742	1.60.1.69913	1.60.1.70170
15743	1.60.1.69913	1.60.1.70170
15744	1.60.1.69913	1.60.1.70170
15745	1.60.1.69913	1.60.1.70170
15746	1.60.1.69913	1.60.1.70170
15747	1.60.1.69913	1.60.1.70170
15748	1.60.1.69913	1.60.1.70170
15749	1.60.1.69913	1.60.1.70170
15750	1.60.1.69913	1.60.1.70170
15751	1.60.1.69913	1.60.1.70170
15752	1.60.1.69913	1.60.1.70170
15753	1.60.1.69913	1.60.1.70170
15755	1.60.1.69913	1.60.1.70170
15756	1.60.1.69913	1.60.1.70170
15757	1.60.1.69913	1.60.1.70170
15758	1.60.1.69913	1.60.1.70170
15759	1.60.1.69913	1.60.1.70170
15760	1.60.1.69913	1.60.1.70170
15761	1.60.1.69913	1.60.1.70170
15762	1.60.1.69913	1.60.1.70170
15763	1.60.1.69913	1.60.1.70170
15764	1.60.1.69913	1.60.1.70170
15765	1.60.1.69913	1.60.1.70170
15766	1.60.1.69913	1.60.1.70170
15767	1.60.1.69913	1.60.1.70170
15768	1.60.1.69913	1.60.1.70170
15770	1.60.1.69913	1.60.1.70170
15771	1.60.1.69913	1.60.1.70170
15772	1.60.1.69913	1.60.1.70170
15773	1.60.1.69913	1.60.1.70170
15774	1.60.1.69913	1.60.1.70170
15775	1.60.1.69913	1.60.1.70170
15776	1.60.1.69913	1.60.1.70170
15777	1.60.1.69913	1.60.1.70170
15778	1.60.1.69913	1.60.1.70170
15779	1.60.1.69913	1.60.1.70170
15781	1.60.1.69913	1.60.1.70170
15782	1.60.1.69913	1.60.1.70170
15783	1.60.1.69913	1.60.1.70170
15784	1.60.1.69913	1.60.1.70170
15785	1.60.1.69913	1.60.1.70170
15786	1.60.1.69913	1.60.1.70170
15787	1.60.1.69913	1.60.1.70170
15788	1.60.1.69913	1.60.1.70170
15789	1.60.1.69913	1.60.1.70170
15790	1.60.1.69913	1.60.1.70170
15791	1.60.1.69913	1.60.1.70170
15792	1.60.1.69913	1.60.1.70170
15793	1.60.1.69913	1.60.1.70170
15795	1.60.1.69913	1.60.1.70170
15796	1.60.1.69913	1.60.1.70170
15797	1.60.1.69913	1.60.1.70170
15798	1.60.1.69913	1.60.1.70170
15799	1.60.1.69913	1.60.1.70170
15800	1.60.1.69913	1.60.1.70170
15801	1.60.1.69913	1.60.1.70170
15802	1.60.1.69913	1.60.1.70170
15803	1.60.1.69913	1.60.1.70170
15804	1.60.1.69913	1.60.1.70170
15807	1.60.1.69913	1.60.1.70170
15808	1.60.1.69913	1.60.1.70170
15809	1.60.1.69913	1.60.1.70170
15810	1.60.1.69913	1.60.1.70170
15811	1.60.1.69913	1.60.1.70170
15812	1.60.1.69913	1.60.1.70170
15813	1.60.1.69913	1.60.1.70170
15814	1.60.1.69913	1.60.1.70170
15815	1.60.1.69913	1.60.1.70170
15822	1.60.1.69913	1.60.1.70170
15823	1.60.1.69913	1.60.1.70170
15826	1.60.1.69913	1.60.1.70170
15842	1.60.1.69913	1.60.1.70170
15843	1.60.1.69913	1.60.1.70170
15844	1.60.1.69913	1.60.1.70170
15845	1.60.1.69913	1.60.1.70170
15846	1.60.1.69913	1.60.1.70170
15847	1.60.1.69913	1.60.1.70170
15848	1.60.1.69913	1.60.1.70170
15849	1.60.1.69913	1.60.1.70170
15850	1.60.1.69913	1.60.1.70170
15851	1.60.1.69913	1.60.1.70170
15852	1.60.1.69913	1.60.1.70170
15855	1.60.1.69913	1.60.1.70170
15856	1.60.1.69913	1.60.1.70170
15857	1.60.1.69913	1.60.1.70170
15862	1.60.1.69913	1.60.1.70170
15863	1.60.1.69913	1.60.1.70170
15864	1.60.1.69913	1.60.1.70170
15865	1.60.1.69913	1.60.1.70170
15866	1.60.1.69913	1.60.1.70170
15868	1.60.1.69913	1.60.1.70170
15869	1.60.1.69913	1.60.1.70170
15870	1.60.1.69913	1.60.1.70170
15871	1.60.1.69913	1.60.1.70170
15872	1.60.1.69913	1.60.1.70170
15874	1.60.1.69913	1.60.1.70170
15875	1.60.1.69913	1.60.1.70170
15876	1.60.1.69913	1.60.1.70170
15877	1.60.1.69913	1.60.1.70170
15878	1.60.1.69913	1.60.1.70170
15879	1.60.1.69913	1.60.1.70170
15880	1.60.1.69913	1.60.1.70170
15881	1.60.1.69913	1.60.1.70170
15882	1.60.1.69913	1.60.1.70170
15883	1.60.1.69913	1.60.1.70170
15884	1.60.1.69913	1.60.1.70170
15885	1.60.1.69913	1.60.1.70170
15886	1.60.1.69913	1.60.1.70170
15887	1.60.1.69913	1.60.1.70170
15888	1.60.1.69913	1.60.1.70170
15889	1.60.1.69913	1.60.1.70170
15890	1.60.1.69913	1.60.1.70170
15891	1.60.1.69913	1.60.1.70170
15892	1.60.1.69913	1.60.1.70170
15893	1.60.1.69913	1.60.1.70170
15894	1.60.1.69913	1.60.1.70170
15895	1.60.1.69913	1.60.1.70170
15902	1.60.1.69913	1.60.1.70170
15903	1.60.1.69913	1.60.1.70170
15904	1.60.1.69913	1.60.1.70170
15905	1.60.1.69913	1.60.1.70170
15906	1.60.1.69913	1.60.1.70170
15907	1.60.1.69913	1.60.1.70170
15908	1.60.1.69913	1.60.1.70170
15909	1.60.1.69913	1.60.1.70170
15910	1.60.1.69913	1.60.1.70170
15911	1.60.1.69913	1.60.1.70170
15912	1.60.1.69913	1.60.1.70170
15913	1.60.1.69913	1.60.1.70170
15914	1.60.1.69913	1.60.1.70170
15915	1.60.1.69913	1.60.1.70170
15916	1.60.1.69913	1.60.1.70170
15917	1.60.1.69913	1.60.1.70170
15918	1.60.1.69913	1.60.1.70170
15919	1.60.1.69913	1.60.1.70170
15920	1.60.1.69913	1.60.1.70170
15921	1.60.1.69913	1.60.1.70170
15922	1.60.1.69913	1.60.1.70170
15923	1.60.1.69913	1.60.1.70170
15924	1.60.1.69913	1.60.1.70170
15925	1.60.1.69913	1.60.1.70170
15926	1.60.1.69913	1.60.1.70170
15927	1.60.1.69913	1.60.1.70170
15928	1.60.1.69913	1.60.1.70170
15929	1.60.1.69913	1.60.1.70170
15930	1.60.1.69913	1.60.1.70170
15931	1.60.1.69913	1.60.1.70170
15932	1.60.1.69913	1.60.1.70170
15933	1.60.1.69913	1.60.1.70170
15934	1.60.1.69913	1.60.1.70170
15935	1.60.1.69913	1.60.1.70170
15936	1.60.1.69913	1.60.1.70170
15937	1.60.1.69913	1.60.1.70170
15938	1.60.1.69913	1.60.1.70170
15939	1.60.1.69913	1.60.1.70170
15940	1.60.1.69913	1.60.1.70170
15941	1.60.1.69913	1.60.1.70170
15942	1.60.1.69913	1.60.1.70170
15943	1.60.1.69913	1.60.1.70170
15944	1.60.1.69913	1.60.1.70170
15945	1.60.1.69913	1.60.1.70170
15946	1.60.1.69913	1.60.1.70170
15947	1.60.1.69913	1.60.1.70170
15962	1.60.1.69913	1.60.1.70170
15963	1.60.1.69913	1.60.1.70170
15964	1.60.1.69913	1.60.1.70170
15965	1.60.1.69913	1.60.1.70170
15966	1.60.1.69913	1.60.1.70170
15967	1.60.1.69913	1.60.1.70170
15968	1.60.1.69913	1.60.1.70170
15969	1.60.1.69913	1.60.1.70170
15970	1.60.1.69913	1.60.1.70170
15971	1.60.1.69913	1.60.1.70170
15972	1.60.1.69913	1.60.1.70170
15973	1.60.1.69913	1.60.1.70170
15974	1.60.1.69913	1.60.1.70170
15975	1.60.1.69913	1.60.1.70170
15976	1.60.1.69913	1.60.1.70170
15977	1.60.1.69913	1.60.1.70170
15978	1.60.1.69913	1.60.1.70170
15979	1.60.1.69913	1.60.1.70170
15980	1.60.1.69913	1.60.1.70170
15981	1.60.1.69913	1.60.1.70170
15982	1.60.1.69913	1.60.1.70170
15983	1.60.1.69913	1.60.1.70170
15984	1.60.1.69913	1.60.1.70170
15985	1.60.1.69913	1.60.1.70170
15986	1.60.1.69913	1.60.1.70170
15987	1.60.1.69913	1.60.1.70170
15988	1.60.1.69913	1.60.1.70170
15989	1.60.1.69913	1.60.1.70170
15990	1.60.1.69913	1.60.1.70170
15991	1.60.1.69913	1.60.1.70170
15992	1.60.1.69913	1.60.1.70170
15993	1.60.1.69913	1.60.1.70170
15994	1.60.1.69913	1.60.1.70170
15995	1.60.1.69913	1.60.1.70170
15996	1.60.1.69913	1.60.1.70170
15997	1.60.1.69913	1.60.1.70170
15998	1.60.1.69913	1.60.1.70170
15999	1.60.1.69913	1.60.1.70170
16000	1.60.1.69913	1.60.1.70170
16001	1.60.1.69913	1.60.1.70170
16002	1.60.1.69913	1.60.1.70170
16003	1.60.1.69913	1.60.1.70170
16004	1.60.1.69913	1.60.1.70170
16005	1.60.1.69913	1.60.1.70170
16006	1.60.1.69913	1.60.1.70170
16007	1.60.1.69913	1.60.1.70170
16008	1.60.1.69913	1.60.1.70170
16009	1.60.1.69913	1.60.1.70170
16022	1.60.1.69913	1.60.1.70170
16023	1.60.1.69913	1.60.1.70170
16024	1.60.1.69913	1.60.1.70170
16026	1.60.1.69913	1.60.1.70170
16027	1.60.1.69913	1.60.1.70170
16028	1.60.1.69913	1.60.1.70170
16029	1.60.1.69913	1.60.1.70170
16030	1.60.1.69913	1.60.1.70170
16031	1.60.1.69913	1.60.1.70170
16033	1.60.1.69913	1.60.1.70170
16034	1.60.1.69913	1.60.1.70170
16035	1.60.1.69913	1.60.1.70170
16036	1.60.1.69913	1.60.1.70170
16037	1.60.1.69913	1.60.1.70170
16038	1.60.1.69913	1.60.1.70170
16040	1.60.1.69913	1.60.1.70170
16041	1.60.1.69913	1.60.1.70170
16042	1.60.1.69913	1.60.1.70170
16043	1.60.1.69913	1.60.1.70170
16044	1.60.1.69913	1.60.1.70170
16045	1.60.1.69913	1.60.1.70170
16046	1.60.1.69913	1.60.1.70170
16047	1.60.1.69913	1.60.1.70170
16048	1.60.1.69913	1.60.1.70170
16049	1.60.1.69913	1.60.1.70170
16050	1.60.1.69913	1.60.1.70170
16051	1.60.1.69913	1.60.1.70170
16052	1.60.1.69913	1.60.1.70170
16053	1.60.1.69913	1.60.1.70170
16054	1.60.1.69913	1.60.1.70170
16055	1.60.1.69913	1.60.1.70170
16056	1.60.1.69913	1.60.1.70170
16057	1.60.1.69913	1.60.1.70170
16059	1.60.1.69913	1.60.1.70170
16060	1.60.1.69913	1.60.1.70170
16067	1.60.1.69913	1.60.1.70170
16068	1.60.1.69913	1.60.1.70170
16069	1.60.1.69913	1.60.1.70170
16070	1.60.1.69913	1.60.1.70170
16071	1.60.1.69913	1.60.1.70170
16072	1.60.1.69913	1.60.1.70170
16074	1.60.1.69913	1.60.1.70170
16075	1.60.1.69913	1.60.1.70170
16076	1.60.1.69913	1.60.1.70170
16077	1.60.1.69913	1.60.1.70170
16078	1.60.1.69913	1.60.1.70170
16079	1.60.1.69913	1.60.1.70170
16080	1.60.1.69913	1.60.1.70170
16081	1.60.1.69913	1.60.1.70170
16083	1.60.1.69913	1.60.1.70170
16084	1.60.1.69913	1.60.1.70170
16086	1.60.1.69913	1.60.1.70170
16102	1.60.1.69913	1.60.1.70170
16103	1.60.1.69913	1.60.1.70170
16105	1.60.1.69913	1.60.1.70170
16106	1.60.1.69913	1.60.1.70170
16107	1.60.1.69913	1.60.1.70170
16108	1.60.1.69913	1.60.1.70170
16109	1.60.1.69913	1.60.1.70170
16110	1.60.1.69913	1.60.1.70170
16111	1.60.1.69913	1.60.1.70170
16112	1.60.1.69913	1.60.1.70170
16113	1.60.1.69913	1.60.1.70170
16114	1.60.1.69913	1.60.1.70170
16115	1.60.1.69913	1.60.1.70170
16121	1.60.1.69913	1.60.1.70170
16123	1.60.1.69913	1.60.1.70170
16124	1.60.1.69913	1.60.1.70170
16125	1.60.1.69913	1.60.1.70170
16160	1.60.1.69913	1.60.1.70170
16161	1.60.1.69913	1.60.1.70170
16166	1.60.1.69913	1.60.1.70170
16167	1.60.1.69913	1.60.1.70170
16168	1.60.1.69913	1.60.1.70170
16169	1.60.1.69913	1.60.1.70170
16170	1.60.1.69913	1.60.1.70170
16171	1.60.1.69913	1.60.1.70170
16173	1.60.1.69913	1.60.1.70170
16174	1.60.1.69913	1.60.1.70170
16175	1.60.1.69913	1.60.1.70170
16176	1.60.1.69913	1.60.1.70170
16177	1.60.1.69913	1.60.1.70170
16178	1.60.1.69913	1.60.1.70170
16179	1.60.1.69913	1.60.1.70170
16180	1.60.1.69913	1.60.1.70170
16181	1.60.1.69913	1.60.1.70170
16182	1.60.1.69913	1.60.1.70170
16183	1.60.1.69913	1.60.1.70170
16184	1.60.1.69913	1.60.1.70170
16185	1.60.1.69913	1.60.1.70170
16186	1.60.1.69913	1.60.1.70170
16187	1.60.1.69913	1.60.1.70170
16188	1.60.1.69913	1.60.1.70170
16189	1.60.1.69913	1.60.1.70170
16190	1.60.1.69913	1.60.1.70170
16191	1.60.1.69913	1.60.1.70170
16192	1.60.1.69913	1.60.1.70170
16202	1.60.1.69913	1.60.1.70170
16203	1.60.1.69913	1.60.1.70170
16204	1.60.1.69913	1.60.1.70170
16205	1.60.1.69913	1.60.1.70170
16206	1.60.1.69913	1.60.1.70170
16207	1.60.1.69913	1.60.1.70170
16208	1.60.1.69913	1.60.1.70170
16209	1.60.1.69913	1.60.1.70170
16210	1.60.1.69913	1.60.1.70170
16211	1.60.1.69913	1.60.1.70170
16212	1.60.1.69913	1.60.1.70170
16213	1.60.1.69913	1.60.1.70170
16214	1.60.1.69913	1.60.1.70170
16215	1.60.1.69913	1.60.1.70170
16216	1.60.1.69913	1.60.1.70170
16217	1.60.1.69913	1.60.1.70170
16218	1.60.1.69913	1.60.1.70170
16219	1.60.1.69913	1.60.1.70170
16220	1.60.1.69913	1.60.1.70170
16221	1.60.1.69913	1.60.1.70170
16222	1.60.1.69913	1.60.1.70170
16223	1.60.1.69913	1.60.1.70170
16224	1.60.1.69913	1.60.1.70170
16242	1.60.1.69913	1.60.1.70170
16243	1.60.1.69913	1.60.1.70170
16244	1.60.1.69913	1.60.1.70170
16245	1.60.1.69913	1.60.1.70170
16246	1.60.1.69913	1.60.1.70170
16247	1.60.1.69913	1.60.1.70170
16248	1.60.1.69913	1.60.1.70170
16249	1.60.1.69913	1.60.1.70170
16250	1.60.1.69913	1.60.1.70170
16251	1.60.1.69913	1.60.1.70170
16252	1.60.1.69913	1.60.1.70170
16253	1.60.1.69913	1.60.1.70170
16254	1.60.1.69913	1.60.1.70170
16255	1.60.1.69913	1.60.1.70170
16262	1.60.1.69913	1.60.1.70170
16263	1.60.1.69913	1.60.1.70170
16282	1.60.1.69913	1.60.1.70170
16283	1.60.1.69913	1.60.1.70170
16302	1.60.1.69913	1.60.1.70170
16303	1.60.1.69913	1.60.1.70170
16304	1.60.1.69913	1.60.1.70170
16305	1.60.1.69913	1.60.1.70170
16306	1.60.1.69913	1.60.1.70170
16307	1.60.1.69913	1.60.1.70170
16308	1.60.1.69913	1.60.1.70170
16309	1.60.1.69913	1.60.1.70170
16310	1.60.1.69913	1.60.1.70170
16311	1.60.1.69913	1.60.1.70170
16312	1.60.1.69913	1.60.1.70170
16313	1.60.1.69913	1.60.1.70170
16314	1.60.1.69913	1.60.1.70170
16315	1.60.1.69913	1.60.1.70170
16316	1.60.1.69913	1.60.1.70170
16317	1.60.1.69913	1.60.1.70170
16318	1.60.1.69913	1.60.1.70170
16319	1.60.1.69913	1.60.1.70170
16320	1.60.1.69913	1.60.1.70170
16321	1.60.1.69913	1.60.1.70170
16322	1.60.1.69913	1.60.1.70170
16323	1.60.1.69913	1.60.1.70170
16324	1.60.1.69913	1.60.1.70170
16325	1.60.1.69913	1.60.1.70170
16326	1.60.1.69913	1.60.1.70170
16327	1.60.1.69913	1.60.1.70170
16328	1.60.1.69913	1.60.1.70170
16329	1.60.1.69913	1.60.1.70170
16330	1.60.1.69913	1.60.1.70170
16331	1.60.1.69913	1.60.1.70170
16332	1.60.1.69913	1.60.1.70170
16333	1.60.1.69913	1.60.1.70170
16335	1.60.1.69913	1.60.1.70170
16336	1.60.1.69913	1.60.1.70170
16337	1.60.1.69913	1.60.1.70170
16338	1.60.1.69913	1.60.1.70170
16339	1.60.1.69913	1.60.1.70170
16341	1.60.1.69913	1.60.1.70170
16342	1.60.1.69913	1.60.1.70170
16343	1.60.1.69913	1.60.1.70170
16344	1.60.1.69913	1.60.1.70170
16345	1.60.1.69913	1.60.1.70170
16346	1.60.1.69913	1.60.1.70170
16347	1.60.1.69913	1.60.1.70170
16348	1.60.1.69913	1.60.1.70170
16349	1.60.1.69913	1.60.1.70170
16350	1.60.1.69913	1.60.1.70170
16351	1.60.1.69913	1.60.1.70170
16352	1.60.1.69913	1.60.1.70170
16353	1.60.1.69913	1.60.1.70170
16354	1.60.1.69913	1.60.1.70170
16355	1.60.1.69913	1.60.1.70170
16356	1.60.1.69913	1.60.1.70170
16357	1.60.1.69913	1.60.1.70170
16358	1.60.1.69913	1.60.1.70170
16359	1.60.1.69913	1.60.1.70170
16360	1.60.1.69913	1.60.1.70170
16361	1.60.1.69913	1.60.1.70170
16362	1.60.1.69913	1.60.1.70170
16363	1.60.1.69913	1.60.1.70170
16364	1.60.1.69913	1.60.1.70170
16365	1.60.1.69913	1.60.1.70170
16366	1.60.1.69913	1.60.1.70170
16367	1.60.1.69913	1.60.1.70170
16368	1.60.1.69913	1.60.1.70170
16369	1.60.1.69913	1.60.1.70170
16370	1.60.1.69913	1.60.1.70170
16371	1.60.1.69913	1.60.1.70170
16372	1.60.1.69913	1.60.1.70170
16373	1.60.1.69913	1.60.1.70170
16374	1.60.1.69913	1.60.1.70170
16375	1.60.1.69913	1.60.1.70170
16376	1.60.1.69913	1.60.1.70170
16377	1.60.1.69913	1.60.1.70170
16378	1.60.1.69913	1.60.1.70170
16379	1.60.1.69913	1.60.1.70170
16380	1.60.1.69913	1.60.1.70170
16381	1.60.1.69913	1.60.1.70170
16382	1.60.1.69913	1.60.1.70170
16383	1.60.1.69913	1.60.1.70170
16384	1.60.1.69913	1.60.1.70170
16385	1.60.1.69913	1.60.1.70170
16386	1.60.1.69913	1.60.1.70170
16387	1.60.1.69913	1.60.1.70170
16388	1.60.1.69913	1.60.1.70170
16389	1.60.1.69913	1.60.1.70170
16390	1.60.1.69913	1.60.1.70170
16391	1.60.1.69913	1.60.1.70170
16392	1.60.1.69913	1.60.1.70170
16393	1.60.1.69913	1.60.1.70170
16394	1.60.1.69913	1.60.1.70170
16395	1.60.1.69913	1.60.1.70170
16396	1.60.1.69913	1.60.1.70170
16397	1.60.1.69913	1.60.1.70170
16398	1.60.1.69913	1.60.1.70170
16399	1.60.1.69913	1.60.1.70170
16400	1.60.1.69913	1.60.1.70170
16401	1.60.1.69913	1.60.1.70170
16402	1.60.1.69913	1.60.1.70170
16403	1.60.1.69913	1.60.1.70170
16404	1.60.1.69913	1.60.1.70170
16405	1.60.1.69913	1.60.1.70170
16406	1.60.1.69913	1.60.1.70170
16407	1.60.1.69913	1.60.1.70170
16408	1.60.1.69913	1.60.1.70170
16409	1.60.1.69913	1.60.1.70170
16410	1.60.1.69913	1.60.1.70170
16411	1.60.1.69913	1.60.1.70170
16412	1.60.1.69913	1.60.1.70170
16413	1.60.1.69913	1.60.1.70170
16414	1.60.1.69913	1.60.1.70170
16415	1.60.1.69913	1.60.1.70170
16416	1.60.1.69913	1.60.1.70170
16417	1.60.1.69913	1.60.1.70170
16418	1.60.1.69913	1.60.1.70170
16419	1.60.1.69913	1.60.1.70170
16420	1.60.1.69913	1.60.1.70170
16421	1.60.1.69913	1.60.1.70170
16422	1.60.1.69913	1.60.1.70170
16423	1.60.1.69913	1.60.1.70170
16424	1.60.1.69913	1.60.1.70170
16425	1.60.1.69913	1.60.1.70170
16426	1.60.1.69913	1.60.1.70170
16427	1.60.1.69913	1.60.1.70170
16428	1.60.1.69913	1.60.1.70170
16429	1.60.1.69913	1.60.1.70170
16430	1.60.1.69913	1.60.1.70170
16431	1.60.1.69913	1.60.1.70170
16432	1.60.1.69913	1.60.1.70170
16433	1.60.1.69913	1.60.1.70170
16434	1.60.1.69913	1.60.1.70170
16435	1.60.1.69913	1.60.1.70170
16436	1.60.1.69913	1.60.1.70170
16437	1.60.1.69913	1.60.1.70170
16438	1.60.1.69913	1.60.1.70170
16439	1.60.1.69913	1.60.1.70170
16440	1.60.1.69913	1.60.1.70170
16441	1.60.1.69913	1.60.1.70170
16442	1.60.1.69913	1.60.1.70170
16443	1.60.1.69913	1.60.1.70170
16444	1.60.1.69913	1.60.1.70170
16445	1.60.1.69913	1.60.1.70170
16446	1.60.1.69913	1.60.1.70170
16447	1.60.1.69913	1.60.1.70170
16448	1.60.1.69913	1.60.1.70170
16449	1.60.1.69913	1.60.1.70170
16450	1.60.1.69913	1.60.1.70170
16451	1.60.1.69913	1.60.1.70170
16452	1.60.1.69913	1.60.1.70170
16453	1.60.1.69913	1.60.1.70170
16454	1.60.1.69913	1.60.1.70170
16455	1.60.1.69913	1.60.1.70170
16456	1.60.1.69913	1.60.1.70170
16457	1.60.1.69913	1.60.1.70170
16458	1.60.1.69913	1.60.1.70170
16459	1.60.1.69913	1.60.1.70170
16460	1.60.1.69913	1.60.1.70170
16461	1.60.1.69913	1.60.1.70170
16462	1.60.1.69913	1.60.1.70170
16463	1.60.1.69913	1.60.1.70170
16464	1.60.1.69913	1.60.1.70170
16465	1.60.1.69913	1.60.1.70170
16466	1.60.1.69913	1.60.1.70170
16467	1.60.1.69913	1.60.1.70170
16468	1.60.1.69913	1.60.1.70170
16469	1.60.1.69913	1.60.1.70170
16470	1.60.1.69913	1.60.1.70170
16471	1.60.1.69913	1.60.1.70170
16472	1.60.1.69913	1.60.1.70170
16473	1.60.1.69913	1.60.1.70170
16474	1.60.1.69913	1.60.1.70170
16475	1.60.1.69913	1.60.1.70170
16476	1.60.1.69913	1.60.1.70170
16477	1.60.1.69913	1.60.1.70170
16478	1.60.1.69913	1.60.1.70170
16479	1.60.1.69913	1.60.1.70170
16480	1.60.1.69913	1.60.1.70170
16481	1.60.1.69913	1.60.1.70170
16482	1.60.1.69913	1.60.1.70170
16483	1.60.1.69913	1.60.1.70170
16484	1.60.1.69913	1.60.1.70170
16485	1.60.1.69913	1.60.1.70170
16486	1.60.1.69913	1.60.1.70170
16487	1.60.1.69913	1.60.1.70170
16488	1.60.1.69913	1.60.1.70170
16489	1.60.1.69913	1.60.1.70170
16490	1.60.1.69913	1.60.1.70170
16491	1.60.1.69913	1.60.1.70170
16492	1.60.1.69913	1.60.1.70170
16493	1.60.1.69913	1.60.1.70170
16494	1.60.1.69913	1.60.1.70170
16495	1.60.1.69913	1.60.1.70170
16496	1.60.1.69913	1.60.1.70170
16497	1.60.1.69913	1.60.1.70170
16498	1.60.1.69913	1.60.1.70170
16499	1.60.1.69913	1.60.1.70170
16500	1.60.1.69913	1.60.1.70170
16501	1.60.1.69913	1.60.1.70170
16502	1.60.1.69913	1.60.1.70170
16503	1.60.1.69913	1.60.1.70170
16504	1.60.1.69913	1.60.1.70170
16505	1.60.1.69913	1.60.1.70170
16506	1.60.1.69913	1.60.1.70170
16507	1.60.1.69913	1.60.1.70170
16508	1.60.1.69913	1.60.1.70170
16509	1.60.1.69913	1.60.1.70170
16510	1.60.1.69913	1.60.1.70170
16511	1.60.1.69913	1.60.1.70170
16512	1.60.1.69913	1.60.1.70170
16513	1.60.1.69913	1.60.1.70170
16514	1.60.1.69913	1.60.1.70170
16515	1.60.1.69913	1.60.1.70170
16516	1.60.1.69913	1.60.1.70170
16517	1.60.1.69913	1.60.1.70170
16518	1.60.1.69913	1.60.1.70170
16519	1.60.1.69913	1.60.1.70170
16520	1.60.1.69913	1.60.1.70170
16521	1.60.1.69913	1.60.1.70170
16522	1.60.1.69913	1.60.1.70170
16523	1.60.1.69913	1.60.1.70170
16524	1.60.1.69913	1.60.1.70170
16525	1.60.1.69913	1.60.1.70170
16527	1.60.1.69913	1.60.1.70170
16528	1.60.1.69913	1.60.1.70170
16529	1.60.1.69913	1.60.1.70170
16530	1.60.1.69913	1.60.1.70170
16531	1.60.1.69913	1.60.1.70170
16532	1.60.1.69913	1.60.1.70170
16533	1.60.1.69913	1.60.1.70170
16534	1.60.1.69913	1.60.1.70170
16535	1.60.1.69913	1.60.1.70170
16536	1.60.1.69913	1.60.1.70170
16537	1.60.1.69913	1.60.1.70170
16538	1.60.1.69913	1.60.1.70170
16539	1.60.1.69913	1.60.1.70170
16540	1.60.1.69913	1.60.1.70170
16541	1.60.1.69913	1.60.1.70170
16542	1.60.1.69913	1.60.1.70170
16543	1.60.1.69913	1.60.1.70170
16544	1.60.1.69913	1.60.1.70170
16545	1.60.1.69913	1.60.1.70170
16546	1.60.1.69913	1.60.1.70170
16547	1.60.1.69913	1.60.1.70170
16548	1.60.1.69913	1.60.1.70170
16549	1.60.1.69913	1.60.1.70170
16550	1.60.1.69913	1.60.1.70170
16551	1.60.1.69913	1.60.1.70170
16552	1.60.1.69913	1.60.1.70170
16553	1.60.1.69913	1.60.1.70170
16554	1.60.1.69913	1.60.1.70170
16555	1.60.1.69913	1.60.1.70170
16556	1.60.1.69913	1.60.1.70170
16557	1.60.1.69913	1.60.1.70170
16558	1.60.1.69913	1.60.1.70170
16559	1.60.1.69913	1.60.1.70170
16560	1.60.1.69913	1.60.1.70170
16561	1.60.1.69913	1.60.1.70170
16562	1.60.1.69913	1.60.1.70170
16563	1.60.1.69913	1.60.1.70170
16564	1.60.1.69913	1.60.1.70170
16565	1.60.1.69913	1.60.1.70170
16566	1.60.1.69913	1.60.1.70170
16567	1.60.1.69913	1.60.1.70170
16568	1.60.1.69913	1.60.1.70170
16569	1.60.1.69913	1.60.1.70170
16570	1.60.1.69913	1.60.1.70170
16571	1.60.1.69913	1.60.1.70170
16572	1.60.1.69913	1.60.1.70170
16573	1.60.1.69913	1.60.1.70170
16574	1.60.1.69913	1.60.1.70170
16575	1.60.1.69913	1.60.1.70170
16576	1.60.1.69913	1.60.1.70170
16577	1.60.1.69913	1.60.1.70170
16578	1.60.1.69913	1.60.1.70170
16579	1.60.1.69913	1.60.1.70170
16580	1.60.1.69913	1.60.1.70170
16581	1.60.1.69913	1.60.1.70170
16582	1.60.1.69913	1.60.1.70170
16583	1.60.1.69913	1.60.1.70170
16602	1.60.1.69913	1.60.1.70170
16603	1.60.1.69913	1.60.1.70170
16604	1.60.1.69913	1.60.1.70170
16605	1.60.1.69913	1.60.1.70170
16606	1.60.1.69913	1.60.1.70170
16607	1.60.1.69913	1.60.1.70170
16608	1.60.1.69913	1.60.1.70170
16622	1.60.1.69913	1.60.1.70170
16623	1.60.1.69913	1.60.1.70170
16642	1.60.1.69913	1.60.1.70170
16643	1.60.1.69913	1.60.1.70170
16644	1.60.1.69913	1.60.1.70170
16645	1.60.1.69913	1.60.1.70170
16646	1.60.1.69913	1.60.1.70170
16647	1.60.1.69913	1.60.1.70170
16648	1.60.1.69913	1.60.1.70170
16649	1.60.1.69913	1.60.1.70170
16650	1.60.1.69913	1.60.1.70170
16651	1.60.1.69913	1.60.1.70170
16652	1.60.1.69913	1.60.1.70170
16653	1.60.1.69913	1.60.1.70170
16654	1.60.1.69913	1.60.1.70170
16655	1.60.1.69913	1.60.1.70170
16656	1.60.1.69913	1.60.1.70170
16658	1.60.1.69913	1.60.1.70170
16659	1.60.1.69913	1.60.1.70170
16660	1.60.1.69913	1.60.1.70170
16661	1.60.1.69913	1.60.1.70170
16662	1.60.1.69913	1.60.1.70170
16663	1.60.1.69913	1.60.1.70170
16664	1.60.1.69913	1.60.1.70170
16665	1.60.1.69913	1.60.1.70170
16666	1.60.1.69913	1.60.1.70170
16667	1.60.1.69913	1.60.1.70170
16668	1.60.1.69913	1.60.1.70170
16669	1.60.1.69913	1.60.1.70170
16670	1.60.1.69913	1.60.1.70170
16671	1.60.1.69913	1.60.1.70170
16672	1.60.1.69913	1.60.1.70170
16673	1.60.1.69913	1.60.1.70170
16674	1.60.1.69913	1.60.1.70170
16675	1.60.1.69913	1.60.1.70170
16676	1.60.1.69913	1.60.1.70170
16677	1.60.1.69913	1.60.1.70170
16678	1.60.1.69913	1.60.1.70170
16679	1.60.1.69913	1.60.1.70170
16680	1.60.1.69913	1.60.1.70170
16681	1.60.1.69913	1.60.1.70170
16682	1.60.1.69913	1.60.1.70170
16683	1.60.1.69913	1.60.1.70170
16684	1.60.1.69913	1.60.1.70170
16685	1.60.1.69913	1.60.1.70170
16686	1.60.1.69913	1.60.1.70170
16687	1.60.1.69913	1.60.1.70170
16688	1.60.1.69913	1.60.1.70170
16689	1.60.1.69913	1.60.1.70170
16690	1.60.1.69913	1.60.1.70170
16691	1.60.1.69913	1.60.1.70170
16692	1.60.1.69913	1.60.1.70170
16693	1.60.1.69913	1.60.1.70170
16694	1.60.1.69913	1.60.1.70170
16695	1.60.1.69913	1.60.1.70170
16696	1.60.1.69913	1.60.1.70170
16697	1.60.1.69913	1.60.1.70170
16698	1.60.1.69913	1.60.1.70170
16699	1.60.1.69913	1.60.1.70170
16700	1.60.1.69913	1.60.1.70170
16701	1.60.1.69913	1.60.1.70170
16702	1.60.1.69913	1.60.1.70170
16703	1.60.1.69913	1.60.1.70170
16704	1.60.1.69913	1.60.1.70170
16705	1.60.1.69913	1.60.1.70170
16706	1.60.1.69913	1.60.1.70170
16707	1.60.1.69913	1.60.1.70170
16708	1.60.1.69913	1.60.1.70170
16709	1.60.1.69913	1.60.1.70170
16710	1.60.1.69913	1.60.1.70170
16711	1.60.1.69913	1.60.1.70170
16712	1.60.1.69913	1.60.1.70170
16713	1.60.1.69913	1.60.1.70170
16714	1.60.1.69913	1.60.1.70170
16715	1.60.1.69913	1.60.1.70170
16716	1.60.1.69913	1.60.1.70170
16717	1.60.1.69913	1.60.1.70170
16718	1.60.1.69913	1.60.1.70170
16719	1.60.1.69913	1.60.1.70170
16720	1.60.1.69913	1.60.1.70170
16721	1.60.1.69913	1.60.1.70170
16722	1.60.1.69913	1.60.1.70170
16723	1.60.1.69913	1.60.1.70170
16724	1.60.1.69913	1.60.1.70170
16725	1.60.1.69913	1.60.1.70170
16726	1.60.1.69913	1.60.1.70170
16727	1.60.1.69913	1.60.1.70170
16728	1.60.1.69913	1.60.1.70170
16729	1.60.1.69913	1.60.1.70170
16730	1.60.1.69913	1.60.1.70170
16731	1.60.1.69913	1.60.1.70170
16732	1.60.1.69913	1.60.1.70170
16733	1.60.1.69913	1.60.1.70170
16734	1.60.1.69913	1.60.1.70170
16735	1.60.1.69913	1.60.1.70170
16736	1.60.1.69913	1.60.1.70170
16737	1.60.1.69913	1.60.1.70170
16738	1.60.1.69913	1.60.1.70170
16739	1.60.1.69913	1.60.1.70170
16740	1.60.1.69913	1.60.1.70170
16741	1.60.1.69913	1.60.1.70170
16742	1.60.1.69913	1.60.1.70170
16743	1.60.1.69913	1.60.1.70170
16744	1.60.1.69913	1.60.1.70170
16745	1.60.1.69913	1.60.1.70170
16746	1.60.1.69913	1.60.1.70170
16747	1.60.1.69913	1.60.1.70170
16748	1.60.1.69913	1.60.1.70170
16762	1.60.1.69913	1.60.1.70170
16763	1.60.1.69913	1.60.1.70170
16764	1.60.1.69913	1.60.1.70170
16765	1.60.1.69913	1.60.1.70170
16766	1.60.1.69913	1.60.1.70170
16767	1.60.1.69913	1.60.1.70170
16768	1.60.1.69913	1.60.1.70170
16769	1.60.1.69913	1.60.1.70170
16782	1.60.1.69913	1.60.1.70170
16783	1.60.1.69913	1.60.1.70170
16784	1.60.1.69913	1.60.1.70170
16785	1.60.1.69913	1.60.1.70170
16786	1.60.1.69913	1.60.1.70170
16787	1.60.1.69913	1.60.1.70170
16788	1.60.1.69913	1.60.1.70170
16789	1.60.1.69913	1.60.1.70170
16790	1.60.1.69913	1.60.1.70170
16791	1.60.1.69913	1.60.1.70170
16792	1.60.1.69913	1.60.1.70170
16793	1.60.1.69913	1.60.1.70170
16794	1.60.1.69913	1.60.1.70170
16869	1.60.1.69913	1.60.1.70170
16870	1.60.1.69913	1.60.1.70170
16871	1.60.1.69913	1.60.1.70170
16872	1.60.1.69913	1.60.1.70170
16873	1.60.1.69913	1.60.1.70170
16882	1.60.1.69913	1.60.1.70170
16883	1.60.1.69913	1.60.1.70170
16884	1.60.1.69913	1.60.1.70170
16885	1.60.1.69913	1.60.1.70170
16886	1.60.1.70170	1.60.1.70170
16887	1.60.1.70170	1.60.1.70170
16888	1.60.1.69913	1.60.1.70170
16889	1.60.1.69913	1.60.1.70170
16890	1.60.1.69913	1.60.1.70170
16891	1.60.1.69913	1.60.1.70170
16892	1.60.1.69913	1.60.1.70170
16893	1.60.1.69913	1.60.1.70170
16894	1.60.1.69913	1.60.1.70170
16895	1.60.1.69913	1.60.1.70170
16896	1.60.1.69913	1.60.1.70170
16967	1.60.1.69913	1.60.1.70170
16968	1.60.1.69913	1.60.1.70170
16969	1.60.1.69913	1.60.1.70170
16970	1.60.1.69913	1.60.1.70170
16971	1.60.1.69913	1.60.1.70170
16972	1.60.1.69913	1.60.1.70170
16973	1.60.1.69913	1.60.1.70170
16974	1.60.1.69913	1.60.1.70170
16975	1.60.1.69913	1.60.1.70170
16976	1.60.1.69913	1.60.1.70170
16977	1.60.1.69913	1.60.1.70170
16978	1.60.1.69913	1.60.1.70170
16979	1.60.1.69913	1.60.1.70170
16980	1.60.1.69913	1.60.1.70170
16981	1.60.1.69913	1.60.1.70170
16982	1.60.1.69913	1.60.1.70170
16983	1.60.1.69913	1.60.1.70170
16984	1.60.1.69913	1.60.1.70170
16985	1.60.1.69913	1.60.1.70170
16986	1.60.1.69913	1.60.1.70170
16987	1.60.1.69913	1.60.1.70170
16988	1.60.1.69913	1.60.1.70170
16989	1.60.1.69913	1.60.1.70170
16990	1.60.1.69913	1.60.1.70170
16991	1.60.1.69913	1.60.1.70170
16992	1.60.1.69913	1.60.1.70170
16993	1.60.1.69913	1.60.1.70170
16994	1.60.1.69913	1.60.1.70170
16995	1.60.1.69913	1.60.1.70170
16996	1.60.1.69913	1.60.1.70170
16997	1.60.1.69913	1.60.1.70170
16998	1.60.1.69913	1.60.1.70170
16999	1.60.1.69913	1.60.1.70170
17000	1.60.1.69913	1.60.1.70170
17002	1.60.1.69913	1.60.1.70170
17003	1.60.1.69913	1.60.1.70170
17004	1.60.1.69913	1.60.1.70170
17005	1.60.1.69913	1.60.1.70170
17006	1.60.1.69913	1.60.1.70170
17008	1.60.1.69913	1.60.1.70170
17009	1.60.1.69913	1.60.1.70170
17010	1.60.1.69913	1.60.1.70170
17011	1.60.1.69913	1.60.1.70170
17012	1.60.1.69913	1.60.1.70170
17013	1.60.1.69913	1.60.1.70170
17014	1.60.1.69913	1.60.1.70170
17015	1.60.1.69913	1.60.1.70170
17016	1.60.1.69913	1.60.1.70170
17017	1.60.1.69913	1.60.1.70170
17018	1.60.1.69913	1.60.1.70170
17019	1.60.1.69913	1.60.1.70170
17020	1.60.1.69913	1.60.1.70170
17021	1.60.1.69913	1.60.1.70170
17022	1.60.1.69913	1.60.1.70170
17023	1.60.1.69913	1.60.1.70170
17024	1.60.1.69913	1.60.1.70170
17025	1.60.1.69913	1.60.1.70170
17026	1.60.1.69913	1.60.1.70170
17027	1.60.1.69913	1.60.1.70170
17028	1.60.1.69913	1.60.1.70170
17029	1.60.1.69913	1.60.1.70170
17030	1.60.1.69913	1.60.1.70170
17031	1.60.1.69913	1.60.1.70170
17032	1.60.1.69913	1.60.1.70170
17033	1.60.1.69913	1.60.1.70170
17034	1.60.1.69913	1.60.1.70170
17035	1.60.1.69913	1.60.1.70170
17036	1.60.1.69913	1.60.1.70170
17037	1.60.1.69913	1.60.1.70170
17038	1.60.1.69913	1.60.1.70170
17039	1.60.1.70170	1.60.1.70170
17040	1.60.1.69913	1.60.1.70170
17041	1.60.1.69913	1.60.1.70170
17042	1.60.1.70170	1.60.1.70170
17043	1.60.1.70170	1.60.1.70170
17046	1.60.1.69913	1.60.1.70170
17047	1.60.1.69913	1.60.1.70170
17048	1.60.1.69913	1.60.1.70170
17049	1.60.1.69913	1.60.1.70170
17051	1.60.1.69913	1.60.1.70170
17052	1.60.1.69913	1.60.1.70170
17053	1.60.1.69913	1.60.1.70170
17056	1.60.1.69913	1.60.1.70170
17057	1.60.1.69913	1.60.1.70170
17058	1.60.1.69913	1.60.1.70170
17059	1.60.1.69913	1.60.1.70170
17060	1.60.1.69913	1.60.1.70170
17062	1.60.1.69913	1.60.1.70170
17073	1.60.1.69913	1.60.1.70170
17111	1.60.1.69913	1.60.1.70170
17114	1.60.1.69913	1.60.1.70170
17115	1.60.1.69913	1.60.1.70170
17116	1.60.1.69913	1.60.1.70170
17117	1.60.1.69913	1.60.1.70170
17118	1.60.1.69913	1.60.1.70170
17119	1.60.1.69913	1.60.1.70170
17122	1.60.1.69913	1.60.1.70170
17123	1.60.1.69913	1.60.1.70170
17124	1.60.1.69913	1.60.1.70170
17125	1.60.1.69913	1.60.1.70170
17126	1.60.1.69913	1.60.1.70170
17142	1.60.1.69913	1.60.1.70170
17162	1.60.1.69913	1.60.1.70170
17163	1.60.1.69913	1.60.1.70170
17182	1.60.1.69913	1.60.1.70170
17183	1.60.1.69913	1.60.1.70170
17184	1.60.1.69913	1.60.1.70170
17185	1.60.1.69913	1.60.1.70170
17186	1.60.1.69913	1.60.1.70170
17187	1.60.1.69913	1.60.1.70170
17188	1.60.1.69913	1.60.1.70170
17189	1.60.1.69913	1.60.1.70170
17190	1.60.1.69913	1.60.1.70170
17191	1.60.1.69913	1.60.1.70170
17192	1.60.1.69913	1.60.1.70170
17193	1.60.1.69913	1.60.1.70170
17194	1.60.1.69913	1.60.1.70170
17195	1.60.1.69913	1.60.1.70170
17196	1.60.1.69913	1.60.1.70170
17197	1.60.1.69913	1.60.1.70170
17198	1.60.1.69913	1.60.1.70170
17200	1.60.1.69913	1.60.1.70170
17201	1.60.1.69913	1.60.1.70170
17202	1.60.1.69913	1.60.1.70170
17203	1.60.1.69913	1.60.1.70170
17204	1.60.1.69913	1.60.1.70170
17222	1.60.1.69913	1.60.1.70170
17223	1.60.1.69913	1.60.1.70170
17224	1.60.1.69913	1.60.1.70170
17242	1.60.1.69913	1.60.1.70170
17262	1.60.1.69913	1.60.1.70170
17282	1.60.1.69913	1.60.1.70170
17283	1.60.1.69913	1.60.1.70170
17302	1.60.1.69913	1.60.1.70170
17303	1.60.1.69913	1.60.1.70170
17304	1.60.1.69913	1.60.1.70170
17305	1.60.1.69913	1.60.1.70170
17306	1.60.1.69913	1.60.1.70170
17307	1.60.1.69913	1.60.1.70170
17308	1.60.1.69913	1.60.1.70170
17309	1.60.1.69913	1.60.1.70170
17310	1.60.1.69913	1.60.1.70170
17322	1.60.1.69913	1.60.1.70170
17323	1.60.1.69913	1.60.1.70170
17324	1.60.1.69913	1.60.1.70170
17325	1.60.1.69913	1.60.1.70170
17326	1.60.1.69913	1.60.1.70170
17327	1.60.1.69913	1.60.1.70170
17328	1.60.1.69913	1.60.1.70170
17329	1.60.1.69913	1.60.1.70170
17330	1.60.1.69913	1.60.1.70170
17331	1.60.1.69913	1.60.1.70170
17332	1.60.1.69913	1.60.1.70170
17333	1.60.1.69913	1.60.1.70170
17342	1.60.1.69913	1.60.1.70170
17343	1.60.1.69913	1.60.1.70170
17344	1.60.1.69913	1.60.1.70170
17345	1.60.1.69913	1.60.1.70170
17346	1.60.1.69913	1.60.1.70170
17347	1.60.1.69913	1.60.1.70170
17348	1.60.1.69913	1.60.1.70170
17349	1.60.1.69913	1.60.1.70170
17351	1.60.1.69913	1.60.1.70170
17352	1.60.1.69913	1.60.1.70170
17353	1.60.1.69913	1.60.1.70170
17354	1.60.1.69913	1.60.1.70170
17355	1.60.1.69913	1.60.1.70170
17362	1.60.1.69913	1.60.1.70170
17363	1.60.1.69913	1.60.1.70170
17364	1.60.1.69913	1.60.1.70170
17382	1.60.1.69913	1.60.1.70170
17383	1.60.1.69913	1.60.1.70170
17384	1.60.1.69913	1.60.1.70170
17402	1.60.1.69913	1.60.1.70170
17403	1.60.1.69913	1.60.1.70170
17404	1.60.1.69913	1.60.1.70170
17405	1.60.1.69913	1.60.1.70170
17406	1.60.1.69913	1.60.1.70170
17407	1.60.1.69913	1.60.1.70170
17408	1.60.1.69913	1.60.1.70170
17409	1.60.1.69913	1.60.1.70170
17410	1.60.1.69913	1.60.1.70170
17411	1.60.1.69913	1.60.1.70170
17412	1.60.1.69913	1.60.1.70170
17413	1.60.1.69913	1.60.1.70170
17414	1.60.1.69913	1.60.1.70170
17422	1.60.1.69913	1.60.1.70170
17423	1.60.1.69913	1.60.1.70170
17442	1.60.1.69913	1.60.1.70170
17462	1.60.1.69913	1.60.1.70170
17463	1.60.1.69913	1.60.1.70170
17482	1.60.1.69913	1.60.1.70170
17502	1.60.1.69913	1.60.1.70170
17503	1.60.1.69913	1.60.1.70170
17504	1.60.1.69913	1.60.1.70170
17505	1.60.1.69913	1.60.1.70170
17506	1.60.1.69913	1.60.1.70170
17507	1.60.1.69913	1.60.1.70170
17508	1.60.1.70170	1.60.1.70170
17522	1.60.1.69913	1.60.1.70170
17523	1.60.1.69913	1.60.1.70170
17542	1.60.1.69913	1.60.1.70170
17562	1.60.1.69913	1.60.1.70170
17563	1.60.1.69913	1.60.1.70170
17564	1.60.1.69913	1.60.1.70170
17565	1.60.1.69913	1.60.1.70170
17566	1.60.1.69913	1.60.1.70170
17567	1.60.1.69913	1.60.1.70170
17568	1.60.1.69913	1.60.1.70170
17569	1.60.1.69913	1.60.1.70170
17570	1.60.1.69913	1.60.1.70170
17571	1.60.1.69913	1.60.1.70170
17572	1.60.1.69913	1.60.1.70170
17573	1.60.1.69913	1.60.1.70170
17574	1.60.1.69913	1.60.1.70170
17575	1.60.1.69913	1.60.1.70170
17576	1.60.1.69913	1.60.1.70170
17577	1.60.1.69913	1.60.1.70170
17578	1.60.1.69913	1.60.1.70170
17579	1.60.1.69913	1.60.1.70170
17580	1.60.1.69913	1.60.1.70170
17581	1.60.1.69913	1.60.1.70170
17582	1.60.1.69913	1.60.1.70170
17583	1.60.1.69913	1.60.1.70170
17584	1.60.1.69913	1.60.1.70170
17585	1.60.1.69913	1.60.1.70170
17586	1.60.1.69913	1.60.1.70170
17587	1.60.1.69913	1.60.1.70170
17588	1.60.1.69913	1.60.1.70170
17589	1.60.1.69913	1.60.1.70170
17590	1.60.1.69913	1.60.1.70170
17591	1.60.1.69913	1.60.1.70170
17592	1.60.1.69913	1.60.1.70170
17593	1.60.1.69913	1.60.1.70170
17594	1.60.1.69913	1.60.1.70170
17595	1.60.1.69913	1.60.1.70170
17596	1.60.1.69913	1.60.1.70170
17597	1.60.1.69913	1.60.1.70170
17598	1.60.1.69913	1.60.1.70170
17599	1.60.1.69913	1.60.1.70170
17600	1.60.1.69913	1.60.1.70170
17601	1.60.1.69913	1.60.1.70170
17602	1.60.1.69913	1.60.1.70170
17603	1.60.1.69913	1.60.1.70170
17604	1.60.1.69913	1.60.1.70170
17605	1.60.1.69913	1.60.1.70170
17606	1.60.1.69913	1.60.1.70170
17607	1.60.1.69913	1.60.1.70170
17608	1.60.1.69913	1.60.1.70170
17609	1.60.1.69913	1.60.1.70170
17610	1.60.1.69913	1.60.1.70170
17611	1.60.1.69913	1.60.1.70170
17612	1.60.1.69913	1.60.1.70170
17613	1.60.1.69913	1.60.1.70170
17614	1.60.1.69913	1.60.1.70170
17615	1.60.1.69913	1.60.1.70170
17616	1.60.1.69913	1.60.1.70170
17617	1.60.1.69913	1.60.1.70170
17618	1.60.1.69913	1.60.1.70170
17619	1.60.1.69913	1.60.1.70170
17620	1.60.1.69913	1.60.1.70170
17621	1.60.1.69913	1.60.1.70170
17622	1.60.1.69913	1.60.1.70170
17623	1.60.1.69913	1.60.1.70170
17624	1.60.1.69913	1.60.1.70170
17625	1.60.1.69913	1.60.1.70170
17626	1.60.1.69913	1.60.1.70170
17642	1.60.1.69913	1.60.1.70170
17643	1.60.1.69913	1.60.1.70170
17662	1.60.1.69913	1.60.1.70170
17682	1.60.1.69913	1.60.1.70170
17683	1.60.1.69913	1.60.1.70170
17684	1.60.1.69913	1.60.1.70170
17685	1.60.1.69913	1.60.1.70170
17686	1.60.1.69913	1.60.1.70170
17687	1.60.1.69913	1.60.1.70170
17688	1.60.1.69913	1.60.1.70170
17689	1.60.1.69913	1.60.1.70170
17690	1.60.1.69913	1.60.1.70170
17691	1.60.1.69913	1.60.1.70170
17692	1.60.1.69913	1.60.1.70170
17693	1.60.1.69913	1.60.1.70170
17694	1.60.1.69913	1.60.1.70170
17695	1.60.1.69913	1.60.1.70170
17696	1.60.1.69913	1.60.1.70170
17702	1.60.1.69913	1.60.1.70170
17703	1.60.1.69913	1.60.1.70170
17704	1.60.1.69913	1.60.1.70170
17705	1.60.1.69913	1.60.1.70170
17706	1.60.1.69913	1.60.1.70170
17708	1.60.1.69913	1.60.1.70170
17709	1.60.1.69913	1.60.1.70170
17716	1.60.1.69913	1.60.1.70170
17720	1.60.1.69913	1.60.1.70170
17721	1.60.1.69913	1.60.1.70170
17722	1.60.1.69913	1.60.1.70170
17723	1.60.1.69913	1.60.1.70170
17724	1.60.1.69913	1.60.1.70170
17725	1.60.1.69913	1.60.1.70170
17726	1.60.1.69913	1.60.1.70170
17727	1.60.1.69913	1.60.1.70170
17731	1.60.1.69913	1.60.1.70170
17733	1.60.1.69913	1.60.1.70170
17735	1.60.1.69913	1.60.1.70170
17743	1.60.1.69913	1.60.1.70170
17747	1.60.1.69913	1.60.1.70170
17753	1.60.1.69913	1.60.1.70170
17756	1.60.1.69913	1.60.1.70170
17757	1.60.1.69913	1.60.1.70170
17758	1.60.1.69913	1.60.1.70170
17759	1.60.1.69913	1.60.1.70170
17760	1.60.1.69913	1.60.1.70170
17761	1.60.1.69913	1.60.1.70170
17762	1.60.1.69913	1.60.1.70170
17763	1.60.1.69913	1.60.1.70170
17764	1.60.1.69913	1.60.1.70170
17765	1.60.1.69913	1.60.1.70170
17769	1.60.1.69913	1.60.1.70170
17771	1.60.1.69913	1.60.1.70170
17781	1.60.1.69913	1.60.1.70170
17782	1.60.1.69913	1.60.1.70170
17783	1.60.1.69913	1.60.1.70170
17802	1.60.1.69913	1.60.1.70170
17822	1.60.1.69913	1.60.1.70170
17823	1.60.1.69913	1.60.1.70170
17824	1.60.1.69913	1.60.1.70170
17825	1.60.1.69913	1.60.1.70170
17826	1.60.1.69913	1.60.1.70170
17831	1.60.1.69913	1.60.1.70170
17832	1.60.1.69913	1.60.1.70170
17833	1.60.1.69913	1.60.1.70170
17834	1.60.1.69913	1.60.1.70170
17835	1.60.1.69913	1.60.1.70170
17836	1.60.1.69913	1.60.1.70170
17837	1.60.1.69913	1.60.1.70170
17838	1.60.1.69913	1.60.1.70170
17839	1.60.1.69913	1.60.1.70170
17840	1.60.1.69913	1.60.1.70170
17841	1.60.1.69913	1.60.1.70170
17842	1.60.1.69913	1.60.1.70170
17843	1.60.1.69913	1.60.1.70170
17844	1.60.1.69913	1.60.1.70170
17845	1.60.1.69913	1.60.1.70170
17846	1.60.1.69913	1.60.1.70170
17847	1.60.1.69913	1.60.1.70170
17848	1.60.1.69913	1.60.1.70170
17849	1.60.1.69913	1.60.1.70170
17850	1.60.1.69913	1.60.1.70170
17851	1.60.1.69913	1.60.1.70170
17852	1.60.1.69913	1.60.1.70170
17853	1.60.1.69913	1.60.1.70170
17854	1.60.1.69913	1.60.1.70170
17855	1.60.1.69913	1.60.1.70170
17856	1.60.1.69913	1.60.1.70170
17857	1.60.1.69913	1.60.1.70170
17858	1.60.1.69913	1.60.1.70170
17859	1.60.1.69913	1.60.1.70170
17860	1.60.1.69913	1.60.1.70170
17861	1.60.1.69913	1.60.1.70170
17862	1.60.1.69913	1.60.1.70170
17900	1.60.1.69913	1.60.1.70170
17901	1.60.1.69913	1.60.1.70170
17902	1.60.1.69913	1.60.1.70170
17903	1.60.1.69913	1.60.1.70170
17904	1.60.1.69913	1.60.1.70170
17905	1.60.1.69913	1.60.1.70170
17906	1.60.1.69913	1.60.1.70170
17907	1.60.1.69913	1.60.1.70170
17908	1.60.1.69913	1.60.1.70170
17909	1.60.1.69913	1.60.1.70170
17922	1.60.1.69913	1.60.1.70170
17942	1.60.1.69913	1.60.1.70170
17962	1.60.1.69913	1.60.1.70170
17963	1.60.1.69913	1.60.1.70170
17964	1.60.1.69913	1.60.1.70170
17965	1.60.1.69913	1.60.1.70170
17966	1.60.1.69913	1.60.1.70170
17967	1.60.1.69913	1.60.1.70170
17969	1.60.1.69913	1.60.1.70170
18002	1.60.1.69913	1.60.1.70170
18023	1.60.1.69913	1.60.1.70170
18042	1.60.1.69913	1.60.1.70170
18045	1.60.1.69913	1.60.1.70170
18046	1.60.1.69913	1.60.1.70170
18062	1.60.1.69913	1.60.1.70170
18063	1.60.1.69913	1.60.1.70170
18105	1.60.1.69913	1.60.1.70170
18106	1.60.1.69913	1.60.1.70170
18122	1.60.1.69913	1.60.1.70170
18123	1.60.1.69913	1.60.1.70170
18142	1.60.1.69913	1.60.1.70170
18143	1.60.1.69913	1.60.1.70170
18144	1.60.1.69913	1.60.1.70170
18145	1.60.1.69913	1.60.1.70170
18146	1.60.1.69913	1.60.1.70170
18147	1.60.1.69913	1.60.1.70170
18148	1.60.1.69913	1.60.1.70170
18149	1.60.1.69913	1.60.1.70170
18150	1.60.1.69913	1.60.1.70170
18151	1.60.1.69913	1.60.1.70170
18152	1.60.1.69913	1.60.1.70170
18153	1.60.1.69913	1.60.1.70170
18154	1.60.1.69913	1.60.1.70170
18155	1.60.1.69913	1.60.1.70170
18156	1.60.1.69913	1.60.1.70170
18157	1.60.1.69913	1.60.1.70170
18158	1.60.1.69913	1.60.1.70170
18159	1.60.1.69913	1.60.1.70170
18160	1.60.1.69913	1.60.1.70170
18161	1.60.1.69913	1.60.1.70170
18162	1.60.1.69913	1.60.1.70170
18163	1.60.1.69913	1.60.1.70170
18164	1.60.1.69913	1.60.1.70170
18165	1.60.1.69913	1.60.1.70170
18166	1.60.1.69913	1.60.1.70170
18167	1.60.1.69913	1.60.1.70170
18168	1.60.1.69913	1.60.1.70170
18169	1.60.1.69913	1.60.1.70170
18170	1.60.1.69913	1.60.1.70170
18171	1.60.1.69913	1.60.1.70170
18172	1.60.1.69913	1.60.1.70170
18173	1.60.1.69913	1.60.1.70170
18182	1.60.1.69913	1.60.1.70170
18206	1.60.1.69913	1.60.1.70170
18207	1.60.1.69913	1.60.1.70170
18209	1.60.1.69913	1.60.1.70170
18222	1.60.1.69913	1.60.1.70170
18223	1.60.1.69913	1.60.1.70170
18224	1.60.1.69913	1.60.1.70170
18225	1.60.1.69913	1.60.1.70170
18226	1.60.1.69913	1.60.1.70170
18227	1.60.1.69913	1.60.1.70170
18228	1.60.1.69913	1.60.1.70170
18229	1.60.1.69913	1.60.1.70170
18230	1.60.1.69913	1.60.1.70170
18232	1.60.1.69913	1.60.1.70170
18233	1.60.1.69913	1.60.1.70170
18234	1.60.1.69913	1.60.1.70170
18235	1.60.1.69913	1.60.1.70170
18236	1.60.1.69913	1.60.1.70170
18237	1.60.1.69913	1.60.1.70170
18238	1.60.1.69913	1.60.1.70170
18239	1.60.1.69913	1.60.1.70170
18240	1.60.1.69913	1.60.1.70170
18241	1.60.1.69913	1.60.1.70170
18242	1.60.1.69913	1.60.1.70170
18243	1.60.1.69913	1.60.1.70170
18244	1.60.1.69913	1.60.1.70170
18245	1.60.1.69913	1.60.1.70170
18246	1.60.1.69913	1.60.1.70170
18247	1.60.1.69913	1.60.1.70170
18248	1.60.1.69913	1.60.1.70170
18249	1.60.1.69913	1.60.1.70170
18250	1.60.1.69913	1.60.1.70170
18251	1.60.1.69913	1.60.1.70170
18252	1.60.1.69913	1.60.1.70170
18253	1.60.1.69913	1.60.1.70170
18254	1.60.1.69913	1.60.1.70170
18255	1.60.1.69913	1.60.1.70170
18256	1.60.1.69913	1.60.1.70170
18257	1.60.1.69913	1.60.1.70170
18258	1.60.1.69913	1.60.1.70170
18259	1.60.1.69913	1.60.1.70170
18260	1.60.1.69913	1.60.1.70170
18261	1.60.1.69913	1.60.1.70170
18262	1.60.1.69913	1.60.1.70170
18263	1.60.1.69913	1.60.1.70170
18264	1.60.1.69913	1.60.1.70170
18265	1.60.1.69913	1.60.1.70170
18266	1.60.1.69913	1.60.1.70170
18267	1.60.1.69913	1.60.1.70170
18268	1.60.1.69913	1.60.1.70170
18269	1.60.1.69913	1.60.1.70170
18282	1.60.1.69913	1.60.1.70170
18283	1.60.1.69913	1.60.1.70170
18284	1.60.1.69913	1.60.1.70170
18285	1.60.1.69913	1.60.1.70170
18286	1.60.1.69913	1.60.1.70170
18287	1.60.1.69913	1.60.1.70170
18288	1.60.1.69913	1.60.1.70170
18290	1.60.1.69913	1.60.1.70170
18291	1.60.1.69913	1.60.1.70170
18292	1.60.1.69913	1.60.1.70170
18293	1.60.1.69913	1.60.1.70170
18294	1.60.1.69913	1.60.1.70170
18297	1.60.1.69913	1.60.1.70170
18299	1.60.1.69913	1.60.1.70170
18300	1.60.1.69913	1.60.1.70170
18329	1.60.1.69913	1.60.1.70170
18330	1.60.1.69913	1.60.1.70170
18331	1.60.1.69913	1.60.1.70170
18332	1.60.1.69913	1.60.1.70170
18333	1.60.1.69913	1.60.1.70170
18334	1.60.1.69913	1.60.1.70170
18335	1.60.1.69913	1.60.1.70170
18336	1.60.1.69913	1.60.1.70170
18355	1.60.1.69913	1.60.1.70170
18356	1.60.1.69913	1.60.1.70170
18357	1.60.1.69913	1.60.1.70170
18358	1.60.1.69913	1.60.1.70170
18359	1.60.1.69913	1.60.1.70170
18360	1.60.1.69913	1.60.1.70170
18361	1.60.1.69913	1.60.1.70170
18362	1.60.1.69913	1.60.1.70170
18363	1.60.1.69913	1.60.1.70170
18364	1.60.1.69913	1.60.1.70170
18365	1.60.1.69913	1.60.1.70170
18398	1.60.1.69913	1.60.1.70170
18399	1.60.1.69913	1.60.1.70170
18400	1.60.1.69913	1.60.1.70170
18401	1.60.1.69913	1.60.1.70170
18402	1.60.1.69913	1.60.1.70170
18403	1.60.1.69913	1.60.1.70170
18404	1.60.1.69913	1.60.1.70170
18405	1.60.1.69913	1.60.1.70170
18406	1.60.1.69913	1.60.1.70170
18407	1.60.1.69913	1.60.1.70170
18408	1.60.1.69913	1.60.1.70170
18409	1.60.1.69913	1.60.1.70170
18412	1.60.1.69913	1.60.1.70170
18413	1.60.1.69913	1.60.1.70170
18414	1.60.1.69913	1.60.1.70170
18415	1.60.1.69913	1.60.1.70170
18416	1.60.1.69913	1.60.1.70170
18417	1.60.1.69913	1.60.1.70170
18418	1.60.1.69913	1.60.1.70170
18419	1.60.1.69913	1.60.1.70170
18422	1.60.1.69913	1.60.1.70170
18423	1.60.1.69913	1.60.1.70170
18426	1.60.1.69913	1.60.1.70170
18427	1.60.1.69913	1.60.1.70170
18428	1.60.1.69913	1.60.1.70170
18429	1.60.1.69913	1.60.1.70170
18430	1.60.1.69913	1.60.1.70170
18432	1.60.1.69913	1.60.1.70170
18434	1.60.1.69913	1.60.1.70170
18435	1.60.1.69913	1.60.1.70170
18436	1.60.1.69913	1.60.1.70170
18437	1.60.1.69913	1.60.1.70170
18440	1.60.1.69913	1.60.1.70170
18441	1.60.1.69913	1.60.1.70170
18442	1.60.1.69913	1.60.1.70170
18443	1.60.1.69913	1.60.1.70170
18444	1.60.1.69913	1.60.1.70170
18445	1.60.1.69913	1.60.1.70170
18447	1.60.1.69913	1.60.1.70170
18448	1.60.1.69913	1.60.1.70170
18449	1.60.1.69913	1.60.1.70170
18452	1.60.1.69913	1.60.1.70170
18453	1.60.1.69913	1.60.1.70170
18454	1.60.1.69913	1.60.1.70170
18455	1.60.1.69913	1.60.1.70170
18456	1.60.1.69913	1.60.1.70170
18457	1.60.1.69913	1.60.1.70170
18461	1.60.1.69913	1.60.1.70170
18486	1.60.1.69913	1.60.1.70170
18487	1.60.1.69913	1.60.1.70170
18488	1.60.1.69913	1.60.1.70170
18489	1.60.1.69913	1.60.1.70170
18492	1.60.1.69913	1.60.1.70170
18501	1.60.1.69913	1.60.1.70170
18504	1.60.1.69913	1.60.1.70170
18506	1.60.1.69913	1.60.1.70170
18508	1.60.1.69913	1.60.1.70170
18509	1.60.1.69913	1.60.1.70170
18510	1.60.1.69913	1.60.1.70170
18511	1.60.1.69913	1.60.1.70170
18512	1.60.1.69913	1.60.1.70170
18513	1.60.1.69913	1.60.1.70170
18514	1.60.1.69913	1.60.1.70170
18515	1.60.1.69913	1.60.1.70170
18516	1.60.1.69913	1.60.1.70170
18517	1.60.1.69913	1.60.1.70170
18518	1.60.1.69913	1.60.1.70170
18519	1.60.1.69913	1.60.1.70170
18539	1.60.1.69913	1.60.1.70170
18540	1.60.1.69913	1.60.1.70170
18543	1.60.1.69913	1.60.1.70170
18562	1.60.1.69913	1.60.1.70170
18563	1.60.1.69913	1.60.1.70170
18564	1.60.1.69913	1.60.1.70170
18565	1.60.1.69913	1.60.1.70170
18566	1.60.1.69913	1.60.1.70170
18567	1.60.1.69913	1.60.1.70170
18582	1.60.1.69913	1.60.1.70170
18583	1.60.1.69913	1.60.1.70170
18584	1.60.1.69913	1.60.1.70170
18585	1.60.1.69913	1.60.1.70170
18586	1.60.1.69913	1.60.1.70170
18587	1.60.1.69913	1.60.1.70170
18588	1.60.1.69913	1.60.1.70170
18589	1.60.1.69913	1.60.1.70170
18590	1.60.1.69913	1.60.1.70170
18591	1.60.1.69913	1.60.1.70170
18592	1.60.1.69913	1.60.1.70170
18593	1.60.1.69913	1.60.1.70170
18594	1.60.1.69913	1.60.1.70170
18595	1.60.1.69913	1.60.1.70170
18596	1.60.1.69913	1.60.1.70170
18597	1.60.1.69913	1.60.1.70170
18598	1.60.1.69913	1.60.1.70170
18600	1.60.1.69913	1.60.1.70170
18601	1.60.1.69913	1.60.1.70170
18602	1.60.1.69913	1.60.1.70170
18603	1.60.1.69913	1.60.1.70170
18604	1.60.1.69913	1.60.1.70170
18605	1.60.1.69913	1.60.1.70170
18606	1.60.1.69913	1.60.1.70170
18607	1.60.1.69913	1.60.1.70170
18608	1.60.1.69913	1.60.1.70170
18609	1.60.1.69913	1.60.1.70170
18610	1.60.1.69913	1.60.1.70170
18611	1.60.1.69913	1.60.1.70170
18612	1.60.1.69913	1.60.1.70170
18622	1.60.1.69913	1.60.1.70170
18623	1.60.1.69913	1.60.1.70170
18624	1.60.1.69913	1.60.1.70170
18625	1.60.1.69913	1.60.1.70170
18626	1.60.1.69913	1.60.1.70170
18627	1.60.1.69913	1.60.1.70170
18628	1.60.1.69913	1.60.1.70170
18629	1.60.1.69913	1.60.1.70170
18630	1.60.1.69913	1.60.1.70170
18631	1.60.1.69913	1.60.1.70170
18632	1.60.1.69913	1.60.1.70170
18633	1.60.1.69913	1.60.1.70170
18634	1.60.1.69913	1.60.1.70170
18635	1.60.1.69913	1.60.1.70170
18636	1.60.1.69913	1.60.1.70170
18637	1.60.1.69913	1.60.1.70170
18638	1.60.1.69913	1.60.1.70170
18639	1.60.1.69913	1.60.1.70170
18640	1.60.1.69913	1.60.1.70170
18641	1.60.1.69913	1.60.1.70170
18642	1.60.1.69913	1.60.1.70170
18643	1.60.1.69913	1.60.1.70170
18644	1.60.1.69913	1.60.1.70170
18645	1.60.1.69913	1.60.1.70170
18646	1.60.1.69913	1.60.1.70170
18647	1.60.1.69913	1.60.1.70170
18648	1.60.1.69913	1.60.1.70170
18649	1.60.1.69913	1.60.1.70170
18650	1.60.1.69913	1.60.1.70170
18651	1.60.1.69913	1.60.1.70170
18652	1.60.1.69913	1.60.1.70170
18653	1.60.1.69913	1.60.1.70170
18654	1.60.1.69913	1.60.1.70170
18655	1.60.1.69913	1.60.1.70170
18656	1.60.1.69913	1.60.1.70170
18657	1.60.1.69913	1.60.1.70170
18658	1.60.1.69913	1.60.1.70170
18659	1.60.1.69913	1.60.1.70170
18660	1.60.1.69913	1.60.1.70170
18661	1.60.1.69913	1.60.1.70170
18662	1.60.1.69913	1.60.1.70170
18663	1.60.1.69913	1.60.1.70170
18664	1.60.1.69913	1.60.1.70170
18665	1.60.1.69913	1.60.1.70170
18670	1.60.1.69913	1.60.1.70170
18674	1.60.1.69913	1.60.1.69913
18675	1.60.1.69913	1.60.1.70170
18678	1.60.1.69913	1.60.1.69913
18679	1.60.1.69913	1.60.1.70170
18685	1.60.1.69913	1.60.1.70170
18687	1.60.1.69913	1.60.1.70170
18688	1.60.1.69913	1.60.1.70170
18703	1.60.1.69913	1.60.1.70170
18704	1.60.1.69913	1.60.1.70170
18705	1.60.1.69913	1.60.1.70170
18706	1.60.1.69913	1.60.1.70170
18707	1.60.1.69913	1.60.1.70170
18708	1.60.1.69913	1.60.1.70170
18709	1.60.1.69913	1.60.1.70170
18710	1.60.1.69913	1.60.1.70170
18711	1.60.1.69913	1.60.1.70170
18712	1.60.1.69913	1.60.1.70170
18713	1.60.1.69913	1.60.1.70170
18714	1.60.1.69913	1.60.1.70170
18715	1.60.1.69913	1.60.1.70170
18719	1.60.1.69913	1.60.1.70170
18724	1.60.1.69913	1.60.1.70170
18731	1.60.1.69913	1.60.1.70170
18746	1.60.1.69913	1.60.1.70170
18747	1.60.1.69913	1.60.1.70170
18749	1.60.1.69913	1.60.1.70170
18752	1.60.1.69913	1.60.1.70170
18753	1.60.1.69913	1.60.1.70170
18760	1.60.1.69913	1.60.1.70170
18762	1.60.1.69913	1.60.1.70170
18763	1.60.1.69913	1.60.1.70170
18764	1.60.1.69913	1.60.1.70170
18765	1.60.1.69913	1.60.1.70170
18766	1.60.1.69913	1.60.1.70170
18767	1.60.1.69913	1.60.1.70170
18768	1.60.1.69913	1.60.1.70170
18769	1.60.1.69913	1.60.1.70170
18770	1.60.1.69913	1.60.1.70170
18771	1.60.1.69913	1.60.1.70170
18772	1.60.1.69913	1.60.1.70170
18773	1.60.1.69913	1.60.1.70170
18774	1.60.1.69913	1.60.1.70170
18775	1.60.1.69913	1.60.1.70170
18776	1.60.1.69913	1.60.1.70170
18777	1.60.1.69913	1.60.1.70170
18778	1.60.1.69913	1.60.1.70170
18779	1.60.1.69913	1.60.1.70170
18780	1.60.1.69913	1.60.1.70170
18781	1.60.1.69913	1.60.1.70170
18782	1.60.1.69913	1.60.1.70170
18783	1.60.1.69913	1.60.1.70170
18784	1.60.1.69913	1.60.1.70170
18785	1.60.1.69913	1.60.1.70170
18786	1.60.1.69913	1.60.1.70170
18787	1.60.1.69913	1.60.1.70170
18788	1.60.1.69913	1.60.1.70170
18789	1.60.1.69913	1.60.1.70170
18790	1.60.1.69913	1.60.1.70170
18791	1.60.1.69913	1.60.1.70170
18792	1.60.1.69913	1.60.1.70170
18793	1.60.1.69913	1.60.1.70170
18794	1.60.1.69913	1.60.1.70170
18795	1.60.1.69913	1.60.1.70170
18796	1.60.1.69913	1.60.1.70170
18797	1.60.1.69913	1.60.1.70170
18798	1.60.1.69913	1.60.1.70170
18799	1.60.1.69913	1.60.1.70170
18800	1.60.1.69913	1.60.1.70170
18801	1.60.1.69913	1.60.1.70170
18802	1.60.1.69913	1.60.1.70170
18804	1.60.1.69913	1.60.1.70170
18807	1.60.1.69913	1.60.1.70170
18814	1.60.1.69913	1.60.1.70170
18815	1.60.1.69913	1.60.1.70170
18818	1.60.1.69913	1.60.1.70170
18819	1.60.1.69913	1.60.1.70170
18820	1.60.1.69913	1.60.1.70170
18821	1.60.1.69913	1.60.1.70170
18825	1.60.1.69913	1.60.1.70170
18826	1.60.1.69913	1.60.1.70170
18827	1.60.1.69913	1.60.1.70170
18828	1.60.1.69913	1.60.1.70170
18830	1.60.1.69913	1.60.1.70170
18831	1.60.1.69913	1.60.1.70170
18833	1.60.1.69913	1.60.1.70170
18834	1.60.1.69913	1.60.1.70170
18835	1.60.1.69913	1.60.1.70170
18836	1.60.1.69913	1.60.1.70170
18837	1.60.1.69913	1.60.1.70170
18838	1.60.1.69913	1.60.1.70170
18839	1.60.1.69913	1.60.1.70170
18840	1.60.1.69913	1.60.1.70170
18841	1.60.1.69913	1.60.1.70170
18843	1.60.1.69913	1.60.1.70170
18844	1.60.1.69913	1.60.1.70170
18845	1.60.1.69913	1.60.1.70170
18846	1.60.1.69913	1.60.1.70170
18847	1.60.1.69913	1.60.1.70170
18848	1.60.1.69913	1.60.1.70170
18849	1.60.1.69913	1.60.1.70170
18850	1.60.1.69913	1.60.1.70170
18851	1.60.1.69913	1.60.1.70170
18852	1.60.1.69913	1.60.1.70170
18853	1.60.1.69913	1.60.1.70170
18854	1.60.1.69913	1.60.1.70170
18855	1.60.1.69913	1.60.1.70170
18856	1.60.1.69913	1.60.1.70170
18857	1.60.1.69913	1.60.1.70170
18858	1.60.1.69913	1.60.1.70170
18859	1.60.1.69913	1.60.1.70170
18860	1.60.1.69913	1.60.1.70170
18862	1.60.1.69913	1.60.1.70170
18863	1.60.1.69913	1.60.1.70170
18864	1.60.1.69913	1.60.1.70170
18865	1.60.1.69913	1.60.1.70170
18866	1.60.1.69913	1.60.1.70170
18867	1.60.1.69913	1.60.1.70170
18868	1.60.1.69913	1.60.1.70170
18869	1.60.1.69913	1.60.1.70170
18871	1.60.1.69913	1.60.1.70170
18873	1.60.1.69913	1.60.1.70170
18874	1.60.1.69913	1.60.1.70170
18876	1.60.1.69913	1.60.1.70170
18877	1.60.1.69913	1.60.1.70170
18879	1.60.1.69913	1.60.1.70170
18880	1.60.1.69913	1.60.1.70170
18881	1.60.1.69913	1.60.1.70170
18882	1.60.1.69913	1.60.1.70170
18902	1.60.1.69913	1.60.1.70170
18904	1.60.1.69913	1.60.1.70170
18922	1.60.1.69913	1.60.1.70170
18942	1.60.1.69913	1.60.1.70170
18943	1.60.1.69913	1.60.1.70170
18944	1.60.1.69913	1.60.1.70170
18945	1.60.1.69913	1.60.1.70170
18946	1.60.1.69913	1.60.1.70170
18947	1.60.1.69913	1.60.1.70170
18948	1.60.1.69913	1.60.1.70170
18949	1.60.1.69913	1.60.1.70170
18950	1.60.1.69913	1.60.1.70170
18951	1.60.1.69913	1.60.1.70170
18952	1.60.1.69913	1.60.1.70170
18953	1.60.1.69913	1.60.1.70170
18954	1.60.1.69913	1.60.1.70170
18955	1.60.1.69913	1.60.1.70170
18956	1.60.1.69913	1.60.1.70170
18957	1.60.1.69913	1.60.1.70170
18958	1.60.1.69913	1.60.1.70170
18959	1.60.1.69913	1.60.1.70170
18960	1.60.1.69913	1.60.1.70170
18961	1.60.1.69913	1.60.1.70170
18962	1.60.1.69913	1.60.1.70170
18963	1.60.1.69913	1.60.1.70170
18964	1.60.1.69913	1.60.1.70170
18965	1.60.1.69913	1.60.1.70170
18966	1.60.1.69913	1.60.1.70170
18967	1.60.1.69913	1.60.1.70170
18968	1.60.1.69913	1.60.1.70170
18969	1.60.1.69913	1.60.1.70170
18970	1.60.1.69913	1.60.1.70170
18971	1.60.1.69913	1.60.1.70170
18972	1.60.1.69913	1.60.1.70170
18982	1.60.1.69913	1.60.1.70170
18983	1.60.1.69913	1.60.1.70170
18984	1.60.1.69913	1.60.1.70170
18985	1.60.1.69913	1.60.1.70170
18986	1.60.1.69913	1.60.1.70170
18987	1.60.1.69913	1.60.1.70170
19002	1.60.1.69913	1.60.1.70170
19003	1.60.1.69913	1.60.1.70170
19004	1.60.1.69913	1.60.1.70170
19005	1.60.1.69913	1.60.1.70170
19006	1.60.1.69913	1.60.1.70170
19007	1.60.1.69913	1.60.1.70170
19008	1.60.1.69913	1.60.1.70170
19009	1.60.1.69913	1.60.1.70170
19010	1.60.1.69913	1.60.1.70170
19011	1.60.1.69913	1.60.1.70170
19012	1.60.1.69913	1.60.1.70170
19013	1.60.1.69913	1.60.1.70170
19014	1.60.1.69913	1.60.1.70170
19015	1.60.1.69913	1.60.1.70170
19016	1.60.1.69913	1.60.1.70170
19017	1.60.1.69913	1.60.1.70170
19018	1.60.1.69913	1.60.1.70170
19019	1.60.1.69913	1.60.1.70170
19020	1.60.1.69913	1.60.1.70170
19022	1.60.1.69913	1.60.1.70170
19023	1.60.1.69913	1.60.1.70170
19024	1.60.1.69913	1.60.1.70170
19025	1.60.1.69913	1.60.1.70170
19026	1.60.1.69913	1.60.1.70170
19027	1.60.1.69913	1.60.1.70170
19029	1.60.1.69913	1.60.1.70170
19030	1.60.1.69913	1.60.1.70170
19031	1.60.1.69913	1.60.1.70170
19032	1.60.1.69913	1.60.1.70170
19033	1.60.1.69913	1.60.1.70170
19034	1.60.1.69913	1.60.1.70170
19035	1.60.1.69913	1.60.1.70170
19036	1.60.1.69913	1.60.1.70170
19037	1.60.1.69913	1.60.1.70170
19038	1.60.1.69913	1.60.1.70170
19039	1.60.1.69913	1.60.1.70170
19040	1.60.1.69913	1.60.1.70170
19041	1.60.1.69913	1.60.1.70170
19042	1.60.1.69913	1.60.1.70170
19043	1.60.1.69913	1.60.1.70170
19044	1.60.1.69913	1.60.1.70170
19045	1.60.1.69913	1.60.1.70170
19046	1.60.1.69913	1.60.1.70170
19047	1.60.1.69913	1.60.1.70170
19048	1.60.1.69913	1.60.1.70170
19049	1.60.1.69913	1.60.1.70170
19050	1.60.1.69913	1.60.1.70170
19051	1.60.1.69913	1.60.1.70170
19052	1.60.1.69913	1.60.1.70170
19053	1.60.1.69913	1.60.1.70170
19054	1.60.1.69913	1.60.1.70170
19055	1.60.1.69913	1.60.1.70170
19056	1.60.1.69913	1.60.1.70170
19057	1.60.1.69913	1.60.1.70170
19058	1.60.1.69913	1.60.1.70170
19059	1.60.1.69913	1.60.1.70170
19060	1.60.1.69913	1.60.1.70170
19061	1.60.1.69913	1.60.1.70170
19062	1.60.1.69913	1.60.1.70170
19064	1.60.1.69913	1.60.1.70170
19065	1.60.1.69913	1.60.1.70170
19066	1.60.1.69913	1.60.1.70170
19067	1.60.1.69913	1.60.1.70170
19068	1.60.1.69913	1.60.1.70170
19069	1.60.1.69913	1.60.1.70170
19070	1.60.1.69913	1.60.1.70170
19071	1.60.1.69913	1.60.1.70170
19082	1.60.1.69913	1.60.1.70170
19083	1.60.1.69913	1.60.1.70170
19084	1.60.1.69913	1.60.1.70170
19085	1.60.1.69913	1.60.1.70170
19086	1.60.1.69913	1.60.1.70170
19087	1.60.1.69913	1.60.1.70170
19088	1.60.1.69913	1.60.1.70170
19089	1.60.1.69913	1.60.1.70170
19090	1.60.1.69913	1.60.1.70170
19091	1.60.1.69913	1.60.1.70170
19092	1.60.1.69913	1.60.1.70170
19093	1.60.1.69913	1.60.1.70170
19094	1.60.1.69913	1.60.1.70170
19095	1.60.1.69913	1.60.1.70170
19096	1.60.1.69913	1.60.1.70170
19097	1.60.1.69913	1.60.1.70170
19098	1.60.1.69913	1.60.1.70170
19099	1.60.1.69913	1.60.1.70170
19100	1.60.1.69913	1.60.1.70170
19101	1.60.1.69913	1.60.1.70170
19102	1.60.1.69913	1.60.1.70170
19103	1.60.1.69913	1.60.1.70170
19104	1.60.1.69913	1.60.1.70170
19106	1.60.1.69913	1.60.1.70170
19107	1.60.1.69913	1.60.1.70170
19108	1.60.1.69913	1.60.1.70170
19109	1.60.1.69913	1.60.1.70170
19114	1.60.1.69913	1.60.1.70170
19115	1.60.1.69913	1.60.1.70170
19116	1.60.1.69913	1.60.1.70170
19117	1.60.1.69913	1.60.1.70170
19118	1.60.1.69913	1.60.1.70170
19119	1.60.1.69913	1.60.1.70170
19120	1.60.1.69913	1.60.1.70170
19121	1.60.1.69913	1.60.1.70170
19122	1.60.1.69913	1.60.1.70170
19123	1.60.1.69913	1.60.1.70170
19124	1.60.1.69913	1.60.1.70170
19125	1.60.1.69913	1.60.1.70170
19126	1.60.1.69913	1.60.1.70170
19127	1.60.1.69913	1.60.1.70170
19128	1.60.1.69913	1.60.1.70170
19129	1.60.1.69913	1.60.1.70170
19138	1.60.1.69913	1.60.1.70170
19140	1.60.1.69913	1.60.1.70170
19141	1.60.1.69913	1.60.1.70170
19147	1.60.1.69913	1.60.1.70170
19148	1.60.1.69913	1.60.1.70170
19149	1.60.1.69913	1.60.1.70170
19150	1.60.1.69913	1.60.1.70170
19151	1.60.1.69913	1.60.1.70170
19152	1.60.1.69913	1.60.1.70170
19153	1.60.1.69913	1.60.1.70170
19154	1.60.1.69913	1.60.1.70170
19155	1.60.1.69913	1.60.1.70170
19156	1.60.1.69913	1.60.1.70170
19157	1.60.1.69913	1.60.1.70170
19158	1.60.1.69913	1.60.1.70170
19159	1.60.1.69913	1.60.1.70170
19160	1.60.1.69913	1.60.1.70170
19162	1.60.1.69913	1.60.1.70170
19163	1.60.1.69913	1.60.1.70170
19164	1.60.1.69913	1.60.1.70170
19165	1.60.1.69913	1.60.1.70170
19166	1.60.1.69913	1.60.1.70170
19167	1.60.1.69913	1.60.1.70170
19168	1.60.1.69913	1.60.1.70170
19169	1.60.1.69913	1.60.1.70170
19170	1.60.1.69913	1.60.1.70170
19183	1.60.1.69913	1.60.1.70170
19184	1.60.1.69913	1.60.1.70170
19185	1.60.1.69913	1.60.1.70170
19186	1.60.1.69913	1.60.1.70170
19187	1.60.1.69913	1.60.1.70170
19188	1.60.1.69913	1.60.1.70170
19189	1.60.1.69913	1.60.1.70170
19190	1.60.1.69913	1.60.1.70170
19191	1.60.1.69913	1.60.1.70170
19192	1.60.1.69913	1.60.1.70170
19193	1.60.1.69913	1.60.1.70170
19194	1.60.1.69913	1.60.1.70170
19195	1.60.1.69913	1.60.1.70170
19196	1.60.1.69913	1.60.1.70170
19197	1.60.1.69913	1.60.1.70170
19198	1.60.1.69913	1.60.1.70170
19199	1.60.1.69913	1.60.1.70170
19200	1.60.1.69913	1.60.1.70170
19201	1.60.1.69913	1.60.1.70170
19202	1.60.1.69913	1.60.1.70170
19203	1.60.1.69913	1.60.1.70170
19204	1.60.1.69913	1.60.1.70170
19205	1.60.1.69913	1.60.1.70170
19206	1.60.1.69913	1.60.1.70170
19207	1.60.1.69913	1.60.1.70170
19208	1.60.1.69913	1.60.1.70170
19209	1.60.1.69913	1.60.1.70170
19210	1.60.1.69913	1.60.1.70170
19211	1.60.1.69913	1.60.1.70170
19212	1.60.1.69913	1.60.1.70170
19213	1.60.1.69913	1.60.1.70170
19214	1.60.1.69913	1.60.1.70170
19215	1.60.1.69913	1.60.1.70170
19216	1.60.1.69913	1.60.1.70170
19217	1.60.1.69913	1.60.1.70170
19218	1.60.1.69913	1.60.1.70170
19219	1.60.1.69913	1.60.1.70170
19220	1.60.1.69913	1.60.1.70170
19221	1.60.1.69913	1.60.1.70170
19222	1.60.1.69913	1.60.1.70170
19223	1.60.1.69913	1.60.1.70170
19224	1.60.1.69913	1.60.1.70170
19225	1.60.1.69913	1.60.1.70170
19226	1.60.1.69913	1.60.1.70170
19227	1.60.1.69913	1.60.1.70170
19228	1.60.1.69913	1.60.1.70170
19229	1.60.1.69913	1.60.1.70170
19230	1.60.1.69913	1.60.1.70170
19231	1.60.1.69913	1.60.1.70170
19232	1.60.1.69913	1.60.1.70170
19233	1.60.1.69913	1.60.1.70170
19234	1.60.1.69913	1.60.1.70170
19235	1.60.1.69913	1.60.1.70170
19236	1.60.1.69913	1.60.1.70170
19237	1.60.1.69913	1.60.1.70170
19238	1.60.1.69913	1.60.1.70170
19239	1.60.1.69913	1.60.1.70170
19240	1.60.1.69913	1.60.1.70170
19241	1.60.1.69913	1.60.1.70170
19242	1.60.1.69913	1.60.1.70170
19243	1.60.1.69913	1.60.1.70170
19244	1.60.1.69913	1.60.1.70170
19245	1.60.1.69913	1.60.1.70170
19246	1.60.1.69913	1.60.1.70170
19247	1.60.1.69913	1.60.1.70170
19248	1.60.1.69913	1.60.1.70170
19249	1.60.1.69913	1.60.1.70170
19250	1.60.1.69913	1.60.1.70170
19251	1.60.1.69913	1.60.1.70170
19252	1.60.1.69913	1.60.1.70170
19253	1.60.1.69913	1.60.1.70170
19254	1.60.1.69913	1.60.1.70170
19255	1.60.1.69913	1.60.1.70170
19256	1.60.1.69913	1.60.1.70170
19257	1.60.1.69913	1.60.1.70170
19258	1.60.1.69913	1.60.1.70170
19259	1.60.1.69913	1.60.1.70170
19260	1.60.1.69913	1.60.1.70170
19261	1.60.1.69913	1.60.1.70170
19262	1.60.1.69913	1.60.1.70170
19263	1.60.1.69913	1.60.1.70170
19264	1.60.1.69913	1.60.1.70170
19265	1.60.1.69913	1.60.1.70170
19266	1.60.1.69913	1.60.1.70170
19267	1.60.1.69913	1.60.1.70170
19268	1.60.1.69913	1.60.1.70170
19269	1.60.1.69913	1.60.1.70170
19270	1.60.1.69913	1.60.1.70170
19271	1.60.1.69913	1.60.1.70170
19272	1.60.1.69913	1.60.1.70170
19273	1.60.1.69913	1.60.1.70170
19274	1.60.1.69913	1.60.1.70170
19275	1.60.1.69913	1.60.1.70170
19276	1.60.1.69913	1.60.1.70170
19277	1.60.1.69913	1.60.1.70170
19278	1.60.1.69913	1.60.1.70170
19279	1.60.1.69913	1.60.1.70170
19280	1.60.1.69913	1.60.1.70170
19281	1.60.1.69913	1.60.1.70170
19282	1.60.1.69913	1.60.1.70170
19283	1.60.1.69913	1.60.1.70170
19284	1.60.1.69913	1.60.1.70170
19286	1.60.1.69913	1.60.1.70170
19287	1.60.1.69913	1.60.1.70170
19288	1.60.1.69913	1.60.1.70170
19289	1.60.1.69913	1.60.1.70170
19290	1.60.1.69913	1.60.1.70170
19291	1.60.1.69913	1.60.1.70170
19292	1.60.1.69913	1.60.1.70170
19293	1.60.1.69913	1.60.1.70170
19295	1.60.1.69913	1.60.1.70170
19296	1.60.1.69913	1.60.1.70170
19297	1.60.1.69913	1.60.1.70170
19298	1.60.1.69913	1.60.1.70170
19299	1.60.1.69913	1.60.1.70170
19300	1.60.1.69913	1.60.1.70170
19301	1.60.1.69913	1.60.1.70170
19302	1.60.1.69913	1.60.1.70170
19303	1.60.1.69913	1.60.1.70170
19304	1.60.1.69913	1.60.1.70170
19305	1.60.1.69913	1.60.1.70170
19306	1.60.1.69913	1.60.1.70170
19307	1.60.1.69913	1.60.1.70170
19308	1.60.1.69913	1.60.1.70170
19309	1.60.1.69913	1.60.1.70170
19310	1.60.1.69913	1.60.1.70170
19311	1.60.1.69913	1.60.1.70170
19312	1.60.1.69913	1.60.1.70170
19313	1.60.1.69913	1.60.1.70170
19314	1.60.1.69913	1.60.1.70170
19315	1.60.1.69913	1.60.1.70170
19316	1.60.1.69913	1.60.1.70170
19317	1.60.1.69913	1.60.1.70170
19318	1.60.1.69913	1.60.1.70170
19319	1.60.1.69913	1.60.1.70170
19320	1.60.1.69913	1.60.1.70170
19321	1.60.1.69913	1.60.1.70170
19322	1.60.1.69913	1.60.1.70170
19323	1.60.1.69913	1.60.1.70170
19324	1.60.1.69913	1.60.1.70170
19325	1.60.1.69913	1.60.1.70170
19326	1.60.1.69913	1.60.1.70170
19327	1.60.1.69913	1.60.1.70170
19328	1.60.1.69913	1.60.1.70170
19329	1.60.1.69913	1.60.1.70170
19330	1.60.1.69913	1.60.1.70170
19331	1.60.1.69913	1.60.1.70170
19332	1.60.1.69913	1.60.1.70170
19333	1.60.1.69913	1.60.1.70170
19336	1.60.1.69913	1.60.1.70170
19337	1.60.1.69913	1.60.1.70170
19338	1.60.1.69913	1.60.1.70170
19339	1.60.1.69913	1.60.1.70170
19340	1.60.1.69913	1.60.1.70170
19341	1.60.1.69913	1.60.1.70170
19342	1.60.1.69913	1.60.1.70170
19343	1.60.1.69913	1.60.1.70170
19344	1.60.1.69913	1.60.1.70170
19345	1.60.1.69913	1.60.1.70170
19366	1.60.1.69913	1.60.1.70170
19371	1.60.1.69913	1.60.1.70170
19376	1.60.1.69913	1.60.1.70170
19377	1.60.1.69913	1.60.1.70170
19379	1.60.1.69913	1.60.1.70170
19382	1.60.1.69913	1.60.1.70170
19383	1.60.1.69913	1.60.1.70170
19384	1.60.1.69913	1.60.1.70170
19392	1.60.1.69913	1.60.1.70170
19395	1.60.1.69913	1.60.1.70170
19397	1.60.1.69913	1.60.1.70170
19403	1.60.1.69913	1.60.1.70170
19404	1.60.1.69913	1.60.1.70170
19406	1.60.1.69913	1.60.1.70170
19422	1.60.1.69913	1.60.1.70170
19423	1.60.1.69913	1.60.1.70170
19424	1.60.1.69913	1.60.1.70170
19425	1.60.1.69913	1.60.1.70170
19426	1.60.1.69913	1.60.1.70170
19427	1.60.1.69913	1.60.1.70170
19428	1.60.1.69913	1.60.1.70170
19431	1.60.1.69913	1.60.1.70170
19432	1.60.1.69913	1.60.1.70170
19434	1.60.1.69913	1.60.1.70170
19440	1.60.1.69913	1.60.1.70170
19441	1.60.1.69913	1.60.1.70170
19442	1.60.1.69913	1.60.1.70170
19443	1.60.1.69913	1.60.1.70170
19444	1.60.1.69913	1.60.1.70170
19445	1.60.1.69913	1.60.1.70170
19446	1.60.1.69913	1.60.1.70170
19447	1.60.1.69913	1.60.1.70170
19448	1.60.1.69913	1.60.1.70170
19449	1.60.1.69913	1.60.1.70170
19450	1.60.1.69913	1.60.1.70170
19451	1.60.1.69913	1.60.1.70170
19452	1.60.1.69913	1.60.1.70170
19453	1.60.1.69913	1.60.1.70170
19454	1.60.1.69913	1.60.1.70170
19455	1.60.1.69913	1.60.1.70170
19456	1.60.1.69913	1.60.1.70170
19457	1.60.1.69913	1.60.1.70170
19462	1.60.1.69913	1.60.1.70170
19482	1.60.1.69913	1.60.1.70170
19483	1.60.1.69913	1.60.1.70170
19484	1.60.1.69913	1.60.1.70170
19485	1.60.1.69913	1.60.1.70170
19486	1.60.1.69913	1.60.1.70170
19487	1.60.1.69913	1.60.1.70170
19488	1.60.1.69913	1.60.1.70170
19489	1.60.1.69913	1.60.1.70170
19490	1.60.1.69913	1.60.1.70170
19491	1.60.1.69913	1.60.1.70170
19502	1.60.1.69913	1.60.1.70170
19503	1.60.1.69913	1.60.1.70170
19504	1.60.1.69913	1.60.1.70170
19505	1.60.1.69913	1.60.1.70170
19506	1.60.1.69913	1.60.1.70170
19510	1.60.1.69913	1.60.1.70170
19511	1.60.1.69913	1.60.1.70170
19512	1.60.1.69913	1.60.1.70170
19513	1.60.1.69913	1.60.1.70170
19514	1.60.1.69913	1.60.1.70170
19515	1.60.1.69913	1.60.1.70170
19516	1.60.1.69913	1.60.1.70170
19517	1.60.1.69913	1.60.1.70170
19518	1.60.1.69913	1.60.1.70170
19519	1.60.1.69913	1.60.1.70170
19520	1.60.1.69913	1.60.1.70170
19521	1.60.1.69913	1.60.1.70170
19522	1.60.1.69913	1.60.1.70170
19523	1.60.1.69913	1.60.1.70170
19524	1.60.1.69913	1.60.1.70170
19525	1.60.1.69913	1.60.1.70170
19526	1.60.1.69913	1.60.1.70170
19527	1.60.1.69913	1.60.1.70170
19528	1.60.1.69913	1.60.1.70170
19529	1.60.1.69913	1.60.1.70170
19530	1.60.1.69913	1.60.1.70170
19531	1.60.1.69913	1.60.1.70170
19532	1.60.1.69913	1.60.1.70170
19533	1.60.1.69913	1.60.1.70170
19534	1.60.1.69913	1.60.1.70170
19535	1.60.1.69913	1.60.1.70170
19536	1.60.1.69913	1.60.1.70170
19537	1.60.1.69913	1.60.1.70170
19538	1.60.1.69913	1.60.1.70170
19539	1.60.1.69913	1.60.1.70170
19540	1.60.1.69913	1.60.1.70170
19541	1.60.1.69913	1.60.1.70170
19542	1.60.1.69913	1.60.1.70170
19543	1.60.1.69913	1.60.1.70170
19544	1.60.1.69913	1.60.1.70170
19545	1.60.1.69913	1.60.1.70170
19546	1.60.1.69913	1.60.1.70170
19547	1.60.1.69913	1.60.1.70170
19548	1.60.1.69913	1.60.1.70170
19549	1.60.1.69913	1.60.1.70170
19550	1.60.1.69913	1.60.1.70170
19551	1.60.1.69913	1.60.1.70170
19552	1.60.1.69913	1.60.1.70170
19553	1.60.1.69913	1.60.1.70170
19554	1.60.1.69913	1.60.1.70170
19555	1.60.1.69913	1.60.1.70170
19556	1.60.1.69913	1.60.1.70170
19557	1.60.1.69913	1.60.1.70170
19558	1.60.1.69913	1.60.1.70170
19559	1.60.1.69913	1.60.1.70170
19560	1.60.1.69913	1.60.1.70170
19561	1.60.1.69913	1.60.1.70170
19562	1.60.1.69913	1.60.1.70170
19563	1.60.1.69913	1.60.1.70170
19564	1.60.1.69913	1.60.1.70170
19565	1.60.1.69913	1.60.1.70170
19566	1.60.1.69913	1.60.1.70170
19567	1.60.1.69913	1.60.1.70170
19568	1.60.1.69913	1.60.1.70170
19569	1.60.1.69913	1.60.1.70170
19570	1.60.1.69913	1.60.1.70170
19571	1.60.1.69913	1.60.1.70170
19572	1.60.1.69913	1.60.1.70170
19573	1.60.1.69913	1.60.1.70170
19574	1.60.1.69913	1.60.1.70170
19575	1.60.1.69913	1.60.1.70170
19576	1.60.1.69913	1.60.1.70170
19577	1.60.1.69913	1.60.1.70170
19578	1.60.1.69913	1.60.1.70170
19579	1.60.1.69913	1.60.1.70170
19580	1.60.1.69913	1.60.1.70170
19581	1.60.1.69913	1.60.1.70170
19582	1.60.1.69913	1.60.1.70170
19583	1.60.1.69913	1.60.1.70170
19584	1.60.1.69913	1.60.1.70170
19585	1.60.1.69913	1.60.1.70170
19586	1.60.1.69913	1.60.1.70170
19587	1.60.1.69913	1.60.1.70170
19588	1.60.1.69913	1.60.1.70170
19589	1.60.1.69913	1.60.1.70170
19590	1.60.1.69913	1.60.1.70170
19591	1.60.1.69913	1.60.1.70170
19592	1.60.1.69913	1.60.1.70170
19593	1.60.1.69913	1.60.1.70170
19594	1.60.1.69913	1.60.1.70170
19595	1.60.1.69913	1.60.1.70170
19596	1.60.1.69913	1.60.1.70170
19597	1.60.1.69913	1.60.1.70170
19598	1.60.1.69913	1.60.1.70170
19599	1.60.1.69913	1.60.1.70170
19600	1.60.1.69913	1.60.1.70170
19601	1.60.1.69913	1.60.1.70170
19602	1.60.1.69913	1.60.1.70170
19603	1.60.1.69913	1.60.1.70170
19604	1.60.1.69913	1.60.1.70170
19605	1.60.1.69913	1.60.1.70170
19606	1.60.1.69913	1.60.1.70170
19607	1.60.1.69913	1.60.1.70170
19608	1.60.1.69913	1.60.1.70170
19609	1.60.1.69913	1.60.1.70170
19610	1.60.1.69913	1.60.1.70170
19611	1.60.1.69913	1.60.1.70170
19612	1.60.1.69913	1.60.1.70170
19613	1.60.1.69913	1.60.1.70170
19614	1.60.1.69913	1.60.1.70170
19615	1.60.1.69913	1.60.1.70170
19616	1.60.1.69913	1.60.1.70170
19617	1.60.1.69913	1.60.1.70170
19618	1.60.1.69913	1.60.1.70170
19619	1.60.1.69913	1.60.1.70170
19620	1.60.1.69913	1.60.1.70170
19621	1.60.1.69913	1.60.1.70170
19622	1.60.1.69913	1.60.1.70170
19623	1.60.1.69913	1.60.1.70170
19642	1.60.1.69913	1.60.1.70170
19662	1.60.1.69913	1.60.1.70170
19682	1.60.1.69913	1.60.1.70170
19683	1.60.1.69913	1.60.1.70170
19684	1.60.1.69913	1.60.1.70170
19685	1.60.1.69913	1.60.1.70170
19686	1.60.1.69913	1.60.1.70170
19687	1.60.1.69913	1.60.1.70170
19688	1.60.1.69913	1.60.1.70170
19689	1.60.1.69913	1.60.1.70170
19690	1.60.1.69913	1.60.1.70170
19691	1.60.1.69913	1.60.1.70170
19692	1.60.1.69913	1.60.1.70170
19693	1.60.1.69913	1.60.1.70170
19694	1.60.1.69913	1.60.1.70170
19695	1.60.1.69913	1.60.1.70170
19696	1.60.1.69913	1.60.1.70170
19697	1.60.1.69913	1.60.1.70170
19698	1.60.1.69913	1.60.1.70170
19699	1.60.1.69913	1.60.1.70170
19700	1.60.1.69913	1.60.1.70170
19701	1.60.1.69913	1.60.1.70170
19702	1.60.1.69913	1.60.1.70170
19703	1.60.1.69913	1.60.1.70170
19704	1.60.1.69913	1.60.1.70170
19705	1.60.1.69913	1.60.1.70170
19706	1.60.1.69913	1.60.1.70170
19707	1.60.1.69913	1.60.1.70170
19708	1.60.1.69913	1.60.1.70170
19709	1.60.1.69913	1.60.1.70170
19710	1.60.1.69913	1.60.1.70170
19711	1.60.1.69913	1.60.1.70170
19712	1.60.1.69913	1.60.1.70170
19713	1.60.1.69913	1.60.1.70170
19714	1.60.1.69913	1.60.1.70170
19715	1.60.1.69913	1.60.1.70170
19716	1.60.1.69913	1.60.1.70170
19717	1.60.1.69913	1.60.1.70170
19718	1.60.1.69913	1.60.1.70170
19719	1.60.1.69913	1.60.1.70170
19720	1.60.1.69913	1.60.1.70170
19721	1.60.1.69913	1.60.1.70170
19722	1.60.1.69913	1.60.1.70170
19723	1.60.1.69913	1.60.1.70170
19724	1.60.1.69913	1.60.1.70170
19725	1.60.1.69913	1.60.1.70170
19726	1.60.1.69913	1.60.1.70170
19727	1.60.1.69913	1.60.1.70170
19742	1.60.1.69913	1.60.1.70170
19743	1.60.1.69913	1.60.1.70170
19762	1.60.1.69913	1.60.1.70170
19763	1.60.1.69913	1.60.1.70170
19764	1.60.1.69913	1.60.1.70170
19765	1.60.1.69913	1.60.1.70170
19766	1.60.1.69913	1.60.1.70170
19767	1.60.1.69913	1.60.1.70170
19768	1.60.1.69913	1.60.1.70170
19769	1.60.1.69913	1.60.1.70170
19770	1.60.1.69913	1.60.1.70170
19771	1.60.1.69913	1.60.1.70170
19772	1.60.1.69913	1.60.1.70170
19773	1.60.1.69913	1.60.1.70170
19774	1.60.1.69913	1.60.1.70170
19775	1.60.1.69913	1.60.1.70170
19776	1.60.1.69913	1.60.1.70170
19777	1.60.1.69913	1.60.1.70170
19778	1.60.1.69913	1.60.1.70170
19779	1.60.1.69913	1.60.1.70170
19780	1.60.1.69913	1.60.1.70170
19781	1.60.1.69913	1.60.1.70170
19782	1.60.1.69913	1.60.1.70170
19783	1.60.1.69913	1.60.1.70170
19784	1.60.1.69913	1.60.1.70170
19785	1.60.1.69913	1.60.1.70170
19786	1.60.1.69913	1.60.1.70170
19787	1.60.1.69913	1.60.1.70170
19788	1.60.1.69913	1.60.1.70170
19789	1.60.1.69913	1.60.1.70170
19790	1.60.1.69913	1.60.1.70170
19802	1.60.1.69913	1.60.1.70170
19803	1.60.1.69913	1.60.1.70170
19804	1.60.1.69913	1.60.1.70170
19805	1.60.1.69913	1.60.1.70170
19806	1.60.1.69913	1.60.1.70170
19807	1.60.1.69913	1.60.1.70170
19808	1.60.1.70009	1.60.1.70170
19809	1.60.1.69913	1.60.1.70170
19810	1.60.1.69913	1.60.1.70170
19811	1.60.1.69913	1.60.1.70170
19813	1.60.1.69913	1.60.1.70170
19814	1.60.1.69913	1.60.1.70170
19815	1.60.1.69913	1.60.1.70170
19816	1.60.1.69913	1.60.1.70170
19817	1.60.1.69913	1.60.1.70170
19818	1.60.1.69913	1.60.1.70170
19819	1.60.1.69913	1.60.1.70170
19820	1.60.1.69913	1.60.1.70170
19821	1.60.1.69913	1.60.1.70170
19822	1.60.1.69913	1.60.1.70170
19823	1.60.1.69913	1.60.1.70170
19824	1.60.1.69913	1.60.1.70170
19825	1.60.1.69913	1.60.1.70170
19826	1.60.1.69913	1.60.1.70170
19827	1.60.1.69913	1.60.1.70170
19828	1.60.1.69913	1.60.1.70170
19829	1.60.1.69913	1.60.1.70170
19830	1.60.1.69913	1.60.1.70170
19831	1.60.1.69913	1.60.1.70170
19832	1.60.1.69913	1.60.1.70170
19833	1.60.1.69913	1.60.1.70170
19834	1.60.1.69913	1.60.1.70170
19835	1.60.1.69913	1.60.1.70170
19836	1.60.1.69913	1.60.1.70170
19837	1.60.1.69913	1.60.1.70170
19838	1.60.1.69913	1.60.1.70170
19839	1.60.1.69913	1.60.1.70170
19840	1.60.1.69913	1.60.1.70170
19841	1.60.1.69913	1.60.1.70170
19842	1.60.1.69913	1.60.1.70170
19843	1.60.1.69913	1.60.1.70170
19844	1.60.1.69913	1.60.1.70170
19845	1.60.1.69913	1.60.1.70170
19846	1.60.1.69913	1.60.1.70170
19847	1.60.1.69913	1.60.1.70170
19848	1.60.1.69913	1.60.1.70170
19849	1.60.1.69913	1.60.1.70170
19850	1.60.1.69913	1.60.1.70170
19851	1.60.1.69913	1.60.1.70170
19858	1.60.1.69913	1.60.1.70170
19868	1.60.1.69913	1.60.1.70170
19872	1.60.1.69913	1.60.1.70170
19880	1.60.1.69913	1.60.1.70170
19881	1.60.1.69913	1.60.1.70170
19882	1.60.1.69913	1.60.1.70170
19883	1.60.1.69913	1.60.1.70170
19884	1.60.1.69913	1.60.1.70170
19902	1.60.1.69913	1.60.1.70170
19911	1.60.1.69913	1.60.1.70170
19914	1.60.1.69913	1.60.1.70170
19916	1.60.1.69913	1.60.1.70170
19917	1.60.1.69913	1.60.1.70170
19924	1.60.1.69913	1.60.1.70170
19926	1.60.1.69913	1.60.1.70170
19931	1.60.1.69913	1.60.1.70170
19932	1.60.1.69913	1.60.1.70170
19933	1.60.1.69913	1.60.1.70170
19934	1.60.1.69913	1.60.1.70170
19935	1.60.1.69913	1.60.1.70170
19936	1.60.1.69913	1.60.1.70170
19937	1.60.1.69913	1.60.1.70170
19938	1.60.1.69913	1.60.1.70170
19939	1.60.1.69913	1.60.1.70170
19940	1.60.1.69913	1.60.1.70170
19941	1.60.1.69913	1.60.1.70170
19942	1.60.1.69913	1.60.1.70170
19943	1.60.1.69913	1.60.1.70170
19948	1.60.1.69913	1.60.1.70170
19949	1.60.1.69913	1.60.1.70170
19950	1.60.1.69913	1.60.1.70170
19951	1.60.1.69913	1.60.1.70170
19952	1.60.1.69913	1.60.1.70170
19953	1.60.1.69913	1.60.1.70170
19954	1.60.1.69913	1.60.1.70170
19955	1.60.1.69913	1.60.1.70170
19956	1.60.1.69913	1.60.1.70170
19957	1.60.1.69913	1.60.1.70170
19958	1.60.1.69913	1.60.1.70170
19959	1.60.1.69913	1.60.1.70170
19960	1.60.1.69913	1.60.1.70170
19966	1.60.1.69913	1.60.1.70170
19969	1.60.1.69913	1.60.1.70170
19970	1.60.1.69913	1.60.1.70170
19971	1.60.1.69913	1.60.1.70170
19972	1.60.1.69913	1.60.1.70170
19973	1.60.1.69913	1.60.1.70170
19974	1.60.1.69913	1.60.1.70170
19975	1.60.1.69913	1.60.1.70170
19978	1.60.1.69913	1.60.1.70170
19979	1.60.1.69913	1.60.1.70170
19980	1.60.1.69913	1.60.1.70170
19981	1.60.1.69913	1.60.1.70170
19983	1.60.1.69913	1.60.1.70170
19986	1.60.1.69913	1.60.1.70170
19987	1.60.1.69913	1.60.1.70170
19988	1.60.1.69913	1.60.1.70170
19989	1.60.1.69913	1.60.1.70170
19994	1.60.1.69913	1.60.1.70170
19995	1.60.1.69913	1.60.1.70170
19996	1.60.1.69913	1.60.1.70170
19997	1.60.1.69913	1.60.1.70170
19998	1.60.1.69913	1.60.1.70170
19999	1.60.1.69913	1.60.1.70170
20000	1.60.1.69913	1.60.1.70170
20001	1.60.1.69913	1.60.1.70170
20002	1.60.1.69913	1.60.1.70170
20003	1.60.1.69913	1.60.1.70170
20004	1.60.1.69913	1.60.1.70170
20005	1.60.1.69913	1.60.1.70170
20007	1.60.1.69913	1.60.1.70170
20008	1.60.1.69913	1.60.1.70170
20009	1.60.1.69913	1.60.1.70170
20010	1.60.1.69913	1.60.1.70170
20011	1.60.1.69913	1.60.1.70170
20012	1.60.1.69913	1.60.1.70170
20013	1.60.1.69913	1.60.1.70170
20014	1.60.1.69913	1.60.1.70170
20015	1.60.1.69913	1.60.1.70170
20016	1.60.1.69913	1.60.1.70170
20017	1.60.1.69913	1.60.1.70170
20018	1.60.1.69913	1.60.1.70170
20019	1.60.1.69913	1.60.1.70170
20020	1.60.1.69913	1.60.1.70170
20021	1.60.1.69913	1.60.1.70170
20022	1.60.1.69913	1.60.1.70170
20023	1.60.1.69913	1.60.1.70170
20024	1.60.1.69913	1.60.1.70170
20025	1.60.1.69913	1.60.1.70170
20026	1.60.1.69913	1.60.1.70170
20027	1.60.1.69913	1.60.1.70170
20028	1.60.1.69913	1.60.1.70170
20029	1.60.1.69913	1.60.1.70170
20030	1.60.1.69913	1.60.1.70170
20031	1.60.1.69913	1.60.1.70170
20033	1.60.1.69913	1.60.1.70170
20034	1.60.1.69913	1.60.1.70170
20039	1.60.1.69913	1.60.1.70170
20040	1.60.1.69913	1.60.1.70170
20041	1.60.1.69913	1.60.1.70170
20042	1.60.1.69913	1.60.1.70170
20043	1.60.1.69913	1.60.1.70170
20044	1.60.1.69913	1.60.1.70170
20045	1.60.1.69913	1.60.1.70170
20046	1.60.1.69913	1.60.1.70170
20047	1.60.1.69913	1.60.1.70170
20048	1.60.1.69913	1.60.1.70170
20049	1.60.1.69913	1.60.1.70170
20050	1.60.1.69913	1.60.1.70170
20051	1.60.1.69913	1.60.1.70170
20052	1.60.1.69913	1.60.1.70170
20053	1.60.1.69913	1.60.1.70170
20054	1.60.1.69913	1.60.1.70170
20055	1.60.1.69913	1.60.1.70170
20056	1.60.1.69913	1.60.1.70170
20057	1.60.1.69913	1.60.1.70170
20058	1.60.1.69913	1.60.1.70170
20059	1.60.1.69913	1.60.1.70170
20060	1.60.1.69913	1.60.1.70170
20061	1.60.1.69913	1.60.1.70170
20062	1.60.1.69913	1.60.1.70170
20063	1.60.1.69913	1.60.1.70170
20064	1.60.1.69913	1.60.1.70170
20065	1.60.1.69913	1.60.1.70170
20066	1.60.1.69913	1.60.1.70170
20067	1.60.1.69913	1.60.1.70170
20068	1.60.1.69913	1.60.1.70170
20069	1.60.1.69913	1.60.1.70170
20070	1.60.1.69913	1.60.1.70170
20071	1.60.1.69913	1.60.1.70170
20072	1.60.1.69913	1.60.1.70170
20073	1.60.1.69913	1.60.1.70170
20074	1.60.1.69913	1.60.1.70170
20075	1.60.1.69913	1.60.1.70170
20076	1.60.1.69913	1.60.1.70170
20077	1.60.1.69913	1.60.1.70170
20078	1.60.1.69913	1.60.1.70170
20079	1.60.1.69913	1.60.1.70170
20080	1.60.1.69913	1.60.1.70170
20081	1.60.1.69913	1.60.1.70170
20084	1.60.1.69913	1.60.1.70170
20085	1.60.1.69913	1.60.1.70170
20086	1.60.1.69913	1.60.1.70170
20087	1.60.1.69913	1.60.1.70170
20088	1.60.1.69913	1.60.1.70170
20089	1.60.1.69913	1.60.1.70170
20090	1.60.1.69913	1.60.1.70170
20091	1.60.1.69913	1.60.1.70170
20092	1.60.1.69913	1.60.1.70170
20093	1.60.1.69913	1.60.1.70170
20094	1.60.1.69913	1.60.1.70170
20095	1.60.1.69913	1.60.1.70170
20096	1.60.1.69913	1.60.1.70170
20097	1.60.1.69913	1.60.1.70170
20098	1.60.1.69913	1.60.1.70170
20099	1.60.1.69913	1.60.1.70170
20100	1.60.1.69913	1.60.1.70170
20101	1.60.1.69913	1.60.1.70170
20102	1.60.1.69913	1.60.1.70170
20103	1.60.1.69913	1.60.1.70170
20104	1.60.1.69913	1.60.1.70170
20105	1.60.1.69913	1.60.1.70170
20106	1.60.1.69913	1.60.1.70170
20107	1.60.1.69913	1.60.1.70170
20108	1.60.1.69913	1.60.1.70170
20109	1.60.1.69913	1.60.1.70170
20110	1.60.1.69913	1.60.1.70170
20111	1.60.1.69913	1.60.1.70170
20112	1.60.1.69913	1.60.1.70170
20113	1.60.1.69913	1.60.1.70170
20114	1.60.1.69913	1.60.1.70170
20115	1.60.1.69913	1.60.1.70170
20116	1.60.1.69913	1.60.1.70170
20117	1.60.1.69913	1.60.1.70170
20118	1.60.1.69913	1.60.1.70170
20119	1.60.1.69913	1.60.1.70170
20120	1.60.1.69913	1.60.1.70170
20121	1.60.1.69913	1.60.1.70170
20122	1.60.1.69913	1.60.1.70170
20123	1.60.1.69913	1.60.1.70170
20124	1.60.1.69913	1.60.1.70170
20125	1.60.1.69913	1.60.1.70170
20126	1.60.1.69913	1.60.1.70170
20127	1.60.1.69913	1.60.1.70170
20128	1.60.1.69913	1.60.1.70170
20129	1.60.1.69913	1.60.1.70170
20131	1.60.1.69913	1.60.1.70170
20132	1.60.1.69913	1.60.1.70170
20135	1.60.1.69913	1.60.1.70170
20136	1.60.1.69913	1.60.1.70170
20137	1.60.1.69913	1.60.1.70170
20138	1.60.1.69913	1.60.1.70170
20139	1.60.1.69913	1.60.1.70170
20140	1.60.1.69913	1.60.1.70170
20141	1.60.1.69913	1.60.1.70170
20142	1.60.1.69913	1.60.1.70170
20143	1.60.1.69913	1.60.1.70170
20144	1.60.1.69913	1.60.1.70170
20145	1.60.1.69913	1.60.1.70170
20146	1.60.1.69913	1.60.1.70170
20149	1.60.1.69913	1.60.1.70170
20150	1.60.1.69913	1.60.1.70170
20151	1.60.1.69913	1.60.1.70170
20152	1.60.1.69913	1.60.1.70170
20153	1.60.1.69913	1.60.1.70170
20154	1.60.1.69913	1.60.1.70170
20155	1.60.1.69913	1.60.1.70170
20156	1.60.1.69913	1.60.1.70170
20157	1.60.1.69913	1.60.1.70170
20158	1.60.1.69913	1.60.1.70170
20159	1.60.1.69913	1.60.1.70170
20160	1.60.1.69913	1.60.1.70170
20161	1.60.1.69913	1.60.1.70170
20162	1.60.1.69913	1.60.1.70170
20163	1.60.1.69913	1.60.1.70170
20164	1.60.1.69913	1.60.1.70170
20165	1.60.1.69913	1.60.1.70170
20166	1.60.1.69913	1.60.1.70170
20167	1.60.1.69913	1.60.1.70170
20168	1.60.1.69913	1.60.1.70170
20169	1.60.1.69913	1.60.1.70170
20170	1.60.1.69913	1.60.1.70170
20171	1.60.1.69913	1.60.1.70170
20172	1.60.1.69913	1.60.1.70170
20173	1.60.1.69913	1.60.1.70170
20174	1.60.1.69913	1.60.1.70170
20175	1.60.1.69913	1.60.1.70170
20176	1.60.1.69913	1.60.1.70170
20177	1.60.1.69913	1.60.1.70170
20178	1.60.1.69913	1.60.1.70170
20179	1.60.1.69913	1.60.1.70170
20180	1.60.1.69913	1.60.1.70170
20181	1.60.1.69913	1.60.1.70170
20182	1.60.1.69913	1.60.1.70170
20183	1.60.1.69913	1.60.1.70170
20184	1.60.1.69913	1.60.1.70170
20185	1.60.1.69913	1.60.1.70170
20186	1.60.1.69913	1.60.1.70170
20187	1.60.1.69913	1.60.1.70170
20188	1.60.1.69913	1.60.1.70170
20189	1.60.1.69913	1.60.1.70170
20190	1.60.1.69913	1.60.1.70170
20191	1.60.1.69913	1.60.1.70170
20192	1.60.1.69913	1.60.1.70170
20193	1.60.1.69913	1.60.1.70170
20194	1.60.1.69913	1.60.1.70170
20195	1.60.1.69913	1.60.1.70170
20196	1.60.1.69913	1.60.1.70170
20197	1.60.1.69913	1.60.1.70170
20198	1.60.1.69913	1.60.1.70170
20199	1.60.1.69913	1.60.1.70170
20200	1.60.1.69913	1.60.1.70170
20201	1.60.1.69913	1.60.1.70170
20202	1.60.1.69913	1.60.1.70170
20203	1.60.1.69913	1.60.1.70170
20204	1.60.1.69913	1.60.1.70170
20205	1.60.1.69913	1.60.1.70170
20206	1.60.1.69913	1.60.1.70170
20207	1.60.1.69913	1.60.1.70170
20208	1.60.1.69913	1.60.1.70170
20209	1.60.1.69913	1.60.1.70170
20210	1.60.1.69913	1.60.1.70170
20211	1.60.1.69913	1.60.1.70170
20212	1.60.1.69913	1.60.1.70170
20213	1.60.1.69913	1.60.1.70170
20214	1.60.1.69913	1.60.1.70170
20215	1.60.1.69913	1.60.1.70170
20216	1.60.1.69913	1.60.1.70170
20217	1.60.1.69913	1.60.1.70170
20218	1.60.1.69913	1.60.1.70170
20219	1.60.1.69913	1.60.1.70170
20220	1.60.1.69913	1.60.1.70170
20221	1.60.1.69913	1.60.1.70170
20222	1.60.1.69913	1.60.1.70170
20223	1.60.1.69913	1.60.1.70170
20224	1.60.1.69913	1.60.1.70170
20225	1.60.1.69913	1.60.1.70170
20226	1.60.1.69913	1.60.1.70170
20227	1.60.1.69913	1.60.1.70170
20228	1.60.1.69913	1.60.1.70170
20229	1.60.1.69913	1.60.1.70170
20230	1.60.1.69913	1.60.1.70170
20231	1.60.1.69913	1.60.1.70170
20232	1.60.1.69913	1.60.1.70170
20233	1.60.1.69913	1.60.1.70170
20234	1.60.1.69913	1.60.1.70170
20235	1.60.1.69913	1.60.1.70170
20236	1.60.1.69913	1.60.1.70170
20237	1.60.1.69913	1.60.1.70170
20238	1.60.1.69913	1.60.1.70170
20239	1.60.1.69913	1.60.1.70170
20240	1.60.1.69913	1.60.1.70170
20241	1.60.1.69913	1.60.1.70170
20242	1.60.1.69913	1.60.1.70170
20243	1.60.1.69913	1.60.1.70170
20244	1.60.1.69913	1.60.1.70170
20245	1.60.1.69913	1.60.1.70170
20246	1.60.1.69913	1.60.1.70170
20247	1.60.1.69913	1.60.1.70170
20248	1.60.1.69913	1.60.1.70170
20249	1.60.1.69913	1.60.1.70170
20250	1.60.1.69913	1.60.1.70170
20251	1.60.1.69913	1.60.1.70170
20252	1.60.1.69913	1.60.1.70170
20253	1.60.1.69913	1.60.1.70170
20254	1.60.1.69913	1.60.1.70170
20256	1.60.1.69913	1.60.1.70170
20267	1.60.1.69913	1.60.1.70170
20268	1.60.1.69913	1.60.1.70170
20269	1.60.1.69913	1.60.1.70170
20270	1.60.1.69913	1.60.1.70170
20271	1.60.1.69913	1.60.1.70170
20272	1.60.1.69913	1.60.1.70170
20273	1.60.1.69913	1.60.1.70170
20274	1.60.1.69913	1.60.1.70170
20275	1.60.1.69913	1.60.1.70170
20276	1.60.1.69913	1.60.1.70170
20277	1.60.1.69913	1.60.1.70170
20278	1.60.1.69913	1.60.1.70170
20279	1.60.1.69913	1.60.1.70170
20280	1.60.1.69913	1.60.1.70170
20281	1.60.1.69913	1.60.1.70170
20282	1.60.1.69913	1.60.1.70170
20283	1.60.1.69913	1.60.1.70170
20284	1.60.1.69913	1.60.1.70170
20285	1.60.1.69913	1.60.1.70170
20286	1.60.1.69913	1.60.1.70170
20287	1.60.1.69913	1.60.1.70170
20288	1.60.1.69913	1.60.1.70170
20289	1.60.1.69913	1.60.1.70170
20290	1.60.1.69913	1.60.1.70170
20291	1.60.1.69913	1.60.1.70170
20292	1.60.1.69913	1.60.1.70170
20295	1.60.1.69913	1.60.1.70170
20296	1.60.1.69913	1.60.1.70170
20297	1.60.1.69913	1.60.1.70170
20298	1.60.1.69913	1.60.1.70170
20299	1.60.1.69913	1.60.1.70170
20300	1.60.1.69913	1.60.1.70170
20301	1.60.1.69913	1.60.1.70170
20302	1.60.1.69913	1.60.1.70170
20303	1.60.1.69913	1.60.1.70170
20304	1.60.1.69913	1.60.1.70170
20305	1.60.1.69913	1.60.1.70170
20306	1.60.1.69913	1.60.1.70170
20307	1.60.1.69913	1.60.1.70170
20308	1.60.1.69913	1.60.1.70170
20309	1.60.1.69913	1.60.1.70170
20310	1.60.1.69913	1.60.1.70170
20311	1.60.1.69913	1.60.1.70170
20312	1.60.1.69913	1.60.1.70170
20313	1.60.1.69913	1.60.1.70170
20314	1.60.1.69913	1.60.1.70170
20315	1.60.1.69913	1.60.1.70170
20316	1.60.1.69913	1.60.1.70170
20317	1.60.1.69913	1.60.1.70170
20318	1.60.1.69913	1.60.1.70170
20319	1.60.1.69913	1.60.1.70170
20320	1.60.1.69913	1.60.1.70170
20321	1.60.1.69913	1.60.1.70170
20322	1.60.1.69913	1.60.1.70170
20323	1.60.1.69913	1.60.1.70170
20324	1.60.1.69913	1.60.1.70170
20325	1.60.1.69913	1.60.1.70170
20326	1.60.1.69913	1.60.1.70170
20327	1.60.1.69913	1.60.1.70170
20328	1.60.1.69913	1.60.1.70170
20329	1.60.1.69913	1.60.1.70170
20330	1.60.1.69913	1.60.1.70170
20331	1.60.1.69913	1.60.1.70170
20332	1.60.1.69913	1.60.1.70170
20333	1.60.1.69913	1.60.1.70170
20334	1.60.1.69913	1.60.1.70170
20335	1.60.1.69913	1.60.1.70170
20336	1.60.1.69913	1.60.1.70170
20337	1.60.1.69913	1.60.1.70170
20338	1.60.1.69913	1.60.1.70170
20339	1.60.1.69913	1.60.1.70170
20340	1.60.1.69913	1.60.1.70170
20341	1.60.1.69913	1.60.1.70170
20342	1.60.1.69913	1.60.1.70170
20343	1.60.1.69913	1.60.1.70170
20344	1.60.1.69913	1.60.1.70170
20345	1.60.1.69913	1.60.1.70170
20346	1.60.1.69913	1.60.1.70170
20347	1.60.1.69913	1.60.1.70170
20348	1.60.1.69913	1.60.1.70170
20349	1.60.1.69913	1.60.1.70170
20350	1.60.1.69913	1.60.1.70170
20351	1.60.1.69913	1.60.1.70170
20352	1.60.1.69913	1.60.1.70170
20353	1.60.1.69913	1.60.1.70170
20354	1.60.1.69913	1.60.1.70170
20355	1.60.1.69913	1.60.1.70170
20356	1.60.1.69913	1.60.1.70170
20357	1.60.1.69913	1.60.1.70170
20358	1.60.1.69913	1.60.1.70170
20359	1.60.1.69913	1.60.1.70170
20360	1.60.1.69913	1.60.1.70170
20361	1.60.1.69913	1.60.1.70170
20362	1.60.1.69913	1.60.1.70170
20363	1.60.1.69913	1.60.1.70170
20364	1.60.1.69913	1.60.1.70170
20367	1.60.1.69913	1.60.1.70170
20368	1.60.1.69913	1.60.1.70170
20370	1.60.1.69913	1.60.1.70170
20371	1.60.1.69913	1.60.1.70170
20372	1.60.1.69913	1.60.1.70170
20373	1.60.1.69913	1.60.1.70170
20374	1.60.1.69913	1.60.1.70170
20375	1.60.1.69913	1.60.1.70170
20376	1.60.1.69913	1.60.1.70170
20377	1.60.1.69913	1.60.1.70170
20378	1.60.1.69913	1.60.1.70170
20379	1.60.1.69913	1.60.1.70170
20380	1.60.1.69913	1.60.1.70170
20381	1.60.1.69913	1.60.1.70170
20383	1.60.1.69913	1.60.1.70170
20384	1.60.1.69913	1.60.1.70170
20385	1.60.1.69913	1.60.1.70170
20387	1.60.1.69913	1.60.1.70170
20388	1.60.1.69913	1.60.1.70170
20389	1.60.1.69913	1.60.1.70170
20390	1.60.1.69913	1.60.1.70170
20391	1.60.1.69913	1.60.1.70170
20392	1.60.1.69913	1.60.1.70170
20393	1.60.1.69913	1.60.1.70170
20394	1.60.1.69913	1.60.1.70170
20395	1.60.1.69913	1.60.1.70170
20396	1.60.1.69913	1.60.1.70170
20397	1.60.1.69913	1.60.1.70170
20398	1.60.1.69913	1.60.1.70170
20399	1.60.1.69913	1.60.1.70170
20400	1.60.1.69913	1.60.1.70170
20401	1.60.1.69913	1.60.1.70170
20402	1.60.1.69913	1.60.1.70170
20403	1.60.1.69913	1.60.1.70170
20404	1.60.1.69913	1.60.1.70170
20405	1.60.1.69913	1.60.1.70170
20406	1.60.1.69913	1.60.1.70170
20407	1.60.1.69913	1.60.1.70170
20408	1.60.1.69913	1.60.1.70170
20409	1.60.1.69913	1.60.1.70170
20410	1.60.1.69913	1.60.1.70170
20411	1.60.1.69913	1.60.1.70170
20412	1.60.1.69913	1.60.1.70170
20413	1.60.1.69913	1.60.1.70170
20414	1.60.1.69913	1.60.1.70170
20415	1.60.1.69913	1.60.1.70170
20416	1.60.1.69913	1.60.1.70170
20417	1.60.1.69913	1.60.1.70170
20418	1.60.1.69913	1.60.1.70170
20419	1.60.1.69913	1.60.1.70170
20420	1.60.1.69913	1.60.1.70170
20422	1.60.1.69913	1.60.1.70170
20423	1.60.1.69913	1.60.1.70170
20424	1.60.1.69913	1.60.1.70170
20425	1.60.1.69913	1.60.1.70170
20426	1.60.1.69913	1.60.1.70170
20427	1.60.1.69913	1.60.1.70170
20428	1.60.1.69913	1.60.1.70170
20429	1.60.1.69913	1.60.1.70170
20430	1.60.1.69913	1.60.1.70170
20431	1.60.1.69913	1.60.1.70170
20432	1.60.1.69913	1.60.1.70170
20433	1.60.1.69913	1.60.1.70170
20434	1.60.1.69913	1.60.1.70170
20435	1.60.1.69913	1.60.1.70170
20436	1.60.1.69913	1.60.1.70170
20437	1.60.1.69913	1.60.1.70170
20438	1.60.1.69913	1.60.1.70170
20439	1.60.1.69913	1.60.1.70170
20440	1.60.1.69913	1.60.1.70170
20441	1.60.1.69913	1.60.1.70170
20442	1.60.1.69913	1.60.1.70170
20443	1.60.1.69913	1.60.1.70170
20444	1.60.1.69913	1.60.1.70170
20445	1.60.1.69913	1.60.1.70170
20446	1.60.1.69913	1.60.1.70170
20447	1.60.1.69913	1.60.1.70170
20448	1.60.1.69913	1.60.1.70170
20449	1.60.1.69913	1.60.1.70170
20450	1.60.1.69913	1.60.1.70170
20451	1.60.1.69913	1.60.1.70170
20452	1.60.1.69913	1.60.1.70170
20453	1.60.1.69913	1.60.1.70170
20454	1.60.1.69913	1.60.1.70170
20455	1.60.1.69913	1.60.1.70170
20456	1.60.1.69913	1.60.1.70170
20457	1.60.1.69913	1.60.1.70170
20458	1.60.1.69913	1.60.1.70170
20459	1.60.1.69913	1.60.1.70170
20460	1.60.1.69913	1.60.1.70170
20461	1.60.1.69913	1.60.1.70170
20462	1.60.1.69913	1.60.1.70170
20463	1.60.1.69913	1.60.1.70170
20464	1.60.1.69913	1.60.1.70170
20465	1.60.1.69913	1.60.1.70170
20466	1.60.1.69913	1.60.1.70170
20467	1.60.1.69913	1.60.1.70170
20468	1.60.1.69913	1.60.1.70170
20469	1.60.1.69913	1.60.1.70170
20475	1.60.1.69913	1.60.1.70170
20476	1.60.1.69913	1.60.1.70170
20477	1.60.1.69913	1.60.1.70170
20478	1.60.1.69913	1.60.1.70170
20479	1.60.1.69913	1.60.1.70170
20480	1.60.1.69913	1.60.1.70170
20481	1.60.1.69913	1.60.1.70170
20485	1.60.1.69913	1.60.1.70170
20487	1.60.1.69913	1.60.1.70170
20488	1.60.1.69913	1.60.1.70170
20489	1.60.1.69913	1.60.1.70170
20490	1.60.1.69913	1.60.1.70170
20491	1.60.1.69913	1.60.1.70170
20492	1.60.1.69913	1.60.1.70170
20493	1.60.1.69913	1.60.1.70170
20494	1.60.1.69913	1.60.1.70170
20495	1.60.1.69913	1.60.1.70170
20496	1.60.1.69913	1.60.1.70170
20497	1.60.1.69913	1.60.1.70170
20498	1.60.1.69913	1.60.1.70170
20499	1.60.1.69913	1.60.1.70170
20500	1.60.1.69913	1.60.1.70170
20501	1.60.1.69913	1.60.1.70170
20502	1.60.1.69913	1.60.1.70170
20513	1.60.1.69913	1.60.1.70170
20514	1.60.1.69913	1.60.1.70170
20515	1.60.1.69913	1.60.1.70170
20516	1.60.1.69913	1.60.1.70170
20518	1.60.1.69913	1.60.1.70170
20519	1.60.1.69913	1.60.1.70170
20520	1.60.1.69913	1.60.1.70170
20522	1.60.1.69913	1.60.1.70170
20524	1.60.1.69913	1.60.1.70170
20525	1.60.1.69913	1.60.1.70170
20526	1.60.1.69913	1.60.1.70170
20527	1.60.1.69913	1.60.1.70170
20528	1.60.1.69913	1.60.1.70170
20531	1.60.1.69913	1.60.1.70170
20532	1.60.1.69913	1.60.1.70170
20533	1.60.1.69913	1.60.1.70170
20535	1.60.1.69913	1.60.1.70170
20537	1.60.1.69913	1.60.1.70170
20538	1.60.1.69913	1.60.1.70170
20539	1.60.1.69913	1.60.1.70170
20540	1.60.1.69913	1.60.1.70170
20541	1.60.1.69913	1.60.1.70170
20542	1.60.1.69913	1.60.1.70170
20543	1.60.1.69913	1.60.1.70170
20544	1.60.1.69913	1.60.1.70170
20545	1.60.1.69913	1.60.1.70170
20546	1.60.1.69913	1.60.1.70170
20547	1.60.1.69913	1.60.1.70170
20548	1.60.1.69913	1.60.1.70170
20549	1.60.1.69913	1.60.1.70170
20550	1.60.1.69913	1.60.1.70170
20551	1.60.1.69913	1.60.1.70170
20552	1.60.1.69913	1.60.1.70170
20553	1.60.1.69913	1.60.1.70170
20554	1.60.1.69913	1.60.1.70170
20555	1.60.1.69913	1.60.1.70170
20557	1.60.1.69913	1.60.1.70170
20558	1.60.1.69913	1.60.1.70170
20559	1.60.1.69913	1.60.1.70170
20560	1.60.1.69913	1.60.1.70170
20561	1.60.1.69913	1.60.1.70170
20562	1.60.1.69913	1.60.1.70170
20563	1.60.1.69913	1.60.1.70170
20564	1.60.1.69913	1.60.1.70170
20565	1.60.1.69913	1.60.1.70170
20566	1.60.1.69913	1.60.1.70170
20567	1.60.1.69913	1.60.1.70170
20568	1.60.1.69913	1.60.1.70170
20569	1.60.1.69913	1.60.1.70170
20570	1.60.1.69913	1.60.1.70170
20571	1.60.1.69913	1.60.1.70170
20572	1.60.1.69913	1.60.1.70170
20573	1.60.1.69913	1.60.1.70170
20574	1.60.1.69913	1.60.1.70170
20575	1.60.1.69913	1.60.1.70170
20576	1.60.1.69913	1.60.1.70170
20580	1.60.1.69913	1.60.1.70170
20583	1.60.1.69913	1.60.1.70170
20584	1.60.1.69913	1.60.1.70170
20585	1.60.1.69913	1.60.1.70170
20586	1.60.1.69913	1.60.1.70170
20587	1.60.1.69913	1.60.1.70170
20588	1.60.1.69913	1.60.1.70170
20589	1.60.1.69913	1.60.1.70170
20590	1.60.1.69913	1.60.1.70170
20591	1.60.1.69913	1.60.1.70170
20592	1.60.1.69913	1.60.1.70170
20593	1.60.1.69913	1.60.1.70170
20594	1.60.1.69913	1.60.1.70170
20595	1.60.1.69913	1.60.1.70170
20596	1.60.1.69913	1.60.1.70170
20597	1.60.1.69913	1.60.1.70170
20598	1.60.1.69913	1.60.1.70170
20600	1.60.1.69913	1.60.1.70170
20601	1.60.1.69913	1.60.1.70170
20602	1.60.1.69913	1.60.1.70170
20603	1.60.1.69913	1.60.1.70170
20604	1.60.1.69913	1.60.1.70170
20605	1.60.1.69913	1.60.1.70170
20606	1.60.1.69913	1.60.1.70170
20607	1.60.1.69913	1.60.1.70170
20608	1.60.1.69913	1.60.1.70170
20609	1.60.1.69913	1.60.1.70170
20610	1.60.1.69913	1.60.1.70170
20611	1.60.1.69913	1.60.1.70170
20612	1.60.1.69913	1.60.1.70170
20613	1.60.1.69913	1.60.1.70170
20614	1.60.1.69913	1.60.1.70170
20620	1.60.1.69913	1.60.1.70170
20622	1.60.1.69913	1.60.1.70170
20624	1.60.1.69913	1.60.1.70170
20632	1.60.1.69913	1.60.1.70170
20636	1.60.1.69913	1.60.1.70170
20639	1.60.1.69913	1.60.1.70170
20640	1.60.1.69913	1.60.1.70170
20641	1.60.1.69913	1.60.1.70170
20642	1.60.1.69913	1.60.1.70170
20643	1.60.1.69913	1.60.1.70170
20644	1.60.1.69913	1.60.1.70170
20645	1.60.1.69913	1.60.1.70170
20646	1.60.1.69913	1.60.1.70170
20647	1.60.1.69913	1.60.1.70170
20648	1.60.1.69913	1.60.1.70170
20649	1.60.1.69913	1.60.1.70170
20650	1.60.1.69913	1.60.1.70170
20651	1.60.1.69913	1.60.1.70170
20676	1.60.1.69913	1.60.1.70170
20677	1.60.1.69913	1.60.1.70170
20678	1.60.1.69913	1.60.1.70170
20679	1.60.1.69913	1.60.1.70170
20682	1.60.1.69913	1.60.1.70170
20685	1.60.1.69913	1.60.1.70170
20692	1.60.1.69913	1.60.1.70170
20695	1.60.1.69913	1.60.1.70170
20699	1.60.1.69913	1.60.1.70170
20700	1.60.1.69913	1.60.1.70170
20701	1.60.1.69913	1.60.1.70170
20702	1.60.1.69913	1.60.1.70170
20703	1.60.1.69913	1.60.1.70170
20704	1.60.1.69913	1.60.1.70170
20705	1.60.1.69913	1.60.1.70170
20706	1.60.1.69913	1.60.1.70170
20707	1.60.1.69913	1.60.1.70170
20708	1.60.1.69913	1.60.1.70170
20709	1.60.1.69913	1.60.1.70170
20710	1.60.1.69913	1.60.1.70170
20711	1.60.1.69913	1.60.1.70170
20712	1.60.1.69913	1.60.1.70170
20713	1.60.1.69913	1.60.1.70170
20714	1.60.1.69913	1.60.1.70170
20715	1.60.1.69913	1.60.1.70170
20716	1.60.1.69913	1.60.1.70170
20717	1.60.1.69913	1.60.1.70170
20718	1.60.1.69913	1.60.1.70170
20719	1.60.1.69913	1.60.1.70170
20721	1.60.1.69913	1.60.1.70170
20723	1.60.1.69913	1.60.1.70170
20724	1.60.1.69913	1.60.1.70170
20725	1.60.1.69913	1.60.1.70170
20726	1.60.1.69913	1.60.1.70170
20727	1.60.1.69913	1.60.1.70170
20728	1.60.1.69913	1.60.1.70170
20729	1.60.1.69913	1.60.1.70170
20730	1.60.1.69913	1.60.1.70170
20731	1.60.1.69913	1.60.1.70170
20732	1.60.1.69913	1.60.1.70170
20733	1.60.1.69913	1.60.1.70170
20734	1.60.1.69913	1.60.1.70170
20735	1.60.1.69913	1.60.1.70170
20736	1.60.1.69913	1.60.1.70170
20737	1.60.1.69913	1.60.1.70170
20738	1.60.1.69913	1.60.1.70170
20739	1.60.1.69913	1.60.1.70170
20740	1.60.1.69913	1.60.1.70170
20741	1.60.1.69913	1.60.1.70170
20742	1.60.1.69913	1.60.1.70170
20744	1.60.1.69913	1.60.1.70170
20745	1.60.1.69913	1.60.1.70170
20746	1.60.1.69913	1.60.1.70170
20747	1.60.1.69913	1.60.1.70170
20748	1.60.1.69913	1.60.1.70170
20749	1.60.1.69913	1.60.1.70170
20750	1.60.1.69913	1.60.1.70170
20752	1.60.1.69913	1.60.1.70170
20753	1.60.1.69913	1.60.1.70170
20754	1.60.1.69913	1.60.1.70170
20755	1.60.1.69913	1.60.1.70170
20756	1.60.1.69913	1.60.1.70170
20757	1.60.1.69913	1.60.1.70170
20758	1.60.1.69913	1.60.1.70170
20761	1.60.1.69913	1.60.1.70170
20763	1.60.1.69913	1.60.1.70170
20766	1.60.1.69913	1.60.1.70170
20767	1.60.1.69913	1.60.1.70170
20768	1.60.1.69913	1.60.1.70170
20769	1.60.1.69913	1.60.1.70170
20770	1.60.1.69913	1.60.1.70170
20800	1.60.1.69913	1.60.1.70170
20801	1.60.1.69913	1.60.1.70170
20802	1.60.1.69913	1.60.1.70170
20803	1.60.1.69913	1.60.1.70170
20805	1.60.1.69913	1.60.1.70170
20806	1.60.1.69913	1.60.1.70170
20807	1.60.1.69913	1.60.1.70170
20808	1.60.1.69913	1.60.1.70170
20809	1.60.1.69913	1.60.1.70170
20810	1.60.1.69913	1.60.1.70170
20814	1.60.1.69913	1.60.1.70170
20844	1.60.1.69913	1.60.1.70170
20858	1.60.1.69913	1.60.1.70170
20859	1.60.1.69913	1.60.1.70170
20860	1.60.1.69913	1.60.1.70170
20861	1.60.1.69913	1.60.1.70170
20862	1.60.1.69913	1.60.1.70170
20863	1.60.1.69913	1.60.1.70170
20864	1.60.1.69913	1.60.1.70170
20865	1.60.1.69913	1.60.1.70170
20866	1.60.1.69913	1.60.1.70170
20867	1.60.1.69913	1.60.1.70170
20868	1.60.1.69913	1.60.1.70170
20869	1.60.1.69913	1.60.1.70170
20870	1.60.1.69913	1.60.1.70170
20871	1.60.1.69913	1.60.1.70170
20872	1.60.1.69913	1.60.1.70170
20873	1.60.1.69913	1.60.1.70170
20874	1.60.1.69913	1.60.1.70170
20875	1.60.1.69913	1.60.1.70170
20876	1.60.1.69913	1.60.1.70170
20877	1.60.1.69913	1.60.1.70170
20878	1.60.1.69913	1.60.1.70170
20879	1.60.1.69913	1.60.1.70170
20881	1.60.1.69913	1.60.1.70170
20882	1.60.1.69913	1.60.1.70170
20883	1.60.1.69913	1.60.1.70170
20884	1.60.1.69913	1.60.1.70170
20885	1.60.1.69913	1.60.1.70170
20886	1.60.1.69913	1.60.1.70170
20887	1.60.1.69913	1.60.1.70170
20888	1.60.1.69913	1.60.1.70170
20889	1.60.1.69913	1.60.1.70170
20890	1.60.1.69913	1.60.1.70170
20908	1.60.1.69913	1.60.1.70170
20926	1.60.1.69913	1.60.1.70170
20927	1.60.1.69913	1.60.1.70170
20928	1.60.1.69913	1.60.1.70170
20929	1.60.1.69913	1.60.1.70170
20930	1.60.1.69913	1.60.1.70170
20931	1.60.1.69913	1.60.1.70170
20932	1.60.1.69913	1.60.1.70170
20933	1.60.1.69913	1.60.1.70170
20936	1.60.1.69913	1.60.1.70170
20937	1.60.1.69913	1.60.1.70170
20939	1.60.1.69913	1.60.1.70170
20940	1.60.1.69913	1.60.1.70170
20941	1.60.1.69913	1.60.1.70170
20942	1.60.1.69913	1.60.1.70170
20943	1.60.1.69913	1.60.1.70170
20944	1.60.1.69913	1.60.1.70170
20945	1.60.1.69913	1.60.1.70170
20946	1.60.1.69913	1.60.1.70170
20947	1.60.1.69913	1.60.1.70170
20948	1.60.1.69913	1.60.1.70170
20949	1.60.1.69913	1.60.1.70170
20951	1.60.1.69913	1.60.1.70170
21023	1.60.1.69913	1.60.1.70170
21024	1.60.1.69913	1.60.1.70170
21025	1.60.1.69913	1.60.1.70170
21027	1.60.1.69913	1.60.1.70170
21028	1.60.1.69913	1.60.1.70170
21029	1.60.1.69913	1.60.1.70170
21030	1.60.1.69913	1.60.1.70170
21031	1.60.1.69913	1.60.1.70170
21032	1.60.1.69913	1.60.1.70170
21033	1.60.1.69913	1.60.1.70170
21037	1.60.1.69913	1.60.1.70170
21038	1.60.1.69913	1.60.1.70170
21039	1.60.1.69913	1.60.1.70170
21040	1.60.1.69913	1.60.1.70170
21041	1.60.1.69913	1.60.1.70170
21042	1.60.1.69913	1.60.1.70170
21043	1.60.1.69913	1.60.1.70170
21071	1.60.1.69913	1.60.1.70170
21072	1.60.1.69913	1.60.1.70170
21099	1.60.1.69913	1.60.1.70170
21100	1.60.1.69913	1.60.1.70170
21101	1.60.1.69913	1.60.1.70170
21102	1.60.1.69913	1.60.1.70170
21103	1.60.1.69913	1.60.1.70170
21104	1.60.1.69913	1.60.1.70170
21105	1.60.1.69913	1.60.1.70170
21106	1.60.1.69913	1.60.1.70170
21107	1.60.1.69913	1.60.1.70170
21108	1.60.1.69913	1.60.1.70170
21109	1.60.1.69913	1.60.1.70170
21110	1.60.1.69913	1.60.1.70170
21111	1.60.1.69913	1.60.1.70170
21112	1.60.1.69913	1.60.1.70170
21113	1.60.1.69913	1.60.1.70170
21114	1.60.1.69913	1.60.1.70170
21115	1.60.1.69913	1.60.1.70170
21116	1.60.1.69913	1.60.1.70170
21117	1.60.1.69913	1.60.1.70170
21118	1.60.1.69913	1.60.1.70170
21119	1.60.1.69913	1.60.1.70170
21120	1.60.1.69913	1.60.1.70170
21121	1.60.1.69913	1.60.1.70170
21122	1.60.1.69913	1.60.1.70170
21123	1.60.1.69913	1.60.1.70170
21124	1.60.1.69913	1.60.1.70170
21125	1.60.1.69913	1.60.1.70170
21126	1.60.1.69913	1.60.1.70170
21127	1.60.1.69913	1.60.1.70170
21129	1.60.1.69913	1.60.1.70170
21130	1.60.1.69913	1.60.1.70170
21131	1.60.1.69913	1.60.1.70170
21132	1.60.1.69913	1.60.1.70170
21133	1.60.1.69913	1.60.1.70170
21134	1.60.1.69913	1.60.1.70170
21135	1.60.1.69913	1.60.1.70170
21136	1.60.1.69913	1.60.1.70170
21137	1.60.1.69913	1.60.1.70170
21138	1.60.1.69913	1.60.1.70170
21139	1.60.1.69913	1.60.1.70170
21140	1.60.1.69913	1.60.1.70170
21141	1.60.1.69913	1.60.1.70170
21142	1.60.1.69913	1.60.1.70170
21143	1.60.1.69913	1.60.1.70170
21144	1.60.1.69913	1.60.1.70170
21145	1.60.1.69913	1.60.1.70170
21146	1.60.1.69913	1.60.1.70170
21147	1.60.1.69913	1.60.1.70170
21148	1.60.1.69913	1.60.1.70170
21149	1.60.1.69913	1.60.1.70170
21150	1.60.1.69913	1.60.1.70170
21151	1.60.1.69913	1.60.1.70170
21152	1.60.1.69913	1.60.1.70170
21153	1.60.1.69913	1.60.1.70170
21154	1.60.1.69913	1.60.1.70170
21155	1.60.1.69913	1.60.1.70170
21156	1.60.1.69913	1.60.1.70170
21157	1.60.1.69913	1.60.1.70170
21158	1.60.1.69913	1.60.1.70170
21159	1.60.1.69913	1.60.1.70170
21160	1.60.1.69913	1.60.1.70170
21161	1.60.1.69913	1.60.1.70170
21162	1.60.1.69913	1.60.1.70170
21163	1.60.1.69913	1.60.1.70170
21164	1.60.1.69913	1.60.1.70170
21165	1.60.1.69913	1.60.1.70170
21166	1.60.1.69913	1.60.1.70170
21167	1.60.1.69913	1.60.1.70170
21168	1.60.1.69913	1.60.1.70170
21171	1.60.1.69913	1.60.1.70170
21173	1.60.1.69913	1.60.1.70170
21174	1.60.1.69913	1.60.1.70170
21175	1.60.1.69913	1.60.1.70170
21176	1.60.1.69913	1.60.1.70170
21177	1.60.1.69913	1.60.1.70170
21178	1.60.1.69913	1.60.1.70170
21179	1.60.1.69913	1.60.1.70170
21180	1.60.1.69913	1.60.1.70170
21181	1.60.1.69913	1.60.1.70170
21182	1.60.1.69913	1.60.1.70170
21183	1.60.1.69913	1.60.1.70170
21184	1.60.1.69913	1.60.1.70170
21185	1.60.1.69913	1.60.1.70170
21186	1.60.1.69913	1.60.1.70170
21187	1.60.1.69913	1.60.1.70170
21188	1.60.1.69913	1.60.1.70170
21189	1.60.1.69913	1.60.1.70170
21190	1.60.1.69913	1.60.1.70170
21191	1.60.1.69913	1.60.1.70170
21192	1.60.1.69913	1.60.1.70170
21193	1.60.1.69913	1.60.1.70170
21194	1.60.1.69913	1.60.1.70170
21195	1.60.1.69913	1.60.1.70170
21196	1.60.1.69913	1.60.1.70170
21197	1.60.1.69913	1.60.1.70170
21198	1.60.1.69913	1.60.1.70170
21199	1.60.1.69913	1.60.1.70170
21200	1.60.1.69913	1.60.1.70170
21201	1.60.1.69913	1.60.1.70170
21202	1.60.1.69913	1.60.1.70170
21203	1.60.1.69913	1.60.1.70170
21204	1.60.1.69913	1.60.1.70170
21205	1.60.1.69913	1.60.1.70170
21206	1.60.1.69913	1.60.1.70170
21207	1.60.1.69913	1.60.1.70170
21208	1.60.1.69913	1.60.1.70170
21209	1.60.1.69913	1.60.1.70170
21210	1.60.1.69913	1.60.1.70170
21211	1.60.1.69913	1.60.1.70170
21212	1.60.1.69913	1.60.1.70170
21213	1.60.1.69913	1.60.1.70170
21214	1.60.1.69913	1.60.1.70170
21215	1.60.1.69913	1.60.1.70170
21216	1.60.1.69913	1.60.1.70170
21217	1.60.1.69913	1.60.1.70170
21218	1.60.1.69913	1.60.1.70170
21219	1.60.1.69913	1.60.1.70170
21220	1.60.1.69913	1.60.1.70170
21221	1.60.1.69913	1.60.1.70170
21222	1.60.1.69913	1.60.1.70170
21223	1.60.1.69913	1.60.1.70170
21224	1.60.1.69913	1.60.1.70170
21225	1.60.1.69913	1.60.1.70170
21226	1.60.1.69913	1.60.1.70170
21227	1.60.1.69913	1.60.1.70170
21228	1.60.1.69913	1.60.1.70170
21229	1.60.1.69913	1.60.1.70170
21230	1.60.1.69913	1.60.1.70170
21232	1.60.1.69913	1.60.1.70170
21235	1.60.1.69913	1.60.1.70170
21236	1.60.1.69913	1.60.1.70170
21237	1.60.1.69913	1.60.1.70170
21238	1.60.1.69913	1.60.1.70170
21240	1.60.1.69913	1.60.1.70170
21241	1.60.1.69913	1.60.1.70170
21242	1.60.1.69913	1.60.1.70170
21243	1.60.1.69913	1.60.1.70170
21244	1.60.1.69913	1.60.1.70170
21245	1.60.1.69913	1.60.1.70170
21246	1.60.1.69913	1.60.1.70170
21247	1.60.1.69913	1.60.1.70170
21248	1.60.1.69913	1.60.1.70170
21249	1.60.1.69913	1.60.1.70170
21250	1.60.1.69913	1.60.1.70170
21251	1.60.1.69913	1.60.1.70170
21252	1.60.1.69913	1.60.1.70170
21253	1.60.1.69913	1.60.1.70170
21254	1.60.1.69913	1.60.1.70170
21255	1.60.1.69913	1.60.1.70170
21256	1.60.1.69913	1.60.1.70170
21257	1.60.1.69913	1.60.1.70170
21258	1.60.1.69913	1.60.1.70170
21259	1.60.1.69913	1.60.1.70170
21260	1.60.1.69913	1.60.1.70170
21261	1.60.1.69913	1.60.1.70170
21262	1.60.1.69913	1.60.1.70170
21263	1.60.1.69913	1.60.1.70170
21264	1.60.1.69913	1.60.1.70170
21265	1.60.1.69913	1.60.1.70170
21266	1.60.1.69913	1.60.1.70170
21267	1.60.1.69913	1.60.1.70170
21268	1.60.1.69913	1.60.1.70170
21269	1.60.1.69913	1.60.1.70170
21270	1.60.1.69913	1.60.1.70170
21271	1.60.1.69913	1.60.1.70170
21272	1.60.1.69913	1.60.1.70170
21273	1.60.1.69913	1.60.1.70170
21274	1.60.1.69913	1.60.1.70170
21275	1.60.1.69913	1.60.1.70170
21276	1.60.1.69913	1.60.1.70170
21277	1.60.1.69913	1.60.1.70170
21278	1.60.1.69913	1.60.1.70170
21279	1.60.1.69913	1.60.1.70170
21280	1.60.1.69913	1.60.1.70170
21281	1.60.1.69913	1.60.1.70170
21282	1.60.1.69913	1.60.1.70170
21283	1.60.1.69913	1.60.1.70170
21284	1.60.1.69913	1.60.1.70170
21285	1.60.1.69913	1.60.1.70170
21286	1.60.1.69913	1.60.1.70170
21287	1.60.1.69913	1.60.1.70170
21288	1.60.1.69913	1.60.1.70170
21289	1.60.1.69913	1.60.1.70170
21290	1.60.1.69913	1.60.1.70170
21291	1.60.1.69913	1.60.1.70170
21292	1.60.1.69913	1.60.1.70170
21293	1.60.1.69913	1.60.1.70170
21294	1.60.1.69913	1.60.1.70170
21295	1.60.1.69913	1.60.1.70170
21296	1.60.1.69913	1.60.1.70170
21297	1.60.1.69913	1.60.1.70170
21298	1.60.1.69913	1.60.1.70170
21299	1.60.1.69913	1.60.1.70170
21300	1.60.1.69913	1.60.1.70170
21301	1.60.1.69913	1.60.1.70170
21302	1.60.1.69913	1.60.1.70170
21303	1.60.1.69913	1.60.1.70170
21304	1.60.1.69913	1.60.1.70170
21305	1.60.1.69913	1.60.1.70170
21306	1.60.1.69913	1.60.1.70170
21307	1.60.1.69913	1.60.1.70170
21308	1.60.1.69913	1.60.1.70170
21309	1.60.1.69913	1.60.1.70170
21310	1.60.1.69913	1.60.1.70170
21311	1.60.1.69913	1.60.1.70170
21312	1.60.1.69913	1.60.1.70170
21313	1.60.1.69913	1.60.1.70170
21314	1.60.1.69913	1.60.1.70170
21315	1.60.1.69913	1.60.1.70170
21316	1.60.1.69913	1.60.1.70170
21317	1.60.1.69913	1.60.1.70170
21318	1.60.1.69913	1.60.1.70170
21319	1.60.1.69913	1.60.1.70170
21320	1.60.1.69913	1.60.1.70170
21321	1.60.1.69913	1.60.1.70170
21322	1.60.1.69913	1.60.1.70170
21323	1.60.1.69913	1.60.1.70170
21324	1.60.1.69913	1.60.1.70170
21325	1.60.1.69913	1.60.1.70170
21326	1.60.1.69913	1.60.1.70170
21327	1.60.1.69913	1.60.1.70170
21328	1.60.1.69913	1.60.1.70170
21329	1.60.1.69913	1.60.1.70170
21330	1.60.1.69913	1.60.1.70170
21331	1.60.1.69913	1.60.1.70170
21332	1.60.1.69913	1.60.1.70170
21333	1.60.1.69913	1.60.1.70170
21334	1.60.1.69913	1.60.1.70170
21335	1.60.1.69913	1.60.1.70170
21336	1.60.1.69913	1.60.1.70170
21337	1.60.1.69913	1.60.1.70170
21338	1.60.1.69913	1.60.1.70170
21339	1.60.1.69913	1.60.1.70170
21340	1.60.1.69913	1.60.1.70170
21341	1.60.1.69913	1.60.1.70170
21342	1.60.1.69913	1.60.1.70170
21343	1.60.1.69913	1.60.1.70170
21344	1.60.1.69913	1.60.1.70170
21345	1.60.1.69913	1.60.1.70170
21346	1.60.1.69913	1.60.1.70170
21347	1.60.1.69913	1.60.1.70170
21348	1.60.1.69913	1.60.1.70170
21349	1.60.1.69913	1.60.1.70170
21350	1.60.1.69913	1.60.1.70170
21351	1.60.1.69913	1.60.1.70170
21352	1.60.1.69913	1.60.1.70170
21353	1.60.1.69913	1.60.1.70170
21354	1.60.1.69913	1.60.1.70170
21355	1.60.1.69913	1.60.1.70170
21356	1.60.1.69913	1.60.1.70170
21357	1.60.1.69913	1.60.1.70170
21358	1.60.1.69913	1.60.1.70170
21359	1.60.1.69913	1.60.1.70170
21360	1.60.1.69913	1.60.1.70170
21361	1.60.1.69913	1.60.1.70170
21362	1.60.1.69913	1.60.1.70170
21363	1.60.1.69913	1.60.1.70170
21364	1.60.1.69913	1.60.1.70170
21365	1.60.1.69913	1.60.1.70170
21366	1.60.1.69913	1.60.1.70170
21367	1.60.1.69913	1.60.1.70170
21368	1.60.1.69913	1.60.1.70170
21370	1.60.1.69913	1.60.1.70170
21371	1.60.1.69913	1.60.1.70170
21372	1.60.1.69913	1.60.1.70170
21373	1.60.1.69913	1.60.1.70170
21374	1.60.1.69913	1.60.1.70170
21375	1.60.1.69913	1.60.1.70170
21376	1.60.1.69913	1.60.1.70170
21377	1.60.1.69913	1.60.1.70170
21378	1.60.1.69913	1.60.1.70170
21379	1.60.1.69913	1.60.1.70170
21380	1.60.1.69913	1.60.1.70170
21381	1.60.1.69913	1.60.1.70170
21382	1.60.1.69913	1.60.1.70170
21383	1.60.1.69913	1.60.1.70170
21384	1.60.1.69913	1.60.1.70170
21385	1.60.1.69913	1.60.1.70170
21386	1.60.1.69913	1.60.1.70170
21387	1.60.1.69913	1.60.1.70170
21388	1.60.1.69913	1.60.1.70170
21389	1.60.1.69913	1.60.1.70170
21390	1.60.1.69913	1.60.1.70170
21391	1.60.1.69913	1.60.1.70170
21392	1.60.1.69913	1.60.1.70170
21393	1.60.1.69913	1.60.1.70170
21394	1.60.1.69913	1.60.1.70170
21395	1.60.1.69913	1.60.1.70170
21396	1.60.1.69913	1.60.1.70170
21397	1.60.1.69913	1.60.1.70170
21398	1.60.1.69913	1.60.1.70170
21399	1.60.1.69913	1.60.1.70170
21400	1.60.1.69913	1.60.1.70170
21401	1.60.1.69913	1.60.1.70170
21402	1.60.1.69913	1.60.1.70170
21403	1.60.1.69913	1.60.1.70170
21404	1.60.1.69913	1.60.1.70170
21405	1.60.1.69913	1.60.1.70170
21406	1.60.1.69913	1.60.1.70170
21407	1.60.1.69913	1.60.1.70170
21408	1.60.1.69913	1.60.1.70170
21409	1.60.1.69913	1.60.1.70170
21410	1.60.1.69913	1.60.1.70170
21411	1.60.1.69913	1.60.1.70170
21412	1.60.1.69913	1.60.1.70170
21413	1.60.1.69913	1.60.1.70170
21414	1.60.1.69913	1.60.1.70170
21415	1.60.1.69913	1.60.1.70170
21416	1.60.1.69913	1.60.1.70170
21417	1.60.1.69913	1.60.1.70170
21418	1.60.1.69913	1.60.1.70170
21419	1.60.1.69913	1.60.1.70170
21420	1.60.1.69913	1.60.1.70170
21421	1.60.1.69913	1.60.1.70170
21422	1.60.1.69913	1.60.1.70170
21423	1.60.1.69913	1.60.1.70170
21424	1.60.1.69913	1.60.1.70170
21425	1.60.1.69913	1.60.1.70170
21426	1.60.1.69913	1.60.1.70170
21427	1.60.1.69913	1.60.1.70170
21428	1.60.1.69913	1.60.1.70170
21429	1.60.1.69913	1.60.1.70170
21430	1.60.1.69913	1.60.1.70170
21431	1.60.1.69913	1.60.1.70170
21432	1.60.1.69913	1.60.1.70170
21433	1.60.1.69913	1.60.1.70170
21434	1.60.1.69913	1.60.1.70170
21435	1.60.1.69913	1.60.1.70170
21436	1.60.1.69913	1.60.1.70170
21437	1.60.1.69913	1.60.1.70170
21438	1.60.1.69913	1.60.1.70170
21439	1.60.1.69913	1.60.1.70170
21440	1.60.1.69913	1.60.1.70170
21441	1.60.1.69913	1.60.1.70170
21442	1.60.1.69913	1.60.1.70170
21443	1.60.1.69913	1.60.1.70170
21444	1.60.1.69913	1.60.1.70170
21445	1.60.1.69913	1.60.1.70170
21446	1.60.1.69913	1.60.1.70170
21447	1.60.1.69913	1.60.1.70170
21448	1.60.1.69913	1.60.1.70170
21449	1.60.1.69913	1.60.1.70170
21450	1.60.1.69913	1.60.1.70170
21451	1.60.1.69913	1.60.1.70170
21465	1.60.1.69913	1.60.1.70170
21473	1.60.1.69913	1.60.1.70170
21477	1.60.1.69913	1.60.1.70170
21483	1.60.1.69913	1.60.1.70170
21488	1.60.1.69913	1.60.1.70170
21504	1.60.1.69913	1.60.1.70170
21505	1.60.1.69913	1.60.1.70170
21506	1.60.1.69913	1.60.1.70170
21507	1.60.1.69913	1.60.1.70170
21508	1.60.1.69913	1.60.1.70170
21509	1.60.1.69913	1.60.1.70170
21510	1.60.1.69913	1.60.1.70170
21511	1.60.1.69913	1.60.1.70170
21512	1.60.1.69913	1.60.1.70170
21513	1.60.1.69913	1.60.1.70170
21514	1.60.1.69913	1.60.1.70170
21515	1.60.1.69913	1.60.1.70170
21516	1.60.1.69913	1.60.1.70170
21517	1.60.1.69913	1.60.1.70170
21518	1.60.1.69913	1.60.1.70170
21519	1.60.1.69913	1.60.1.70170
21520	1.60.1.69913	1.60.1.70170
21521	1.60.1.69913	1.60.1.70170
21522	1.60.1.69913	1.60.1.70170
21523	1.60.1.69913	1.60.1.70170
21524	1.60.1.69913	1.60.1.70170
21525	1.60.1.69913	1.60.1.70170
21526	1.60.1.69913	1.60.1.70170
21527	1.60.1.69913	1.60.1.70170
21528	1.60.1.69913	1.60.1.70170
21529	1.60.1.69913	1.60.1.70170
21530	1.60.1.69913	1.60.1.70170
21531	1.60.1.69913	1.60.1.70170
21532	1.60.1.69913	1.60.1.70170
21533	1.60.1.69913	1.60.1.70170
21534	1.60.1.69913	1.60.1.70170
21535	1.60.1.69913	1.60.1.70170
21536	1.60.1.69913	1.60.1.70170
21537	1.60.1.69913	1.60.1.70170
21538	1.60.1.69913	1.60.1.70170
21539	1.60.1.69913	1.60.1.70170
21540	1.60.1.69913	1.60.1.70170
21541	1.60.1.69913	1.60.1.70170
21542	1.60.1.69913	1.60.1.70170
21543	1.60.1.69913	1.60.1.70170
21544	1.60.1.69913	1.60.1.70170
21545	1.60.1.69913	1.60.1.70170
21546	1.60.1.69913	1.60.1.70170
21547	1.60.1.69913	1.60.1.70170
21548	1.60.1.69913	1.60.1.70170
21549	1.60.1.69913	1.60.1.70170
21550	1.60.1.69913	1.60.1.70170
21551	1.60.1.69913	1.60.1.70170
21552	1.60.1.69913	1.60.1.70170
21553	1.60.1.69913	1.60.1.70170
21554	1.60.1.69913	1.60.1.70170
21555	1.60.1.69913	1.60.1.70170
21557	1.60.1.69913	1.60.1.70170
21558	1.60.1.69913	1.60.1.70170
21559	1.60.1.69913	1.60.1.70170
21560	1.60.1.69913	1.60.1.70170
21561	1.60.1.69913	1.60.1.70170
21562	1.60.1.69913	1.60.1.70170
21563	1.60.1.69913	1.60.1.70170
21564	1.60.1.69913	1.60.1.70170
21565	1.60.1.69913	1.60.1.70170
21566	1.60.1.69913	1.60.1.70170
21567	1.60.1.69913	1.60.1.70170
21568	1.60.1.69913	1.60.1.70170
21569	1.60.1.69913	1.60.1.70170
21570	1.60.1.69913	1.60.1.70170
21571	1.60.1.69913	1.60.1.70170
21572	1.60.1.69913	1.60.1.70170
21573	1.60.1.69913	1.60.1.70170
21574	1.60.1.69913	1.60.1.70170
21575	1.60.1.69913	1.60.1.70170
21576	1.60.1.69913	1.60.1.70170
21577	1.60.1.69913	1.60.1.70170
21578	1.60.1.69913	1.60.1.70170
21579	1.60.1.69913	1.60.1.70170
21580	1.60.1.69913	1.60.1.70170
21581	1.60.1.69913	1.60.1.70170
21582	1.60.1.69913	1.60.1.70170
21583	1.60.1.69913	1.60.1.70170
21584	1.60.1.69913	1.60.1.70170
21585	1.60.1.69913	1.60.1.70170
21586	1.60.1.69913	1.60.1.70170
21587	1.60.1.69913	1.60.1.70170
21588	1.60.1.69913	1.60.1.70170
21589	1.60.1.69913	1.60.1.70170
21590	1.60.1.69913	1.60.1.70170
21591	1.60.1.69913	1.60.1.70170
21592	1.60.1.69913	1.60.1.70170
21593	1.60.1.69913	1.60.1.70170
21594	1.60.1.69913	1.60.1.70170
21595	1.60.1.69913	1.60.1.70170
21596	1.60.1.69913	1.60.1.70170
21597	1.60.1.69913	1.60.1.70170
21598	1.60.1.69913	1.60.1.70170
21600	1.60.1.69913	1.60.1.70170
21601	1.60.1.69913	1.60.1.70170
21602	1.60.1.69913	1.60.1.70170
21604	1.60.1.69913	1.60.1.70170
21605	1.60.1.69913	1.60.1.70170
21606	1.60.1.69913	1.60.1.70170
21607	1.60.1.69913	1.60.1.70170
21608	1.60.1.69913	1.60.1.70170
21609	1.60.1.69913	1.60.1.70170
21610	1.60.1.69913	1.60.1.70170
21611	1.60.1.69913	1.60.1.70170
21612	1.60.1.69913	1.60.1.70170
21613	1.60.1.69913	1.60.1.70170
21614	1.60.1.69913	1.60.1.70170
21615	1.60.1.69913	1.60.1.70170
21616	1.60.1.69913	1.60.1.70170
21618	1.60.1.69913	1.60.1.70170
21619	1.60.1.69913	1.60.1.70170
21620	1.60.1.69913	1.60.1.70170
21622	1.60.1.69913	1.60.1.70170
21623	1.60.1.69913	1.60.1.70170
21624	1.60.1.69913	1.60.1.70170
21625	1.60.1.69913	1.60.1.70170
21628	1.60.1.69913	1.60.1.70170
21629	1.60.1.69913	1.60.1.70170
21630	1.60.1.69913	1.60.1.70170
21631	1.60.1.69913	1.60.1.70170
21632	1.60.1.69913	1.60.1.70170
21633	1.60.1.69913	1.60.1.70170
21634	1.60.1.69913	1.60.1.70170
21636	1.60.1.69913	1.60.1.70170
21637	1.60.1.69913	1.60.1.70170
21638	1.60.1.69913	1.60.1.70170
21639	1.60.1.69913	1.60.1.70170
21640	1.60.1.69913	1.60.1.70170
21641	1.60.1.69913	1.60.1.70170
21642	1.60.1.69913	1.60.1.70170
21643	1.60.1.69913	1.60.1.70170
21644	1.60.1.69913	1.60.1.70170
21645	1.60.1.69913	1.60.1.70170
21646	1.60.1.69913	1.60.1.70170
21647	1.60.1.69913	1.60.1.70170
21648	1.60.1.69913	1.60.1.70170
21649	1.60.1.69913	1.60.1.70170
21650	1.60.1.69913	1.60.1.70170
21653	1.60.1.69913	1.60.1.70170
21655	1.60.1.69913	1.60.1.70170
21656	1.60.1.69913	1.60.1.70170
21657	1.60.1.69913	1.60.1.70170
21658	1.60.1.69913	1.60.1.70170
21659	1.60.1.69913	1.60.1.70170
21660	1.60.1.69913	1.60.1.70170
21661	1.60.1.69913	1.60.1.70170
21662	1.60.1.69913	1.60.1.70170
21663	1.60.1.69913	1.60.1.70170
21664	1.60.1.69913	1.60.1.70170
21665	1.60.1.69913	1.60.1.70170
21667	1.60.1.69913	1.60.1.70170
21669	1.60.1.69913	1.60.1.70170
21670	1.60.1.69913	1.60.1.70170
21672	1.60.1.69913	1.60.1.70170
21674	1.60.1.69913	1.60.1.70170
21677	1.60.1.69913	1.60.1.70170
21678	1.60.1.69913	1.60.1.70170
21681	1.60.1.69913	1.60.1.70170
21685	1.60.1.69913	1.60.1.70170
21687	1.60.1.69913	1.60.1.70170
21690	1.60.1.69913	1.60.1.70170
21693	1.60.1.69913	1.60.1.70170
21694	1.60.1.69913	1.60.1.70170
21695	1.60.1.69913	1.60.1.70170
21700	1.60.1.69913	1.60.1.70170
21702	1.60.1.69913	1.60.1.70170
21707	1.60.1.69913	1.60.1.70170
21709	1.60.1.69913	1.60.1.70170
21710	1.60.1.69913	1.60.1.70170
21711	1.60.1.69913	1.60.1.70170
21712	1.60.1.69913	1.60.1.70170
21713	1.60.1.69913	1.60.1.70170
21714	1.60.1.69913	1.60.1.70170
21716	1.60.1.69913	1.60.1.70170
21717	1.60.1.69913	1.60.1.70170
21718	1.60.1.69913	1.60.1.70170
21719	1.60.1.69913	1.60.1.70170
21720	1.60.1.69913	1.60.1.70170
21721	1.60.1.69913	1.60.1.70170
21722	1.60.1.69913	1.60.1.70170
21723	1.60.1.69913	1.60.1.70170
21724	1.60.1.69913	1.60.1.70170
21725	1.60.1.69913	1.60.1.70170
21726	1.60.1.69913	1.60.1.70170
21727	1.60.1.69913	1.60.1.70170
21728	1.60.1.69913	1.60.1.70170
21729	1.60.1.69913	1.60.1.70170
21730	1.60.1.69913	1.60.1.70170
21731	1.60.1.69913	1.60.1.70170
21732	1.60.1.69913	1.60.1.70170
21733	1.60.1.69913	1.60.1.70170
21734	1.60.1.69913	1.60.1.70170
21735	1.60.1.69913	1.60.1.70170
21736	1.60.1.69913	1.60.1.70170
21737	1.60.1.69913	1.60.1.70170
21738	1.60.1.69913	1.60.1.70170
21744	1.60.1.69913	1.60.1.70170
21745	1.60.1.69913	1.60.1.70170
21746	1.60.1.69913	1.60.1.70170
21747	1.60.1.69913	1.60.1.70170
21749	1.60.1.69913	1.60.1.70170
21750	1.60.1.69913	1.60.1.70170
21751	1.60.1.69913	1.60.1.70170
21761	1.60.1.69913	1.60.1.70170
21762	1.60.1.69913	1.60.1.70170
21782	1.60.1.69913	1.60.1.70170
21794	1.60.1.69913	1.60.1.70170
21795	1.60.1.69913	1.60.1.70170
21796	1.60.1.69913	1.60.1.70170
21809	1.60.1.69913	1.60.1.70170
21812	1.60.1.69913	1.60.1.70170
21813	1.60.1.69913	1.60.1.70170
21815	1.60.1.69913	1.60.1.70170
21816	1.60.1.69913	1.60.1.70170
21817	1.60.1.69913	1.60.1.70170
21818	1.60.1.69913	1.60.1.70170
21819	1.60.1.69913	1.60.1.70170
21820	1.60.1.69913	1.60.1.70170
21821	1.60.1.69913	1.60.1.70170
21822	1.60.1.69913	1.60.1.70170
21823	1.60.1.69913	1.60.1.70170
21829	1.60.1.69913	1.60.1.70170
21830	1.60.1.69913	1.60.1.70170
21831	1.60.1.69913	1.60.1.70170
21833	1.60.1.69913	1.60.1.70170
21836	1.60.1.69913	1.60.1.70170
21839	1.60.1.69913	1.60.1.70170
21857	1.60.1.69913	1.60.1.70170
21888	1.60.1.69913	1.60.1.70170
21890	1.60.1.69913	1.60.1.70170
21891	1.60.1.69913	1.60.1.70170
21920	1.60.1.69913	1.60.1.70170
21921	1.60.1.69913	1.60.1.70170
21925	1.60.1.69913	1.60.1.70170
21926	1.60.1.69913	1.60.1.70170
21928	1.60.1.69913	1.60.1.70170
21935	1.60.1.69913	1.60.1.70170
21936	1.60.1.69913	1.60.1.70170
21937	1.60.1.69913	1.60.1.70170
21938	1.60.1.69913	1.60.1.70170
21939	1.60.1.69913	1.60.1.70170
21946	1.60.1.69913	1.60.1.70170
21960	1.60.1.69913	1.60.1.70170
21975	1.60.1.69913	1.60.1.70170
21979	1.60.1.69913	1.60.1.70170
21980	1.60.1.69913	1.60.1.70170
21981	1.60.1.69913	1.60.1.70170
21982	1.60.1.69913	1.60.1.70170
21983	1.60.1.69913	1.60.1.70170
21984	1.60.1.69913	1.60.1.70170
21985	1.60.1.69913	1.60.1.70170
21986	1.60.1.69913	1.60.1.70170
21987	1.60.1.69913	1.60.1.70170
21988	1.60.1.69913	1.60.1.70170
21989	1.60.1.69913	1.60.1.70170
21994	1.60.1.69913	1.60.1.70170
21995	1.60.1.69913	1.60.1.70170
21996	1.60.1.69913	1.60.1.70170
21997	1.60.1.69913	1.60.1.70170
21998	1.60.1.69913	1.60.1.70170
21999	1.60.1.69913	1.60.1.70170
22000	1.60.1.69913	1.60.1.70170
22001	1.60.1.69913	1.60.1.70170
22002	1.60.1.69913	1.60.1.70170
22003	1.60.1.69913	1.60.1.70170
22004	1.60.1.69913	1.60.1.70170
22005	1.60.1.69913	1.60.1.70170
22006	1.60.1.69913	1.60.1.70170
22007	1.60.1.69913	1.60.1.70170
22008	1.60.1.69913	1.60.1.70170
22009	1.60.1.69913	1.60.1.70170
22010	1.60.1.69913	1.60.1.70170
22011	1.60.1.69913	1.60.1.70170
22013	1.60.1.69913	1.60.1.70170
22014	1.60.1.69913	1.60.1.70170
22015	1.60.1.69913	1.60.1.70170
22016	1.60.1.69913	1.60.1.70170
22017	1.60.1.69913	1.60.1.70170
22045	1.60.1.69913	1.60.1.70170
22046	1.60.1.69913	1.60.1.70170
22047	1.60.1.69913	1.60.1.70170
22048	1.60.1.69913	1.60.1.70170
22049	1.60.1.69913	1.60.1.70170
22050	1.60.1.69913	1.60.1.70170
22051	1.60.1.69913	1.60.1.70170
22052	1.60.1.69913	1.60.1.70170
22056	1.60.1.69913	1.60.1.70170
22057	1.60.1.69913	1.60.1.70170
22058	1.60.1.69913	1.60.1.70170
22059	1.60.1.69913	1.60.1.70170
22060	1.60.1.69913	1.60.1.70170
22061	1.60.1.69913	1.60.1.70170
22062	1.60.1.69913	1.60.1.70170
22063	1.60.1.69913	1.60.1.70170
22064	1.60.1.69913	1.60.1.70170
22065	1.60.1.69913	1.60.1.70170
22066	1.60.1.69913	1.60.1.70170
22067	1.60.1.69913	1.60.1.70170
22068	1.60.1.69913	1.60.1.70170
22069	1.60.1.69913	1.60.1.70170
22070	1.60.1.69913	1.60.1.70170
22071	1.60.1.69913	1.60.1.70170
22072	1.60.1.69913	1.60.1.70170
22073	1.60.1.69913	1.60.1.70170
22074	1.60.1.69913	1.60.1.70170
22075	1.60.1.69913	1.60.1.70170
22076	1.60.1.69913	1.60.1.70170
22077	1.60.1.69913	1.60.1.70170
22078	1.60.1.69913	1.60.1.70170
22079	1.60.1.69913	1.60.1.70170
22080	1.60.1.69913	1.60.1.70170
22081	1.60.1.69913	1.60.1.70170
22082	1.60.1.69913	1.60.1.70170
22083	1.60.1.69913	1.60.1.70170
22084	1.60.1.69913	1.60.1.70170
22085	1.60.1.69913	1.60.1.70170
22086	1.60.1.69913	1.60.1.70170
22087	1.60.1.69913	1.60.1.70170
22088	1.60.1.69913	1.60.1.70170
22089	1.60.1.69913	1.60.1.70170
22090	1.60.1.69913	1.60.1.70170
22091	1.60.1.69913	1.60.1.70170
22092	1.60.1.69913	1.60.1.70170
22093	1.60.1.69913	1.60.1.70170
22094	1.60.1.69913	1.60.1.70170
22095	1.60.1.69913	1.60.1.70170
22096	1.60.1.69913	1.60.1.70170
22097	1.60.1.69913	1.60.1.70170
22098	1.60.1.69913	1.60.1.70170
22099	1.60.1.69913	1.60.1.70170
22100	1.60.1.69913	1.60.1.70170
22101	1.60.1.69913	1.60.1.70170
22102	1.60.1.69913	1.60.1.70170
22106	1.60.1.69913	1.60.1.70170
22107	1.60.1.69913	1.60.1.70170
22108	1.60.1.69913	1.60.1.70170
22109	1.60.1.69913	1.60.1.70170
22110	1.60.1.69913	1.60.1.70170
22111	1.60.1.69913	1.60.1.70170
22112	1.60.1.69913	1.60.1.70170
22113	1.60.1.69913	1.60.1.70170
22114	1.60.1.69913	1.60.1.70170
22115	1.60.1.69913	1.60.1.70170
22117	1.60.1.69913	1.60.1.70170
22119	1.60.1.69913	1.60.1.70170
22120	1.60.1.69913	1.60.1.70170
22121	1.60.1.69913	1.60.1.70170
22122	1.60.1.69913	1.60.1.70170
22123	1.60.1.69913	1.60.1.70170
22131	1.60.1.69913	1.60.1.70170
22132	1.60.1.69913	1.60.1.70170
22133	1.60.1.69913	1.60.1.70170
22134	1.60.1.69913	1.60.1.70170
22135	1.60.1.69913	1.60.1.70170
22136	1.60.1.69913	1.60.1.70170
22137	1.60.1.69913	1.60.1.70170
22138	1.60.1.69913	1.60.1.70170
22139	1.60.1.69913	1.60.1.70170
22140	1.60.1.69913	1.60.1.70170
22141	1.60.1.69913	1.60.1.70170
22142	1.60.1.69913	1.60.1.70170
22143	1.60.1.69913	1.60.1.70170
22144	1.60.1.69913	1.60.1.70170
22145	1.60.1.69913	1.60.1.70170
22149	1.60.1.69913	1.60.1.70170
22150	1.60.1.69913	1.60.1.70170
22151	1.60.1.69913	1.60.1.70170
22152	1.60.1.69913	1.60.1.70170
22154	1.60.1.69913	1.60.1.70170
22155	1.60.1.69913	1.60.1.70170
22156	1.60.1.69913	1.60.1.70170
22157	1.60.1.69913	1.60.1.70170
22158	1.60.1.69913	1.60.1.70170
22159	1.60.1.69913	1.60.1.70170
22160	1.60.1.69913	1.60.1.70170
22161	1.60.1.69913	1.60.1.70170
22162	1.60.1.69913	1.60.1.70170
22163	1.60.1.69913	1.60.1.70170
22164	1.60.1.69913	1.60.1.70170
22165	1.60.1.69913	1.60.1.70170
22166	1.60.1.69913	1.60.1.70170
22167	1.60.1.69913	1.60.1.70170
22168	1.60.1.69913	1.60.1.70170
22169	1.60.1.69913	1.60.1.70170
22170	1.60.1.69913	1.60.1.70170
22171	1.60.1.69913	1.60.1.70170
22172	1.60.1.69913	1.60.1.70170
22173	1.60.1.69913	1.60.1.70170
22174	1.60.1.69913	1.60.1.70170
22175	1.60.1.69913	1.60.1.70170
22176	1.60.1.69913	1.60.1.70170
22177	1.60.1.69913	1.60.1.70170
22178	1.60.1.69913	1.60.1.70170
22191	1.60.1.69913	1.60.1.70170
22192	1.60.1.69913	1.60.1.70170
22193	1.60.1.69913	1.60.1.70170
22194	1.60.1.69913	1.60.1.70170
22195	1.60.1.69913	1.60.1.70170
22196	1.60.1.69913	1.60.1.70170
22197	1.60.1.69913	1.60.1.70170
22198	1.60.1.69913	1.60.1.70170
22199	1.60.1.69913	1.60.1.70170
22200	1.60.1.69913	1.60.1.70170
22201	1.60.1.69913	1.60.1.70170
22202	1.60.1.69913	1.60.1.70170
22203	1.60.1.69913	1.60.1.70170
22206	1.60.1.69913	1.60.1.70170
22210	1.60.1.69913	1.60.1.70170
22211	1.60.1.69913	1.60.1.70170
22213	1.60.1.69913	1.60.1.70170
22215	1.60.1.69913	1.60.1.70170
22216	1.60.1.69913	1.60.1.70170
22217	1.60.1.69913	1.60.1.70170
22218	1.60.1.69913	1.60.1.70170
22219	1.60.1.69913	1.60.1.70170
22220	1.60.1.69913	1.60.1.70170
22221	1.60.1.69913	1.60.1.70170
22222	1.60.1.69913	1.60.1.70170
22224	1.60.1.69913	1.60.1.70170
22226	1.60.1.69913	1.60.1.70170
22227	1.60.1.69913	1.60.1.70170
22228	1.60.1.69913	1.60.1.70170
22229	1.60.1.69913	1.60.1.70170
22230	1.60.1.69913	1.60.1.70170
22233	1.60.1.69913	1.60.1.70170
22235	1.60.1.69913	1.60.1.70170
22236	1.60.1.69913	1.60.1.70170
22237	1.60.1.69913	1.60.1.70170
22238	1.60.1.69913	1.60.1.70170
22239	1.60.1.69913	1.60.1.70170
22243	1.60.1.69913	1.60.1.70170
22244	1.60.1.69913	1.60.1.70170
22246	1.60.1.69913	1.60.1.70170
22248	1.60.1.69913	1.60.1.70170
22249	1.60.1.69913	1.60.1.70170
22250	1.60.1.69913	1.60.1.70170
22251	1.60.1.69913	1.60.1.70170
22252	1.60.1.69913	1.60.1.70170
22259	1.60.1.69913	1.60.1.70170
22260	1.60.1.69913	1.60.1.70170
22261	1.60.1.69913	1.60.1.70170
22262	1.60.1.69913	1.60.1.70170
22263	1.60.1.69913	1.60.1.70170
22264	1.60.1.69913	1.60.1.70170
22265	1.60.1.69913	1.60.1.70170
22273	1.60.1.69913	1.60.1.70170
22276	1.60.1.69913	1.60.1.70170
22277	1.60.1.69913	1.60.1.70170
22278	1.60.1.69913	1.60.1.70170
22279	1.60.1.69913	1.60.1.70170
22280	1.60.1.69913	1.60.1.70170
22281	1.60.1.69913	1.60.1.70170
22282	1.60.1.69913	1.60.1.70170
22283	1.60.1.69913	1.60.1.70170
22284	1.60.1.69913	1.60.1.70170
22285	1.60.1.69913	1.60.1.70170
22286	1.60.1.69913	1.60.1.70170
22287	1.60.1.69913	1.60.1.70170
22288	1.60.1.69913	1.60.1.70170
22289	1.60.1.69913	1.60.1.70170
22290	1.60.1.69913	1.60.1.70170
22291	1.60.1.69913	1.60.1.70170
22292	1.60.1.69913	1.60.1.70170
22293	1.60.1.69913	1.60.1.70170
22294	1.60.1.69913	1.60.1.70170
22295	1.60.1.69913	1.60.1.70170
22296	1.60.1.69913	1.60.1.70170
22297	1.60.1.69913	1.60.1.70170
22298	1.60.1.69913	1.60.1.70170
22299	1.60.1.69913	1.60.1.70170
22300	1.60.1.69913	1.60.1.70170
22307	1.60.1.69913	1.60.1.70170
22308	1.60.1.69913	1.60.1.70170
22309	1.60.1.69913	1.60.1.70170
22310	1.60.1.69913	1.60.1.70170
22312	1.60.1.69913	1.60.1.70170
22316	1.60.1.69913	1.60.1.70170
22320	1.60.1.69913	1.60.1.70170
22324	1.60.1.69913	1.60.1.70170
22338	1.60.1.69913	1.60.1.70170
22341	1.60.1.69913	1.60.1.70170
22344	1.60.1.69913	1.60.1.70170
22346	1.60.1.69913	1.60.1.70170
22347	1.60.1.69913	1.60.1.70170
22348	1.60.1.69913	1.60.1.70170
22349	1.60.1.69913	1.60.1.70170
22350	1.60.1.69913	1.60.1.70170
22351	1.60.1.69913	1.60.1.70170
22352	1.60.1.69913	1.60.1.70170
22353	1.60.1.69913	1.60.1.70170
22354	1.60.1.69913	1.60.1.70170
22355	1.60.1.69913	1.60.1.70170
22356	1.60.1.69913	1.60.1.70170
22357	1.60.1.69913	1.60.1.70170
22358	1.60.1.69913	1.60.1.70170
22359	1.60.1.69913	1.60.1.70170
22360	1.60.1.69913	1.60.1.70170
22361	1.60.1.69913	1.60.1.70170
22362	1.60.1.69913	1.60.1.70170
22363	1.60.1.69913	1.60.1.70170
22364	1.60.1.69913	1.60.1.70170
22365	1.60.1.69913	1.60.1.70170
22366	1.60.1.69913	1.60.1.70170
22367	1.60.1.69913	1.60.1.70170
22368	1.60.1.69913	1.60.1.70170
22369	1.60.1.69913	1.60.1.70170
22370	1.60.1.69913	1.60.1.70170
22371	1.60.1.69913	1.60.1.70170
22372	1.60.1.69913	1.60.1.70170
22373	1.60.1.69913	1.60.1.70170
22374	1.60.1.69913	1.60.1.70170
22375	1.60.1.69913	1.60.1.70170
22376	1.60.1.69913	1.60.1.70170
22377	1.60.1.69913	1.60.1.70170
22378	1.60.1.69913	1.60.1.70170
22379	1.60.1.69913	1.60.1.70170
22380	1.60.1.69913	1.60.1.70170
22381	1.60.1.69913	1.60.1.70170
22382	1.60.1.69913	1.60.1.70170
22383	1.60.1.69913	1.60.1.70170
22384	1.60.1.69913	1.60.1.70170
22385	1.60.1.69913	1.60.1.70170
22386	1.60.1.69913	1.60.1.70170
22387	1.60.1.69913	1.60.1.70170
22388	1.60.1.69913	1.60.1.70170
22389	1.60.1.69913	1.60.1.70170
22390	1.60.1.69913	1.60.1.70170
22391	1.60.1.69913	1.60.1.70170
22392	1.60.1.69913	1.60.1.70170
22393	1.60.1.69913	1.60.1.70170
22396	1.60.1.69913	1.60.1.70170
22399	1.60.1.69913	1.60.1.70170
22402	1.60.1.69913	1.60.1.70170
22416	1.60.1.69913	1.60.1.70170
22417	1.60.1.69913	1.60.1.70170
22418	1.60.1.69913	1.60.1.70170
22419	1.60.1.69913	1.60.1.70170
22420	1.60.1.69913	1.60.1.70170
22421	1.60.1.69913	1.60.1.70170
22422	1.60.1.69913	1.60.1.70170
22423	1.60.1.69913	1.60.1.70170
22424	1.60.1.69913	1.60.1.70170
22425	1.60.1.69913	1.60.1.70170
22426	1.60.1.69913	1.60.1.70170
22427	1.60.1.69913	1.60.1.70170
22428	1.60.1.69913	1.60.1.70170
22429	1.60.1.69913	1.60.1.70170
22430	1.60.1.69913	1.60.1.70170
22431	1.60.1.69913	1.60.1.70170
22432	1.60.1.69913	1.60.1.70170
22434	1.60.1.69913	1.60.1.70170
22435	1.60.1.69913	1.60.1.70170
22436	1.60.1.69913	1.60.1.70170
22437	1.60.1.69913	1.60.1.70170
22438	1.60.1.69913	1.60.1.70170
22439	1.60.1.69913	1.60.1.70170
22440	1.60.1.69913	1.60.1.70170
22441	1.60.1.69913	1.60.1.70170
22442	1.60.1.69913	1.60.1.70170
22443	1.60.1.69913	1.60.1.70170
22444	1.60.1.69913	1.60.1.70170
22464	1.60.1.69913	1.60.1.70170
22465	1.60.1.69913	1.60.1.70170
22466	1.60.1.69913	1.60.1.70170
22467	1.60.1.69913	1.60.1.70170
22468	1.60.1.69913	1.60.1.70170
22469	1.60.1.69913	1.60.1.70170
22470	1.60.1.69913	1.60.1.70170
22471	1.60.1.69913	1.60.1.70170
22476	1.60.1.69913	1.60.1.70170
22477	1.60.1.69913	1.60.1.70170
22478	1.60.1.69913	1.60.1.70170
22479	1.60.1.69913	1.60.1.70170
22480	1.60.1.69913	1.60.1.70170
22481	1.60.1.69913	1.60.1.70170
22482	1.60.1.69913	1.60.1.70170
22483	1.60.1.69913	1.60.1.70170
22484	1.60.1.69913	1.60.1.70170
22485	1.60.1.69913	1.60.1.70170
22486	1.60.1.69913	1.60.1.70170
22488	1.60.1.69913	1.60.1.70170
22489	1.60.1.69913	1.60.1.70170
22490	1.60.1.69913	1.60.1.70170
22491	1.60.1.69913	1.60.1.70170
22492	1.60.1.69913	1.60.1.70170
22493	1.60.1.69913	1.60.1.70170
22494	1.60.1.69913	1.60.1.70170
22495	1.60.1.69913	1.60.1.70170
22496	1.60.1.69913	1.60.1.70170
22497	1.60.1.69913	1.60.1.70170
22498	1.60.1.69913	1.60.1.70170
22499	1.60.1.69913	1.60.1.70170
22500	1.60.1.69913	1.60.1.70170
22501	1.60.1.69913	1.60.1.70170
22502	1.60.1.69913	1.60.1.70170
22503	1.60.1.69913	1.60.1.70170
22504	1.60.1.69913	1.60.1.70170
22505	1.60.1.69913	1.60.1.70170
22506	1.60.1.69913	1.60.1.70170
22507	1.60.1.69913	1.60.1.70170
22508	1.60.1.69913	1.60.1.70170
22509	1.60.1.69913	1.60.1.70170
22510	1.60.1.69913	1.60.1.70170
22511	1.60.1.69913	1.60.1.70170
22512	1.60.1.69913	1.60.1.70170
22513	1.60.1.69913	1.60.1.70170
22514	1.60.1.69913	1.60.1.70170
22515	1.60.1.69913	1.60.1.70170
22516	1.60.1.69913	1.60.1.70170
22517	1.60.1.69913	1.60.1.70170
22518	1.60.1.69913	1.60.1.70170
22519	1.60.1.69913	1.60.1.70170
22520	1.60.1.69913	1.60.1.70170
22523	1.60.1.69913	1.60.1.70170
22524	1.60.1.69913	1.60.1.70170
22525	1.60.1.69913	1.60.1.70170
22526	1.60.1.69913	1.60.1.70170
22527	1.60.1.69913	1.60.1.70170
22528	1.60.1.69913	1.60.1.70170
22529	1.60.1.69913	1.60.1.70170
22568	1.60.1.69913	1.60.1.70170
22589	1.60.1.69913	1.60.1.70170
22593	1.60.1.69913	1.60.1.70170
22595	1.60.1.69913	1.60.1.70170
22596	1.60.1.69913	1.60.1.70170
22600	1.60.1.69913	1.60.1.70170
22601	1.60.1.69913	1.60.1.70170
22602	1.60.1.69913	1.60.1.70170
22603	1.60.1.69913	1.60.1.70170
22604	1.60.1.69913	1.60.1.70170
22605	1.60.1.69913	1.60.1.70170
22606	1.60.1.69913	1.60.1.70170
22607	1.60.1.69913	1.60.1.70170
22608	1.60.1.69913	1.60.1.70170
22609	1.60.1.69913	1.60.1.70170
22610	1.60.1.69913	1.60.1.70170
22611	1.60.1.69913	1.60.1.70170
22612	1.60.1.69913	1.60.1.70170
22613	1.60.1.69913	1.60.1.70170
22614	1.60.1.69913	1.60.1.70170
22615	1.60.1.69913	1.60.1.70170
22616	1.60.1.69913	1.60.1.70170
22617	1.60.1.69913	1.60.1.70170
22618	1.60.1.69913	1.60.1.70170
22619	1.60.1.69913	1.60.1.70170
22620	1.60.1.69913	1.60.1.70170
22621	1.60.1.69913	1.60.1.70170
22622	1.60.1.69913	1.60.1.70170
22623	1.60.1.69913	1.60.1.70170
22624	1.60.1.69913	1.60.1.70170
22625	1.60.1.69913	1.60.1.70170
22626	1.60.1.69913	1.60.1.70170
22630	1.60.1.69913	1.60.1.70170
22631	1.60.1.69913	1.60.1.70170
22632	1.60.1.69913	1.60.1.70170
22635	1.60.1.69913	1.60.1.70170
22636	1.60.1.69913	1.60.1.70170
22637	1.60.1.69913	1.60.1.70170
22638	1.60.1.69913	1.60.1.70170
22648	1.60.1.69913	1.60.1.70170
22649	1.60.1.69913	1.60.1.70170
22650	1.60.1.69913	1.60.1.70170
22651	1.60.1.69913	1.60.1.70170
22652	1.60.1.69913	1.60.1.70170
22654	1.60.1.69913	1.60.1.70170
22655	1.60.1.69913	1.60.1.70170
22656	1.60.1.69913	1.60.1.70170
22657	1.60.1.69913	1.60.1.70170
22658	1.60.1.69913	1.60.1.70170
22659	1.60.1.69913	1.60.1.70170
22660	1.60.1.69913	1.60.1.70170
22661	1.60.1.69913	1.60.1.70170
22662	1.60.1.69913	1.60.1.70170
22663	1.60.1.69913	1.60.1.70170
22664	1.60.1.69913	1.60.1.70170
22665	1.60.1.69913	1.60.1.70170
22666	1.60.1.69913	1.60.1.70170
22667	1.60.1.69913	1.60.1.70170
22668	1.60.1.69913	1.60.1.70170
22669	1.60.1.69913	1.60.1.70170
22670	1.60.1.69913	1.60.1.70170
22671	1.60.1.69913	1.60.1.70170
22672	1.60.1.69913	1.60.1.70170
22673	1.60.1.69913	1.60.1.70170
22676	1.60.1.69913	1.60.1.70170
22678	1.60.1.69913	1.60.1.70170
22679	1.60.1.69913	1.60.1.70170
22680	1.60.1.69913	1.60.1.70170
22681	1.60.1.69913	1.60.1.70170
22682	1.60.1.69913	1.60.1.70170
22683	1.60.1.69913	1.60.1.70170
22688	1.60.1.69913	1.60.1.70170
22689	1.60.1.69913	1.60.1.70170
22690	1.60.1.69913	1.60.1.70170
22699	1.60.1.69913	1.60.1.70170
22700	1.60.1.69913	1.60.1.70170
22701	1.60.1.69913	1.60.1.70170
22702	1.60.1.69913	1.60.1.70170
22703	1.60.1.69913	1.60.1.70170
22704	1.60.1.69913	1.60.1.70170
22705	1.60.1.69913	1.60.1.70170
22707	1.60.1.69913	1.60.1.70170
22708	1.60.1.69913	1.60.1.70170
22709	1.60.1.69913	1.60.1.70170
22719	1.60.1.69913	1.60.1.70170
22723	1.60.1.69913	1.60.1.70170
22724	1.60.1.69913	1.60.1.70170
22725	1.60.1.69913	1.60.1.70170
22726	1.60.1.69913	1.60.1.70170
22727	1.60.1.69913	1.60.1.70170
22728	1.60.1.69913	1.60.1.70170
22729	1.60.1.69913	1.60.1.70170
22732	1.60.1.69913	1.60.1.70170
22733	1.60.1.69913	1.60.1.70170
22734	1.60.1.69913	1.60.1.70170
22737	1.60.1.69913	1.60.1.70170
22738	1.60.1.69913	1.60.1.70170
22739	1.60.1.69913	1.60.1.70170
22740	1.60.1.69913	1.60.1.70170
22741	1.60.1.69913	1.60.1.70170
22742	1.60.1.69913	1.60.1.70170
22743	1.60.1.69913	1.60.1.70170
22744	1.60.1.69913	1.60.1.70170
22745	1.60.1.69913	1.60.1.70170
22746	1.60.1.69913	1.60.1.70170
22747	1.60.1.69913	1.60.1.70170
22748	1.60.1.69913	1.60.1.70170
22749	1.60.1.69913	1.60.1.70170
22750	1.60.1.69913	1.60.1.70170
22752	1.60.1.69913	1.60.1.70170
22753	1.60.1.69913	1.60.1.70170
22754	1.60.1.69913	1.60.1.70170
22756	1.60.1.69913	1.60.1.70170
22757	1.60.1.69913	1.60.1.70170
22758	1.60.1.69913	1.60.1.70170
22759	1.60.1.69913	1.60.1.70170
22760	1.60.1.69913	1.60.1.70170
22761	1.60.1.69913	1.60.1.70170
22765	1.60.1.69913	1.60.1.70170
22772	1.60.1.69913	1.60.1.70170
22773	1.60.1.69913	1.60.1.70170
22774	1.60.1.69913	1.60.1.70170
22780	1.60.1.69913	1.60.1.70170
22781	1.60.1.69913	1.60.1.70170
22805	1.60.1.69913	1.60.1.70170
22814	1.60.1.69913	1.60.1.70170
22817	1.60.1.69913	1.60.1.70170
22822	1.60.1.69913	1.60.1.70170
22843	1.60.1.69913	1.60.1.70170
22852	1.60.1.69913	1.60.1.70170
22855	1.60.1.69913	1.60.1.70170
22856	1.60.1.69913	1.60.1.70170
22857	1.60.1.69913	1.60.1.70170
22858	1.60.1.69913	1.60.1.70170
22859	1.60.1.69913	1.60.1.70170
22860	1.60.1.69913	1.60.1.70170
22862	1.60.1.69913	1.60.1.70170
22863	1.60.1.69913	1.60.1.70170
22864	1.60.1.69913	1.60.1.70170
22865	1.60.1.69913	1.60.1.70170
22867	1.60.1.69913	1.60.1.70170
22868	1.60.1.69913	1.60.1.70170
22869	1.60.1.69913	1.60.1.70170
22870	1.60.1.69913	1.60.1.70170
22872	1.60.1.69913	1.60.1.70170
22873	1.60.1.69913	1.60.1.70170
22874	1.60.1.69913	1.60.1.70170
22875	1.60.1.69913	1.60.1.70170
22876	1.60.1.69913	1.60.1.70170
22877	1.60.1.69913	1.60.1.70170
22878	1.60.1.69913	1.60.1.70170
22879	1.60.1.69913	1.60.1.70170
22880	1.60.1.69913	1.60.1.70170
22881	1.60.1.69913	1.60.1.70170
22882	1.60.1.69913	1.60.1.70170
22883	1.60.1.69913	1.60.1.70170
22884	1.60.1.69913	1.60.1.70170
22885	1.60.1.69913	1.60.1.70170
22886	1.60.1.69913	1.60.1.70170
22887	1.60.1.69913	1.60.1.70170
22890	1.60.1.69913	1.60.1.70170
22891	1.60.1.69913	1.60.1.70170
22892	1.60.1.69913	1.60.1.70170
22895	1.60.1.69913	1.60.1.70170
22897	1.60.1.69913	1.60.1.70170
22930	1.60.1.69913	1.60.1.70170
22932	1.60.1.69913	1.60.1.70170
22933	1.60.1.69913	1.60.1.70170
22935	1.60.1.69913	1.60.1.70170
22939	1.60.1.69913	1.60.1.70170
22940	1.60.1.69913	1.60.1.70170
22941	1.60.1.69913	1.60.1.70170
22943	1.60.1.69913	1.60.1.70170
22944	1.60.1.69913	1.60.1.70170
22945	1.60.1.69913	1.60.1.70170
22946	1.60.1.69913	1.60.1.70170
22947	1.60.1.69913	1.60.1.70170
22948	1.60.1.69913	1.60.1.70170
22949	1.60.1.69913	1.60.1.70170
22950	1.60.1.69913	1.60.1.70170
22954	1.60.1.69913	1.60.1.70170
22961	1.60.1.69913	1.60.1.70170
22967	1.60.1.69913	1.60.1.70170
22968	1.60.1.69913	1.60.1.70170
22970	1.60.1.69913	1.60.1.70170
22972	1.60.1.69913	1.60.1.70170
22973	1.60.1.69913	1.60.1.70170
22974	1.60.1.69913	1.60.1.70170
22975	1.60.1.69913	1.60.1.70170
22977	1.60.1.69913	1.60.1.70170
22981	1.60.1.69913	1.60.1.70170
22999	1.60.1.69913	1.60.1.70170
23001	1.60.1.69913	1.60.1.70170
23002	1.60.1.69913	1.60.1.70170
23004	1.60.1.69913	1.60.1.70170
23005	1.60.1.69913	1.60.1.70170
23006	1.60.1.69913	1.60.1.70170
23007	1.60.1.69913	1.60.1.70170
23008	1.60.1.69913	1.60.1.70170
23010	1.60.1.69913	1.60.1.70170
23011	1.60.1.69913	1.60.1.70170
23012	1.60.1.69913	1.60.1.70170
23013	1.60.1.69913	1.60.1.70170
23015	1.60.1.69913	1.60.1.70170
23016	1.60.1.69913	1.60.1.70170
23018	1.60.1.69913	1.60.1.70170
23019	1.60.1.69913	1.60.1.70170
23020	1.60.1.69913	1.60.1.70170
23022	1.60.1.69913	1.60.1.70170
23023	1.60.1.69913	1.60.1.70170
23024	1.60.1.69913	1.60.1.70170
23025	1.60.1.69913	1.60.1.70170
23027	1.60.1.69913	1.60.1.70170
23028	1.60.1.69913	1.60.1.70170
23031	1.60.1.69913	1.60.1.70170
23032	1.60.1.69913	1.60.1.70170
23033	1.60.1.69913	1.60.1.70170
23034	1.60.1.69913	1.60.1.70170
23036	1.60.1.69913	1.60.1.70170
23037	1.60.1.69913	1.60.1.70170
23038	1.60.1.69913	1.60.1.70170
23040	1.60.1.69913	1.60.1.70170
23041	1.60.1.69913	1.60.1.70170
23042	1.60.1.69913	1.60.1.70170
23046	1.60.1.69913	1.60.1.70170
23047	1.60.1.69913	1.60.1.70170
23053	1.60.1.69913	1.60.1.70170
23055	1.60.1.69913	1.60.1.70170
23057	1.60.1.69913	1.60.1.70170
23058	1.60.1.69913	1.60.1.70170
23059	1.60.1.69913	1.60.1.70170
23060	1.60.1.69913	1.60.1.70170
23061	1.60.1.69913	1.60.1.70170
23062	1.60.1.69913	1.60.1.70170
23063	1.60.1.69913	1.60.1.70170
23064	1.60.1.69913	1.60.1.70170
23065	1.60.1.69913	1.60.1.70170
23066	1.60.1.69913	1.60.1.70170
23067	1.60.1.69913	1.60.1.70170
23078	1.60.1.69913	1.60.1.70170
23081	1.60.1.69913	1.60.1.70170
23082	1.60.1.69913	1.60.1.70170
23083	1.60.1.69913	1.60.1.70170
23084	1.60.1.69913	1.60.1.70170
23086	1.60.1.69913	1.60.1.70170
23122	1.60.1.69913	1.60.1.70170
23123	1.60.1.69913	1.60.1.70170
23125	1.60.1.69913	1.60.1.70170
23160	1.60.1.69913	1.60.1.70170
23161	1.60.1.69913	1.60.1.70170
23162	1.60.1.69913	1.60.1.70170
23163	1.60.1.69913	1.60.1.70170
23164	1.60.1.69913	1.60.1.70170
23169	1.60.1.69913	1.60.1.70170
23172	1.60.1.69913	1.60.1.70170
23175	1.60.1.69913	1.60.1.70170
23176	1.60.1.69913	1.60.1.70170
23179	1.60.1.69913	1.60.1.70170
23180	1.60.1.69913	1.60.1.70170
23181	1.60.1.69913	1.60.1.70170
23182	1.60.1.69913	1.60.1.70170
23183	1.60.1.69913	1.60.1.70170
23184	1.60.1.69913	1.60.1.70170
23193	1.60.1.69913	1.60.1.70170
23194	1.60.1.69913	1.60.1.70170
23195	1.60.1.69913	1.60.1.70170
23196	1.60.1.69913	1.60.1.70170
23197	1.60.1.69913	1.60.1.70170
23199	1.60.1.69913	1.60.1.70170
23203	1.60.1.69913	1.60.1.70170
23206	1.60.1.69913	1.60.1.70170
23207	1.60.1.69913	1.60.1.70170
23211	1.60.1.69913	1.60.1.70170
23215	1.60.1.69913	1.60.1.70170
23224	1.60.1.69913	1.60.1.70170
23227	1.60.1.69913	1.60.1.70170
23237	1.60.1.69913	1.60.1.70170
23243	1.60.1.69913	1.60.1.70170
23244	1.60.1.69913	1.60.1.70170
23245	1.60.1.69913	1.60.1.70170
23246	1.60.1.69913	1.60.1.70170
23247	1.60.1.69913	1.60.1.70170
23250	1.60.1.69913	1.60.1.70170
23251	1.60.1.69913	1.60.1.70170
23252	1.60.1.69913	1.60.1.70170
23253	1.60.1.69913	1.60.1.70170
23254	1.60.1.69913	1.60.1.70170
23255	1.60.1.69913	1.60.1.70170
23256	1.60.1.69913	1.60.1.70170
23257	1.60.1.69913	1.60.1.70170
23258	1.60.1.69913	1.60.1.70170
23259	1.60.1.69913	1.60.1.70170
23260	1.60.1.69913	1.60.1.70170
23261	1.60.1.69913	1.60.1.70170
23262	1.60.1.69913	1.60.1.70170
23263	1.60.1.69913	1.60.1.70170
23264	1.60.1.69913	1.60.1.70170
23271	1.60.1.69913	1.60.1.70170
23272	1.60.1.69913	1.60.1.70170
23273	1.60.1.69913	1.60.1.70170
23274	1.60.1.69913	1.60.1.70170
23275	1.60.1.69913	1.60.1.70170
23276	1.60.1.69913	1.60.1.70170
23277	1.60.1.69913	1.60.1.70170
23278	1.60.1.69913	1.60.1.70170
23279	1.60.1.69913	1.60.1.70170
23280	1.60.1.69913	1.60.1.70170
23281	1.60.1.69913	1.60.1.70170
23282	1.60.1.69913	1.60.1.70170
23283	1.60.1.69913	1.60.1.70170
23284	1.60.1.69913	1.60.1.70170
23285	1.60.1.69913	1.60.1.70170
23286	1.60.1.69913	1.60.1.70170
23287	1.60.1.69913	1.60.1.70170
23288	1.60.1.69913	1.60.1.70170
23289	1.60.1.69913	1.60.1.70170
23290	1.60.1.69913	1.60.1.70170
23291	1.60.1.69913	1.60.1.70170
23292	1.60.1.69913	1.60.1.70170
23293	1.60.1.69913	1.60.1.70170
23294	1.60.1.69913	1.60.1.70170
23295	1.60.1.69913	1.60.1.70170
23296	1.60.1.69913	1.60.1.70170
23297	1.60.1.69913	1.60.1.70170
23298	1.60.1.69913	1.60.1.70170
23299	1.60.1.69913	1.60.1.70170
23300	1.60.1.69913	1.60.1.70170
23301	1.60.1.69913	1.60.1.70170
23302	1.60.1.69913	1.60.1.70170
23303	1.60.1.69913	1.60.1.70170
23304	1.60.1.69913	1.60.1.70170
23305	1.60.1.69913	1.60.1.70170
23306	1.60.1.69913	1.60.1.70170
23307	1.60.1.69913	1.60.1.70170
23308	1.60.1.69913	1.60.1.70170
23309	1.60.1.69913	1.60.1.70170
23310	1.60.1.69913	1.60.1.70170
23311	1.60.1.69913	1.60.1.70170
23312	1.60.1.69913	1.60.1.70170
23313	1.60.1.69913	1.60.1.70170
23314	1.60.1.69913	1.60.1.70170
23315	1.60.1.69913	1.60.1.70170
23316	1.60.1.69913	1.60.1.70170
23317	1.60.1.69913	1.60.1.70170
23318	1.60.1.69913	1.60.1.70170
23319	1.60.1.69913	1.60.1.70170
23320	1.60.1.69913	1.60.1.70170
23323	1.60.1.69913	1.60.1.70170
23324	1.60.1.69913	1.60.1.70170
23325	1.60.1.69913	1.60.1.70170
23326	1.60.1.69913	1.60.1.70170
23327	1.60.1.69913	1.60.1.70170
23328	1.60.1.69913	1.60.1.70170
23356	1.60.1.69913	1.60.1.70170
23360	1.60.1.69913	1.60.1.70170
23369	1.60.1.69913	1.60.1.70170
23379	1.60.1.69913	1.60.1.70170
23435	1.60.1.69913	1.60.1.70170
23451	1.60.1.69913	1.60.1.70170
23452	1.60.1.69913	1.60.1.70170
23453	1.60.1.69913	1.60.1.70170
23454	1.60.1.69913	1.60.1.70170
23455	1.60.1.69913	1.60.1.70170
23456	1.60.1.69913	1.60.1.70170
23464	1.60.1.69913	1.60.1.70170
23465	1.60.1.69913	1.60.1.70170
23466	1.60.1.69913	1.60.1.70170
23467	1.60.1.69913	1.60.1.70170
23468	1.60.1.69913	1.60.1.70170
23469	1.60.1.69913	1.60.1.70170
23545	1.60.1.69913	1.60.1.70170
23547	1.60.1.69913	1.60.1.70170
23548	1.60.1.69913	1.60.1.70170
23549	1.60.1.69913	1.60.1.70170
23557	1.60.1.69913	1.60.1.70170
23558	1.60.1.69913	1.60.1.70170
23567	1.60.1.69913	1.60.1.70170
23570	1.60.1.69913	1.60.1.70170
23578	1.60.1.69913	1.60.1.70170
23579	1.60.1.69913	1.60.1.70170
23582	1.60.1.69913	1.60.1.70170
23583	1.60.1.69913	1.60.1.70170
23656	1.60.1.69913	1.60.1.70170
23684	1.60.1.69913	1.60.1.70170
23696	1.60.1.69913	1.60.1.70170
23698	1.60.1.69913	1.60.1.70170
23699	1.60.1.69913	1.60.1.70170
23700	1.60.1.69913	1.60.1.70170
23701	1.60.1.69913	1.60.1.70170
23705	1.60.1.69913	1.60.1.70170
23709	1.60.1.69913	1.60.1.70170
23710	1.60.1.70009	1.60.1.70170
23712	1.60.1.69913	1.60.1.70170
23713	1.60.1.69913	1.60.1.70170
23714	1.60.1.69913	1.60.1.70170
23715	1.60.1.69913	1.60.1.70170
23716	1.60.1.69913	1.60.1.70170
23718	1.60.1.69913	1.60.1.70170
23719	1.60.1.69913	1.60.1.70170
23720	1.60.1.69913	1.60.1.70170
23721	1.60.1.69913	1.60.1.70170
23722	1.60.1.69913	1.60.1.70170
23743	1.60.1.69913	1.60.1.70170
23794	1.60.1.69913	1.60.1.70170
23795	1.60.1.69913	1.60.1.70170
23796	1.60.1.69913	1.60.1.70170
24071	1.60.1.69913	1.60.1.70170
24101	1.60.1.69913	1.60.1.70170
24102	1.60.1.69913	1.60.1.70170
24222	1.60.1.70009	1.60.1.70170
24231	1.60.1.69913	1.60.1.70170
24232	1.60.1.69913	1.60.1.70170
24281	1.60.1.69913	1.60.1.70170
24282	1.60.1.69913	1.60.1.70170
24283	1.60.1.69913	1.60.1.70170
24358	1.60.1.69913	1.60.1.70170
33154	1.60.1.69913	1.60.1.70170
34085	1.60.1.69913	1.60.1.70170
34086	1.60.1.69913	1.60.1.70170
34087	1.60.1.69913	1.60.1.70170
34261	1.60.1.69913	1.60.1.70170
34262	1.60.1.69913	1.60.1.70170
34319	1.60.1.69913	1.60.1.70170
44803	1.60.1.69913	1.60.1.70170
46102	1.60.1.69913	1.60.1.70170
46362	1.60.1.69913	1.60.1.70170
49311	1.60.1.69913	1.60.1.70170
49715	1.60.1.69913	1.60.1.70170
74610	1.60.1.69913	1.60.1.70170
74611	1.60.1.69913	1.60.1.70170
122270	1.60.1.69913	1.60.1.70170
122284	1.60.1.69913	1.60.1.70170
134110	1.60.1.69913	1.60.1.70170
134111	1.60.1.69913	1.60.1.70170
134112	1.60.1.69913	1.60.1.70170
135510	1.60.1.69913	1.60.1.70170
135522	1.60.1.69913	1.60.1.70170
135548	1.60.1.69913	1.60.1.70170
135549	1.60.1.69913	1.60.1.70170
135550	1.60.1.69913	1.60.1.70170
142503	1.60.1.69913	1.60.1.70170
142504	1.60.1.69913	1.60.1.70170
143539	1.60.1.69913	1.60.1.70170
158329	1.60.1.69913	1.60.1.70170
168659	1.60.1.69913	1.60.1.70170
168664	1.60.1.69913	1.60.1.70170
168665	1.60.1.69913	1.60.1.70170
172070	1.60.1.69913	1.60.1.70170
180089	1.60.1.69913	1.60.1.70170
184937	1.60.1.69913	1.60.1.70170
184938	1.60.1.69913	1.60.1.70170
189419	1.60.1.69913	1.60.1.70170
189420	1.60.1.69913	1.60.1.70170
189421	1.60.1.69913	1.60.1.70170
189426	1.60.1.69913	1.60.1.70170
189427	1.60.1.69913	1.60.1.70170
190179	1.60.1.69913	1.60.1.70170
190180	1.60.1.69913	1.60.1.70170
190181	1.60.1.69913	1.60.1.70170
190186	1.60.1.69913	1.60.1.70170
190187	1.60.1.69913	1.60.1.70170
190232	1.60.1.69913	1.60.1.70170
190307	1.60.1.69913	1.60.1.70170
190308	1.60.1.69913	1.60.1.70170
190309	1.60.1.69913	1.60.1.70170
190325	1.60.1.69913	1.60.1.70170
191204	1.60.1.69913	1.60.1.70170
191249	1.60.1.69913	1.60.1.70170
191267	1.60.1.69913	1.60.1.70170
191268	1.60.1.69913	1.60.1.70170
191272	1.60.1.69913	1.60.1.70170
191280	1.60.1.69913	1.60.1.70170
191288	1.60.1.69913	1.60.1.70170
191292	1.60.1.69913	1.60.1.70170
191312	1.60.1.69913	1.60.1.70170
191313	1.60.1.69913	1.60.1.70170
191414	1.60.1.69913	1.60.1.70170
191458	1.60.1.69913	1.60.1.70170
191459	1.60.1.69913	1.60.1.70170
191477	1.60.1.69913	1.60.1.70170
191480	1.60.1.69913	1.60.1.70170
191481	1.60.1.69913	1.60.1.70170
191550	1.60.1.69913	1.60.1.70170
191605	1.60.1.69913	1.60.1.70170
191606	1.60.1.69913	1.60.1.70170
191607	1.60.1.69913	1.60.1.70170
191608	1.60.1.69913	1.60.1.70170
191609	1.60.1.69913	1.60.1.70170
191610	1.60.1.69913	1.60.1.70170
191611	1.60.1.69913	1.60.1.70170
191612	1.60.1.69913	1.60.1.70170
191613	1.60.1.69913	1.60.1.70170
191614	1.60.1.69913	1.60.1.70170
191656	1.60.1.69913	1.60.1.70170
191660	1.60.1.69913	1.60.1.70170
191661	1.60.1.69913	1.60.1.70170
191664	1.60.1.69913	1.60.1.70170
191666	1.60.1.69913	1.60.1.70170
202251	1.60.1.69913	1.60.1.70170
202256	1.60.1.69913	1.60.1.70170
202316	1.60.1.69913	1.60.1.70170
202641	1.60.1.69913	1.60.1.70170
203723	1.60.1.69913	1.60.1.70170
203726	1.60.1.69913	1.60.1.70170
203745	1.60.1.69913	1.60.1.70170
203746	1.60.1.69913	1.60.1.70170
203747	1.60.1.69913	1.60.1.70170
203748	1.60.1.69913	1.60.1.70170
203749	1.60.1.69913	1.60.1.70170
203750	1.60.1.69913	1.60.1.70170
203751	1.60.1.69913	1.60.1.70170
203752	1.60.1.69913	1.60.1.70170
203753	1.60.1.69913	1.60.1.70170
203754	1.60.1.69913	1.60.1.70170
203755	1.60.1.69913	1.60.1.70170
203756	1.60.1.69913	1.60.1.70170
203784	1.60.1.69913	1.60.1.70170
203785	1.60.1.69913	1.60.1.70170
203786	1.60.1.69913	1.60.1.70170
203787	1.60.1.69913	1.60.1.70170
203960	1.60.1.69913	1.60.1.70170
203961	1.60.1.69913	1.60.1.70170
203962	1.60.1.69913	1.60.1.70170
203990	1.60.1.69913	1.60.1.70170
203991	1.60.1.69913	1.60.1.70170
203992	1.60.1.69913	1.60.1.70170
203993	1.60.1.69913	1.60.1.70170
203994	1.60.1.69913	1.60.1.70170
204174	1.60.1.69913	1.60.1.70170
204441	1.60.1.69913	1.60.1.70170
204476	1.60.1.69913	1.60.1.70170
204477	1.60.1.69913	1.60.1.70170
204478	1.60.1.69913	1.60.1.70170
204688	1.60.1.69913	1.60.1.70170
204689	1.60.1.69913	1.60.1.70170
204690	1.60.1.69913	1.60.1.70170
204703	1.60.1.69913	1.60.1.70170
204716	1.60.1.69913	1.60.1.70170
204795	1.60.1.69913	1.60.1.70170
204806	1.60.1.69913	1.60.1.70170
204809	1.60.1.69913	1.60.1.70170
204864	1.60.1.69913	1.60.1.70170
204905	1.60.1.69913	1.60.1.70170
204906	1.60.1.69913	1.60.1.70170
204907	1.60.1.69913	1.60.1.70170
204910	1.60.1.69913	1.60.1.70170
204912	1.60.1.69913	1.60.1.70170
205019	1.60.1.69913	1.60.1.70170
205020	1.60.1.69913	1.60.1.70170
205022	1.60.1.69913	1.60.1.70170
205181	1.60.1.69913	1.60.1.70170
205182	1.60.1.69913	1.60.1.70170
205183	1.60.1.69913	1.60.1.70170
205184	1.60.1.69913	1.60.1.70170
205215	1.60.1.69913	1.60.1.70170
205218	1.60.1.69913	1.60.1.70170
205228	1.60.1.69913	1.60.1.70170
205230	1.60.1.69913	1.60.1.70170
205364	1.60.1.69913	1.60.1.70170
205420	1.60.1.69913	1.60.1.70170
205683	1.60.1.69913	1.60.1.70170
205685	1.60.1.69913	1.60.1.70170
205863	1.60.1.69913	1.60.1.70170
205864	1.60.1.69913	1.60.1.70170
205897	1.60.1.69913	1.60.1.70170
205905	1.60.1.69913	1.60.1.70170
205932	1.60.1.69913	1.60.1.70170
205940	1.60.1.69913	1.60.1.70170
205942	1.60.1.69913	1.60.1.70170
205943	1.60.1.69913	1.60.1.70170
205944	1.60.1.69913	1.60.1.70170
205945	1.60.1.69913	1.60.1.70170
205946	1.60.1.69913	1.60.1.70170
205947	1.60.1.69913	1.60.1.70170
205948	1.60.1.69913	1.60.1.70170
205949	1.60.1.69913	1.60.1.70170
205950	1.60.1.69913	1.60.1.70170
205951	1.60.1.69913	1.60.1.70170
205952	1.60.1.69913	1.60.1.70170
205953	1.60.1.69913	1.60.1.70170
205961	1.60.1.69913	1.60.1.70170
205979	1.60.1.69913	1.60.1.70170
205995	1.60.1.69913	1.60.1.70170
206032	1.60.1.69913	1.60.1.70170
206155	1.60.1.69913	1.60.1.70170
206157	1.60.1.69913	1.60.1.70170
206159	1.60.1.69913	1.60.1.70170
206168	1.60.1.69913	1.60.1.70170
206169	1.60.1.69913	1.60.1.70170
206170	1.60.1.69913	1.60.1.70170
206175	1.60.1.69913	1.60.1.70170
206176	1.60.1.69913	1.60.1.70170
206177	1.60.1.69913	1.60.1.70170
206264	1.60.1.69913	1.60.1.70170
206344	1.60.1.69913	1.60.1.70170
206345	1.60.1.69913	1.60.1.70170
206376	1.60.1.69913	1.60.1.70170
206381	1.60.1.69913	1.60.1.70170
206382	1.60.1.69913	1.60.1.70170
206383	1.60.1.69913	1.60.1.70170
206384	1.60.1.69913	1.60.1.70170
206385	1.60.1.69913	1.60.1.70170
206386	1.60.1.69913	1.60.1.70170
206387	1.60.1.69913	1.60.1.70170
206388	1.60.1.69913	1.60.1.70170
206389	1.60.1.69913	1.60.1.70170
206390	1.60.1.69913	1.60.1.70170
206391	1.60.1.69913	1.60.1.70170
206466	1.60.1.69913	1.60.1.70170
206469	1.60.1.69913	1.60.1.70170
206954	1.60.1.69913	1.60.1.70170
206963	1.60.1.69913	1.60.1.70170
206966	1.60.1.69913	1.60.1.70170
206970	1.60.1.69913	1.60.1.70170
206975	1.60.1.69913	1.60.1.70170
206985	1.60.1.69913	1.60.1.70170
206989	1.60.1.69913	1.60.1.70170
206992	1.60.1.69913	1.60.1.70170
206994	1.60.1.69913	1.60.1.70170
206995	1.60.1.69913	1.60.1.70170
207062	1.60.1.69913	1.60.1.70170
207098	1.60.1.69913	1.60.1.70170
207106	1.60.1.69913	1.60.1.70170
207107	1.60.1.69913	1.60.1.70170
207108	1.60.1.69913	1.60.1.70170
207109	1.60.1.69913	1.60.1.70170
207110	1.60.1.69913	1.60.1.70170
207590	1.60.1.69913	1.60.1.70170
207631	1.60.1.69913	1.60.1.70170
207731	1.60.1.69913	1.60.1.70170
207732	1.60.1.69913	1.60.1.70170
207733	1.60.1.69913	1.60.1.70170
207972	1.60.1.69913	1.60.1.70170
207973	1.60.1.69913	1.60.1.70170
207974	1.60.1.69913	1.60.1.70170
207975	1.60.1.69913	1.60.1.70170
208005	1.60.1.69913	1.60.1.70170
208007	1.60.1.69913	1.60.1.70170
208034	1.60.1.69913	1.60.1.70170
208035	1.60.1.69913	1.60.1.70170
208036	1.60.1.69913	1.60.1.70170
208037	1.60.1.69913	1.60.1.70170
208038	1.60.1.69913	1.60.1.70170
208085	1.60.1.69913	1.60.1.70170
208086	1.60.1.69913	1.60.1.70170
208139	1.60.1.69913	1.60.1.70170
208140	1.60.1.69913	1.60.1.70170
208158	1.60.1.69913	1.60.1.70170
208159	1.60.1.69913	1.60.1.70170
208160	1.60.1.69913	1.60.1.70170
208180	1.60.1.69913	1.60.1.70170
208183	1.60.1.69913	1.60.1.70170
208185	1.60.1.69913	1.60.1.70170
208192	1.60.1.69913	1.60.1.70170
208205	1.60.1.69913	1.60.1.70170
208213	1.60.1.69913	1.60.1.70170
208215	1.60.1.69913	1.60.1.70170
208218	1.60.1.69913	1.60.1.70170
208219	1.60.1.69913	1.60.1.70170
208220	1.60.1.69913	1.60.1.70170
208222	1.60.1.69913	1.60.1.70170
208223	1.60.1.69913	1.60.1.70170
208224	1.60.1.69913	1.60.1.70170
208414	1.60.1.69913	1.60.1.70170
208424	1.60.1.69913	1.60.1.70170
208601	1.60.1.69913	1.60.1.70170
208602	1.60.1.69913	1.60.1.70170
208603	1.60.1.69913	1.60.1.70170
208604	1.60.1.69913	1.60.1.70170
208605	1.60.1.69913	1.60.1.70170
208607	1.60.1.69913	1.60.1.70170
208608	1.60.1.69913	1.60.1.70170
208609	1.60.1.69913	1.60.1.70170
208610	1.60.1.69913	1.60.1.70170
208611	1.60.1.69913	1.60.1.70170
208612	1.60.1.69913	1.60.1.70170
208682	1.60.1.69913	1.60.1.70170
208687	1.60.1.69913	1.60.1.70170
208689	1.60.1.69913	1.60.1.70170
208701	1.60.1.69913	1.60.1.70170
208739	1.60.1.69913	1.60.1.70170
208741	1.60.1.69913	1.60.1.70170
208743	1.60.1.69913	1.60.1.70170
208744	1.60.1.69913	1.60.1.70170
208749	1.60.1.69913	1.60.1.70170
208750	1.60.1.69913	1.60.1.70170
208753	1.60.1.69913	1.60.1.70170
208754	1.60.1.69913	1.60.1.70170
208758	1.60.1.69913	1.60.1.70170
208760	1.60.1.69913	1.60.1.70170
208764	1.60.1.69913	1.60.1.70170
208765	1.60.1.69913	1.60.1.70170
208766	1.60.1.69913	1.60.1.70170
208767	1.60.1.69913	1.60.1.70170
208768	1.60.1.69913	1.60.1.70170
208771	1.60.1.69913	1.60.1.70170
208772	1.60.1.69913	1.60.1.70170
208773	1.60.1.69913	1.60.1.70170
208777	1.60.1.69913	1.60.1.70170
208778	1.60.1.69913	1.60.1.70170
208799	1.60.1.69913	1.60.1.70170
208800	1.60.1.69913	1.60.1.70170
208823	1.60.1.69913	1.60.1.70170
208828	1.60.1.69913	1.60.1.70170
208833	1.60.1.69913	1.60.1.70170
208838	1.60.1.69913	1.60.1.70170
208843	1.60.1.69913	1.60.1.70170
208847	1.60.1.69913	1.60.1.70170
208848	1.60.1.69913	1.60.1.70170
208849	1.60.1.69913	1.60.1.70170
208851	1.60.1.69913	1.60.1.70170
208853	1.60.1.69913	1.60.1.70170
208854	1.60.1.69913	1.60.1.70170
208855	1.60.1.69913	1.60.1.70170
208860	1.60.1.69913	1.60.1.70170
209027	1.60.1.69913	1.60.1.70170
209028	1.60.1.69913	1.60.1.70170
209029	1.60.1.69913	1.60.1.70170
209030	1.60.1.69913	1.60.1.70170
209031	1.60.1.69913	1.60.1.70170
209041	1.60.1.69913	1.60.1.70170
209042	1.60.1.69913	1.60.1.70170
209043	1.60.1.69913	1.60.1.70170
209045	1.60.1.69913	1.60.1.70170
209047	1.60.1.69913	1.60.1.70170
209056	1.60.1.69913	1.60.1.70170
209057	1.60.1.69913	1.60.1.70170
209058	1.60.1.69913	1.60.1.70170
209059	1.60.1.69913	1.60.1.70170
209608	1.60.1.69913	1.60.1.70170
209611	1.60.1.69913	1.60.1.70170
209612	1.60.1.69913	1.60.1.70170
209613	1.60.1.69913	1.60.1.70170
209614	1.60.1.69913	1.60.1.70170
209615	1.60.1.69913	1.60.1.70170
209616	1.60.1.69913	1.60.1.70170
209617	1.60.1.69913	1.60.1.70170
209618	1.60.1.69913	1.60.1.70170
209619	1.60.1.69913	1.60.1.70170
209620	1.60.1.69913	1.60.1.70170
209621	1.60.1.69913	1.60.1.70170
209622	1.60.1.69913	1.60.1.70170
209623	1.60.1.69913	1.60.1.70170
209624	1.60.1.69913	1.60.1.70170
209625	1.60.1.69913	1.60.1.70170
209626	1.60.1.69913	1.60.1.70170
209748	1.60.1.69913	1.60.1.70170
209778	1.60.1.69913	1.60.1.70170
209779	1.60.1.69913	1.60.1.70170
209800	1.60.1.69913	1.60.1.70170
209819	1.60.1.69913	1.60.1.70170
209836	1.60.1.69913	1.60.1.70170
209838	1.60.1.69913	1.60.1.70170
209840	1.60.1.69913	1.60.1.70170
209841	1.60.1.69913	1.60.1.70170
209843	1.60.1.69913	1.60.1.70170
209844	1.60.1.69913	1.60.1.70170
209845	1.60.1.69913	1.60.1.70170
209846	1.60.1.69913	1.60.1.70170
209847	1.60.1.69913	1.60.1.70170
209848	1.60.1.69913	1.60.1.70170
209849	1.60.1.69913	1.60.1.70170
209850	1.60.1.69913	1.60.1.70170
209851	1.60.1.69913	1.60.1.70170
209852	1.60.1.69913	1.60.1.70170
209872	1.60.1.69913	1.60.1.70170
209873	1.60.1.69913	1.60.1.70170
209874	1.60.1.69913	1.60.1.70170
210015	1.60.1.69913	1.60.1.70170
210026	1.60.1.69913	1.60.1.70170
210043	1.60.1.69913	1.60.1.70170
210044	1.60.1.69913	1.60.1.70170
210045	1.60.1.69913	1.60.1.70170
210053	1.60.1.69913	1.60.1.70170
210055	1.60.1.69913	1.60.1.70170
210056	1.60.1.69913	1.60.1.70170
210080	1.60.1.69913	1.60.1.70170
210137	1.60.1.69913	1.60.1.70170
210138	1.60.1.69913	1.60.1.70170
210146	1.60.1.69913	1.60.1.70170
210147	1.60.1.69913	1.60.1.70170
210177	1.60.1.69913	1.60.1.70170
210178	1.60.1.69913	1.60.1.70170
210179	1.60.1.69913	1.60.1.70170
210183	1.60.1.69913	1.60.1.70170
210186	1.60.1.69913	1.60.1.70170
210187	1.60.1.69913	1.60.1.70170
210188	1.60.1.69913	1.60.1.70170
210195	1.60.1.69913	1.60.1.70170
210209	1.60.1.69913	1.60.1.70170
210210	1.60.1.69913	1.60.1.70170
210212	1.60.1.69913	1.60.1.70170
210213	1.60.1.69913	1.60.1.70170
210229	1.60.1.69913	1.60.1.70170
210250	1.60.1.69913	1.60.1.70170
210251	1.60.1.69913	1.60.1.70170
210252	1.60.1.69913	1.60.1.70170
210253	1.60.1.69913	1.60.1.70170
210322	1.60.1.69913	1.60.1.70170
210323	1.60.1.69913	1.60.1.70170
210329	1.60.1.69913	1.60.1.70170
210330	1.60.1.69913	1.60.1.70170
210410	1.60.1.69913	1.60.1.70170
210499	1.60.1.69913	1.60.1.70170
210500	1.60.1.69913	1.60.1.70170
210534	1.60.1.69913	1.60.1.70170
210568	1.60.1.69913	1.60.1.70170
210569	1.60.1.69913	1.60.1.70170
210573	1.60.1.69913	1.60.1.70170
210589	1.60.1.69913	1.60.1.70170
210596	1.60.1.69913	1.60.1.70170
210653	1.60.1.69913	1.60.1.70170
210654	1.60.1.69913	1.60.1.70170
210655	1.60.1.69913	1.60.1.70170
210665	1.60.1.69913	1.60.1.70170
210667	1.60.1.69913	1.60.1.70170
210668	1.60.1.69913	1.60.1.70170
210708	1.60.1.69913	1.60.1.70170
210709	1.60.1.69913	1.60.1.70170
210712	1.60.1.69913	1.60.1.70170
210713	1.60.1.69913	1.60.1.70170
210724	1.60.1.69913	1.60.1.70170
210746	1.60.1.69913	1.60.1.70170
210763	1.60.1.69913	1.60.1.70170
210765	1.60.1.69913	1.60.1.70170
210771	1.60.1.69913	1.60.1.70170
210772	1.60.1.69913	1.60.1.70170
210779	1.60.1.69913	1.60.1.70170
210781	1.60.1.69913	1.60.1.70170
210811	1.60.1.69913	1.60.1.70170
210817	1.60.1.69913	1.60.1.70170
210818	1.60.1.69913	1.60.1.70170
210820	1.60.1.69913	1.60.1.70170
210822	1.60.1.69913	1.60.1.70170
210823	1.60.1.69913	1.60.1.70170
210824	1.60.1.69913	1.60.1.70170
210825	1.60.1.69913	1.60.1.70170
210953	1.60.1.69913	1.60.1.70170
210955	1.60.1.69913	1.60.1.70170
210963	1.60.1.69913	1.60.1.70170
210966	1.60.1.69913	1.60.1.70170
210967	1.60.1.69913	1.60.1.70170
210968	1.60.1.69913	1.60.1.70170
210979	1.60.1.69913	1.60.1.70170
210980	1.60.1.69913	1.60.1.70170
211205	1.60.1.69913	1.60.1.70170
211247	1.60.1.69913	1.60.1.70170
211269	1.60.1.69913	1.60.1.70170
211272	1.60.1.69913	1.60.1.70170
211273	1.60.1.69913	1.60.1.70170
211301	1.60.1.69913	1.60.1.70170
211315	1.60.1.69913	1.60.1.70170
211316	1.60.1.69913	1.60.1.70170
211317	1.60.1.69913	1.60.1.70170
211318	1.60.1.69913	1.60.1.70170
211319	1.60.1.69913	1.60.1.70170
211320	1.60.1.69913	1.60.1.70170
211321	1.60.1.69913	1.60.1.70170
211322	1.60.1.69913	1.60.1.70170
211323	1.60.1.69913	1.60.1.70170
211324	1.60.1.69913	1.60.1.70170
211325	1.60.1.69913	1.60.1.70170
211326	1.60.1.69913	1.60.1.70170
211327	1.60.1.69913	1.60.1.70170
211328	1.60.1.69913	1.60.1.70170
211329	1.60.1.69913	1.60.1.70170
211330	1.60.1.69913	1.60.1.70170
211331	1.60.1.69913	1.60.1.70170
211332	1.60.1.69913	1.60.1.70170
211365	1.60.1.69913	1.60.1.70170
211367	1.60.1.69913	1.60.1.70170
211368	1.60.1.69913	1.60.1.70170
211385	1.60.1.69913	1.60.1.70170
211386	1.60.1.69913	1.60.1.70170
211387	1.60.1.69913	1.60.1.70170
211390	1.60.1.69913	1.60.1.70170
211391	1.60.1.69913	1.60.1.70170
211392	1.60.1.69913	1.60.1.70170
211393	1.60.1.69913	1.60.1.70170
211419	1.60.1.69913	1.60.1.70170
211427	1.60.1.69913	1.60.1.70170
211447	1.60.1.69913	1.60.1.70170
211448	1.60.1.69913	1.60.1.70170
211471	1.60.1.69913	1.60.1.70170
211472	1.60.1.69913	1.60.1.70170
211476	1.60.1.69913	1.60.1.70170
211477	1.60.1.69913	1.60.1.70170
211482	1.60.1.69913	1.60.1.70170
211487	1.60.1.69913	1.60.1.70170
211488	1.60.1.69913	1.60.1.70170
211490	1.60.1.69913	1.60.1.70170
211498	1.60.1.69913	1.60.1.70170
211499	1.60.1.69913	1.60.1.70170
211500	1.60.1.69913	1.60.1.70170
211514	1.60.1.69913	1.60.1.70170
211527	1.60.1.69913	1.60.1.70170
211528	1.60.1.69913	1.60.1.70170
211530	1.60.1.69913	1.60.1.70170
211531	1.60.1.69913	1.60.1.70170
211534	1.60.1.69913	1.60.1.70170
211691	1.60.1.69913	1.60.1.70170
211777	1.60.1.69913	1.60.1.70170
211779	1.60.1.69913	1.60.1.70170
211780	1.60.1.69913	1.60.1.70170
211784	1.60.1.69913	1.60.1.70170
211785	1.60.1.69913	1.60.1.70170
211786	1.60.1.69913	1.60.1.70170
211787	1.60.1.69913	1.60.1.70170
211799	1.60.1.69913	1.60.1.70170
211800	1.60.1.69913	1.60.1.70170
211809	1.60.1.69913	1.60.1.70170
211813	1.60.1.69913	1.60.1.70170
211814	1.60.1.69913	1.60.1.70170
211815	1.60.1.69913	1.60.1.70170
211816	1.60.1.69913	1.60.1.70170
211819	1.60.1.69913	1.60.1.70170
211820	1.60.1.69913	1.60.1.70170
211821	1.60.1.69913	1.60.1.70170
211822	1.60.1.69913	1.60.1.70170
211823	1.60.1.69913	1.60.1.70170
211824	1.60.1.69913	1.60.1.70170
211825	1.60.1.69913	1.60.1.70170
211826	1.60.1.69913	1.60.1.70170
211827	1.60.1.69913	1.60.1.70170
211828	1.60.1.69913	1.60.1.70170
211829	1.60.1.69913	1.60.1.70170
211830	1.60.1.69913	1.60.1.70170
211831	1.60.1.69913	1.60.1.70170
211832	1.60.1.69913	1.60.1.70170
211833	1.60.1.69913	1.60.1.70170
211834	1.60.1.69913	1.60.1.70170
211835	1.60.1.69913	1.60.1.70170
211836	1.60.1.69913	1.60.1.70170
211837	1.60.1.69913	1.60.1.70170
211838	1.60.1.69913	1.60.1.70170
211839	1.60.1.69913	1.60.1.70170
211840	1.60.1.69913	1.60.1.70170
211841	1.60.1.69913	1.60.1.70170
211845	1.60.1.69913	1.60.1.70170
211853	1.60.1.69913	1.60.1.70170
211854	1.60.1.69913	1.60.1.70170
211855	1.60.1.69913	1.60.1.70170
211856	1.60.1.69913	1.60.1.70170
211857	1.60.1.69913	1.60.1.70170
211933	1.60.1.69913	1.60.1.70170
211934	1.60.1.69913	1.60.1.70170
211935	1.60.1.69913	1.60.1.70170
211940	1.60.1.69913	1.60.1.70170
211941	1.60.1.69913	1.60.1.70170
211953	1.60.1.69913	1.60.1.70170
211954	1.60.1.69913	1.60.1.70170
211955	1.60.1.69913	1.60.1.70170
211956	1.60.1.69913	1.60.1.70170
211957	1.60.1.69913	1.60.1.70170
212160	1.60.1.69913	1.60.1.70170
212225	1.60.1.69913	1.60.1.70170
212230	1.60.1.69913	1.60.1.70170
212548	1.60.1.69913	1.60.1.70170
212549	1.60.1.69913	1.60.1.70170
212551	1.60.1.69913	1.60.1.70170
212552	1.60.1.69913	1.60.1.70170
212559	1.60.1.69913	1.60.1.70170
212560	1.60.1.69913	1.60.1.70170
212561	1.60.1.69913	1.60.1.70170
212562	1.60.1.69913	1.60.1.70170
212568	1.60.1.69913	1.60.1.70170
212580	1.60.1.69913	1.60.1.70170
212581	1.60.1.69913	1.60.1.70170
212582	1.60.1.69913	1.60.1.70170
212583	1.60.1.69913	1.60.1.70170
212584	1.60.1.69913	1.60.1.70170
212585	1.60.1.69913	1.60.1.70170
212586	1.60.1.69913	1.60.1.70170
212587	1.60.1.69913	1.60.1.70170
212723	1.60.1.70009	1.60.1.70170
212724	1.60.1.69913	1.60.1.70170
212726	1.60.1.69913	1.60.1.70170
212748	1.60.1.69913	1.60.1.70170
212792	1.60.1.69913	1.60.1.70170
212982	1.60.1.70170	1.60.1.70170
213074	1.60.1.69913	1.60.1.70170
213086	1.60.1.69913	1.60.1.70170
213090	1.60.1.69913	1.60.1.70170
213093	1.60.1.69913	1.60.1.70170
213094	1.60.1.69913	1.60.1.70170
213096	1.60.1.69913	1.60.1.70170
213098	1.60.1.69913	1.60.1.70170
213100	1.60.1.69913	1.60.1.70170
213101	1.60.1.69913	1.60.1.70170
213102	1.60.1.69913	1.60.1.70170
213103	1.60.1.69913	1.60.1.70170
213104	1.60.1.69913	1.60.1.70170
213105	1.60.1.69913	1.60.1.70170
213109	1.60.1.69913	1.60.1.70170
213110	1.60.1.69913	1.60.1.70170
213111	1.60.1.69913	1.60.1.70170
213112	1.60.1.69913	1.60.1.70170
213117	1.60.1.69913	1.60.1.70170
213118	1.60.1.69913	1.60.1.70170
213119	1.60.1.69913	1.60.1.70170
213120	1.60.1.69913	1.60.1.70170
213121	1.60.1.69913	1.60.1.70170
213122	1.60.1.69913	1.60.1.70170
213123	1.60.1.69913	1.60.1.70170
213124	1.60.1.69913	1.60.1.70170
213125	1.60.1.69913	1.60.1.70170
213126	1.60.1.69913	1.60.1.70170
213127	1.60.1.69913	1.60.1.70170
213128	1.60.1.69913	1.60.1.70170
213129	1.60.1.69913	1.60.1.70170
213130	1.60.1.69913	1.60.1.70170
213131	1.60.1.69913	1.60.1.70170
213132	1.60.1.69913	1.60.1.70170
213136	1.60.1.69913	1.60.1.70170
213137	1.60.1.69913	1.60.1.70170
213138	1.60.1.69913	1.60.1.70170
213139	1.60.1.69913	1.60.1.70170
213140	1.60.1.69913	1.60.1.70170
213141	1.60.1.69913	1.60.1.70170
213142	1.60.1.69913	1.60.1.70170
213143	1.60.1.69913	1.60.1.70170
213144	1.60.1.69913	1.60.1.70170
213165	1.60.1.69913	1.60.1.70170
213369	1.60.1.69913	1.60.1.70170
213370	1.60.1.69913	1.60.1.70170
213371	1.60.1.69913	1.60.1.70170
213373	1.60.1.69913	1.60.1.70170
213376	1.60.1.69913	1.60.1.70170
213378	1.60.1.69913	1.60.1.70170
213379	1.60.1.69913	1.60.1.70170
213381	1.60.1.69913	1.60.1.70170
213383	1.60.1.69913	1.60.1.70170
213391	1.60.1.69913	1.60.1.70170
213421	1.60.1.69913	1.60.1.70170
213422	1.60.1.70009	1.60.1.70170
213426	1.60.1.69913	1.60.1.70170
213427	1.60.1.69913	1.60.1.70170
213443	1.60.1.69913	1.60.1.70170
213444	1.60.1.69913	1.60.1.70170
213445	1.60.1.69913	1.60.1.70170
213446	1.60.1.69913	1.60.1.70170
213452	1.60.1.69913	1.60.1.70170
213513	1.60.1.69913	1.60.1.70170
213526	1.60.1.69913	1.60.1.70170
213527	1.60.1.69913	1.60.1.70170
213528	1.60.1.69913	1.60.1.70170
213529	1.60.1.69913	1.60.1.70170
213543	1.60.1.69913	1.60.1.70170
213544	1.60.1.69913	1.60.1.70170
213545	1.60.1.69913	1.60.1.70170
213546	1.60.1.69913	1.60.1.70170
213547	1.60.1.69913	1.60.1.70170
213548	1.60.1.69913	1.60.1.70170
213549	1.60.1.69913	1.60.1.70170
213550	1.60.1.69913	1.60.1.70170
213551	1.60.1.69913	1.60.1.70170
213552	1.60.1.69913	1.60.1.70170
213553	1.60.1.69913	1.60.1.70170
213554	1.60.1.69913	1.60.1.70170
213558	1.60.1.69913	1.60.1.70170
213562	1.60.1.69913	1.60.1.70170
213563	1.60.1.69913	1.60.1.70170
213564	1.60.1.69913	1.60.1.70170
213565	1.60.1.69913	1.60.1.70170
213566	1.60.1.69913	1.60.1.70170
213567	1.60.1.69913	1.60.1.70170
213568	1.60.1.69913	1.60.1.70170
213583	1.60.1.69913	1.60.1.70170
213594	1.60.1.69913	1.60.1.70170
213599	1.60.1.69913	1.60.1.70170
213632	1.60.1.69913	1.60.1.70170
213633	1.60.1.69913	1.60.1.70170
213634	1.60.1.69913	1.60.1.70170
213701	1.60.1.69913	1.60.1.70170
213709	1.60.1.69913	1.60.1.70170
213735	1.60.1.69913	1.60.1.70170
213736	1.60.1.69913	1.60.1.70170
213737	1.60.1.69913	1.60.1.70170
214435	1.60.1.69913	1.60.1.70170
215112	1.60.1.69913	1.60.1.70170
215113	1.60.1.69913	1.60.1.70170
215126	1.60.1.69913	1.60.1.70170
215127	1.60.1.69913	1.60.1.70170
215129	1.60.1.69913	1.60.1.70170
215138	1.60.1.69913	1.60.1.70170
215141	1.60.1.69913	1.60.1.70170
215149	1.60.1.69913	1.60.1.70170
215152	1.60.1.69913	1.60.1.70170
215153	1.60.1.69913	1.60.1.70170
215155	1.60.1.69913	1.60.1.70170
215156	1.60.1.69913	1.60.1.70170
215163	1.60.1.69913	1.60.1.70170
215168	1.60.1.69913	1.60.1.70170
215235	1.60.1.69913	1.60.1.70170
215257	1.60.1.69913	1.60.1.70170
215365	1.60.1.69913	1.60.1.70170
215366	1.60.1.69913	1.60.1.70170
215367	1.60.1.69913	1.60.1.70170
215368	1.60.1.69913	1.60.1.70170
215369	1.60.1.69913	1.60.1.70170
215370	1.60.1.69913	1.60.1.70170
215373	1.60.1.70124	1.60.1.70170
215374	1.60.1.70009	1.60.1.70170
215375	1.60.1.70124	1.60.1.70170
215376	1.60.1.70009	1.60.1.70170
215383	1.60.1.69913	1.60.1.70170
215384	1.60.1.69913	1.60.1.70170
215385	1.60.1.69913	1.60.1.70170
215386	1.60.1.69913	1.60.1.70170
215387	1.60.1.69913	1.60.1.70170
215388	1.60.1.69913	1.60.1.70170
215389	1.60.1.69913	1.60.1.70170
215390	1.60.1.69913	1.60.1.70170
215391	1.60.1.69913	1.60.1.70170
215392	1.60.1.69913	1.60.1.70170
215393	1.60.1.69913	1.60.1.70170
215394	1.60.1.69913	1.60.1.70170
215395	1.60.1.69913	1.60.1.70170
215396	1.60.1.69913	1.60.1.70170
215397	1.60.1.69913	1.60.1.70170
215398	1.60.1.69913	1.60.1.70170
215399	1.60.1.69913	1.60.1.70170
215400	1.60.1.69913	1.60.1.70170
215401	1.60.1.69913	1.60.1.70170
215402	1.60.1.69913	1.60.1.70170
215403	1.60.1.69913	1.60.1.70170
215404	1.60.1.69913	1.60.1.70170
215405	1.60.1.69913	1.60.1.70170
215406	1.60.1.69913	1.60.1.70170
215407	1.60.1.69913	1.60.1.70170
215408	1.60.1.69913	1.60.1.70170
215409	1.60.1.69913	1.60.1.70170
215410	1.60.1.69913	1.60.1.70170
215411	1.60.1.69913	1.60.1.70170
215412	1.60.1.69913	1.60.1.70170
215413	1.60.1.69913	1.60.1.70170
215414	1.60.1.69913	1.60.1.70170
215415	1.60.1.69913	1.60.1.70170
215416	1.60.1.69913	1.60.1.70170
215417	1.60.1.69913	1.60.1.70170
215418	1.60.1.69913	1.60.1.70170
215419	1.60.1.69913	1.60.1.70170
215420	1.60.1.69913	1.60.1.70170
215421	1.60.1.69913	1.60.1.70170
215422	1.60.1.69913	1.60.1.70170
215423	1.60.1.69913	1.60.1.70170
215424	1.60.1.69913	1.60.1.70170
215425	1.60.1.69913	1.60.1.70170
215426	1.60.1.69913	1.60.1.70170
215427	1.60.1.69913	1.60.1.70170
215428	1.60.1.69913	1.60.1.70170
215429	1.60.1.69913	1.60.1.70170
215430	1.60.1.69913	1.60.1.70170
215431	1.60.1.69913	1.60.1.70170
215432	1.60.1.69913	1.60.1.70170
215433	1.60.1.69913	1.60.1.70170
215434	1.60.1.69913	1.60.1.70170
215441	1.60.1.69913	1.60.1.70170
215443	1.60.1.69913	1.60.1.70170
215450	1.60.1.69913	1.60.1.70170
215456	1.60.1.69913	1.60.1.70170
215458	1.60.1.69913	1.60.1.70170
215459	1.60.1.69913	1.60.1.70170
215460	1.60.1.69913	1.60.1.70170
215468	1.60.1.69913	1.60.1.70170
215683	1.60.1.69913	1.60.1.70170
215815	1.60.1.69913	1.60.1.70170
215816	1.60.1.69913	1.60.1.70170
215817	1.60.1.69913	1.60.1.70170
215820	1.60.1.69913	1.60.1.70170
215822	1.60.1.69913	1.60.1.70170
215824	1.60.1.69913	1.60.1.70170
216483	1.60.1.69913	1.60.1.70170
216491	1.60.1.69913	1.60.1.70170
216492	1.60.1.69913	1.60.1.70170
216523	1.60.1.69913	1.60.1.70170
216606	1.60.1.69913	1.60.1.70170
216610	1.60.1.69913	1.60.1.70170
216616	1.60.1.69913	1.60.1.70170
216617	1.60.1.69913	1.60.1.70170
216618	1.60.1.69913	1.60.1.70170
216619	1.60.1.69913	1.60.1.70170
216633	1.60.1.69913	1.60.1.70170
216634	1.60.1.69913	1.60.1.70170
216635	1.60.1.69913	1.60.1.70170
216636	1.60.1.69913	1.60.1.70170
216637	1.60.1.69913	1.60.1.70170
216645	1.60.1.69913	1.60.1.70170
216696	1.60.1.69913	1.60.1.70170
216748	1.60.1.69913	1.60.1.70170
216879	1.60.1.69913	1.60.1.70170
216880	1.60.1.69913	1.60.1.70170
216945	1.60.1.69913	1.60.1.70170
216946	1.60.1.69913	1.60.1.70170
216947	1.60.1.69913	1.60.1.70170
216948	1.60.1.69913	1.60.1.70170
216949	1.60.1.69913	1.60.1.70170
216950	1.60.1.69913	1.60.1.70170
216951	1.60.1.69913	1.60.1.70170
216956	1.60.1.69913	1.60.1.70170
217014	1.60.1.69913	1.60.1.70170
217017	1.60.1.69913	1.60.1.70170
217161	1.60.1.69913	1.60.1.70170
217244	1.60.1.69913	1.60.1.70170
217249	1.60.1.69913	1.60.1.70170
217251	1.60.1.69913	1.60.1.70170
217254	1.60.1.69913	1.60.1.70170
217258	1.60.1.69913	1.60.1.70170
217260	1.60.1.69913	1.60.1.70170
217262	1.60.1.69913	1.60.1.70170
217264	1.60.1.69913	1.60.1.70170
217266	1.60.1.69913	1.60.1.70170
217270	1.60.1.69913	1.60.1.70170
217271	1.60.1.69913	1.60.1.70170
217273	1.60.1.69913	1.60.1.70170
217274	1.60.1.69913	1.60.1.70170
217276	1.60.1.69913	1.60.1.70170
217278	1.60.1.69913	1.60.1.70170
217280	1.60.1.69913	1.60.1.70170
217282	1.60.1.69913	1.60.1.70170
217284	1.60.1.69913	1.60.1.70170
217286	1.60.1.69913	1.60.1.70170
217287	1.60.1.69913	1.60.1.70170
217308	1.60.1.69913	1.60.1.70170
217314	1.60.1.69913	1.60.1.70170
217315	1.60.1.69913	1.60.1.70170
217336	1.60.1.69913	1.60.1.70170
217337	1.60.1.69913	1.60.1.70170
217338	1.60.1.69913	1.60.1.70170
217339	1.60.1.69913	1.60.1.70170
217345	1.60.1.69913	1.60.1.70170
217346	1.60.1.69913	1.60.1.70170
217347	1.60.1.69913	1.60.1.70170
217398	1.60.1.69913	1.60.1.70170
217399	1.60.1.69913	1.60.1.70170
217495	1.60.1.69913	1.60.1.70170
217496	1.60.1.69913	1.60.1.70170
217609	1.60.1.69913	1.60.1.70170
217693	1.60.1.69913	1.60.1.70170
217717	1.60.1.69913	1.60.1.70170
217718	1.60.1.69913	1.60.1.70170
217719	1.60.1.69913	1.60.1.70170
217720	1.60.1.69913	1.60.1.70170
217721	1.60.1.69913	1.60.1.70170
217736	1.60.1.69913	1.60.1.70170
217737	1.60.1.69913	1.60.1.70170
219147	1.60.1.69913	1.60.1.70170
219345	1.60.1.69913	1.60.1.70170
219399	1.60.1.69913	1.60.1.70170
219401	1.60.1.69913	1.60.1.70170
219402	1.60.1.69913	1.60.1.70170
219404	1.60.1.69913	1.60.1.70170
219405	1.60.1.69913	1.60.1.70170
219406	1.60.1.69913	1.60.1.70170
219414	1.60.1.69913	1.60.1.70170
219444	1.60.1.69913	1.60.1.70170
219445	1.60.1.69913	1.60.1.70170
219446	1.60.1.69913	1.60.1.70170
219447	1.60.1.69913	1.60.1.70170
219448	1.60.1.69913	1.60.1.70170
219449	1.60.1.69913	1.60.1.70170
219454	1.60.1.69913	1.60.1.70170
219486	1.60.1.69913	1.60.1.70170
219487	1.60.1.69913	1.60.1.70170
219488	1.60.1.69913	1.60.1.70170
219490	1.60.1.69913	1.60.1.70170
219491	1.60.1.69913	1.60.1.70170
219514	1.60.1.69913	1.60.1.70170
219515	1.60.1.69913	1.60.1.70170
219517	1.60.1.69913	1.60.1.70170
219518	1.60.1.69913	1.60.1.70170
219519	1.60.1.69913	1.60.1.70170
219520	1.60.1.69913	1.60.1.70170
219526	1.60.1.69913	1.60.1.70170
219759	1.60.1.69913	1.60.1.70170
219770	1.60.1.69913	1.60.1.70170
219771	1.60.1.69913	1.60.1.70170
219772	1.60.1.69913	1.60.1.70170
219773	1.60.1.69913	1.60.1.70170
219774	1.60.1.69913	1.60.1.70170
219775	1.60.1.69913	1.60.1.70170
219776	1.60.1.69913	1.60.1.70170
219778	1.60.1.69913	1.60.1.70170
219803	1.60.1.69913	1.60.1.70170
219918	1.60.1.69913	1.60.1.70170
219924	1.60.1.69913	1.60.1.70170
219925	1.60.1.69913	1.60.1.70170
219926	1.60.1.69913	1.60.1.70170
219927	1.60.1.69913	1.60.1.70170
219928	1.60.1.69913	1.60.1.70170
219929	1.60.1.69913	1.60.1.70170
219930	1.60.1.69913	1.60.1.70170
219935	1.60.1.69913	1.60.1.70170
219937	1.60.1.69913	1.60.1.70170
219938	1.60.1.69913	1.60.1.70170
219957	1.60.1.69913	1.60.1.70170
219958	1.60.1.69913	1.60.1.70170
219959	1.60.1.69913	1.60.1.70170
219962	1.60.1.69913	1.60.1.70170
219963	1.60.1.69913	1.60.1.70170
219965	1.60.1.69913	1.60.1.70170
219966	1.60.1.69913	1.60.1.70170
219967	1.60.1.69913	1.60.1.70170
219968	1.60.1.69913	1.60.1.70170
219969	1.60.1.69913	1.60.1.70170
219970	1.60.1.69913	1.60.1.70170
219971	1.60.1.69913	1.60.1.70170
219972	1.60.1.69913	1.60.1.70170
219973	1.60.1.69913	1.60.1.70170
219974	1.60.1.69913	1.60.1.70170
219975	1.60.1.69913	1.60.1.70170
219976	1.60.1.69913	1.60.1.70170
219977	1.60.1.69913	1.60.1.70170
219978	1.60.1.69913	1.60.1.70170
219979	1.60.1.69913	1.60.1.70170
219980	1.60.1.69913	1.60.1.70170
219981	1.60.1.69913	1.60.1.70170
219982	1.60.1.69913	1.60.1.70170
219983	1.60.1.69913	1.60.1.70170
219984	1.60.1.69913	1.60.1.70170
219985	1.60.1.69913	1.60.1.70170
219986	1.60.1.69913	1.60.1.70170
219987	1.60.1.69913	1.60.1.70170
219988	1.60.1.69913	1.60.1.70170
219989	1.60.1.69913	1.60.1.70170
219990	1.60.1.69913	1.60.1.70170
219991	1.60.1.69913	1.60.1.70170
219992	1.60.1.69913	1.60.1.70170
219993	1.60.1.69913	1.60.1.70170
219994	1.60.1.69913	1.60.1.70170
219995	1.60.1.69913	1.60.1.70170
219996	1.60.1.69913	1.60.1.70170
219997	1.60.1.69913	1.60.1.70170
219998	1.60.1.69913	1.60.1.70170
219999	1.60.1.69913	1.60.1.70170
220000	1.60.1.69913	1.60.1.70170
220001	1.60.1.69913	1.60.1.70170
220002	1.60.1.69913	1.60.1.70170
220003	1.60.1.69913	1.60.1.70170
220004	1.60.1.69913	1.60.1.70170
220005	1.60.1.69913	1.60.1.70170
220006	1.60.1.69913	1.60.1.70170
220007	1.60.1.69913	1.60.1.70170
220008	1.60.1.69913	1.60.1.70170
220009	1.60.1.69913	1.60.1.70170
220010	1.60.1.69913	1.60.1.70170
220011	1.60.1.69913	1.60.1.70170
220012	1.60.1.69913	1.60.1.70170
220013	1.60.1.69913	1.60.1.70170
220014	1.60.1.69913	1.60.1.70170
220015	1.60.1.69913	1.60.1.70170
220016	1.60.1.69913	1.60.1.70170
220017	1.60.1.69913	1.60.1.70170
220018	1.60.1.69913	1.60.1.70170
220019	1.60.1.69913	1.60.1.70170
220020	1.60.1.69913	1.60.1.70170
220021	1.60.1.69913	1.60.1.70170
220022	1.60.1.69913	1.60.1.70170
220023	1.60.1.69913	1.60.1.70170
220024	1.60.1.69913	1.60.1.70170
220025	1.60.1.69913	1.60.1.70170
220026	1.60.1.69913	1.60.1.70170
220027	1.60.1.69913	1.60.1.70170
220028	1.60.1.69913	1.60.1.70170
220029	1.60.1.69913	1.60.1.70170
220030	1.60.1.69913	1.60.1.70170
220031	1.60.1.69913	1.60.1.70170
220032	1.60.1.69913	1.60.1.70170
220033	1.60.1.69913	1.60.1.70170
220034	1.60.1.69913	1.60.1.70170
220035	1.60.1.69913	1.60.1.70170
220036	1.60.1.69913	1.60.1.70170
220037	1.60.1.69913	1.60.1.70170
220038	1.60.1.69913	1.60.1.70170
220039	1.60.1.69913	1.60.1.70170
220040	1.60.1.69913	1.60.1.70170
220041	1.60.1.69913	1.60.1.70170
220042	1.60.1.69913	1.60.1.70170
220043	1.60.1.69913	1.60.1.70170
220044	1.60.1.69913	1.60.1.70170
220045	1.60.1.69913	1.60.1.70170
220046	1.60.1.69913	1.60.1.70170
220047	1.60.1.69913	1.60.1.70170
220048	1.60.1.69913	1.60.1.70170
220049	1.60.1.69913	1.60.1.70170
220050	1.60.1.69913	1.60.1.70170
220051	1.60.1.69913	1.60.1.70170
220052	1.60.1.69913	1.60.1.70170
220053	1.60.1.69913	1.60.1.70170
220054	1.60.1.69913	1.60.1.70170
220055	1.60.1.69913	1.60.1.70170
220056	1.60.1.69913	1.60.1.70170
220057	1.60.1.69913	1.60.1.70170
220058	1.60.1.69913	1.60.1.70170
220059	1.60.1.69913	1.60.1.70170
220060	1.60.1.69913	1.60.1.70170
220061	1.60.1.69913	1.60.1.70170
220062	1.60.1.69913	1.60.1.70170
220063	1.60.1.69913	1.60.1.70170
220064	1.60.1.69913	1.60.1.70170
220065	1.60.1.69913	1.60.1.70170
220066	1.60.1.69913	1.60.1.70170
220067	1.60.1.69913	1.60.1.70170
220068	1.60.1.69913	1.60.1.70170
220069	1.60.1.69913	1.60.1.70170
220070	1.60.1.69913	1.60.1.70170
220071	1.60.1.69913	1.60.1.70170
220072	1.60.1.69913	1.60.1.70170
220073	1.60.1.69913	1.60.1.70170
220074	1.60.1.69913	1.60.1.70170
220075	1.60.1.69913	1.60.1.70170
220076	1.60.1.69913	1.60.1.70170
220077	1.60.1.69913	1.60.1.70170
220078	1.60.1.69913	1.60.1.70170
220079	1.60.1.69913	1.60.1.70170
220080	1.60.1.69913	1.60.1.70170
220081	1.60.1.69913	1.60.1.70170
220082	1.60.1.69913	1.60.1.70170
220083	1.60.1.69913	1.60.1.70170
220084	1.60.1.69913	1.60.1.70170
220085	1.60.1.69913	1.60.1.70170
220086	1.60.1.69913	1.60.1.70170
220087	1.60.1.69913	1.60.1.70170
220088	1.60.1.69913	1.60.1.70170
220089	1.60.1.69913	1.60.1.70170
220090	1.60.1.69913	1.60.1.70170
220091	1.60.1.69913	1.60.1.70170
220092	1.60.1.69913	1.60.1.70170
220093	1.60.1.69913	1.60.1.70170
220094	1.60.1.69913	1.60.1.70170
220095	1.60.1.69913	1.60.1.70170
220096	1.60.1.69913	1.60.1.70170
220097	1.60.1.69913	1.60.1.70170
220098	1.60.1.69913	1.60.1.70170
220099	1.60.1.69913	1.60.1.70170
220100	1.60.1.69913	1.60.1.70170
220101	1.60.1.69913	1.60.1.70170
220102	1.60.1.69913	1.60.1.70170
220103	1.60.1.69913	1.60.1.70170
220104	1.60.1.69913	1.60.1.70170
220105	1.60.1.69913	1.60.1.70170
220106	1.60.1.69913	1.60.1.70170
220164	1.60.1.69913	1.60.1.70170
220165	1.60.1.69913	1.60.1.70170
220166	1.60.1.69913	1.60.1.70170
220167	1.60.1.69913	1.60.1.70170
220168	1.60.1.69913	1.60.1.70170
220169	1.60.1.69913	1.60.1.70170
220213	1.60.1.69913	1.60.1.70170
220214	1.60.1.69913	1.60.1.70170
220216	1.60.1.69913	1.60.1.70170
220217	1.60.1.69913	1.60.1.70170
220345	1.60.1.69913	1.60.1.70170
220346	1.60.1.69913	1.60.1.70170
220347	1.60.1.69913	1.60.1.70170
220348	1.60.1.69913	1.60.1.70170
220349	1.60.1.69913	1.60.1.70170
220350	1.60.1.69913	1.60.1.70170
220351	1.60.1.69913	1.60.1.70170
220352	1.60.1.69913	1.60.1.70170
220353	1.60.1.69913	1.60.1.70170
220360	1.60.1.69913	1.60.1.70170
220375	1.60.1.69913	1.60.1.70170
220446	1.60.1.69913	1.60.1.70170
220510	1.60.1.69913	1.60.1.70170
220525	1.60.1.69913	1.60.1.70170
220606	1.60.1.69913	1.60.1.70170
220610	1.60.1.69913	1.60.1.70170
220612	1.60.1.69913	1.60.1.70170
220613	1.60.1.69913	1.60.1.70170
220614	1.60.1.69913	1.60.1.70170
220616	1.60.1.69913	1.60.1.70170
220617	1.60.1.69913	1.60.1.70170
220618	1.60.1.69913	1.60.1.70170
220682	1.60.1.69913	1.60.1.70170
220687	1.60.1.69913	1.60.1.70170
220754	1.60.1.69913	1.60.1.70170
220775	1.60.1.69913	1.60.1.70170
220791	1.60.1.69913	1.60.1.70170
220792	1.60.1.69913	1.60.1.70170
220794	1.60.1.69913	1.60.1.70170
220795	1.60.1.69913	1.60.1.70170
220796	1.60.1.69913	1.60.1.70170
220797	1.60.1.69913	1.60.1.70170
220798	1.60.1.69913	1.60.1.70170
220799	1.60.1.69913	1.60.1.70170
220800	1.60.1.69913	1.60.1.70170
220801	1.60.1.69913	1.60.1.70170
220803	1.60.1.69913	1.60.1.70170
220804	1.60.1.69913	1.60.1.70170
220806	1.60.1.69913	1.60.1.70170
220807	1.60.1.69913	1.60.1.70170
220808	1.60.1.69913	1.60.1.70170
220809	1.60.1.69913	1.60.1.70170
220810	1.60.1.69913	1.60.1.70170
220811	1.60.1.69913	1.60.1.70170
220812	1.60.1.69913	1.60.1.70170
220813	1.60.1.69913	1.60.1.70170
220814	1.60.1.69913	1.60.1.70170
220815	1.60.1.69913	1.60.1.70170
220816	1.60.1.69913	1.60.1.70170
220817	1.60.1.69913	1.60.1.70170
220818	1.60.1.69913	1.60.1.70170
220819	1.60.1.69913	1.60.1.70170
220820	1.60.1.69913	1.60.1.70170
220821	1.60.1.69913	1.60.1.70170
220822	1.60.1.69913	1.60.1.70170
220823	1.60.1.69913	1.60.1.70170
220824	1.60.1.69913	1.60.1.70170
220825	1.60.1.69913	1.60.1.70170
220826	1.60.1.69913	1.60.1.70170
220827	1.60.1.69913	1.60.1.70170
220828	1.60.1.69913	1.60.1.70170
220829	1.60.1.69913	1.60.1.70170
220830	1.60.1.69913	1.60.1.70170
220831	1.60.1.69913	1.60.1.70170
220832	1.60.1.69913	1.60.1.70170
220833	1.60.1.69913	1.60.1.70170
220834	1.60.1.69913	1.60.1.70170
220835	1.60.1.69913	1.60.1.70170
220836	1.60.1.69913	1.60.1.70170
220837	1.60.1.69913	1.60.1.70170
220838	1.60.1.69913	1.60.1.70170
220839	1.60.1.69913	1.60.1.70170
220840	1.60.1.69913	1.60.1.70170
220841	1.60.1.69913	1.60.1.70170
220842	1.60.1.69913	1.60.1.70170
220843	1.60.1.69913	1.60.1.70170
220844	1.60.1.69913	1.60.1.70170
220845	1.60.1.69913	1.60.1.70170
220846	1.60.1.69913	1.60.1.70170
220847	1.60.1.69913	1.60.1.70170
220848	1.60.1.69913	1.60.1.70170
220849	1.60.1.69913	1.60.1.70170
220850	1.60.1.69913	1.60.1.70170
220851	1.60.1.69913	1.60.1.70170
220852	1.60.1.69913	1.60.1.70170
220853	1.60.1.69913	1.60.1.70170
220854	1.60.1.69913	1.60.1.70170
220855	1.60.1.69913	1.60.1.70170
220856	1.60.1.69913	1.60.1.70170
220857	1.60.1.69913	1.60.1.70170
220858	1.60.1.69913	1.60.1.70170
220859	1.60.1.69913	1.60.1.70170
220860	1.60.1.69913	1.60.1.70170
220861	1.60.1.69913	1.60.1.70170
220862	1.60.1.69913	1.60.1.70170
220863	1.60.1.69913	1.60.1.70170
220864	1.60.1.69913	1.60.1.70170
220865	1.60.1.69913	1.60.1.70170
220866	1.60.1.69913	1.60.1.70170
220867	1.60.1.69913	1.60.1.70170
220868	1.60.1.69913	1.60.1.70170
220869	1.60.1.69913	1.60.1.70170
220870	1.60.1.69913	1.60.1.70170
220871	1.60.1.69913	1.60.1.70170
220872	1.60.1.69913	1.60.1.70170
220873	1.60.1.69913	1.60.1.70170
220874	1.60.1.69913	1.60.1.70170
220875	1.60.1.69913	1.60.1.70170
220876	1.60.1.69913	1.60.1.70170
220877	1.60.1.69913	1.60.1.70170
220878	1.60.1.69913	1.60.1.70170
220879	1.60.1.69913	1.60.1.70170
220880	1.60.1.69913	1.60.1.70170
220881	1.60.1.69913	1.60.1.70170
220882	1.60.1.69913	1.60.1.70170
220883	1.60.1.69913	1.60.1.70170
220884	1.60.1.69913	1.60.1.70170
220885	1.60.1.69913	1.60.1.70170
220886	1.60.1.69913	1.60.1.70170
220887	1.60.1.69913	1.60.1.70170
220888	1.60.1.69913	1.60.1.70170
220889	1.60.1.69913	1.60.1.70170
220890	1.60.1.69913	1.60.1.70170
220891	1.60.1.69913	1.60.1.70170
220892	1.60.1.69913	1.60.1.70170
220893	1.60.1.69913	1.60.1.70170
220894	1.60.1.69913	1.60.1.70170
220895	1.60.1.69913	1.60.1.70170
220896	1.60.1.69913	1.60.1.70170
220897	1.60.1.69913	1.60.1.70170
220898	1.60.1.69913	1.60.1.70170
220899	1.60.1.69913	1.60.1.70170
220900	1.60.1.69913	1.60.1.70170
220901	1.60.1.69913	1.60.1.70170
220902	1.60.1.69913	1.60.1.70170
220903	1.60.1.69913	1.60.1.70170
220904	1.60.1.69913	1.60.1.70170
220905	1.60.1.69913	1.60.1.70170
220906	1.60.1.69913	1.60.1.70170
220907	1.60.1.69913	1.60.1.70170
220908	1.60.1.69913	1.60.1.70170
220909	1.60.1.69913	1.60.1.70170
220913	1.60.1.69913	1.60.1.70170
220914	1.60.1.69913	1.60.1.70170
220915	1.60.1.69913	1.60.1.70170
220916	1.60.1.69913	1.60.1.70170
220917	1.60.1.69913	1.60.1.70170
220918	1.60.1.69913	1.60.1.70170
220919	1.60.1.69913	1.60.1.70170
220920	1.60.1.69913	1.60.1.70170
220921	1.60.1.69913	1.60.1.70170
220922	1.60.1.69913	1.60.1.70170
220923	1.60.1.69913	1.60.1.70170
220924	1.60.1.69913	1.60.1.70170
220925	1.60.1.69913	1.60.1.70170
220926	1.60.1.69913	1.60.1.70170
220927	1.60.1.69913	1.60.1.70170
220928	1.60.1.69913	1.60.1.70170
220929	1.60.1.69913	1.60.1.70170
220930	1.60.1.69913	1.60.1.70170
220931	1.60.1.69913	1.60.1.70170
220932	1.60.1.69913	1.60.1.70170
220933	1.60.1.69913	1.60.1.70170
220934	1.60.1.69913	1.60.1.70170
220935	1.60.1.69913	1.60.1.70170
220936	1.60.1.69913	1.60.1.70170
220937	1.60.1.69913	1.60.1.70170
220938	1.60.1.69913	1.60.1.70170
220939	1.60.1.69913	1.60.1.70170
220940	1.60.1.69913	1.60.1.70170
220941	1.60.1.69913	1.60.1.70170
220942	1.60.1.69913	1.60.1.70170
221008	1.60.1.69913	1.60.1.70170
221009	1.60.1.69913	1.60.1.70170
221010	1.60.1.69913	1.60.1.70170
221017	1.60.1.69913	1.60.1.70170
221018	1.60.1.69913	1.60.1.70170
221019	1.60.1.69913	1.60.1.70170
221020	1.60.1.69913	1.60.1.70170
221191	1.60.1.69913	1.60.1.70170
221192	1.60.1.69913	1.60.1.70170
221199	1.60.1.69913	1.60.1.70170
221256	1.60.1.69913	1.60.1.70170
221257	1.60.1.69913	1.60.1.70170
221258	1.60.1.69913	1.60.1.70170
221259	1.60.1.69913	1.60.1.70170
221260	1.60.1.69913	1.60.1.70170
221261	1.60.1.69913	1.60.1.70170
221262	1.60.1.69913	1.60.1.70170
221267	1.60.1.69913	1.60.1.70170
221271	1.60.1.69913	1.60.1.70170
221272	1.60.1.69913	1.60.1.70170
221273	1.60.1.69913	1.60.1.70170
221274	1.60.1.69913	1.60.1.70170
221275	1.60.1.69913	1.60.1.70170
221276	1.60.1.69913	1.60.1.70170
221277	1.60.1.69913	1.60.1.70170
221278	1.60.1.69913	1.60.1.70170
221279	1.60.1.69913	1.60.1.70170
221280	1.60.1.69913	1.60.1.70170
221281	1.60.1.69913	1.60.1.70170
221282	1.60.1.69913	1.60.1.70170
221283	1.60.1.69913	1.60.1.70170
221284	1.60.1.69913	1.60.1.70170
221285	1.60.1.69913	1.60.1.70170
221286	1.60.1.69913	1.60.1.70170
221287	1.60.1.69913	1.60.1.70170
221288	1.60.1.69913	1.60.1.70170
221289	1.60.1.69913	1.60.1.70170
221290	1.60.1.69913	1.60.1.70170
221291	1.60.1.69913	1.60.1.70170
221292	1.60.1.69913	1.60.1.70170
221293	1.60.1.69913	1.60.1.70170
221294	1.60.1.69913	1.60.1.70170
221295	1.60.1.69913	1.60.1.70170
221296	1.60.1.69913	1.60.1.70170
221297	1.60.1.69913	1.60.1.70170
221298	1.60.1.69913	1.60.1.70170
221299	1.60.1.69913	1.60.1.70170
221300	1.60.1.69913	1.60.1.70170
221301	1.60.1.69913	1.60.1.70170
221302	1.60.1.69913	1.60.1.70170
221303	1.60.1.69913	1.60.1.70170
221304	1.60.1.69913	1.60.1.70170
221305	1.60.1.69913	1.60.1.70170
221306	1.60.1.69913	1.60.1.70170
221314	1.60.1.69913	1.60.1.70170
221315	1.60.1.69913	1.60.1.70170
221316	1.60.1.69913	1.60.1.70170
221317	1.60.1.69913	1.60.1.70170
221318	1.60.1.69913	1.60.1.70170
221319	1.60.1.69913	1.60.1.70170
221320	1.60.1.69913	1.60.1.70170
221324	1.60.1.69913	1.60.1.70170
221325	1.60.1.69913	1.60.1.70170
221326	1.60.1.69913	1.60.1.70170
221336	1.60.1.69913	1.60.1.70170
221344	1.60.1.69913	1.60.1.70170
221345	1.60.1.69913	1.60.1.70170
221347	1.60.1.69913	1.60.1.70170
221348	1.60.1.69913	1.60.1.70170
221349	1.60.1.69913	1.60.1.70170
221353	1.60.1.69913	1.60.1.70170
221354	1.60.1.69913	1.60.1.70170
221355	1.60.1.69913	1.60.1.70170
221356	1.60.1.69913	1.60.1.70170
221357	1.60.1.69913	1.60.1.70170
221358	1.60.1.69913	1.60.1.70170
221359	1.60.1.69913	1.60.1.70170
221360	1.60.1.69913	1.60.1.70170
221361	1.60.1.69913	1.60.1.70170
221370	1.60.1.69913	1.60.1.70170
221371	1.60.1.69913	1.60.1.70170
221372	1.60.1.69913	1.60.1.70170
221418	1.60.1.69913	1.60.1.70170
221428	1.60.1.69913	1.60.1.70170
221433	1.60.1.69913	1.60.1.70170
221445	1.60.1.69913	1.60.1.70170
221461	1.60.1.69913	1.60.1.70170
221470	1.60.1.69913	1.60.1.70170
221471	1.60.1.69913	1.60.1.70170
221473	1.60.1.69913	1.60.1.70170
221480	1.60.1.69913	1.60.1.70170
221481	1.60.1.69913	1.60.1.70170
221482	1.60.1.69913	1.60.1.70170
221483	1.60.1.69913	1.60.1.70170
221487	1.60.1.69913	1.60.1.70170
221488	1.60.1.69913	1.60.1.70170
221489	1.60.1.69913	1.60.1.70170
221490	1.60.1.69913	1.60.1.70170
221491	1.60.1.69913	1.60.1.70170
221497	1.60.1.69913	1.60.1.70170
221498	1.60.1.69913	1.60.1.70170
221499	1.60.1.69913	1.60.1.70170
221510	1.60.1.69913	1.60.1.70170
221511	1.60.1.69913	1.60.1.70170
221512	1.60.1.69913	1.60.1.70170
221513	1.60.1.69913	1.60.1.70170
221514	1.60.1.69913	1.60.1.70170
221515	1.60.1.69913	1.60.1.70170
221516	1.60.1.69913	1.60.1.70170
221517	1.60.1.69913	1.60.1.70170
221518	1.60.1.69913	1.60.1.70170
221519	1.60.1.69913	1.60.1.70170
221544	1.60.1.69913	1.60.1.70170
221545	1.60.1.69913	1.60.1.70170
221547	1.60.1.69913	1.60.1.70170
221549	1.60.1.69913	1.60.1.70170
221971	1.60.1.69913	1.60.1.70170
221972	1.60.1.69913	1.60.1.70170
221973	1.60.1.69913	1.60.1.70170
221974	1.60.1.69913	1.60.1.70170
221975	1.60.1.69913	1.60.1.70170
221976	1.60.1.69913	1.60.1.70170
221978	1.60.1.69913	1.60.1.70170
221979	1.60.1.69913	1.60.1.70170
221980	1.60.1.69913	1.60.1.70170
221981	1.60.1.69913	1.60.1.70170
222962	1.60.1.69913	1.60.1.70170
223073	1.60.1.69913	1.60.1.70170
223074	1.60.1.69913	1.60.1.70170
223075	1.60.1.69913	1.60.1.70170
223076	1.60.1.69913	1.60.1.70170
223077	1.60.1.69913	1.60.1.70170
223078	1.60.1.69913	1.60.1.70170
223147	1.60.1.69913	1.60.1.70170
223148	1.60.1.69913	1.60.1.70170
223149	1.60.1.69913	1.60.1.70170
223150	1.60.1.69913	1.60.1.70170
223151	1.60.1.69913	1.60.1.70170
223163	1.60.1.69913	1.60.1.70170
223168	1.60.1.69913	1.60.1.70170
223171	1.60.1.69913	1.60.1.70170
223173	1.60.1.69913	1.60.1.70170
223174	1.60.1.69913	1.60.1.70170
223175	1.60.1.69913	1.60.1.70170
223177	1.60.1.69913	1.60.1.70170
223178	1.60.1.69913	1.60.1.70170
223180	1.60.1.69913	1.60.1.70170
223181	1.60.1.69913	1.60.1.70170
223182	1.60.1.69913	1.60.1.70170
223183	1.60.1.69913	1.60.1.70170
223288	1.60.1.69913	1.60.1.70170
223323	1.60.1.69913	1.60.1.70170
223330	1.60.1.69913	1.60.1.70170
223331	1.60.1.69913	1.60.1.70170
223332	1.60.1.69913	1.60.1.70170
223333	1.60.1.69913	1.60.1.70170
223334	1.60.1.69913	1.60.1.70170
223335	1.60.1.69913	1.60.1.70170
223336	1.60.1.69913	1.60.1.70170
223337	1.60.1.69913	1.60.1.70170
223912	1.60.1.69913	1.60.1.70170
223913	1.60.1.69913	1.60.1.70170
223914	1.60.1.69913	1.60.1.70170
224806	1.60.1.69913	1.60.1.70170
224836	1.60.1.69913	1.60.1.70170
224848	1.60.1.69913	1.60.1.70170
224849	1.60.1.69913	1.60.1.70170
224850	1.60.1.69913	1.60.1.70170
224851	1.60.1.69913	1.60.1.70170
224893	1.60.1.69913	1.60.1.70170
224912	1.60.1.69913	1.60.1.70170
225675	1.60.1.69913	1.60.1.70170
225676	1.60.1.69913	1.60.1.70170
225686	1.60.1.69913	1.60.1.70170
225687	1.60.1.69913	1.60.1.70170
225688	1.60.1.69913	1.60.1.70170
225689	1.60.1.69913	1.60.1.70170
225690	1.60.1.69913	1.60.1.70170
225691	1.60.1.69913	1.60.1.70170
225740	1.60.1.69913	1.60.1.70170
225838	1.60.1.69913	1.60.1.70170
225914	1.60.1.69913	1.60.1.70170
225929	1.60.1.69913	1.60.1.70170
225938	1.60.1.69913	1.60.1.70170
225939	1.60.1.69913	1.60.1.70170
225940	1.60.1.69913	1.60.1.70170
225941	1.60.1.69913	1.60.1.70170
225942	1.60.1.69913	1.60.1.70170
225943	1.60.1.69913	1.60.1.70170
225954	1.60.1.69913	1.60.1.70170
225955	1.60.1.69913	1.60.1.70170
226201	1.60.1.69913	1.60.1.70170
226207	1.60.1.69913	1.60.1.70170
226208	1.60.1.69913	1.60.1.70170
226209	1.60.1.69913	1.60.1.70170
226210	1.60.1.69913	1.60.1.70170
226211	1.60.1.69913	1.60.1.70170
226212	1.60.1.69913	1.60.1.70170
226213	1.60.1.69913	1.60.1.70170
226214	1.60.1.69913	1.60.1.70170
226252	1.60.1.69913	1.60.1.70170
226374	1.60.1.69913	1.60.1.70170
226404	1.60.1.69913	1.60.1.70170
226405	1.60.1.69913	1.60.1.70170
226406	1.60.1.69913	1.60.1.70170
226407	1.60.1.69913	1.60.1.70170
226408	1.60.1.69913	1.60.1.70170
226409	1.60.1.69913	1.60.1.70170
226410	1.60.1.69913	1.60.1.70170
226411	1.60.1.69913	1.60.1.70170
226412	1.60.1.69913	1.60.1.70170
226413	1.60.1.69913	1.60.1.70170
226414	1.60.1.69913	1.60.1.70170
226415	1.60.1.69913	1.60.1.70170
226416	1.60.1.69913	1.60.1.70170
226417	1.60.1.69913	1.60.1.70170
226418	1.60.1.69913	1.60.1.70170
226419	1.60.1.69913	1.60.1.70170
226420	1.60.1.69913	1.60.1.70170
226421	1.60.1.69913	1.60.1.70170
226472	1.60.1.69913	1.60.1.70170
226526	1.60.1.69913	1.60.1.70170
226546	1.60.1.69913	1.60.1.70170
226587	1.60.1.69913	1.60.1.70170
226678	1.60.1.69913	1.60.1.70170
226679	1.60.1.69913	1.60.1.70170
226680	1.60.1.69913	1.60.1.70170
226694	1.60.1.69913	1.60.1.70170
226698	1.60.1.69913	1.60.1.70170
226699	1.60.1.69913	1.60.1.70170
226772	1.60.1.69913	1.60.1.70170
226773	1.60.1.69913	1.60.1.70170
226774	1.60.1.69913	1.60.1.70170
226775	1.60.1.69913	1.60.1.70170
226776	1.60.1.69913	1.60.1.70170
226777	1.60.1.69913	1.60.1.70170
226778	1.60.1.69913	1.60.1.70170
226779	1.60.1.69913	1.60.1.70170
226780	1.60.1.69913	1.60.1.70170
226781	1.60.1.69913	1.60.1.70170
226782	1.60.1.69913	1.60.1.70170
226783	1.60.1.69913	1.60.1.70170
226784	1.60.1.69913	1.60.1.70170
226785	1.60.1.69913	1.60.1.70170
226786	1.60.1.69913	1.60.1.70170
226787	1.60.1.69913	1.60.1.70170
226788	1.60.1.69913	1.60.1.70170
226789	1.60.1.69913	1.60.1.70170
226790	1.60.1.69913	1.60.1.70170
226791	1.60.1.69913	1.60.1.70170
226792	1.60.1.69913	1.60.1.70170
226793	1.60.1.69913	1.60.1.70170
226794	1.60.1.69913	1.60.1.70170
226795	1.60.1.69913	1.60.1.70170
226796	1.60.1.69913	1.60.1.70170
226797	1.60.1.69913	1.60.1.70170
226798	1.60.1.69913	1.60.1.70170
226799	1.60.1.69913	1.60.1.70170
226801	1.60.1.69913	1.60.1.70170
226802	1.60.1.69913	1.60.1.70170
226803	1.60.1.69913	1.60.1.70170
226804	1.60.1.69913	1.60.1.70170
226825	1.60.1.69913	1.60.1.70170
226826	1.60.1.69913	1.60.1.70170
226827	1.60.1.69913	1.60.1.70170
226828	1.60.1.69913	1.60.1.70170
226829	1.60.1.69913	1.60.1.70170
226830	1.60.1.69913	1.60.1.70170
226831	1.60.1.69913	1.60.1.70170
226832	1.60.1.69913	1.60.1.70170
226856	1.60.1.69913	1.60.1.70170
226857	1.60.1.69913	1.60.1.70170
226858	1.60.1.69913	1.60.1.70170
226859	1.60.1.69913	1.60.1.70170
226860	1.60.1.69913	1.60.1.70170
226861	1.60.1.69913	1.60.1.70170
226862	1.60.1.69913	1.60.1.70170
226863	1.60.1.69913	1.60.1.70170
226864	1.60.1.69913	1.60.1.70170
226865	1.60.1.69913	1.60.1.70170
226866	1.60.1.69913	1.60.1.70170
226867	1.60.1.69913	1.60.1.70170
226868	1.60.1.69913	1.60.1.70170
226869	1.60.1.69913	1.60.1.70170
226870	1.60.1.69913	1.60.1.70170
226871	1.60.1.69913	1.60.1.70170
226872	1.60.1.69913	1.60.1.70170
226881	1.60.1.69913	1.60.1.70170
226882	1.60.1.69913	1.60.1.70170
226883	1.60.1.69913	1.60.1.70170
226884	1.60.1.69913	1.60.1.70170
226885	1.60.1.69913	1.60.1.70170
226886	1.60.1.69913	1.60.1.70170
226887	1.60.1.69913	1.60.1.70170
226888	1.60.1.69913	1.60.1.70170
226905	1.60.1.69913	1.60.1.70170
226906	1.60.1.69913	1.60.1.70170
226907	1.60.1.69913	1.60.1.70170
226908	1.60.1.69913	1.60.1.70170
226909	1.60.1.69913	1.60.1.70170
226910	1.60.1.69913	1.60.1.70170
226911	1.60.1.69913	1.60.1.70170
226912	1.60.1.69913	1.60.1.70170
226929	1.60.1.69913	1.60.1.70170
226930	1.60.1.69913	1.60.1.70170
226931	1.60.1.69913	1.60.1.70170
226932	1.60.1.69913	1.60.1.70170
226933	1.60.1.69913	1.60.1.70170
226934	1.60.1.69913	1.60.1.70170
226935	1.60.1.69913	1.60.1.70170
226936	1.60.1.69913	1.60.1.70170
226945	1.60.1.69913	1.60.1.70170
226946	1.60.1.69913	1.60.1.70170
226947	1.60.1.69913	1.60.1.70170
226948	1.60.1.69913	1.60.1.70170
226949	1.60.1.69913	1.60.1.70170
226950	1.60.1.69913	1.60.1.70170
226951	1.60.1.69913	1.60.1.70170
226952	1.60.1.69913	1.60.1.70170
226953	1.60.1.69913	1.60.1.70170
226954	1.60.1.69913	1.60.1.70170
226955	1.60.1.69913	1.60.1.70170
226956	1.60.1.69913	1.60.1.70170
226957	1.60.1.69913	1.60.1.70170
226958	1.60.1.69913	1.60.1.70170
226959	1.60.1.69913	1.60.1.70170
226960	1.60.1.69913	1.60.1.70170
226969	1.60.1.69913	1.60.1.70170
226970	1.60.1.69913	1.60.1.70170
226971	1.60.1.69913	1.60.1.70170
226972	1.60.1.69913	1.60.1.70170
226973	1.60.1.69913	1.60.1.70170
226974	1.60.1.69913	1.60.1.70170
226975	1.60.1.69913	1.60.1.70170
226976	1.60.1.69913	1.60.1.70170
226977	1.60.1.69913	1.60.1.70170
226978	1.60.1.69913	1.60.1.70170
226979	1.60.1.69913	1.60.1.70170
226980	1.60.1.69913	1.60.1.70170
226981	1.60.1.69913	1.60.1.70170
226982	1.60.1.69913	1.60.1.70170
226983	1.60.1.69913	1.60.1.70170
226984	1.60.1.69913	1.60.1.70170
226985	1.60.1.69913	1.60.1.70170
226986	1.60.1.69913	1.60.1.70170
226987	1.60.1.69913	1.60.1.70170
226988	1.60.1.69913	1.60.1.70170
226989	1.60.1.69913	1.60.1.70170
226990	1.60.1.69913	1.60.1.70170
226991	1.60.1.69913	1.60.1.70170
226992	1.60.1.69913	1.60.1.70170
227001	1.60.1.69913	1.60.1.70170
227002	1.60.1.69913	1.60.1.70170
227003	1.60.1.69913	1.60.1.70170
227004	1.60.1.69913	1.60.1.70170
227005	1.60.1.69913	1.60.1.70170
227006	1.60.1.69913	1.60.1.70170
227007	1.60.1.69913	1.60.1.70170
227008	1.60.1.69913	1.60.1.70170
227009	1.60.1.69913	1.60.1.70170
227010	1.60.1.69913	1.60.1.70170
227011	1.60.1.69913	1.60.1.70170
227012	1.60.1.69913	1.60.1.70170
227013	1.60.1.69913	1.60.1.70170
227014	1.60.1.69913	1.60.1.70170
227015	1.60.1.69913	1.60.1.70170
227016	1.60.1.69913	1.60.1.70170
227017	1.60.1.69913	1.60.1.70170
227018	1.60.1.69913	1.60.1.70170
227019	1.60.1.69913	1.60.1.70170
227020	1.60.1.69913	1.60.1.70170
227021	1.60.1.69913	1.60.1.70170
227022	1.60.1.69913	1.60.1.70170
227023	1.60.1.69913	1.60.1.70170
227024	1.60.1.69913	1.60.1.70170
227041	1.60.1.69913	1.60.1.70170
227042	1.60.1.69913	1.60.1.70170
227043	1.60.1.69913	1.60.1.70170
227044	1.60.1.69913	1.60.1.70170
227045	1.60.1.69913	1.60.1.70170
227046	1.60.1.69913	1.60.1.70170
227047	1.60.1.69913	1.60.1.70170
227048	1.60.1.69913	1.60.1.70170
227049	1.60.1.69913	1.60.1.70170
227050	1.60.1.69913	1.60.1.70170
227051	1.60.1.69913	1.60.1.70170
227052	1.60.1.69913	1.60.1.70170
227053	1.60.1.69913	1.60.1.70170
227054	1.60.1.69913	1.60.1.70170
227055	1.60.1.69913	1.60.1.70170
227056	1.60.1.69913	1.60.1.70170
227057	1.60.1.69913	1.60.1.70170
227058	1.60.1.69913	1.60.1.70170
227059	1.60.1.69913	1.60.1.70170
227060	1.60.1.69913	1.60.1.70170
227061	1.60.1.69913	1.60.1.70170
227062	1.60.1.69913	1.60.1.70170
227063	1.60.1.69913	1.60.1.70170
227064	1.60.1.69913	1.60.1.70170
227065	1.60.1.69913	1.60.1.70170
227066	1.60.1.69913	1.60.1.70170
227067	1.60.1.69913	1.60.1.70170
227068	1.60.1.69913	1.60.1.70170
227069	1.60.1.69913	1.60.1.70170
227070	1.60.1.69913	1.60.1.70170
227071	1.60.1.69913	1.60.1.70170
227072	1.60.1.69913	1.60.1.70170
227073	1.60.1.69913	1.60.1.70170
227074	1.60.1.69913	1.60.1.70170
227075	1.60.1.69913	1.60.1.70170
227076	1.60.1.69913	1.60.1.70170
227077	1.60.1.69913	1.60.1.70170
227078	1.60.1.69913	1.60.1.70170
227079	1.60.1.69913	1.60.1.70170
227080	1.60.1.69913	1.60.1.70170
227081	1.60.1.69913	1.60.1.70170
227082	1.60.1.69913	1.60.1.70170
227083	1.60.1.69913	1.60.1.70170
227084	1.60.1.69913	1.60.1.70170
227085	1.60.1.69913	1.60.1.70170
227086	1.60.1.69913	1.60.1.70170
227087	1.60.1.69913	1.60.1.70170
227088	1.60.1.69913	1.60.1.70170
227089	1.60.1.69913	1.60.1.70170
227090	1.60.1.69913	1.60.1.70170
227091	1.60.1.69913	1.60.1.70170
227092	1.60.1.69913	1.60.1.70170
227093	1.60.1.69913	1.60.1.70170
227094	1.60.1.69913	1.60.1.70170
227095	1.60.1.69913	1.60.1.70170
227096	1.60.1.69913	1.60.1.70170
227097	1.60.1.69913	1.60.1.70170
227098	1.60.1.69913	1.60.1.70170
227099	1.60.1.69913	1.60.1.70170
227100	1.60.1.69913	1.60.1.70170
227101	1.60.1.69913	1.60.1.70170
227102	1.60.1.69913	1.60.1.70170
227103	1.60.1.69913	1.60.1.70170
227104	1.60.1.69913	1.60.1.70170
227105	1.60.1.69913	1.60.1.70170
227106	1.60.1.69913	1.60.1.70170
227107	1.60.1.69913	1.60.1.70170
227108	1.60.1.69913	1.60.1.70170
227109	1.60.1.69913	1.60.1.70170
227110	1.60.1.69913	1.60.1.70170
227111	1.60.1.69913	1.60.1.70170
227112	1.60.1.69913	1.60.1.70170
227113	1.60.1.69913	1.60.1.70170
227114	1.60.1.69913	1.60.1.70170
227115	1.60.1.69913	1.60.1.70170
227118	1.60.1.69913	1.60.1.70170
227119	1.60.1.69913	1.60.1.70170
227120	1.60.1.69913	1.60.1.70170
227121	1.60.1.69913	1.60.1.70170
227122	1.60.1.69913	1.60.1.70170
227123	1.60.1.69913	1.60.1.70170
227124	1.60.1.69913	1.60.1.70170
227125	1.60.1.69913	1.60.1.70170
227126	1.60.1.69913	1.60.1.70170
227127	1.60.1.69913	1.60.1.70170
227128	1.60.1.69913	1.60.1.70170
227129	1.60.1.69913	1.60.1.70170
227130	1.60.1.69913	1.60.1.70170
227131	1.60.1.69913	1.60.1.70170
227132	1.60.1.69913	1.60.1.70170
227133	1.60.1.69913	1.60.1.70170
227134	1.60.1.69913	1.60.1.70170
227135	1.60.1.69913	1.60.1.70170
227136	1.60.1.69913	1.60.1.70170
227137	1.60.1.69913	1.60.1.70170
227138	1.60.1.69913	1.60.1.70170
227139	1.60.1.69913	1.60.1.70170
227140	1.60.1.69913	1.60.1.70170
227141	1.60.1.69913	1.60.1.70170
227142	1.60.1.69913	1.60.1.70170
227143	1.60.1.69913	1.60.1.70170
227144	1.60.1.69913	1.60.1.70170
227145	1.60.1.69913	1.60.1.70170
227146	1.60.1.69913	1.60.1.70170
227147	1.60.1.69913	1.60.1.70170
227148	1.60.1.69913	1.60.1.70170
227149	1.60.1.69913	1.60.1.70170
227150	1.60.1.69913	1.60.1.70170
227151	1.60.1.69913	1.60.1.70170
227152	1.60.1.69913	1.60.1.70170
227153	1.60.1.69913	1.60.1.70170
227154	1.60.1.69913	1.60.1.70170
227155	1.60.1.69913	1.60.1.70170
227156	1.60.1.69913	1.60.1.70170
227157	1.60.1.69913	1.60.1.70170
227158	1.60.1.69913	1.60.1.70170
227159	1.60.1.69913	1.60.1.70170
227160	1.60.1.69913	1.60.1.70170
227161	1.60.1.69913	1.60.1.70170
227162	1.60.1.69913	1.60.1.70170
227163	1.60.1.69913	1.60.1.70170
227164	1.60.1.69913	1.60.1.70170
227165	1.60.1.69913	1.60.1.70170
227166	1.60.1.69913	1.60.1.70170
227167	1.60.1.69913	1.60.1.70170
227168	1.60.1.69913	1.60.1.70170
227169	1.60.1.69913	1.60.1.70170
227170	1.60.1.69913	1.60.1.70170
227171	1.60.1.69913	1.60.1.70170
227172	1.60.1.69913	1.60.1.70170
227173	1.60.1.69913	1.60.1.70170
227174	1.60.1.69913	1.60.1.70170
227175	1.60.1.69913	1.60.1.70170
227176	1.60.1.69913	1.60.1.70170
227177	1.60.1.69913	1.60.1.70170
227178	1.60.1.69913	1.60.1.70170
227179	1.60.1.69913	1.60.1.70170
227180	1.60.1.69913	1.60.1.70170
227181	1.60.1.69913	1.60.1.70170
227182	1.60.1.69913	1.60.1.70170
227183	1.60.1.69913	1.60.1.70170
227184	1.60.1.69913	1.60.1.70170
227185	1.60.1.69913	1.60.1.70170
227186	1.60.1.69913	1.60.1.70170
227187	1.60.1.69913	1.60.1.70170
227188	1.60.1.69913	1.60.1.70170
227189	1.60.1.69913	1.60.1.70170
227190	1.60.1.69913	1.60.1.70170
227191	1.60.1.69913	1.60.1.70170
227192	1.60.1.69913	1.60.1.70170
227193	1.60.1.69913	1.60.1.70170
227194	1.60.1.69913	1.60.1.70170
227195	1.60.1.69913	1.60.1.70170
227196	1.60.1.69913	1.60.1.70170
227197	1.60.1.69913	1.60.1.70170
227198	1.60.1.69913	1.60.1.70170
227199	1.60.1.69913	1.60.1.70170
227200	1.60.1.69913	1.60.1.70170
227201	1.60.1.69913	1.60.1.70170
227202	1.60.1.69913	1.60.1.70170
227203	1.60.1.69913	1.60.1.70170
227204	1.60.1.69913	1.60.1.70170
227205	1.60.1.69913	1.60.1.70170
227206	1.60.1.69913	1.60.1.70170
227207	1.60.1.69913	1.60.1.70170
227285	1.60.1.69913	1.60.1.70170
227286	1.60.1.69913	1.60.1.70170
227337	1.60.1.69913	1.60.1.70170
227338	1.60.1.69913	1.60.1.70170
227339	1.60.1.69913	1.60.1.70170
227340	1.60.1.69913	1.60.1.70170
227341	1.60.1.69913	1.60.1.70170
227343	1.60.1.69913	1.60.1.70170
227344	1.60.1.69913	1.60.1.70170
227345	1.60.1.69913	1.60.1.70170
227346	1.60.1.69913	1.60.1.70170
227347	1.60.1.69913	1.60.1.70170
227348	1.60.1.69913	1.60.1.70170
227350	1.60.1.69913	1.60.1.70170
227351	1.60.1.69913	1.60.1.70170
227352	1.60.1.69913	1.60.1.70170
227354	1.60.1.69913	1.60.1.70170
227356	1.60.1.69913	1.60.1.70170
227357	1.60.1.69913	1.60.1.70170
227359	1.60.1.69913	1.60.1.70170
227360	1.60.1.69913	1.60.1.70170
227361	1.60.1.69913	1.60.1.70170
227365	1.60.1.69913	1.60.1.70170
227366	1.60.1.69913	1.60.1.70170
227368	1.60.1.69913	1.60.1.70170
227369	1.60.1.69913	1.60.1.70170
227370	1.60.1.69913	1.60.1.70170
227371	1.60.1.69913	1.60.1.70170
227372	1.60.1.69913	1.60.1.70170
227373	1.60.1.69913	1.60.1.70170
227375	1.60.1.69913	1.60.1.70170
227376	1.60.1.69913	1.60.1.70170
227377	1.60.1.69913	1.60.1.70170
227379	1.60.1.69913	1.60.1.70170
227381	1.60.1.69913	1.60.1.70170
227382	1.60.1.69913	1.60.1.70170
227383	1.60.1.69913	1.60.1.70170
227384	1.60.1.69913	1.60.1.70170
227385	1.60.1.69913	1.60.1.70170
227387	1.60.1.69913	1.60.1.70170
227388	1.60.1.69913	1.60.1.70170
227390	1.60.1.69913	1.60.1.70170
227391	1.60.1.69913	1.60.1.70170
227392	1.60.1.69913	1.60.1.70170
227393	1.60.1.69913	1.60.1.70170
227394	1.60.1.69913	1.60.1.70170
227395	1.60.1.69913	1.60.1.70170
227397	1.60.1.69913	1.60.1.70170
227398	1.60.1.69913	1.60.1.70170
227399	1.60.1.69913	1.60.1.70170
227401	1.60.1.69913	1.60.1.70170
227403	1.60.1.69913	1.60.1.70170
227404	1.60.1.69913	1.60.1.70170
227444	1.60.1.69913	1.60.1.70170
227451	1.60.1.69913	1.60.1.70170
227456	1.60.1.69913	1.60.1.70170
227549	1.60.1.69913	1.60.1.70170
227552	1.60.1.69913	1.60.1.70170
227658	1.60.1.69913	1.60.1.70170
227685	1.60.1.69913	1.60.1.70170
227686	1.60.1.69913	1.60.1.70170
227687	1.60.1.69913	1.60.1.70170
227689	1.60.1.69913	1.60.1.70170
227690	1.60.1.69913	1.60.1.70170
227727	1.60.1.69913	1.60.1.70170
227730	1.60.1.69913	1.60.1.70170
227743	1.60.1.69913	1.60.1.70170
227745	1.60.1.69913	1.60.1.70170
227746	1.60.1.69913	1.60.1.70170
227747	1.60.1.69913	1.60.1.70170
227748	1.60.1.69913	1.60.1.70170
227749	1.60.1.69913	1.60.1.70170
227767	1.60.1.69913	1.60.1.70170
227768	1.60.1.69913	1.60.1.70170
227796	1.60.1.69913	1.60.1.70170
227797	1.60.1.69913	1.60.1.70170
227801	1.60.1.69913	1.60.1.70170
227802	1.60.1.69913	1.60.1.70170
227803	1.60.1.69913	1.60.1.70170
227804	1.60.1.69913	1.60.1.70170
227805	1.60.1.69913	1.60.1.70170
227807	1.60.1.69913	1.60.1.70170
227808	1.60.1.69913	1.60.1.70170
227809	1.60.1.69913	1.60.1.70170
227810	1.60.1.69913	1.60.1.70170
227813	1.60.1.69913	1.60.1.70170
227814	1.60.1.69913	1.60.1.70170
227815	1.60.1.69913	1.60.1.70170
227816	1.60.1.69913	1.60.1.70170
227817	1.60.1.69913	1.60.1.70170
227818	1.60.1.69913	1.60.1.70170
227819	1.60.1.69913	1.60.1.70170
227844	1.60.1.69913	1.60.1.70170
227859	1.60.1.69913	1.60.1.70170
227862	1.60.1.69913	1.60.1.70170
227888	1.60.1.69913	1.60.1.70170
227895	1.60.1.69913	1.60.1.70170
227896	1.60.1.69913	1.60.1.70170
227897	1.60.1.69913	1.60.1.70170
227898	1.60.1.69913	1.60.1.70170
227899	1.60.1.69913	1.60.1.70170
227900	1.60.1.69913	1.60.1.70170
227901	1.60.1.69913	1.60.1.70170
227902	1.60.1.69913	1.60.1.70170
227903	1.60.1.69913	1.60.1.70170
227904	1.60.1.69913	1.60.1.70170
227905	1.60.1.69913	1.60.1.70170
227906	1.60.1.69913	1.60.1.70170
227907	1.60.1.69913	1.60.1.70170
227908	1.60.1.69913	1.60.1.70170
227909	1.60.1.69913	1.60.1.70170
227910	1.60.1.69913	1.60.1.70170
227911	1.60.1.69913	1.60.1.70170
227912	1.60.1.69913	1.60.1.70170
227921	1.60.1.69913	1.60.1.70170
227922	1.60.1.69913	1.60.1.70170
227924	1.60.1.69913	1.60.1.70170
227928	1.60.1.69913	1.60.1.70170
227930	1.60.1.69913	1.60.1.70170
227931	1.60.1.69913	1.60.1.70170
227932	1.60.1.69913	1.60.1.70170
227937	1.60.1.69913	1.60.1.70170
227938	1.60.1.69913	1.60.1.70170
227939	1.60.1.69913	1.60.1.70170
227947	1.60.1.69913	1.60.1.70170
228105	1.60.1.69913	1.60.1.70170
228114	1.60.1.69913	1.60.1.70170
228117	1.60.1.69913	1.60.1.70170
228118	1.60.1.69913	1.60.1.70170
228119	1.60.1.69913	1.60.1.70170
228120	1.60.1.69913	1.60.1.70170
228121	1.60.1.69913	1.60.1.70170
228123	1.60.1.69913	1.60.1.70170
228124	1.60.1.69913	1.60.1.70170
228126	1.60.1.69913	1.60.1.70170
228130	1.60.1.69913	1.60.1.70170
228131	1.60.1.69913	1.60.1.70170
228132	1.60.1.69913	1.60.1.70170
228133	1.60.1.69913	1.60.1.70170
228134	1.60.1.69913	1.60.1.70170
228135	1.60.1.69913	1.60.1.70170
228136	1.60.1.69913	1.60.1.70170
228138	1.60.1.69913	1.60.1.70170
228140	1.60.1.69913	1.60.1.70170
228141	1.60.1.69913	1.60.1.70170
228144	1.60.1.69913	1.60.1.70170
228175	1.60.1.69913	1.60.1.70170
228176	1.60.1.69913	1.60.1.70170
228189	1.60.1.69913	1.60.1.70170
228190	1.60.1.69913	1.60.1.70170
228191	1.60.1.69913	1.60.1.70170
228227	1.60.1.69913	1.60.1.70170
228250	1.60.1.69913	1.60.1.70170
228251	1.60.1.69913	1.60.1.70170
228276	1.60.1.69913	1.60.1.70170
228301	1.60.1.69913	1.60.1.70170
228303	1.60.1.69913	1.60.1.70170
228309	1.60.1.69913	1.60.1.70170
228310	1.60.1.69913	1.60.1.70170
228311	1.60.1.69913	1.60.1.70170
228312	1.60.1.69913	1.60.1.70170
228313	1.60.1.69913	1.60.1.70170
228314	1.60.1.69913	1.60.1.70170
228315	1.60.1.69913	1.60.1.70170
228316	1.60.1.69913	1.60.1.70170
228317	1.60.1.69913	1.60.1.70170
228318	1.60.1.69913	1.60.1.70170
228319	1.60.1.69913	1.60.1.70170
228324	1.60.1.69913	1.60.1.70170
228327	1.60.1.69913	1.60.1.70170
228477	1.60.1.69913	1.60.1.70170
228615	1.60.1.69913	1.60.1.70170
228659	1.60.1.69913	1.60.1.70170
228695	1.60.1.69913	1.60.1.70170
228696	1.60.1.69913	1.60.1.70170
228697	1.60.1.69913	1.60.1.70170
228749	1.60.1.69913	1.60.1.70170
228912	1.60.1.69913	1.60.1.70170
228978	1.60.1.69913	1.60.1.70170
228979	1.60.1.69913	1.60.1.70170
228980	1.60.1.69913	1.60.1.70170
228981	1.60.1.69913	1.60.1.70170
228982	1.60.1.69913	1.60.1.70170
228993	1.60.1.69913	1.60.1.70170
229008	1.60.1.69913	1.60.1.70170
229009	1.60.1.69913	1.60.1.70170
229055	1.60.1.69913	1.60.1.70170
229056	1.60.1.69913	1.60.1.70170
229057	1.60.1.69913	1.60.1.70170
229362	1.60.1.69913	1.60.1.70170
229415	1.60.1.69913	1.60.1.70170
229416	1.60.1.69913	1.60.1.70170
229894	1.60.1.69913	1.60.1.70170
229897	1.60.1.69913	1.60.1.70170
229965	1.60.1.69913	1.60.1.70170
230008	1.60.1.69913	1.60.1.70170
230018	1.60.1.69913	1.60.1.70170
230903	1.60.1.69913	1.60.1.70170
230908	1.60.1.69913	1.60.1.70170
230909	1.60.1.69913	1.60.1.70170
230946	1.60.1.69913	1.60.1.70170
230947	1.60.1.69913	1.60.1.70170
230948	1.60.1.69913	1.60.1.70170
230949	1.60.1.69913	1.60.1.70170
231298	1.60.1.69913	1.60.1.70170
231304	1.60.1.69913	1.60.1.70170
231386	1.60.1.69913	1.60.1.70170
231530	1.60.1.69913	1.60.1.70170
231531	1.60.1.69913	1.60.1.70170
231532	1.60.1.69913	1.60.1.70170
231533	1.60.1.69913	1.60.1.70170
231534	1.60.1.69913	1.60.1.70170
231535	1.60.1.69913	1.60.1.70170
231536	1.60.1.69913	1.60.1.70170
231537	1.60.1.69913	1.60.1.70170
231538	1.60.1.69913	1.60.1.70170
231539	1.60.1.69913	1.60.1.70170
231540	1.60.1.69913	1.60.1.70170
231541	1.60.1.69913	1.60.1.70170
231543	1.60.1.69913	1.60.1.70170
231544	1.60.1.69913	1.60.1.70170
231545	1.60.1.69913	1.60.1.70170
231546	1.60.1.69913	1.60.1.70170
231547	1.60.1.69913	1.60.1.70170
231548	1.60.1.69913	1.60.1.70170
231549	1.60.1.69913	1.60.1.70170
231551	1.60.1.69913	1.60.1.70170
231552	1.60.1.69913	1.60.1.70170
231553	1.60.1.69913	1.60.1.70170
231554	1.60.1.69913	1.60.1.70170
231555	1.60.1.69913	1.60.1.70170
231557	1.60.1.69913	1.60.1.70170
231558	1.60.1.69913	1.60.1.70170
231560	1.60.1.69913	1.60.1.70170
231561	1.60.1.69913	1.60.1.70170
231562	1.60.1.69913	1.60.1.70170
231563	1.60.1.69913	1.60.1.70170
231564	1.60.1.69913	1.60.1.70170
231565	1.60.1.69913	1.60.1.70170
231566	1.60.1.69913	1.60.1.70170
231567	1.60.1.69913	1.60.1.70170
231568	1.60.1.69913	1.60.1.70170
231569	1.60.1.69913	1.60.1.70170
231570	1.60.1.69913	1.60.1.70170
231571	1.60.1.69913	1.60.1.70170
231572	1.60.1.69913	1.60.1.70170
231573	1.60.1.69913	1.60.1.70170
231574	1.60.1.69913	1.60.1.70170
231575	1.60.1.69913	1.60.1.70170
231576	1.60.1.69913	1.60.1.70170
231577	1.60.1.69913	1.60.1.70170
231578	1.60.1.69913	1.60.1.70170
231579	1.60.1.69913	1.60.1.70170
231580	1.60.1.69913	1.60.1.70170
231581	1.60.1.69913	1.60.1.70170
231582	1.60.1.69913	1.60.1.70170
231583	1.60.1.69913	1.60.1.70170
231584	1.60.1.69913	1.60.1.70170
231585	1.60.1.69913	1.60.1.70170
231586	1.60.1.69913	1.60.1.70170
231587	1.60.1.69913	1.60.1.70170
231588	1.60.1.69913	1.60.1.70170
231589	1.60.1.69913	1.60.1.70170
231590	1.60.1.69913	1.60.1.70170
231591	1.60.1.69913	1.60.1.70170
231592	1.60.1.69913	1.60.1.70170
231593	1.60.1.69913	1.60.1.70170
231594	1.60.1.69913	1.60.1.70170
231595	1.60.1.69913	1.60.1.70170
231596	1.60.1.69913	1.60.1.70170
231597	1.60.1.69913	1.60.1.70170
231599	1.60.1.69913	1.60.1.70170
231600	1.60.1.69913	1.60.1.70170
231601	1.60.1.69913	1.60.1.70170
231602	1.60.1.69913	1.60.1.70170
231603	1.60.1.69913	1.60.1.70170
231604	1.60.1.69913	1.60.1.70170
231605	1.60.1.69913	1.60.1.70170
231606	1.60.1.69913	1.60.1.70170
231608	1.60.1.69913	1.60.1.70170
231609	1.60.1.69913	1.60.1.70170
231610	1.60.1.69913	1.60.1.70170
231611	1.60.1.69913	1.60.1.70170
231612	1.60.1.69913	1.60.1.70170
231613	1.60.1.69913	1.60.1.70170
231614	1.60.1.69913	1.60.1.70170
231615	1.60.1.69913	1.60.1.70170
231616	1.60.1.69913	1.60.1.70170
231617	1.60.1.69913	1.60.1.70170
231618	1.60.1.69913	1.60.1.70170
231619	1.60.1.69913	1.60.1.70170
231620	1.60.1.69913	1.60.1.70170
231621	1.60.1.69913	1.60.1.70170
231622	1.60.1.69913	1.60.1.70170
231623	1.60.1.69913	1.60.1.70170
231624	1.60.1.69913	1.60.1.70170
231626	1.60.1.69913	1.60.1.70170
231627	1.60.1.69913	1.60.1.70170
231628	1.60.1.69913	1.60.1.70170
231630	1.60.1.69913	1.60.1.70170
231631	1.60.1.69913	1.60.1.70170
231632	1.60.1.69913	1.60.1.70170
231633	1.60.1.69913	1.60.1.70170
231634	1.60.1.69913	1.60.1.70170
231635	1.60.1.69913	1.60.1.70170
231639	1.60.1.69913	1.60.1.70170
231640	1.60.1.69913	1.60.1.70170
231641	1.60.1.69913	1.60.1.70170
231642	1.60.1.69913	1.60.1.70170
231643	1.60.1.69913	1.60.1.70170
231644	1.60.1.69913	1.60.1.70170
231645	1.60.1.69913	1.60.1.70170
231646	1.60.1.69913	1.60.1.70170
231647	1.60.1.69913	1.60.1.70170
231648	1.60.1.69913	1.60.1.70170
231649	1.60.1.69913	1.60.1.70170
231650	1.60.1.69913	1.60.1.70170
231651	1.60.1.69913	1.60.1.70170
231652	1.60.1.69913	1.60.1.70170
231653	1.60.1.69913	1.60.1.70170
231654	1.60.1.69913	1.60.1.70170
231655	1.60.1.69913	1.60.1.70170
231656	1.60.1.69913	1.60.1.70170
231657	1.60.1.69913	1.60.1.70170
231658	1.60.1.69913	1.60.1.70170
231659	1.60.1.69913	1.60.1.70170
231660	1.60.1.69913	1.60.1.70170
231661	1.60.1.69913	1.60.1.70170
231662	1.60.1.69913	1.60.1.70170
231663	1.60.1.69913	1.60.1.70170
231664	1.60.1.69913	1.60.1.70170
231665	1.60.1.69913	1.60.1.70170
231666	1.60.1.69913	1.60.1.70170
231667	1.60.1.69913	1.60.1.70170
231668	1.60.1.69913	1.60.1.70170
231669	1.60.1.69913	1.60.1.70170
231670	1.60.1.69913	1.60.1.70170
231671	1.60.1.69913	1.60.1.70170
231672	1.60.1.69913	1.60.1.70170
231673	1.60.1.69913	1.60.1.70170
231674	1.60.1.69913	1.60.1.70170
231675	1.60.1.69913	1.60.1.70170
231676	1.60.1.69913	1.60.1.70170
231677	1.60.1.69913	1.60.1.70170
231678	1.60.1.69913	1.60.1.70170
231679	1.60.1.69913	1.60.1.70170
231680	1.60.1.69913	1.60.1.70170
231681	1.60.1.69913	1.60.1.70170
231682	1.60.1.69913	1.60.1.70170
231683	1.60.1.69913	1.60.1.70170
231684	1.60.1.69913	1.60.1.70170
231685	1.60.1.69913	1.60.1.70170
231686	1.60.1.69913	1.60.1.70170
231687	1.60.1.69913	1.60.1.70170
231688	1.60.1.69913	1.60.1.70170
231689	1.60.1.69913	1.60.1.70170
231690	1.60.1.69913	1.60.1.70170
231691	1.60.1.69913	1.60.1.70170
231692	1.60.1.69913	1.60.1.70170
231693	1.60.1.69913	1.60.1.70170
231694	1.60.1.69913	1.60.1.70170
231695	1.60.1.69913	1.60.1.70170
231696	1.60.1.69913	1.60.1.70170
231697	1.60.1.69913	1.60.1.70170
231698	1.60.1.69913	1.60.1.70170
231699	1.60.1.69913	1.60.1.70170
231700	1.60.1.69913	1.60.1.70170
231701	1.60.1.69913	1.60.1.70170
231702	1.60.1.69913	1.60.1.70170
231703	1.60.1.69913	1.60.1.70170
231704	1.60.1.69913	1.60.1.70170
231705	1.60.1.69913	1.60.1.70170
231706	1.60.1.69913	1.60.1.70170
231732	1.60.1.69913	1.60.1.70170
231778	1.60.1.69913	1.60.1.70170
231789	1.60.1.69913	1.60.1.70170
231792	1.60.1.69913	1.60.1.70170
231793	1.60.1.69913	1.60.1.70170
231794	1.60.1.69913	1.60.1.70170
231795	1.60.1.69913	1.60.1.70170
231796	1.60.1.69913	1.60.1.70170
231797	1.60.1.69913	1.60.1.70170
231798	1.60.1.69913	1.60.1.70170
231799	1.60.1.69913	1.60.1.70170
231800	1.60.1.69913	1.60.1.70170
231828	1.60.1.69913	1.60.1.70170
231829	1.60.1.69913	1.60.1.70170
231836	1.60.1.69913	1.60.1.70170
231837	1.60.1.69913	1.60.1.70170
231841	1.60.1.69913	1.60.1.70170
231843	1.60.1.69913	1.60.1.70170
231844	1.60.1.69913	1.60.1.70170
231845	1.60.1.69913	1.60.1.70170
231877	1.60.1.69913	1.60.1.70170
231887	1.60.1.69913	1.60.1.70170
231901	1.60.1.69913	1.60.1.70170
231903	1.60.1.69913	1.60.1.70170
231904	1.60.1.69913	1.60.1.70170
231909	1.60.1.69913	1.60.1.70170
232312	1.60.1.69913	1.60.1.70170
232324	1.60.1.69913	1.60.1.70170
232343	1.60.1.69913	1.60.1.70170
232344	1.60.1.69913	1.60.1.70170
232358	1.60.1.69913	1.60.1.70170
232414	1.60.1.69913	1.60.1.70170
232433	1.60.1.69913	1.60.1.70170
232434	1.60.1.69913	1.60.1.70170
232436	1.60.1.69913	1.60.1.70170
232437	1.60.1.69913	1.60.1.70170
232438	1.60.1.69913	1.60.1.70170
232443	1.60.1.69913	1.60.1.70170
232454	1.60.1.69913	1.60.1.70170
232455	1.60.1.69913	1.60.1.70170
232456	1.60.1.69913	1.60.1.70170
232457	1.60.1.69913	1.60.1.70170
232458	1.60.1.69913	1.60.1.70170
232459	1.60.1.69913	1.60.1.70170
232460	1.60.1.69913	1.60.1.70170
232461	1.60.1.69913	1.60.1.70170
232462	1.60.1.69913	1.60.1.70170
232549	1.60.1.69913	1.60.1.70170
232610	1.60.1.69913	1.60.1.70170
232611	1.60.1.69913	1.60.1.70170
232652	1.60.1.69913	1.60.1.70170
233197	1.60.1.69913	1.60.1.70170
233198	1.60.1.69913	1.60.1.70170
233200	1.60.1.69913	1.60.1.70170
233209	1.60.1.69913	1.60.1.70170
233217	1.60.1.69913	1.60.1.70170
233250	1.60.1.69913	1.60.1.70170
234012	1.60.1.69913	1.60.1.70170
234016	1.60.1.69913	1.60.1.70170
234017	1.60.1.69913	1.60.1.70170
234018	1.60.1.69913	1.60.1.70170
234019	1.60.1.69913	1.60.1.70170
234020	1.60.1.69913	1.60.1.70170
234021	1.60.1.69913	1.60.1.70170
234022	1.60.1.69913	1.60.1.70170
234023	1.60.1.69913	1.60.1.70170
234024	1.60.1.69913	1.60.1.70170
234025	1.60.1.69913	1.60.1.70170
234026	1.60.1.69913	1.60.1.70170
234027	1.60.1.69913	1.60.1.70170
234028	1.60.1.69913	1.60.1.70170
234029	1.60.1.69913	1.60.1.70170
234030	1.60.1.69913	1.60.1.70170
234031	1.60.1.69913	1.60.1.70170
234032	1.60.1.69913	1.60.1.70170
234033	1.60.1.69913	1.60.1.70170
234034	1.60.1.69913	1.60.1.70170
234035	1.60.1.69913	1.60.1.70170
234198	1.60.1.69913	1.60.1.70170
234199	1.60.1.69913	1.60.1.70170
234200	1.60.1.69913	1.60.1.70170
234201	1.60.1.69913	1.60.1.70170
234202	1.60.1.69913	1.60.1.70170
234271	1.60.1.69913	1.60.1.70170
234272	1.60.1.69913	1.60.1.70170
234436	1.60.1.69913	1.60.1.70170
234437	1.60.1.69913	1.60.1.70170
234438	1.60.1.69913	1.60.1.70170
234439	1.60.1.69913	1.60.1.70170
234440	1.60.1.69913	1.60.1.70170
234444	1.60.1.69913	1.60.1.70170
234465	1.60.1.69913	1.60.1.70170
234542	1.60.1.69913	1.60.1.70170
234543	1.60.1.69913	1.60.1.70170
234545	1.60.1.69913	1.60.1.70170
234546	1.60.1.69913	1.60.1.70170
234547	1.60.1.69913	1.60.1.70170
234548	1.60.1.69913	1.60.1.70170
234549	1.60.1.69913	1.60.1.70170
234550	1.60.1.69913	1.60.1.70170
234551	1.60.1.69913	1.60.1.70170
234552	1.60.1.69913	1.60.1.70170
234553	1.60.1.69913	1.60.1.70170
234554	1.60.1.69913	1.60.1.70170
234555	1.60.1.69913	1.60.1.70170
234556	1.60.1.69913	1.60.1.70170
234557	1.60.1.69913	1.60.1.70170
234558	1.60.1.69913	1.60.1.70170
234559	1.60.1.69913	1.60.1.70170
234560	1.60.1.69913	1.60.1.70170
234561	1.60.1.69913	1.60.1.70170
234562	1.60.1.69913	1.60.1.70170
234563	1.60.1.69913	1.60.1.70170
234564	1.60.1.69913	1.60.1.70170
234565	1.60.1.69913	1.60.1.70170
234566	1.60.1.69913	1.60.1.70170
234567	1.60.1.69913	1.60.1.70170
234568	1.60.1.69913	1.60.1.70170
234569	1.60.1.69913	1.60.1.70170
234570	1.60.1.69913	1.60.1.70170
234571	1.60.1.69913	1.60.1.70170
234574	1.60.1.69913	1.60.1.70170
234576	1.60.1.69913	1.60.1.70170
234578	1.60.1.69913	1.60.1.70170
234579	1.60.1.69913	1.60.1.70170
234580	1.60.1.69913	1.60.1.70170
234581	1.60.1.69913	1.60.1.70170
234582	1.60.1.69913	1.60.1.70170
234583	1.60.1.69913	1.60.1.70170
234584	1.60.1.69913	1.60.1.70170
234585	1.60.1.69913	1.60.1.70170
234586	1.60.1.69913	1.60.1.70170
234587	1.60.1.69913	1.60.1.70170
234588	1.60.1.69913	1.60.1.70170
234589	1.60.1.69913	1.60.1.70170
234590	1.60.1.69913	1.60.1.70170
234728	1.60.1.69913	1.60.1.70170
234817	1.60.1.69913	1.60.1.70170
234818	1.60.1.69913	1.60.1.70170
234819	1.60.1.69913	1.60.1.70170
234820	1.60.1.69913	1.60.1.70170
234964	1.60.1.69913	1.60.1.70170
234965	1.60.1.69913	1.60.1.70170
234966	1.60.1.69913	1.60.1.70170
234967	1.60.1.69913	1.60.1.70170
234968	1.60.1.69913	1.60.1.70170
235044	1.60.1.69913	1.60.1.70170
235256	1.60.1.69913	1.60.1.70170
235275	1.60.1.69913	1.60.1.70170
235276	1.60.1.69913	1.60.1.70170
235277	1.60.1.69913	1.60.1.70170
235278	1.60.1.69913	1.60.1.70170
235334	1.60.1.69913	1.60.1.70170
235470	1.60.1.69913	1.60.1.70170
235471	1.60.1.69913	1.60.1.70170
235472	1.60.1.69913	1.60.1.70170
235473	1.60.1.69913	1.60.1.70170
235474	1.60.1.69913	1.60.1.70170
235476	1.60.1.69913	1.60.1.70170
235477	1.60.1.69913	1.60.1.70170
235478	1.60.1.69913	1.60.1.70170
235479	1.60.1.69913	1.60.1.70170
235480	1.60.1.69913	1.60.1.70170
235481	1.60.1.69913	1.60.1.70170
235509	1.60.1.69913	1.60.1.70170
235510	1.60.1.69913	1.60.1.70170
235517	1.60.1.69913	1.60.1.70170
235518	1.60.1.69913	1.60.1.70170
235597	1.60.1.69913	1.60.1.70170
235598	1.60.1.69913	1.60.1.70170
235599	1.60.1.69913	1.60.1.70170
235600	1.60.1.69913	1.60.1.70170
235601	1.60.1.69913	1.60.1.70170
235602	1.60.1.69913	1.60.1.70170
235603	1.60.1.69913	1.60.1.70170
235604	1.60.1.69913	1.60.1.70170
235605	1.60.1.69913	1.60.1.70170
235645	1.60.1.69913	1.60.1.70170
235785	1.60.1.69913	1.60.1.70170
235786	1.60.1.69913	1.60.1.70170
235787	1.60.1.69913	1.60.1.70170
235788	1.60.1.69913	1.60.1.70170
235789	1.60.1.69913	1.60.1.70170
235790	1.60.1.69913	1.60.1.70170
235852	1.60.1.69913	1.60.1.70170
235867	1.60.1.69913	1.60.1.70170
235899	1.60.1.69913	1.60.1.70170
236002	1.60.1.69913	1.60.1.70170
236354	1.60.1.69913	1.60.1.70170
236355	1.60.1.69913	1.60.1.70170
236356	1.60.1.69913	1.60.1.70170
236357	1.60.1.69913	1.60.1.70170
236382	1.60.1.69913	1.60.1.70170
236383	1.60.1.69913	1.60.1.70170
236384	1.60.1.69913	1.60.1.70170
236385	1.60.1.69913	1.60.1.70170
236393	1.60.1.69913	1.60.1.70170
236394	1.60.1.69913	1.60.1.70170
236395	1.60.1.69913	1.60.1.70170
236396	1.60.1.69913	1.60.1.70170
236414	1.60.1.69913	1.60.1.70170
236631	1.60.1.69913	1.60.1.70170
236754	1.60.1.69913	1.60.1.70170
236755	1.60.1.69913	1.60.1.70170
236759	1.60.1.69913	1.60.1.70170
236760	1.60.1.69913	1.60.1.70170
236872	1.60.1.69913	1.60.1.70170
236878	1.60.1.69913	1.60.1.70170
236879	1.60.1.69913	1.60.1.70170
236880	1.60.1.69913	1.60.1.70170
237011	1.60.1.69913	1.60.1.70170
237023	1.60.1.69913	1.60.1.70170
237024	1.60.1.69913	1.60.1.70170
237037	1.60.1.69913	1.60.1.70170
237041	1.60.1.69913	1.60.1.70170
237196	1.60.1.69913	1.60.1.70170
237230	1.60.1.69913	1.60.1.70170
237261	1.60.1.69913	1.60.1.70170
237263	1.60.1.69913	1.60.1.70170
237504	1.60.1.69913	1.60.1.70170
237814	1.60.1.69913	1.60.1.70170
237815	1.60.1.69913	1.60.1.70170
237817	1.60.1.69913	1.60.1.70170
237818	1.60.1.69913	1.60.1.70170
237819	1.60.1.69913	1.60.1.70170
237820	1.60.1.69913	1.60.1.70170
237821	1.60.1.69913	1.60.1.70170
237822	1.60.1.69913	1.60.1.70170
237823	1.60.1.69913	1.60.1.70170
237824	1.60.1.69913	1.60.1.70170
237825	1.60.1.69913	1.60.1.70170
237826	1.60.1.69913	1.60.1.70170
238057	1.60.1.69913	1.60.1.70170
238244	1.60.1.69913	1.60.1.70170
238245	1.60.1.69913	1.60.1.70170
238246	1.60.1.69913	1.60.1.70170
238298	1.60.1.69913	1.60.1.70170
238299	1.60.1.69913	1.60.1.70170
238300	1.60.1.69913	1.60.1.70170
238301	1.60.1.69913	1.60.1.70170
238302	1.60.1.69913	1.60.1.70170
238303	1.60.1.69913	1.60.1.70170
238304	1.60.1.69913	1.60.1.70170
238305	1.60.1.69913	1.60.1.70170
238306	1.60.1.69913	1.60.1.70170
238307	1.60.1.69913	1.60.1.70170
238308	1.60.1.69913	1.60.1.70170
238309	1.60.1.69913	1.60.1.70170
238310	1.60.1.69913	1.60.1.70170
238311	1.60.1.69913	1.60.1.70170
238312	1.60.1.69913	1.60.1.70170
238313	1.60.1.69913	1.60.1.70170
238314	1.60.1.69913	1.60.1.70170
238315	1.60.1.69913	1.60.1.70170
238316	1.60.1.69913	1.60.1.70170
238317	1.60.1.69913	1.60.1.70170
238318	1.60.1.69913	1.60.1.70170
238319	1.60.1.69913	1.60.1.70170
238320	1.60.1.69913	1.60.1.70170
238321	1.60.1.69913	1.60.1.70170
238322	1.60.1.69913	1.60.1.70170
238323	1.60.1.69913	1.60.1.70170
238324	1.60.1.69913	1.60.1.70170
238325	1.60.1.69913	1.60.1.70170
238326	1.60.1.69913	1.60.1.70170
238327	1.60.1.69913	1.60.1.70170
238328	1.60.1.69913	1.60.1.70170
238329	1.60.1.69913	1.60.1.70170
238345	1.60.1.69913	1.60.1.70170
238347	1.60.1.69913	1.60.1.70170
238385	1.60.1.69913	1.60.1.70170
238449	1.60.1.69913	1.60.1.70170
238463	1.60.1.69913	1.60.1.70170
238464	1.60.1.69913	1.60.1.70170
238497	1.60.1.69913	1.60.1.70170
238501	1.60.1.69913	1.60.1.70170
238503	1.60.1.69913	1.60.1.70170
238507	1.60.1.69913	1.60.1.70170
238517	1.60.1.69913	1.60.1.70170
238637	1.60.1.69913	1.60.1.70170
238638	1.60.1.69913	1.60.1.70170
238639	1.60.1.69913	1.60.1.70170
238641	1.60.1.69913	1.60.1.70170
238642	1.60.1.69913	1.60.1.70170
238644	1.60.1.69913	1.60.1.70170
238645	1.60.1.69913	1.60.1.70170
238646	1.60.1.69913	1.60.1.70170
238647	1.60.1.69913	1.60.1.70170
238649	1.60.1.69913	1.60.1.70170
238650	1.60.1.69913	1.60.1.70170
238681	1.60.1.69913	1.60.1.70170
238734	1.60.1.69913	1.60.1.70170
238735	1.60.1.69913	1.60.1.70170
238736	1.60.1.69913	1.60.1.70170
238737	1.60.1.69913	1.60.1.70170
238782	1.60.1.69913	1.60.1.70170
238783	1.60.1.69913	1.60.1.70170
238784	1.60.1.69913	1.60.1.70170
238785	1.60.1.69913	1.60.1.70170
238786	1.60.1.69913	1.60.1.70170
238787	1.60.1.69913	1.60.1.70170
238788	1.60.1.69913	1.60.1.70170
238789	1.60.1.69913	1.60.1.70170
238794	1.60.1.69913	1.60.1.70170
238797	1.60.1.69913	1.60.1.70170
238798	1.60.1.69913	1.60.1.70170
238802	1.60.1.69913	1.60.1.70170
238811	1.60.1.69913	1.60.1.70170
238830	1.60.1.69913	1.60.1.70170
238831	1.60.1.69913	1.60.1.70170
238899	1.60.1.69913	1.60.1.70170
238927	1.60.1.69913	1.60.1.70170
238928	1.60.1.69913	1.60.1.70170
238935	1.60.1.69913	1.60.1.70170
238960	1.60.1.69913	1.60.1.70170
238985	1.60.1.69913	1.60.1.70170
239005	1.60.1.69913	1.60.1.70170
239006	1.60.1.69913	1.60.1.70170
239011	1.60.1.69913	1.60.1.70170
239012	1.60.1.69913	1.60.1.70170
239013	1.60.1.69913	1.60.1.70170
239016	1.60.1.69913	1.60.1.70170
239017	1.60.1.69913	1.60.1.70170
239021	1.60.1.69913	1.60.1.70170
239092	1.60.1.69913	1.60.1.70170
239119	1.60.1.69913	1.60.1.70170
239123	1.60.1.69913	1.60.1.70170
239147	1.60.1.69913	1.60.1.70170
239148	1.60.1.69913	1.60.1.70170
239149	1.60.1.69913	1.60.1.70170
239150	1.60.1.69913	1.60.1.70170
239218	1.60.1.69913	1.60.1.70170
239222	1.60.1.69913	1.60.1.70170
239223	1.60.1.69913	1.60.1.70170
239225	1.60.1.69913	1.60.1.70170
239246	1.60.1.69913	1.60.1.70170
239292	1.60.1.69913	1.60.1.70170
239302	1.60.1.69913	1.60.1.70170
239316	1.60.1.69913	1.60.1.70170
239512	1.60.1.69913	1.60.1.70170
239513	1.60.1.69913	1.60.1.70170
239514	1.60.1.69913	1.60.1.70170
239515	1.60.1.69913	1.60.1.70170
239516	1.60.1.69913	1.60.1.70170
239517	1.60.1.69913	1.60.1.70170
239518	1.60.1.69913	1.60.1.70170
239519	1.60.1.69913	1.60.1.70170
239520	1.60.1.69913	1.60.1.70170
239521	1.60.1.69913	1.60.1.70170
239522	1.60.1.69913	1.60.1.70170
239523	1.60.1.69913	1.60.1.70170
239524	1.60.1.69913	1.60.1.70170
239525	1.60.1.69913	1.60.1.70170
239526	1.60.1.69913	1.60.1.70170
239527	1.60.1.69913	1.60.1.70170
239529	1.60.1.69913	1.60.1.70170
239530	1.60.1.69913	1.60.1.70170
239531	1.60.1.69913	1.60.1.70170
239532	1.60.1.69913	1.60.1.70170
239533	1.60.1.69913	1.60.1.70170
239534	1.60.1.69913	1.60.1.70170
239535	1.60.1.69913	1.60.1.70170
239536	1.60.1.69913	1.60.1.70170
239537	1.60.1.69913	1.60.1.70170
239538	1.60.1.69913	1.60.1.70170
239539	1.60.1.69913	1.60.1.70170
239540	1.60.1.69913	1.60.1.70170
239541	1.60.1.69913	1.60.1.70170
239542	1.60.1.69913	1.60.1.70170
239543	1.60.1.69913	1.60.1.70170
239544	1.60.1.69913	1.60.1.70170
239545	1.60.1.69913	1.60.1.70170
239547	1.60.1.69913	1.60.1.70170
239548	1.60.1.69913	1.60.1.70170
239549	1.60.1.69913	1.60.1.70170
239550	1.60.1.69913	1.60.1.70170
239551	1.60.1.69913	1.60.1.70170
239552	1.60.1.69913	1.60.1.70170
239553	1.60.1.69913	1.60.1.70170
239554	1.60.1.69913	1.60.1.70170
239555	1.60.1.69913	1.60.1.70170
239556	1.60.1.69913	1.60.1.70170
239557	1.60.1.69913	1.60.1.70170
239558	1.60.1.69913	1.60.1.70170
239559	1.60.1.69913	1.60.1.70170
239560	1.60.1.69913	1.60.1.70170
239561	1.60.1.69913	1.60.1.70170
239562	1.60.1.69913	1.60.1.70170
239565	1.60.1.69913	1.60.1.70170
239572	1.60.1.69913	1.60.1.70170
239574	1.60.1.69913	1.60.1.70170
239575	1.60.1.69913	1.60.1.70170
239577	1.60.1.69913	1.60.1.70170
239581	1.60.1.69913	1.60.1.70170
239582	1.60.1.69913	1.60.1.70170
239583	1.60.1.69913	1.60.1.70170
239584	1.60.1.69913	1.60.1.70170
239585	1.60.1.69913	1.60.1.70170
239586	1.60.1.69913	1.60.1.70170
239587	1.60.1.69913	1.60.1.70170
239588	1.60.1.69913	1.60.1.70170
239589	1.60.1.69913	1.60.1.70170
239590	1.60.1.69913	1.60.1.70170
239591	1.60.1.69913	1.60.1.70170
239609	1.60.1.69913	1.60.1.70170
239618	1.60.1.69913	1.60.1.70170
239688	1.60.1.69913	1.60.1.70170
239698	1.60.1.69913	1.60.1.70170
239704	1.60.1.69913	1.60.1.70170
239764	1.60.1.69913	1.60.1.70170
240020	1.60.1.69913	1.60.1.70170
240021	1.60.1.69913	1.60.1.70170
240022	1.60.1.69913	1.60.1.70170
240023	1.60.1.69913	1.60.1.70170
240024	1.60.1.69913	1.60.1.70170
240025	1.60.1.69913	1.60.1.70170
240026	1.60.1.69913	1.60.1.70170
240027	1.60.1.69913	1.60.1.70170
240028	1.60.1.69913	1.60.1.70170
240029	1.60.1.69913	1.60.1.70170
240030	1.60.1.69913	1.60.1.70170
240031	1.60.1.69913	1.60.1.70170
240032	1.60.1.69913	1.60.1.70170
240033	1.60.1.69913	1.60.1.70170
240034	1.60.1.69913	1.60.1.70170
240035	1.60.1.69913	1.60.1.70170
240036	1.60.1.69913	1.60.1.70170
240037	1.60.1.69913	1.60.1.70170
240038	1.60.1.69913	1.60.1.70170
240039	1.60.1.69913	1.60.1.70170
240040	1.60.1.69913	1.60.1.70170
240041	1.60.1.69913	1.60.1.70170
240042	1.60.1.69913	1.60.1.70170
240043	1.60.1.69913	1.60.1.70170
240044	1.60.1.69913	1.60.1.70170
240045	1.60.1.69913	1.60.1.70170
240046	1.60.1.69913	1.60.1.70170
240047	1.60.1.69913	1.60.1.70170
240048	1.60.1.69913	1.60.1.70170
240049	1.60.1.69913	1.60.1.70170
240050	1.60.1.69913	1.60.1.70170
240051	1.60.1.69913	1.60.1.70170
240052	1.60.1.69913	1.60.1.70170
240053	1.60.1.69913	1.60.1.70170
240054	1.60.1.69913	1.60.1.70170
240055	1.60.1.69913	1.60.1.70170
240056	1.60.1.69913	1.60.1.70170
240057	1.60.1.69913	1.60.1.70170
240058	1.60.1.69913	1.60.1.70170
240059	1.60.1.69913	1.60.1.70170
240060	1.60.1.69913	1.60.1.70170
240061	1.60.1.69913	1.60.1.70170
240062	1.60.1.69913	1.60.1.70170
240063	1.60.1.69913	1.60.1.70170
240064	1.60.1.69913	1.60.1.70170
240065	1.60.1.69913	1.60.1.70170
240066	1.60.1.69913	1.60.1.70170
240067	1.60.1.69913	1.60.1.70170
240068	1.60.1.69913	1.60.1.70170
240069	1.60.1.69913	1.60.1.70170
240070	1.60.1.69913	1.60.1.70170
240071	1.60.1.69913	1.60.1.70170
240072	1.60.1.69913	1.60.1.70170
240073	1.60.1.69913	1.60.1.70170
240074	1.60.1.69913	1.60.1.70170
240075	1.60.1.69913	1.60.1.70170
240076	1.60.1.69913	1.60.1.70170
240077	1.60.1.69913	1.60.1.70170
240078	1.60.1.69913	1.60.1.70170
240079	1.60.1.69913	1.60.1.70170
240080	1.60.1.69913	1.60.1.70170
240081	1.60.1.69913	1.60.1.70170
240082	1.60.1.69913	1.60.1.70170
240083	1.60.1.69913	1.60.1.70170
240084	1.60.1.69913	1.60.1.70170
240085	1.60.1.69913	1.60.1.70170
240086	1.60.1.69913	1.60.1.70170
240087	1.60.1.69913	1.60.1.70170
240088	1.60.1.69913	1.60.1.70170
240089	1.60.1.69913	1.60.1.70170
240090	1.60.1.69913	1.60.1.70170
240091	1.60.1.69913	1.60.1.70170
240092	1.60.1.69913	1.60.1.70170
240093	1.60.1.69913	1.60.1.70170
240095	1.60.1.69913	1.60.1.70170
240096	1.60.1.69913	1.60.1.70170
240097	1.60.1.69913	1.60.1.70170
240098	1.60.1.69913	1.60.1.70170
240099	1.60.1.69913	1.60.1.70170
240100	1.60.1.69913	1.60.1.70170
240101	1.60.1.69913	1.60.1.70170
240102	1.60.1.69913	1.60.1.70170
240103	1.60.1.69913	1.60.1.70170
240104	1.60.1.69913	1.60.1.70170
240105	1.60.1.69913	1.60.1.70170
240106	1.60.1.69913	1.60.1.70170
240107	1.60.1.69913	1.60.1.70170
240108	1.60.1.69913	1.60.1.70170
240109	1.60.1.69913	1.60.1.70170
240110	1.60.1.69913	1.60.1.70170
240122	1.60.1.69913	1.60.1.70170
240123	1.60.1.69913	1.60.1.70170
240124	1.60.1.69913	1.60.1.70170
240125	1.60.1.69913	1.60.1.70170
240126	1.60.1.69913	1.60.1.70170
240127	1.60.1.69913	1.60.1.70170
240128	1.60.1.69913	1.60.1.70170
240129	1.60.1.69913	1.60.1.70170
240130	1.60.1.69913	1.60.1.70170
240131	1.60.1.69913	1.60.1.70170
240132	1.60.1.69913	1.60.1.70170
240134	1.60.1.69913	1.60.1.70170
240135	1.60.1.69913	1.60.1.70170
240136	1.60.1.69913	1.60.1.70170
240137	1.60.1.69913	1.60.1.70170
240138	1.60.1.69913	1.60.1.70170
240139	1.60.1.69913	1.60.1.70170
240140	1.60.1.69913	1.60.1.70170
240141	1.60.1.69913	1.60.1.70170
240142	1.60.1.69913	1.60.1.70170
240143	1.60.1.69913	1.60.1.70170
240144	1.60.1.69913	1.60.1.70170
240145	1.60.1.69913	1.60.1.70170
240146	1.60.1.69913	1.60.1.70170
240147	1.60.1.69913	1.60.1.70170
240148	1.60.1.69913	1.60.1.70170
240149	1.60.1.69913	1.60.1.70170
240150	1.60.1.69913	1.60.1.70170
240151	1.60.1.69913	1.60.1.70170
240152	1.60.1.69913	1.60.1.70170
240153	1.60.1.69913	1.60.1.70170
240742	1.60.1.69913	1.60.1.70170
240836	1.60.1.69913	1.60.1.70170
240845	1.60.1.69913	1.60.1.70170
240846	1.60.1.69913	1.60.1.70170
240945	1.60.1.69913	1.60.1.70170
240993	1.60.1.69913	1.60.1.70170
240994	1.60.1.69913	1.60.1.70170
241086	1.60.1.69913	1.60.1.70170
241087	1.60.1.69913	1.60.1.70170
241088	1.60.1.69913	1.60.1.70170
241089	1.60.1.69913	1.60.1.70170
241090	1.60.1.69913	1.60.1.70170
241128	1.60.1.69913	1.60.1.70170
241169	1.60.1.69913	1.60.1.70170
241190	1.60.1.69913	1.60.1.70170
241191	1.60.1.69913	1.60.1.70170
241195	1.60.1.69913	1.60.1.70170
241201	1.60.1.69913	1.60.1.70170
241233	1.60.1.69913	1.60.1.70170
241613	1.60.1.69913	1.60.1.70170
241650	1.60.1.69913	1.60.1.70170
241651	1.60.1.69913	1.60.1.70170
241652	1.60.1.69913	1.60.1.70170
241655	1.60.1.69913	1.60.1.70170
241656	1.60.1.69913	1.60.1.70170
242018	1.60.1.69913	1.60.1.70170
242224	1.60.1.69913	1.60.1.70170
242266	1.60.1.69913	1.60.1.70170
242267	1.60.1.69913	1.60.1.70170
242268	1.60.1.69913	1.60.1.70170
242269	1.60.1.69913	1.60.1.70170
242270	1.60.1.69913	1.60.1.70170
242271	1.60.1.69913	1.60.1.70170
242361	1.60.1.69913	1.60.1.70170
242362	1.60.1.69913	1.60.1.70170
242363	1.60.1.69913	1.60.1.70170
242709	1.60.1.69913	1.60.1.70170
242710	1.60.1.69913	1.60.1.70170
243065	1.60.1.69913	1.60.1.70170
243177	1.60.1.69913	1.60.1.70170
243203	1.60.1.69913	1.60.1.70170
243266	1.60.1.69913	1.60.1.70170
243299	1.60.1.69913	1.60.1.70170
245675	1.60.1.69913	1.60.1.70170
245983	1.60.1.69913	1.60.1.70170
246055	1.60.1.69913	1.60.1.70170
246056	1.60.1.69913	1.60.1.70170
246057	1.60.1.69913	1.60.1.70170
246058	1.60.1.69913	1.60.1.70170
246059	1.60.1.69913	1.60.1.70170
246060	1.60.1.69913	1.60.1.70170
246061	1.60.1.69913	1.60.1.70170
246062	1.60.1.69913	1.60.1.70170
246164	1.60.1.69913	1.60.1.70170
246165	1.60.1.69913	1.60.1.70170
246213	1.60.1.69913	1.60.1.70170
246265	1.60.1.69913	1.60.1.70170
246377	1.60.1.69913	1.60.1.70170
246680	1.60.1.69913	1.60.1.70170
246683	1.60.1.69913	1.60.1.70170
246684	1.60.1.69913	1.60.1.70170
246721	1.60.1.69913	1.60.1.70170
246722	1.60.1.69913	1.60.1.70170
246725	1.60.1.69913	1.60.1.70170
246770	1.60.1.69913	1.60.1.70170
246778	1.60.1.69913	1.60.1.70170
246780	1.60.1.69913	1.60.1.70170
246885	1.60.1.69913	1.60.1.70170
246888	1.60.1.69913	1.60.1.70170
246938	1.60.1.69913	1.60.1.70170
246948	1.60.1.69913	1.60.1.70170
247000	1.60.1.69913	1.60.1.70170
247001	1.60.1.69913	1.60.1.70170
247238	1.60.1.69913	1.60.1.70170
247239	1.60.1.69913	1.60.1.70170
247240	1.60.1.69913	1.60.1.70170
247241	1.60.1.69913	1.60.1.70170
247242	1.60.1.69913	1.60.1.70170
247684	1.60.1.69913	1.60.1.70170
247754	1.60.1.69913	1.60.1.70170
247755	1.60.1.69913	1.60.1.70170
247786	1.60.1.69913	1.60.1.70170
247789	1.60.1.69913	1.60.1.70170
247805	1.60.1.69913	1.60.1.70170
247813	1.60.1.69913	1.60.1.70170
247815	1.60.1.69913	1.60.1.69913
247816	1.60.1.69913	1.60.1.70170
247817	1.60.1.69913	1.60.1.70170
247818	1.60.1.69913	1.60.1.70170
247824	1.60.1.69913	1.60.1.70170
247826	1.60.1.69913	1.60.1.70170
247834	1.60.1.69913	1.60.1.70170
247839	1.60.1.69913	1.60.1.70170
247840	1.60.1.69913	1.60.1.70170
247841	1.60.1.69913	1.60.1.70170
247846	1.60.1.69913	1.60.1.70170
247857	1.60.1.69913	1.60.1.70170
247862	1.60.1.69913	1.60.1.70170
247876	1.60.1.69913	1.60.1.70170
247877	1.60.1.69913	1.60.1.70170
247883	1.60.1.69913	1.60.1.70170
247884	1.60.1.69913	1.60.1.70170
247885	1.60.1.69913	1.60.1.70170
247886	1.60.1.69913	1.60.1.70170
247889	1.60.1.69913	1.60.1.70170
247892	1.60.1.69913	1.60.1.70170
247963	1.60.1.69913	1.60.1.70170
247970	1.60.1.69913	1.60.1.70170
248001	1.60.1.69913	1.60.1.70170
248002	1.60.1.69913	1.60.1.70170
248003	1.60.1.69913	1.60.1.70170
248004	1.60.1.69913	1.60.1.70170
248005	1.60.1.69913	1.60.1.70170
248006	1.60.1.69913	1.60.1.70170
248007	1.60.1.69913	1.60.1.70170
248008	1.60.1.69913	1.60.1.70170
248206	1.60.1.69913	1.60.1.70170
248549	1.60.1.69913	1.60.1.70170
248584	1.60.1.69913	1.60.1.70170
248613	1.60.1.69913	1.60.1.70170
248682	1.60.1.69913	1.60.1.70170
248683	1.60.1.69913	1.60.1.70170
248684	1.60.1.69913	1.60.1.70170
248685	1.60.1.69913	1.60.1.70170
248686	1.60.1.69913	1.60.1.70170
248687	1.60.1.69913	1.60.1.70170
248688	1.60.1.69913	1.60.1.70170
248689	1.60.1.69913	1.60.1.70170
248690	1.60.1.69913	1.60.1.70170
248691	1.60.1.69913	1.60.1.70170
248692	1.60.1.69913	1.60.1.70170
248693	1.60.1.69913	1.60.1.70170
248694	1.60.1.69913	1.60.1.70170
248695	1.60.1.69913	1.60.1.70170
248696	1.60.1.69913	1.60.1.70170
248697	1.60.1.69913	1.60.1.70170
248698	1.60.1.69913	1.60.1.70170
248699	1.60.1.69913	1.60.1.70170
248702	1.60.1.69913	1.60.1.70170
248703	1.60.1.69913	1.60.1.70170
248704	1.60.1.69913	1.60.1.70170
248705	1.60.1.69913	1.60.1.70170
248706	1.60.1.69913	1.60.1.70170
248707	1.60.1.69913	1.60.1.70170
248708	1.60.1.69913	1.60.1.70170
248709	1.60.1.69913	1.60.1.70170
248710	1.60.1.69913	1.60.1.70170
248711	1.60.1.69913	1.60.1.70170
248712	1.60.1.69913	1.60.1.70170
248713	1.60.1.69913	1.60.1.70170
248765	1.60.1.69913	1.60.1.70170
248766	1.60.1.69913	1.60.1.70170
248767	1.60.1.69913	1.60.1.70170
248768	1.60.1.69913	1.60.1.70170
248769	1.60.1.69913	1.60.1.70170
248770	1.60.1.69913	1.60.1.70170
248771	1.60.1.69913	1.60.1.70170
248772	1.60.1.69913	1.60.1.70170
248773	1.60.1.69913	1.60.1.70170
248774	1.60.1.69913	1.60.1.70170
248775	1.60.1.69913	1.60.1.70170
248776	1.60.1.69913	1.60.1.70170
248777	1.60.1.69913	1.60.1.70170
248778	1.60.1.69913	1.60.1.70170
248779	1.60.1.69913	1.60.1.70170
248815	1.60.1.69913	1.60.1.70170
248819	1.60.1.69913	1.60.1.70170
248820	1.60.1.69913	1.60.1.70170
248821	1.60.1.69913	1.60.1.70170
248822	1.60.1.69913	1.60.1.70170
248823	1.60.1.69913	1.60.1.70170
248824	1.60.1.69913	1.60.1.70170
248825	1.60.1.69913	1.60.1.70170
248930	1.60.1.69913	1.60.1.70170
248975	1.60.1.69913	1.60.1.70170
249144	1.60.1.69913	1.60.1.70170
249232	1.60.1.69913	1.60.1.70170
249234	1.60.1.69913	1.60.1.70170
249237	1.60.1.69913	1.60.1.70170
249274	1.60.1.69913	1.60.1.70170
249385	1.60.1.69913	1.60.1.70170
249390	1.60.1.69913	1.60.1.70170
249391	1.60.1.69913	1.60.1.70170
249392	1.60.1.69913	1.60.1.70170
249393	1.60.1.69913	1.60.1.70170
249394	1.60.1.69913	1.60.1.70170
249395	1.60.1.69913	1.60.1.70170
249396	1.60.1.69913	1.60.1.70170
249397	1.60.1.69913	1.60.1.70170
249398	1.60.1.69913	1.60.1.70170
249399	1.60.1.69913	1.60.1.70170
249409	1.60.1.69913	1.60.1.70170
249410	1.60.1.69913	1.60.1.70170
249424	1.60.1.69913	1.60.1.70170
249425	1.60.1.69913	1.60.1.70170
249426	1.60.1.69913	1.60.1.70170
249427	1.60.1.69913	1.60.1.70170
249428	1.60.1.69913	1.60.1.70170
249429	1.60.1.69913	1.60.1.70170
249430	1.60.1.69913	1.60.1.70170
249431	1.60.1.69913	1.60.1.70170
249432	1.60.1.69913	1.60.1.70170
249441	1.60.1.69913	1.60.1.70170
249442	1.60.1.69913	1.60.1.70170
249443	1.60.1.69913	1.60.1.70170
249453	1.60.1.69913	1.60.1.70170
249454	1.60.1.69913	1.60.1.70170
249455	1.60.1.69913	1.60.1.70170
249456	1.60.1.69913	1.60.1.70170
249469	1.60.1.69913	1.60.1.70170
249470	1.60.1.69913	1.60.1.70170
249473	1.60.1.69913	1.60.1.70170
249474	1.60.1.69913	1.60.1.70170
249475	1.60.1.69913	1.60.1.70170
249476	1.60.1.69913	1.60.1.70170
249477	1.60.1.69913	1.60.1.70170
249478	1.60.1.69913	1.60.1.70170
249479	1.60.1.69913	1.60.1.70170
249480	1.60.1.69913	1.60.1.70170
249481	1.60.1.69913	1.60.1.70170
249482	1.60.1.69913	1.60.1.70170
249483	1.60.1.69913	1.60.1.70170
249484	1.60.1.69913	1.60.1.70170
249485	1.60.1.69913	1.60.1.70170
249486	1.60.1.69913	1.60.1.70170
249487	1.60.1.69913	1.60.1.70170
249488	1.60.1.69913	1.60.1.70170
249489	1.60.1.69913	1.60.1.70170
249493	1.60.1.69913	1.60.1.70170
249494	1.60.1.69913	1.60.1.70170
249495	1.60.1.69913	1.60.1.70170
249496	1.60.1.69913	1.60.1.70170
249502	1.60.1.69913	1.60.1.70170
249503	1.60.1.69913	1.60.1.70170
249504	1.60.1.69913	1.60.1.70170
249505	1.60.1.69913	1.60.1.70170
249506	1.60.1.69913	1.60.1.70170
249507	1.60.1.69913	1.60.1.70170
249508	1.60.1.69913	1.60.1.70170
249509	1.60.1.69913	1.60.1.70170
249510	1.60.1.69913	1.60.1.70170
249511	1.60.1.69913	1.60.1.70170
249512	1.60.1.69913	1.60.1.70170
249513	1.60.1.69913	1.60.1.70170
249514	1.60.1.69913	1.60.1.70170
249515	1.60.1.69913	1.60.1.70170
249516	1.60.1.69913	1.60.1.70170
249522	1.60.1.69913	1.60.1.70170
249523	1.60.1.69913	1.60.1.70170
249524	1.60.1.69913	1.60.1.70170
249525	1.60.1.69913	1.60.1.70170
249526	1.60.1.69913	1.60.1.70170
249529	1.60.1.69913	1.60.1.70170
249530	1.60.1.69913	1.60.1.70170
249532	1.60.1.69913	1.60.1.70170
249534	1.60.1.69913	1.60.1.70170
249535	1.60.1.69913	1.60.1.70170
249536	1.60.1.69913	1.60.1.70170
249537	1.60.1.69913	1.60.1.70170
249538	1.60.1.69913	1.60.1.70170
249539	1.60.1.69913	1.60.1.70170
249692	1.60.1.69913	1.60.1.70170
249693	1.60.1.69913	1.60.1.70170
249694	1.60.1.69913	1.60.1.70170
249695	1.60.1.69913	1.60.1.70170
249696	1.60.1.69913	1.60.1.70170
249697	1.60.1.69913	1.60.1.70170
249698	1.60.1.69913	1.60.1.70170
249726	1.60.1.69913	1.60.1.70170
249791	1.60.1.69913	1.60.1.69913
249792	1.60.1.69913	1.60.1.69913
249793	1.60.1.69913	1.60.1.69913
249794	1.60.1.69913	1.60.1.69913
249795	1.60.1.69913	1.60.1.69913
249796	1.60.1.69913	1.60.1.70170
249802	1.60.1.69913	1.60.1.69913
249803	1.60.1.69913	1.60.1.69913
249865	1.60.1.69913	1.60.1.70170
249866	1.60.1.69913	1.60.1.70170
249867	1.60.1.69913	1.60.1.70170
249868	1.60.1.69913	1.60.1.70170
249869	1.60.1.69913	1.60.1.70170
249870	1.60.1.69913	1.60.1.70170
249871	1.60.1.69913	1.60.1.70170
249872	1.60.1.69913	1.60.1.70170
249873	1.60.1.69913	1.60.1.70170
249874	1.60.1.69913	1.60.1.70170
249875	1.60.1.69913	1.60.1.70170
249876	1.60.1.69913	1.60.1.70170
249879	1.60.1.69913	1.60.1.70170
249880	1.60.1.69913	1.60.1.70170
249881	1.60.1.69913	1.60.1.70170
249882	1.60.1.69913	1.60.1.70170
249883	1.60.1.69913	1.60.1.70170
249884	1.60.1.69913	1.60.1.70170
249885	1.60.1.69913	1.60.1.70170
249886	1.60.1.69913	1.60.1.70170
249887	1.60.1.69913	1.60.1.70170
249888	1.60.1.69913	1.60.1.70170
249889	1.60.1.69913	1.60.1.70170
249890	1.60.1.69913	1.60.1.70170
249895	1.60.1.69913	1.60.1.70170
249896	1.60.1.69913	1.60.1.70170
249897	1.60.1.69913	1.60.1.70170
249898	1.60.1.69913	1.60.1.70170
249900	1.60.1.69913	1.60.1.70170
249905	1.60.1.69913	1.60.1.70170
250065	1.60.1.69913	1.60.1.70170
250066	1.60.1.69913	1.60.1.70170
250067	1.60.1.69913	1.60.1.70170
250068	1.60.1.69913	1.60.1.70170
250069	1.60.1.69913	1.60.1.70170
250070	1.60.1.69913	1.60.1.70170
250071	1.60.1.69913	1.60.1.70170
250072	1.60.1.69913	1.60.1.70170
250073	1.60.1.69913	1.60.1.70170
250074	1.60.1.69913	1.60.1.70170
250075	1.60.1.69913	1.60.1.70170
250076	1.60.1.69913	1.60.1.70170
250077	1.60.1.69913	1.60.1.70170
250078	1.60.1.69913	1.60.1.70170
250079	1.60.1.69913	1.60.1.70170
250080	1.60.1.69913	1.60.1.70170
250081	1.60.1.69913	1.60.1.70170
250101	1.60.1.69913	1.60.1.70170
250173	1.60.1.69913	1.60.1.70170
250174	1.60.1.69913	1.60.1.70170
250175	1.60.1.69913	1.60.1.70170
250176	1.60.1.69913	1.60.1.70170
250177	1.60.1.69913	1.60.1.70170
250178	1.60.1.69913	1.60.1.70170
250179	1.60.1.69913	1.60.1.70170
250180	1.60.1.69913	1.60.1.70170
250181	1.60.1.69913	1.60.1.70170
250182	1.60.1.69913	1.60.1.70170
250183	1.60.1.69913	1.60.1.70170
250184	1.60.1.69913	1.60.1.70170
250185	1.60.1.69913	1.60.1.70170
250186	1.60.1.69913	1.60.1.70170
250187	1.60.1.69913	1.60.1.70170
250188	1.60.1.69913	1.60.1.70170
250189	1.60.1.69913	1.60.1.70170
250217	1.60.1.69913	1.60.1.70170
250327	1.60.1.69913	1.60.1.70170
250328	1.60.1.69913	1.60.1.70170
250329	1.60.1.69913	1.60.1.70170
250330	1.60.1.69913	1.60.1.70170
250331	1.60.1.69913	1.60.1.70170
250332	1.60.1.69913	1.60.1.70170
250333	1.60.1.69913	1.60.1.70170
250334	1.60.1.69913	1.60.1.70170
250335	1.60.1.69913	1.60.1.70170
250336	1.60.1.69913	1.60.1.70170
250337	1.60.1.69913	1.60.1.70170
250338	1.60.1.69913	1.60.1.70170
250339	1.60.1.69913	1.60.1.70170
250340	1.60.1.69913	1.60.1.70170
250341	1.60.1.69913	1.60.1.70170
250342	1.60.1.69913	1.60.1.70170
250343	1.60.1.69913	1.60.1.70170
250344	1.60.1.69913	1.60.1.70170
250345	1.60.1.69913	1.60.1.70170
250346	1.60.1.69913	1.60.1.70170
250347	1.60.1.69913	1.60.1.70170
250348	1.60.1.69913	1.60.1.70170
250349	1.60.1.69913	1.60.1.70170
250350	1.60.1.69913	1.60.1.70170
250351	1.60.1.69913	1.60.1.70170
250353	1.60.1.69913	1.60.1.70170
250354	1.60.1.69913	1.60.1.70170
250363	1.60.1.69913	1.60.1.70170
250364	1.60.1.69913	1.60.1.70170
250365	1.60.1.69913	1.60.1.70170
250366	1.60.1.69913	1.60.1.70170
250367	1.60.1.69913	1.60.1.70170
250368	1.60.1.69913	1.60.1.70170
250369	1.60.1.69913	1.60.1.70170
250370	1.60.1.69913	1.60.1.70170
250371	1.60.1.69913	1.60.1.70170
250372	1.60.1.69913	1.60.1.70170
250373	1.60.1.69913	1.60.1.70170
250374	1.60.1.69913	1.60.1.70170
250375	1.60.1.69913	1.60.1.70170
250376	1.60.1.69913	1.60.1.70170
250377	1.60.1.69913	1.60.1.70170
250378	1.60.1.69913	1.60.1.70170
250379	1.60.1.69913	1.60.1.70170
250380	1.60.1.69913	1.60.1.70170
250381	1.60.1.69913	1.60.1.70170
250382	1.60.1.69913	1.60.1.70170
250383	1.60.1.69913	1.60.1.70170
250384	1.60.1.69913	1.60.1.70170
250385	1.60.1.69913	1.60.1.70170
250386	1.60.1.69913	1.60.1.70170
250387	1.60.1.69913	1.60.1.70170
250388	1.60.1.69913	1.60.1.70170
250389	1.60.1.69913	1.60.1.70170
250482	1.60.1.69913	1.60.1.70170
250483	1.60.1.69913	1.60.1.70170
250484	1.60.1.69913	1.60.1.70170
250485	1.60.1.69913	1.60.1.70170
250486	1.60.1.69913	1.60.1.70170
250487	1.60.1.69913	1.60.1.70170
250488	1.60.1.69913	1.60.1.70170
250489	1.60.1.69913	1.60.1.70170
250490	1.60.1.69913	1.60.1.70170
250491	1.60.1.69913	1.60.1.70170
250492	1.60.1.69913	1.60.1.70170
250493	1.60.1.69913	1.60.1.70170
250494	1.60.1.69913	1.60.1.70170
250495	1.60.1.69913	1.60.1.70170
250496	1.60.1.69913	1.60.1.70170
250497	1.60.1.69913	1.60.1.70170
250498	1.60.1.69913	1.60.1.70170
250499	1.60.1.69913	1.60.1.70170
250500	1.60.1.69913	1.60.1.70170
250501	1.60.1.69913	1.60.1.70170
250502	1.60.1.69913	1.60.1.70170
250503	1.60.1.69913	1.60.1.70170
250504	1.60.1.69913	1.60.1.70170
250505	1.60.1.69913	1.60.1.70170
250506	1.60.1.69913	1.60.1.70170
250507	1.60.1.69913	1.60.1.70170
250508	1.60.1.69913	1.60.1.70170
250509	1.60.1.69913	1.60.1.70170
250510	1.60.1.69913	1.60.1.70170
250511	1.60.1.69913	1.60.1.70170
250512	1.60.1.69913	1.60.1.70170
250513	1.60.1.69913	1.60.1.70170
250514	1.60.1.69913	1.60.1.70170
250515	1.60.1.69913	1.60.1.70170
250516	1.60.1.69913	1.60.1.70170
250517	1.60.1.69913	1.60.1.70170
250518	1.60.1.69913	1.60.1.70170
250519	1.60.1.69913	1.60.1.70170
250520	1.60.1.69913	1.60.1.70170
250521	1.60.1.69913	1.60.1.70170
250522	1.60.1.69913	1.60.1.70170
250523	1.60.1.69913	1.60.1.70170
250524	1.60.1.69913	1.60.1.70170
250525	1.60.1.69913	1.60.1.70170
250526	1.60.1.69913	1.60.1.70170
250527	1.60.1.69913	1.60.1.70170
250528	1.60.1.69913	1.60.1.70170
250529	1.60.1.69913	1.60.1.70170
250530	1.60.1.69913	1.60.1.70170
250531	1.60.1.69913	1.60.1.70170
250532	1.60.1.69913	1.60.1.70170
250533	1.60.1.69913	1.60.1.70170
250534	1.60.1.69913	1.60.1.70170
250535	1.60.1.69913	1.60.1.70170
250536	1.60.1.69913	1.60.1.70170
250537	1.60.1.69913	1.60.1.70170
250538	1.60.1.69913	1.60.1.70170
250539	1.60.1.69913	1.60.1.70170
250540	1.60.1.69913	1.60.1.70170
250541	1.60.1.69913	1.60.1.70170
250542	1.60.1.69913	1.60.1.70170
250543	1.60.1.69913	1.60.1.70170
250544	1.60.1.69913	1.60.1.70170
250545	1.60.1.69913	1.60.1.70170
250546	1.60.1.69913	1.60.1.70170
250547	1.60.1.69913	1.60.1.70170
250548	1.60.1.69913	1.60.1.70170
250549	1.60.1.69913	1.60.1.70170
250550	1.60.1.69913	1.60.1.70170
250551	1.60.1.69913	1.60.1.70170
250552	1.60.1.69913	1.60.1.70170
250553	1.60.1.69913	1.60.1.70170
250554	1.60.1.69913	1.60.1.70170
250555	1.60.1.69913	1.60.1.70170
250556	1.60.1.69913	1.60.1.70170
250557	1.60.1.69913	1.60.1.70170
250558	1.60.1.69913	1.60.1.70170
250559	1.60.1.69913	1.60.1.70170
250560	1.60.1.69913	1.60.1.70170
250561	1.60.1.69913	1.60.1.70170
250562	1.60.1.69913	1.60.1.70170
250563	1.60.1.69913	1.60.1.70170
250564	1.60.1.69913	1.60.1.70170
250565	1.60.1.69913	1.60.1.70170
250566	1.60.1.69913	1.60.1.70170
250567	1.60.1.69913	1.60.1.70170
250568	1.60.1.69913	1.60.1.70170
250569	1.60.1.69913	1.60.1.70170
250570	1.60.1.69913	1.60.1.70170
250571	1.60.1.69913	1.60.1.70170
250572	1.60.1.69913	1.60.1.70170
250573	1.60.1.69913	1.60.1.70170
250574	1.60.1.69913	1.60.1.70170
250575	1.60.1.69913	1.60.1.70170
250576	1.60.1.69913	1.60.1.70170
250577	1.60.1.69913	1.60.1.70170
250578	1.60.1.69913	1.60.1.70170
250579	1.60.1.69913	1.60.1.70170
250580	1.60.1.69913	1.60.1.70170
250581	1.60.1.69913	1.60.1.70170
250582	1.60.1.69913	1.60.1.70170
250583	1.60.1.69913	1.60.1.70170
250584	1.60.1.69913	1.60.1.70170
250585	1.60.1.69913	1.60.1.70170
250586	1.60.1.69913	1.60.1.70170
250587	1.60.1.69913	1.60.1.70170
250588	1.60.1.69913	1.60.1.70170
250589	1.60.1.69913	1.60.1.70170
250590	1.60.1.69913	1.60.1.70170
250591	1.60.1.69913	1.60.1.70170
250592	1.60.1.69913	1.60.1.70170
250593	1.60.1.69913	1.60.1.70170
250594	1.60.1.69913	1.60.1.70170
250595	1.60.1.69913	1.60.1.70170
250596	1.60.1.69913	1.60.1.70170
250597	1.60.1.69913	1.60.1.70170
250598	1.60.1.69913	1.60.1.70170
250599	1.60.1.69913	1.60.1.70170
250600	1.60.1.69913	1.60.1.70170
250601	1.60.1.69913	1.60.1.70170
250602	1.60.1.69913	1.60.1.70170
250603	1.60.1.69913	1.60.1.70170
250604	1.60.1.69913	1.60.1.70170
250605	1.60.1.69913	1.60.1.70170
250606	1.60.1.69913	1.60.1.70170
250607	1.60.1.69913	1.60.1.70170
250608	1.60.1.69913	1.60.1.70170
250609	1.60.1.69913	1.60.1.70170
250610	1.60.1.69913	1.60.1.70170
250611	1.60.1.69913	1.60.1.70170
250612	1.60.1.69913	1.60.1.70170
250613	1.60.1.69913	1.60.1.70170
250614	1.60.1.69913	1.60.1.70170
250615	1.60.1.69913	1.60.1.70170
250616	1.60.1.69913	1.60.1.70170
250617	1.60.1.69913	1.60.1.70170
250618	1.60.1.69913	1.60.1.70170
250619	1.60.1.69913	1.60.1.70170
250620	1.60.1.69913	1.60.1.70170
250621	1.60.1.69913	1.60.1.70170
250725	1.60.1.69913	1.60.1.70170
250744	1.60.1.69913	1.60.1.70170
250773	1.60.1.69913	1.60.1.70170
250775	1.60.1.69913	1.60.1.70170
250932	1.60.1.69913	1.60.1.70170
250933	1.60.1.69913	1.60.1.70170
250934	1.60.1.69913	1.60.1.70170
250935	1.60.1.69913	1.60.1.70170
250936	1.60.1.69913	1.60.1.70170
250937	1.60.1.69913	1.60.1.70170
250938	1.60.1.69913	1.60.1.70170
250939	1.60.1.69913	1.60.1.70170
250940	1.60.1.69913	1.60.1.70170
250941	1.60.1.69913	1.60.1.70170
250942	1.60.1.69913	1.60.1.70170
250943	1.60.1.69913	1.60.1.70170
250944	1.60.1.69913	1.60.1.70170
250945	1.60.1.69913	1.60.1.70170
250946	1.60.1.69913	1.60.1.70170
250947	1.60.1.69913	1.60.1.70170
250948	1.60.1.69913	1.60.1.70170
250949	1.60.1.69913	1.60.1.70170
250950	1.60.1.69913	1.60.1.70170
250951	1.60.1.69913	1.60.1.70170
250952	1.60.1.69913	1.60.1.70170
250953	1.60.1.69913	1.60.1.70170
250954	1.60.1.69913	1.60.1.70170
250955	1.60.1.69913	1.60.1.70170
250976	1.60.1.69913	1.60.1.70170
250977	1.60.1.69913	1.60.1.70170
250978	1.60.1.69913	1.60.1.70170
250979	1.60.1.69913	1.60.1.70170
250980	1.60.1.69913	1.60.1.70170
250981	1.60.1.69913	1.60.1.70170
250982	1.60.1.69913	1.60.1.70170
250983	1.60.1.69913	1.60.1.70170
250984	1.60.1.69913	1.60.1.70170
250985	1.60.1.69913	1.60.1.70170
250986	1.60.1.69913	1.60.1.70170
250987	1.60.1.69913	1.60.1.70170
250988	1.60.1.69913	1.60.1.70170
250989	1.60.1.69913	1.60.1.70170
250990	1.60.1.69913	1.60.1.70170
250992	1.60.1.69913	1.60.1.70170
250993	1.60.1.69913	1.60.1.70170
250994	1.60.1.69913	1.60.1.70170
250995	1.60.1.69913	1.60.1.70170
250996	1.60.1.69913	1.60.1.70170
250997	1.60.1.69913	1.60.1.70170
250998	1.60.1.69913	1.60.1.70170
250999	1.60.1.69913	1.60.1.70170
251270	1.60.1.69913	1.60.1.70170
251279	1.60.1.69913	1.60.1.70170
251280	1.60.1.69913	1.60.1.70170
251281	1.60.1.69913	1.60.1.70170
251282	1.60.1.69913	1.60.1.70170
251290	1.60.1.69913	1.60.1.70170
251291	1.60.1.69913	1.60.1.70170
251320	1.60.1.69913	1.60.1.70170
251332	1.60.1.69913	1.60.1.70170
251333	1.60.1.69913	1.60.1.70170
251334	1.60.1.69913	1.60.1.70170
251335	1.60.1.69913	1.60.1.70170
251336	1.60.1.69913	1.60.1.70170
251337	1.60.1.69913	1.60.1.70170
251338	1.60.1.69913	1.60.1.70170
251339	1.60.1.69913	1.60.1.70170
251341	1.60.1.69913	1.60.1.70170
251355	1.60.1.69913	1.60.1.70170
251356	1.60.1.69913	1.60.1.70170
251357	1.60.1.69913	1.60.1.70170
251358	1.60.1.69913	1.60.1.70170
251359	1.60.1.69913	1.60.1.70170
251360	1.60.1.69913	1.60.1.70170
251361	1.60.1.69913	1.60.1.70170
251362	1.60.1.69913	1.60.1.70170
251363	1.60.1.69913	1.60.1.70170
251364	1.60.1.69913	1.60.1.70170
251365	1.60.1.69913	1.60.1.70170
251366	1.60.1.69913	1.60.1.70170
251367	1.60.1.69913	1.60.1.70170
251368	1.60.1.69913	1.60.1.70170
251369	1.60.1.69913	1.60.1.70170
251370	1.60.1.69913	1.60.1.70170
251371	1.60.1.69913	1.60.1.70170
251372	1.60.1.69913	1.60.1.70170
251373	1.60.1.69913	1.60.1.70170
251374	1.60.1.69913	1.60.1.70170
251375	1.60.1.69913	1.60.1.70170
251376	1.60.1.69913	1.60.1.70170
251377	1.60.1.69913	1.60.1.70170
251378	1.60.1.69913	1.60.1.70170
251379	1.60.1.69913	1.60.1.70170
251380	1.60.1.69913	1.60.1.70170
251381	1.60.1.69913	1.60.1.70170
251382	1.60.1.69913	1.60.1.70170
251383	1.60.1.69913	1.60.1.70170
251384	1.60.1.69913	1.60.1.70170
251385	1.60.1.69913	1.60.1.70170
251386	1.60.1.69913	1.60.1.70170
251387	1.60.1.69913	1.60.1.70170
251388	1.60.1.69913	1.60.1.70170
251389	1.60.1.69913	1.60.1.70170
251390	1.60.1.69913	1.60.1.70170
251391	1.60.1.69913	1.60.1.70170
251392	1.60.1.69913	1.60.1.70170
251393	1.60.1.69913	1.60.1.70170
251394	1.60.1.69913	1.60.1.70170
251396	1.60.1.69913	1.60.1.70170
251397	1.60.1.69913	1.60.1.70170
251398	1.60.1.69913	1.60.1.70170
251399	1.60.1.69913	1.60.1.70170
251400	1.60.1.69913	1.60.1.70170
251401	1.60.1.69913	1.60.1.70170
251402	1.60.1.69913	1.60.1.70170
251403	1.60.1.69913	1.60.1.70170
251404	1.60.1.69913	1.60.1.70170
251405	1.60.1.69913	1.60.1.70170
251406	1.60.1.69913	1.60.1.70170
251407	1.60.1.69913	1.60.1.70170
251408	1.60.1.69913	1.60.1.70170
251409	1.60.1.69913	1.60.1.70170
251410	1.60.1.69913	1.60.1.70170
251411	1.60.1.69913	1.60.1.70170
251412	1.60.1.69913	1.60.1.70170
251413	1.60.1.69913	1.60.1.70170
251414	1.60.1.69913	1.60.1.70170
251415	1.60.1.69913	1.60.1.70170
251416	1.60.1.69913	1.60.1.70170
251417	1.60.1.69913	1.60.1.70170
251418	1.60.1.69913	1.60.1.70170
251419	1.60.1.69913	1.60.1.70170
251420	1.60.1.69913	1.60.1.70170
251421	1.60.1.69913	1.60.1.70170
251422	1.60.1.69913	1.60.1.70170
251423	1.60.1.69913	1.60.1.70170
251424	1.60.1.69913	1.60.1.70170
251425	1.60.1.69913	1.60.1.70170
251426	1.60.1.69913	1.60.1.70170
251427	1.60.1.69913	1.60.1.70170
251428	1.60.1.69913	1.60.1.70170
251429	1.60.1.69913	1.60.1.70170
251430	1.60.1.69913	1.60.1.70170
251431	1.60.1.69913	1.60.1.70170
251432	1.60.1.69913	1.60.1.70170
251433	1.60.1.69913	1.60.1.70170
251434	1.60.1.69913	1.60.1.70170
251435	1.60.1.69913	1.60.1.70170
251436	1.60.1.69913	1.60.1.70170
251437	1.60.1.69913	1.60.1.70170
251438	1.60.1.69913	1.60.1.70170
251439	1.60.1.69913	1.60.1.70170
251440	1.60.1.69913	1.60.1.70170
251441	1.60.1.69913	1.60.1.70170
251442	1.60.1.69913	1.60.1.70170
251443	1.60.1.69913	1.60.1.70170
251444	1.60.1.69913	1.60.1.70170
251445	1.60.1.69913	1.60.1.70170
251446	1.60.1.69913	1.60.1.70170
251447	1.60.1.69913	1.60.1.70170
251448	1.60.1.69913	1.60.1.70170
251449	1.60.1.69913	1.60.1.70170
251450	1.60.1.69913	1.60.1.70170
251451	1.60.1.69913	1.60.1.70170
251452	1.60.1.69913	1.60.1.70170
251453	1.60.1.69913	1.60.1.70170
251454	1.60.1.69913	1.60.1.70170
251455	1.60.1.69913	1.60.1.70170
251456	1.60.1.69913	1.60.1.70170
251457	1.60.1.69913	1.60.1.70170
251458	1.60.1.69913	1.60.1.70170
251459	1.60.1.69913	1.60.1.70170
251460	1.60.1.69913	1.60.1.70170
251461	1.60.1.69913	1.60.1.70170
251462	1.60.1.69913	1.60.1.70170
251463	1.60.1.69913	1.60.1.70170
251464	1.60.1.69913	1.60.1.70170
251465	1.60.1.69913	1.60.1.70170
251466	1.60.1.69913	1.60.1.70170
251467	1.60.1.69913	1.60.1.70170
251468	1.60.1.69913	1.60.1.70170
251469	1.60.1.69913	1.60.1.70170
251470	1.60.1.69913	1.60.1.70170
251471	1.60.1.69913	1.60.1.70170
251485	1.60.1.69913	1.60.1.70170
251486	1.60.1.69913	1.60.1.70170
251520	1.60.1.69913	1.60.1.70170
251522	1.60.1.69913	1.60.1.70170
251523	1.60.1.69913	1.60.1.70170
251524	1.60.1.69913	1.60.1.70170
251525	1.60.1.69913	1.60.1.70170
251526	1.60.1.69913	1.60.1.70170
251533	1.60.1.69913	1.60.1.70170
251534	1.60.1.69913	1.60.1.70170
251641	1.60.1.69913	1.60.1.70170
251723	1.60.1.69913	1.60.1.70170
251735	1.60.1.69913	1.60.1.70170
251736	1.60.1.69913	1.60.1.70170
251737	1.60.1.69913	1.60.1.70170
251738	1.60.1.69913	1.60.1.70170
251739	1.60.1.69913	1.60.1.70170
251740	1.60.1.69913	1.60.1.70170
251741	1.60.1.69913	1.60.1.70170
251742	1.60.1.69913	1.60.1.70170
251743	1.60.1.69913	1.60.1.70170
251744	1.60.1.69913	1.60.1.70170
251745	1.60.1.69913	1.60.1.70170
251746	1.60.1.69913	1.60.1.70170
251747	1.60.1.69913	1.60.1.70170
251748	1.60.1.69913	1.60.1.70170
251749	1.60.1.69913	1.60.1.70170
251750	1.60.1.69913	1.60.1.70170
251751	1.60.1.69913	1.60.1.70170
251752	1.60.1.69913	1.60.1.70170
251753	1.60.1.69913	1.60.1.70170
251754	1.60.1.69913	1.60.1.70170
251755	1.60.1.69913	1.60.1.70170
251756	1.60.1.69913	1.60.1.70170
251757	1.60.1.69913	1.60.1.70170
251758	1.60.1.69913	1.60.1.70170
251759	1.60.1.69913	1.60.1.70170
251760	1.60.1.69913	1.60.1.70170
251761	1.60.1.69913	1.60.1.70170
251780	1.60.1.69913	1.60.1.70170
251781	1.60.1.69913	1.60.1.70170
251900	1.60.1.69913	1.60.1.70170
251917	1.60.1.69913	1.60.1.70170
251918	1.60.1.69913	1.60.1.70170
251924	1.60.1.69913	1.60.1.70170
251925	1.60.1.69913	1.60.1.70170
251927	1.60.1.69913	1.60.1.70170
251928	1.60.1.69913	1.60.1.70170
251930	1.60.1.69913	1.60.1.70170
251931	1.60.1.69913	1.60.1.70170
251932	1.60.1.69913	1.60.1.70170
251941	1.60.1.69913	1.60.1.70170
251960	1.60.1.69913	1.60.1.70170
251961	1.60.1.69913	1.60.1.70170
251962	1.60.1.70170	1.60.1.70170
251963	1.60.1.70170	1.60.1.70170
251965	1.60.1.70170	1.60.1.70170
251983	1.60.1.69913	1.60.1.70170
252022	1.60.1.69913	1.60.1.70170
252023	1.60.1.69913	1.60.1.70170
252026	1.60.1.69913	1.60.1.70170
252027	1.60.1.69913	1.60.1.70170
252028	1.60.1.69913	1.60.1.70170
252029	1.60.1.69913	1.60.1.70170
252030	1.60.1.69913	1.60.1.70170
252031	1.60.1.69913	1.60.1.70170
252032	1.60.1.69913	1.60.1.70170
252264	1.60.1.69913	1.60.1.70170
252424	1.60.1.69913	1.60.1.70170
252425	1.60.1.69913	1.60.1.70170
252426	1.60.1.69913	1.60.1.70170
252427	1.60.1.69913	1.60.1.70170
252428	1.60.1.69913	1.60.1.70170
252429	1.60.1.69913	1.60.1.70170
252430	1.60.1.69913	1.60.1.70170
252431	1.60.1.69913	1.60.1.70170
252432	1.60.1.69913	1.60.1.70170
252433	1.60.1.69913	1.60.1.70170
252434	1.60.1.69913	1.60.1.70170
252435	1.60.1.69913	1.60.1.70170
252436	1.60.1.69913	1.60.1.70170
252437	1.60.1.69913	1.60.1.70170
252439	1.60.1.69913	1.60.1.70170
252440	1.60.1.69913	1.60.1.70170
252441	1.60.1.69913	1.60.1.70170
252442	1.60.1.69913	1.60.1.70170
252443	1.60.1.69913	1.60.1.70170
252444	1.60.1.69913	1.60.1.70170
252445	1.60.1.69913	1.60.1.70170
252446	1.60.1.69913	1.60.1.70170
252447	1.60.1.69913	1.60.1.70170
252448	1.60.1.69913	1.60.1.70170
252449	1.60.1.69913	1.60.1.70170
252450	1.60.1.69913	1.60.1.70170
252451	1.60.1.69913	1.60.1.70170
252452	1.60.1.69913	1.60.1.70170
252453	1.60.1.69913	1.60.1.70170
252455	1.60.1.69913	1.60.1.70170
252456	1.60.1.69913	1.60.1.70170
252457	1.60.1.69913	1.60.1.70170
252458	1.60.1.69913	1.60.1.70170
252459	1.60.1.69913	1.60.1.70170
252460	1.60.1.69913	1.60.1.70170
252461	1.60.1.69913	1.60.1.70170
252462	1.60.1.69913	1.60.1.70170
252463	1.60.1.69913	1.60.1.70170
252465	1.60.1.69913	1.60.1.70170
252466	1.60.1.69913	1.60.1.70170
252467	1.60.1.69913	1.60.1.70170
252468	1.60.1.69913	1.60.1.70170
252469	1.60.1.69913	1.60.1.70170
252470	1.60.1.69913	1.60.1.70170
252471	1.60.1.69913	1.60.1.70170
252472	1.60.1.69913	1.60.1.70170
252473	1.60.1.69913	1.60.1.70170
252474	1.60.1.69913	1.60.1.70170
252475	1.60.1.69913	1.60.1.70170
252476	1.60.1.69913	1.60.1.70170
252477	1.60.1.69913	1.60.1.70170
252478	1.60.1.69913	1.60.1.70170
252479	1.60.1.69913	1.60.1.70170
252480	1.60.1.69913	1.60.1.70170
252481	1.60.1.69913	1.60.1.70170
252482	1.60.1.69913	1.60.1.70170
252483	1.60.1.69913	1.60.1.70170
252484	1.60.1.69913	1.60.1.70170
252485	1.60.1.69913	1.60.1.70170
252486	1.60.1.69913	1.60.1.70170
252487	1.60.1.69913	1.60.1.70170
252488	1.60.1.69913	1.60.1.70170
252490	1.60.1.69913	1.60.1.70170
252491	1.60.1.69913	1.60.1.70170
252492	1.60.1.69913	1.60.1.70170
252493	1.60.1.69913	1.60.1.70170
252494	1.60.1.69913	1.60.1.70170
252495	1.60.1.69913	1.60.1.70170
252496	1.60.1.69913	1.60.1.70170
252497	1.60.1.69913	1.60.1.70170
252498	1.60.1.69913	1.60.1.70170
252499	1.60.1.69913	1.60.1.70170
252500	1.60.1.69913	1.60.1.70170
252501	1.60.1.69913	1.60.1.70170
252502	1.60.1.69913	1.60.1.70170
252503	1.60.1.69913	1.60.1.70170
252504	1.60.1.69913	1.60.1.70170
252505	1.60.1.69913	1.60.1.70170
252506	1.60.1.69913	1.60.1.70170
252507	1.60.1.69913	1.60.1.70170
252508	1.60.1.69913	1.60.1.70170
252509	1.60.1.69913	1.60.1.70170
252510	1.60.1.69913	1.60.1.70170
252511	1.60.1.69913	1.60.1.70170
252512	1.60.1.69913	1.60.1.70170
252513	1.60.1.69913	1.60.1.70170
252514	1.60.1.69913	1.60.1.70170
252515	1.60.1.69913	1.60.1.70170
252516	1.60.1.69913	1.60.1.70170
252517	1.60.1.69913	1.60.1.70170
252518	1.60.1.69913	1.60.1.70170
252519	1.60.1.69913	1.60.1.70170
252520	1.60.1.69913	1.60.1.70170
252521	1.60.1.69913	1.60.1.70170
252522	1.60.1.69913	1.60.1.70170
252523	1.60.1.69913	1.60.1.70170
252524	1.60.1.69913	1.60.1.70170
252525	1.60.1.69913	1.60.1.70170
252526	1.60.1.69913	1.60.1.70170
252527	1.60.1.69913	1.60.1.70170
252528	1.60.1.69913	1.60.1.70170
252529	1.60.1.69913	1.60.1.70170
252530	1.60.1.69913	1.60.1.70170
252531	1.60.1.69913	1.60.1.70170
252532	1.60.1.69913	1.60.1.70170
252533	1.60.1.69913	1.60.1.70170
252534	1.60.1.69913	1.60.1.70170
252535	1.60.1.69913	1.60.1.70170
252536	1.60.1.69913	1.60.1.70170
252537	1.60.1.69913	1.60.1.70170
252538	1.60.1.69913	1.60.1.70170
252539	1.60.1.69913	1.60.1.70170
252540	1.60.1.69913	1.60.1.70170
252541	1.60.1.69913	1.60.1.70170
252542	1.60.1.69913	1.60.1.70170
252543	1.60.1.69913	1.60.1.70170
252544	1.60.1.69913	1.60.1.70170
252545	1.60.1.69913	1.60.1.70170
252546	1.60.1.69913	1.60.1.70170
252547	1.60.1.69913	1.60.1.70170
252548	1.60.1.69913	1.60.1.70170
252549	1.60.1.69913	1.60.1.70170
252550	1.60.1.69913	1.60.1.70170
252551	1.60.1.69913	1.60.1.70170
252552	1.60.1.69913	1.60.1.70170
252553	1.60.1.69913	1.60.1.70170
252554	1.60.1.69913	1.60.1.70170
252555	1.60.1.69913	1.60.1.70170
252556	1.60.1.69913	1.60.1.70170
252557	1.60.1.69913	1.60.1.70170
252558	1.60.1.69913	1.60.1.70170
252559	1.60.1.69913	1.60.1.70170
252560	1.60.1.69913	1.60.1.70170
252561	1.60.1.69913	1.60.1.70170
252562	1.60.1.69913	1.60.1.70170
252563	1.60.1.69913	1.60.1.70170
252564	1.60.1.69913	1.60.1.70170
252565	1.60.1.69913	1.60.1.70170
252566	1.60.1.69913	1.60.1.70170
252567	1.60.1.69913	1.60.1.70170
252568	1.60.1.69913	1.60.1.70170
252569	1.60.1.69913	1.60.1.70170
252570	1.60.1.69913	1.60.1.70170
252571	1.60.1.69913	1.60.1.70170
252572	1.60.1.69913	1.60.1.70170
252573	1.60.1.69913	1.60.1.70170
252574	1.60.1.69913	1.60.1.70170
252575	1.60.1.69913	1.60.1.70170
252576	1.60.1.69913	1.60.1.70170
252577	1.60.1.69913	1.60.1.70170
252578	1.60.1.69913	1.60.1.70170
252579	1.60.1.69913	1.60.1.70170
252580	1.60.1.69913	1.60.1.70170
252581	1.60.1.69913	1.60.1.70170
252582	1.60.1.69913	1.60.1.70170
252583	1.60.1.69913	1.60.1.70170
252584	1.60.1.69913	1.60.1.70170
252585	1.60.1.69913	1.60.1.70170
252586	1.60.1.69913	1.60.1.70170
252587	1.60.1.69913	1.60.1.70170
252588	1.60.1.69913	1.60.1.70170
252589	1.60.1.69913	1.60.1.70170
252590	1.60.1.69913	1.60.1.70170
252591	1.60.1.69913	1.60.1.70170
252592	1.60.1.69913	1.60.1.70170
252593	1.60.1.69913	1.60.1.70170
252594	1.60.1.69913	1.60.1.70170
252595	1.60.1.69913	1.60.1.70170
252596	1.60.1.69913	1.60.1.70170
252597	1.60.1.69913	1.60.1.70170
252598	1.60.1.69913	1.60.1.70170
252599	1.60.1.69913	1.60.1.70170
252600	1.60.1.69913	1.60.1.70170
252601	1.60.1.69913	1.60.1.70170
252602	1.60.1.69913	1.60.1.70170
252603	1.60.1.69913	1.60.1.70170
252604	1.60.1.69913	1.60.1.70170
252605	1.60.1.69913	1.60.1.70170
252606	1.60.1.69913	1.60.1.70170
252661	1.60.1.69913	1.60.1.70170
252665	1.60.1.69913	1.60.1.70170
252670	1.60.1.69913	1.60.1.70170
252671	1.60.1.69913	1.60.1.70170
252673	1.60.1.69913	1.60.1.70170
252674	1.60.1.69913	1.60.1.70170
252675	1.60.1.69913	1.60.1.70170
252678	1.60.1.69913	1.60.1.70170
252760	1.60.1.69913	1.60.1.70170
252761	1.60.1.69913	1.60.1.70170
252762	1.60.1.69913	1.60.1.70170
252763	1.60.1.69913	1.60.1.70170
252764	1.60.1.69913	1.60.1.70170
252765	1.60.1.69913	1.60.1.70170
252766	1.60.1.69913	1.60.1.70170
252767	1.60.1.69913	1.60.1.70170
252768	1.60.1.69913	1.60.1.70170
252769	1.60.1.69913	1.60.1.70170
252770	1.60.1.69913	1.60.1.70170
252777	1.60.1.69913	1.60.1.70170
252778	1.60.1.69913	1.60.1.70170
252779	1.60.1.69913	1.60.1.70170
252780	1.60.1.69913	1.60.1.70170
252781	1.60.1.69913	1.60.1.70170
252782	1.60.1.69913	1.60.1.70170
252783	1.60.1.69913	1.60.1.70170
252784	1.60.1.69913	1.60.1.70170
252786	1.60.1.69913	1.60.1.70170
252787	1.60.1.69913	1.60.1.70170
252788	1.60.1.69913	1.60.1.70170
252789	1.60.1.69913	1.60.1.70170
252790	1.60.1.69913	1.60.1.70170
252791	1.60.1.69913	1.60.1.70170
252798	1.60.1.69913	1.60.1.70170
252799	1.60.1.69913	1.60.1.70170
252800	1.60.1.69913	1.60.1.70170
252801	1.60.1.69913	1.60.1.70170
252802	1.60.1.69913	1.60.1.70170
252803	1.60.1.69913	1.60.1.70170
252804	1.60.1.69913	1.60.1.70170
252805	1.60.1.69913	1.60.1.70170
252806	1.60.1.69913	1.60.1.70170
252807	1.60.1.69913	1.60.1.70170
252808	1.60.1.69913	1.60.1.70170
252809	1.60.1.69913	1.60.1.70170
252810	1.60.1.69913	1.60.1.70170
252811	1.60.1.69913	1.60.1.70170
252812	1.60.1.69913	1.60.1.70170
252820	1.60.1.69913	1.60.1.70170
252821	1.60.1.69913	1.60.1.70170
252822	1.60.1.69913	1.60.1.70170
252823	1.60.1.69913	1.60.1.70170
252824	1.60.1.69913	1.60.1.70170
252825	1.60.1.69913	1.60.1.70170
252826	1.60.1.69913	1.60.1.70170
252827	1.60.1.69913	1.60.1.70170
252828	1.60.1.69913	1.60.1.70170
252829	1.60.1.69913	1.60.1.70170
252830	1.60.1.69913	1.60.1.70170
252831	1.60.1.69913	1.60.1.70170
252832	1.60.1.69913	1.60.1.70170
252833	1.60.1.69913	1.60.1.70170
252834	1.60.1.69913	1.60.1.70170
252836	1.60.1.69913	1.60.1.70170
252837	1.60.1.69913	1.60.1.70170
252838	1.60.1.69913	1.60.1.70170
252839	1.60.1.69913	1.60.1.70170
252840	1.60.1.69913	1.60.1.70170
252841	1.60.1.69913	1.60.1.70170
252842	1.60.1.69913	1.60.1.70170
252843	1.60.1.69913	1.60.1.70170
252844	1.60.1.69913	1.60.1.70170
252845	1.60.1.69913	1.60.1.70170
252846	1.60.1.69913	1.60.1.70170
252847	1.60.1.69913	1.60.1.70170
252848	1.60.1.69913	1.60.1.70170
252849	1.60.1.69913	1.60.1.70170
252850	1.60.1.69913	1.60.1.70170
252851	1.60.1.69913	1.60.1.70170
252852	1.60.1.69913	1.60.1.70170
252853	1.60.1.69913	1.60.1.70170
252854	1.60.1.69913	1.60.1.70170
252855	1.60.1.69913	1.60.1.70170
252856	1.60.1.69913	1.60.1.70170
252857	1.60.1.69913	1.60.1.70170
252858	1.60.1.69913	1.60.1.70170
252859	1.60.1.69913	1.60.1.70170
252860	1.60.1.69913	1.60.1.70170
252861	1.60.1.69913	1.60.1.70170
252862	1.60.1.69913	1.60.1.70170
252863	1.60.1.69913	1.60.1.70170
252864	1.60.1.69913	1.60.1.70170
252865	1.60.1.69913	1.60.1.70170
252866	1.60.1.69913	1.60.1.70170
252867	1.60.1.69913	1.60.1.70170
252868	1.60.1.69913	1.60.1.70170
252869	1.60.1.69913	1.60.1.70170
252870	1.60.1.69913	1.60.1.70170
252871	1.60.1.69913	1.60.1.70170
252872	1.60.1.69913	1.60.1.70170
252873	1.60.1.69913	1.60.1.70170
252874	1.60.1.69913	1.60.1.70170
252875	1.60.1.69913	1.60.1.70170
252876	1.60.1.69913	1.60.1.70170
252877	1.60.1.69913	1.60.1.70170
252878	1.60.1.69913	1.60.1.70170
252879	1.60.1.69913	1.60.1.70170
252880	1.60.1.69913	1.60.1.70170
252881	1.60.1.69913	1.60.1.70170
252882	1.60.1.69913	1.60.1.70170
252883	1.60.1.69913	1.60.1.70170
252884	1.60.1.69913	1.60.1.70170
252885	1.60.1.69913	1.60.1.70170
252886	1.60.1.69913	1.60.1.70170
252887	1.60.1.69913	1.60.1.70170
252888	1.60.1.69913	1.60.1.70170
252889	1.60.1.69913	1.60.1.70170
252890	1.60.1.69913	1.60.1.70170
252891	1.60.1.69913	1.60.1.70170
252892	1.60.1.69913	1.60.1.70170
252893	1.60.1.69913	1.60.1.70170
252894	1.60.1.69913	1.60.1.70170
252895	1.60.1.69913	1.60.1.70170
252896	1.60.1.69913	1.60.1.70170
252897	1.60.1.69913	1.60.1.70170
252898	1.60.1.69913	1.60.1.70170
252899	1.60.1.69913	1.60.1.70170
252900	1.60.1.69913	1.60.1.70170
252901	1.60.1.69913	1.60.1.70170
252902	1.60.1.69913	1.60.1.70170
252903	1.60.1.69913	1.60.1.70170
252904	1.60.1.69913	1.60.1.70170
252905	1.60.1.69913	1.60.1.70170
252906	1.60.1.69913	1.60.1.70170
252907	1.60.1.69913	1.60.1.70170
252908	1.60.1.69913	1.60.1.70170
252909	1.60.1.69913	1.60.1.70170
252910	1.60.1.69913	1.60.1.70170
252911	1.60.1.69913	1.60.1.70170
252912	1.60.1.69913	1.60.1.70170
252913	1.60.1.69913	1.60.1.70170
252914	1.60.1.69913	1.60.1.70170
252915	1.60.1.69913	1.60.1.70170
252916	1.60.1.69913	1.60.1.70170
252917	1.60.1.69913	1.60.1.70170
252918	1.60.1.69913	1.60.1.70170
252919	1.60.1.69913	1.60.1.70170
252920	1.60.1.69913	1.60.1.70170
252921	1.60.1.69913	1.60.1.70170
252922	1.60.1.69913	1.60.1.70170
252923	1.60.1.69913	1.60.1.70170
252924	1.60.1.69913	1.60.1.70170
252925	1.60.1.69913	1.60.1.70170
252926	1.60.1.69913	1.60.1.70170
252927	1.60.1.69913	1.60.1.70170
252928	1.60.1.69913	1.60.1.70170
252929	1.60.1.69913	1.60.1.70170
252930	1.60.1.69913	1.60.1.70170
252931	1.60.1.69913	1.60.1.70170
252932	1.60.1.69913	1.60.1.70170
252933	1.60.1.69913	1.60.1.70170
252934	1.60.1.69913	1.60.1.70170
252935	1.60.1.69913	1.60.1.70170
252936	1.60.1.69913	1.60.1.70170
252937	1.60.1.69913	1.60.1.70170
252938	1.60.1.69913	1.60.1.70170
252939	1.60.1.69913	1.60.1.70170
252940	1.60.1.69913	1.60.1.70170
252941	1.60.1.69913	1.60.1.70170
252942	1.60.1.69913	1.60.1.70170
252948	1.60.1.70009	1.60.1.70170
253017	1.60.1.69913	1.60.1.70170
253152	1.60.1.69913	1.60.1.70170
253239	1.60.1.69913	1.60.1.70170
253247	1.60.1.69913	1.60.1.70170
253249	1.60.1.69913	1.60.1.70170
253258	1.60.1.69913	1.60.1.70170
253259	1.60.1.69913	1.60.1.70170
253260	1.60.1.69913	1.60.1.70170
253341	1.60.1.69913	1.60.1.70170
253378	1.60.1.69913	1.60.1.70170
253391	1.60.1.69913	1.60.1.70170
253399	1.60.1.69913	1.60.1.70170
253400	1.60.1.69913	1.60.1.70170
253591	1.60.1.69913	1.60.1.70170
253595	1.60.1.69913	1.60.1.70170
253596	1.60.1.69913	1.60.1.70170
253597	1.60.1.69913	1.60.1.70170
253664	1.60.1.69913	1.60.1.70170
253665	1.60.1.69913	1.60.1.70170
253666	1.60.1.69913	1.60.1.70170
253667	1.60.1.69913	1.60.1.70170
253668	1.60.1.69913	1.60.1.70170
253710	1.60.1.69913	1.60.1.70170
253711	1.60.1.69913	1.60.1.70170
253884	1.60.1.69913	1.60.1.70170
253885	1.60.1.69913	1.60.1.70170
253886	1.60.1.69913	1.60.1.70170
253887	1.60.1.69913	1.60.1.70170
253888	1.60.1.69913	1.60.1.70170
253889	1.60.1.69913	1.60.1.70170
253890	1.60.1.69913	1.60.1.70170
253891	1.60.1.69913	1.60.1.70170
253892	1.60.1.69913	1.60.1.70170
253893	1.60.1.69913	1.60.1.70170
253894	1.60.1.69913	1.60.1.70170
253895	1.60.1.69913	1.60.1.70170
253896	1.60.1.69913	1.60.1.70170
253897	1.60.1.69913	1.60.1.70170
253898	1.60.1.69913	1.60.1.70170
253899	1.60.1.69913	1.60.1.70170
253900	1.60.1.69913	1.60.1.70170
253901	1.60.1.69913	1.60.1.70170
253902	1.60.1.69913	1.60.1.70170
253903	1.60.1.69913	1.60.1.70170
253904	1.60.1.69913	1.60.1.70170
253905	1.60.1.69913	1.60.1.70170
253906	1.60.1.69913	1.60.1.70170
253907	1.60.1.69913	1.60.1.70170
253908	1.60.1.69913	1.60.1.70170
253909	1.60.1.69913	1.60.1.70170
253910	1.60.1.69913	1.60.1.70170
253911	1.60.1.69913	1.60.1.70170
253912	1.60.1.69913	1.60.1.70170
253913	1.60.1.69913	1.60.1.70170
253914	1.60.1.69913	1.60.1.70170
253915	1.60.1.69913	1.60.1.70170
253916	1.60.1.69913	1.60.1.70170
253917	1.60.1.69913	1.60.1.70170
253918	1.60.1.69913	1.60.1.70170
253919	1.60.1.69913	1.60.1.70170
253920	1.60.1.69913	1.60.1.70170
253921	1.60.1.69913	1.60.1.70170
253922	1.60.1.69913	1.60.1.70170
253923	1.60.1.69913	1.60.1.70170
253924	1.60.1.69913	1.60.1.70170
253925	1.60.1.69913	1.60.1.70170
253926	1.60.1.69913	1.60.1.70170
253927	1.60.1.69913	1.60.1.70170
253928	1.60.1.69913	1.60.1.70170
253929	1.60.1.69913	1.60.1.70170
253930	1.60.1.69913	1.60.1.70170
253931	1.60.1.69913	1.60.1.70170
253932	1.60.1.69913	1.60.1.70170
253933	1.60.1.69913	1.60.1.70170
253934	1.60.1.69913	1.60.1.70170
253935	1.60.1.69913	1.60.1.70170
253936	1.60.1.69913	1.60.1.70170
253937	1.60.1.69913	1.60.1.70170
253938	1.60.1.69913	1.60.1.70170
253939	1.60.1.69913	1.60.1.70170
253940	1.60.1.69913	1.60.1.70170
253941	1.60.1.69913	1.60.1.70170
253942	1.60.1.69913	1.60.1.70170
253943	1.60.1.69913	1.60.1.70170
253944	1.60.1.69913	1.60.1.70170
253945	1.60.1.69913	1.60.1.70170
253946	1.60.1.69913	1.60.1.70170
253947	1.60.1.69913	1.60.1.70170
253948	1.60.1.69913	1.60.1.70170
253949	1.60.1.69913	1.60.1.70170
253950	1.60.1.69913	1.60.1.70170
253951	1.60.1.69913	1.60.1.70170
253952	1.60.1.69913	1.60.1.70170
253953	1.60.1.69913	1.60.1.70170
253954	1.60.1.69913	1.60.1.70170
253955	1.60.1.69913	1.60.1.70170
253956	1.60.1.69913	1.60.1.70170
253957	1.60.1.69913	1.60.1.70170
253958	1.60.1.69913	1.60.1.70170
253959	1.60.1.69913	1.60.1.70170
253960	1.60.1.69913	1.60.1.70170
253961	1.60.1.69913	1.60.1.70170
253962	1.60.1.69913	1.60.1.70170
253963	1.60.1.69913	1.60.1.70170
253964	1.60.1.69913	1.60.1.70170
253965	1.60.1.69913	1.60.1.70170
253966	1.60.1.69913	1.60.1.70170
253967	1.60.1.69913	1.60.1.70170
253968	1.60.1.69913	1.60.1.70170
253969	1.60.1.69913	1.60.1.70170
253970	1.60.1.69913	1.60.1.70170
253971	1.60.1.69913	1.60.1.70170
253972	1.60.1.69913	1.60.1.70170
253973	1.60.1.69913	1.60.1.70170
253974	1.60.1.69913	1.60.1.70170
253975	1.60.1.69913	1.60.1.70170
253976	1.60.1.69913	1.60.1.70170
253977	1.60.1.69913	1.60.1.70170
253978	1.60.1.69913	1.60.1.70170
253979	1.60.1.69913	1.60.1.70170
253980	1.60.1.69913	1.60.1.70170
253981	1.60.1.69913	1.60.1.70170
253982	1.60.1.69913	1.60.1.70170
253983	1.60.1.69913	1.60.1.70170
253984	1.60.1.69913	1.60.1.70170
253985	1.60.1.69913	1.60.1.70170
253986	1.60.1.69913	1.60.1.70170
253987	1.60.1.69913	1.60.1.70170
253988	1.60.1.69913	1.60.1.70170
253989	1.60.1.69913	1.60.1.70170
253990	1.60.1.69913	1.60.1.70170
253991	1.60.1.69913	1.60.1.70170
253992	1.60.1.69913	1.60.1.70170
253993	1.60.1.69913	1.60.1.70170
253994	1.60.1.69913	1.60.1.70170
253995	1.60.1.69913	1.60.1.70170
253996	1.60.1.69913	1.60.1.70170
253997	1.60.1.69913	1.60.1.70170
253998	1.60.1.69913	1.60.1.70170
253999	1.60.1.69913	1.60.1.70170
254000	1.60.1.69913	1.60.1.70170
254001	1.60.1.69913	1.60.1.70170
254002	1.60.1.69913	1.60.1.70170
254003	1.60.1.69913	1.60.1.70170
254004	1.60.1.69913	1.60.1.70170
254005	1.60.1.69913	1.60.1.70170
254006	1.60.1.69913	1.60.1.70170
254007	1.60.1.69913	1.60.1.70170
254008	1.60.1.69913	1.60.1.70170
254009	1.60.1.69913	1.60.1.70170
254010	1.60.1.69913	1.60.1.70170
254011	1.60.1.69913	1.60.1.70170
254012	1.60.1.69913	1.60.1.70170
254013	1.60.1.69913	1.60.1.70170
254014	1.60.1.69913	1.60.1.70170
254015	1.60.1.69913	1.60.1.70170
254016	1.60.1.69913	1.60.1.70170
254017	1.60.1.69913	1.60.1.70170
254018	1.60.1.69913	1.60.1.70170
254019	1.60.1.69913	1.60.1.70170
254020	1.60.1.69913	1.60.1.70170
254021	1.60.1.69913	1.60.1.70170
254022	1.60.1.69913	1.60.1.70170
254023	1.60.1.69913	1.60.1.70170
254024	1.60.1.69913	1.60.1.70170
254025	1.60.1.69913	1.60.1.70170
254026	1.60.1.69913	1.60.1.70170
254027	1.60.1.69913	1.60.1.70170
254028	1.60.1.69913	1.60.1.70170
254029	1.60.1.69913	1.60.1.70170
254030	1.60.1.69913	1.60.1.70170
254031	1.60.1.69913	1.60.1.70170
254032	1.60.1.69913	1.60.1.70170
254033	1.60.1.69913	1.60.1.70170
254034	1.60.1.69913	1.60.1.70170
254035	1.60.1.69913	1.60.1.70170
254036	1.60.1.69913	1.60.1.70170
254037	1.60.1.69913	1.60.1.70170
254038	1.60.1.69913	1.60.1.70170
254039	1.60.1.69913	1.60.1.70170
254040	1.60.1.69913	1.60.1.70170
254041	1.60.1.69913	1.60.1.70170
254042	1.60.1.69913	1.60.1.70170
254043	1.60.1.69913	1.60.1.70170
254044	1.60.1.69913	1.60.1.70170
254045	1.60.1.69913	1.60.1.70170
254046	1.60.1.69913	1.60.1.70170
254047	1.60.1.69913	1.60.1.70170
254048	1.60.1.69913	1.60.1.70170
254049	1.60.1.69913	1.60.1.70170
254050	1.60.1.69913	1.60.1.70170
254051	1.60.1.69913	1.60.1.70170
254052	1.60.1.69913	1.60.1.70170
254053	1.60.1.69913	1.60.1.70170
254054	1.60.1.69913	1.60.1.70170
254055	1.60.1.69913	1.60.1.70170
254056	1.60.1.69913	1.60.1.70170
254057	1.60.1.69913	1.60.1.70170
254058	1.60.1.69913	1.60.1.70170
254059	1.60.1.69913	1.60.1.70170
254060	1.60.1.69913	1.60.1.70170
254061	1.60.1.69913	1.60.1.70170
254062	1.60.1.69913	1.60.1.70170
254063	1.60.1.69913	1.60.1.70170
254064	1.60.1.69913	1.60.1.70170
254065	1.60.1.69913	1.60.1.70170
254066	1.60.1.69913	1.60.1.70170
254067	1.60.1.69913	1.60.1.70170
254068	1.60.1.69913	1.60.1.70170
254069	1.60.1.69913	1.60.1.70170
254070	1.60.1.69913	1.60.1.70170
254071	1.60.1.69913	1.60.1.70170
254072	1.60.1.69913	1.60.1.70170
254073	1.60.1.69913	1.60.1.70170
254074	1.60.1.69913	1.60.1.70170
254075	1.60.1.69913	1.60.1.70170
254076	1.60.1.69913	1.60.1.70170
254077	1.60.1.69913	1.60.1.70170
254078	1.60.1.69913	1.60.1.70170
254079	1.60.1.69913	1.60.1.70170
254080	1.60.1.69913	1.60.1.70170
254081	1.60.1.69913	1.60.1.70170
254082	1.60.1.69913	1.60.1.70170
254083	1.60.1.69913	1.60.1.70170
254084	1.60.1.69913	1.60.1.70170
254085	1.60.1.69913	1.60.1.70170
254086	1.60.1.69913	1.60.1.70170
254087	1.60.1.69913	1.60.1.70170
254088	1.60.1.69913	1.60.1.70170
254089	1.60.1.69913	1.60.1.70170
254090	1.60.1.69913	1.60.1.70170
254091	1.60.1.69913	1.60.1.70170
254092	1.60.1.69913	1.60.1.70170
254093	1.60.1.69913	1.60.1.70170
254094	1.60.1.69913	1.60.1.70170
254095	1.60.1.69913	1.60.1.70170
254096	1.60.1.69913	1.60.1.70170
254097	1.60.1.69913	1.60.1.70170
254098	1.60.1.69913	1.60.1.70170
254099	1.60.1.69913	1.60.1.70170
254100	1.60.1.69913	1.60.1.70170
254101	1.60.1.69913	1.60.1.70170
254102	1.60.1.69913	1.60.1.70170
254103	1.60.1.69913	1.60.1.70170
254104	1.60.1.69913	1.60.1.70170
254105	1.60.1.69913	1.60.1.70170
254106	1.60.1.69913	1.60.1.70170
254107	1.60.1.69913	1.60.1.70170
254108	1.60.1.69913	1.60.1.70170
254109	1.60.1.69913	1.60.1.70170
254110	1.60.1.69913	1.60.1.70170
254111	1.60.1.69913	1.60.1.70170
254112	1.60.1.69913	1.60.1.70170
254113	1.60.1.69913	1.60.1.70170
254114	1.60.1.69913	1.60.1.70170
254115	1.60.1.69913	1.60.1.70170
254116	1.60.1.69913	1.60.1.70170
254117	1.60.1.69913	1.60.1.70170
254118	1.60.1.69913	1.60.1.70170
254119	1.60.1.69913	1.60.1.70170
254120	1.60.1.69913	1.60.1.70170
254121	1.60.1.69913	1.60.1.70170
254122	1.60.1.69913	1.60.1.70170
254123	1.60.1.69913	1.60.1.70170
254124	1.60.1.69913	1.60.1.70170
254125	1.60.1.69913	1.60.1.70170
254126	1.60.1.69913	1.60.1.70170
254127	1.60.1.69913	1.60.1.70170
254128	1.60.1.69913	1.60.1.70170
254129	1.60.1.69913	1.60.1.70170
254130	1.60.1.69913	1.60.1.70170
254131	1.60.1.69913	1.60.1.70170
254132	1.60.1.69913	1.60.1.70170
254133	1.60.1.69913	1.60.1.70170
254134	1.60.1.69913	1.60.1.70170
254135	1.60.1.69913	1.60.1.70170
254136	1.60.1.69913	1.60.1.70170
254137	1.60.1.69913	1.60.1.70170
254138	1.60.1.69913	1.60.1.70170
254139	1.60.1.69913	1.60.1.70170
254140	1.60.1.69913	1.60.1.70170
254378	1.60.1.69913	1.60.1.70170
254380	1.60.1.69913	1.60.1.70170
254392	1.60.1.69913	1.60.1.70170
254432	1.60.1.69913	1.60.1.70170
254545	1.60.1.69913	1.60.1.70170
254546	1.60.1.69913	1.60.1.70170
254547	1.60.1.69913	1.60.1.70170
254548	1.60.1.69913	1.60.1.70170
254549	1.60.1.69913	1.60.1.70170
254550	1.60.1.69913	1.60.1.70170
254551	1.60.1.69913	1.60.1.70170
254552	1.60.1.69913	1.60.1.70170
254553	1.60.1.69913	1.60.1.70170
254562	1.60.1.69913	1.60.1.70170
254584	1.60.1.69913	1.60.1.70170
254663	1.60.1.69913	1.60.1.70170
254676	1.60.1.69913	1.60.1.70170
254679	1.60.1.69913	1.60.1.70170
254680	1.60.1.69913	1.60.1.70170
254681	1.60.1.69913	1.60.1.70170
254682	1.60.1.69913	1.60.1.70170
254683	1.60.1.69913	1.60.1.70170
254684	1.60.1.69913	1.60.1.70170
254685	1.60.1.69913	1.60.1.70170
254686	1.60.1.69913	1.60.1.70170
254687	1.60.1.69913	1.60.1.70170
254692	1.60.1.69913	1.60.1.70170
254695	1.60.1.69913	1.60.1.70170
254696	1.60.1.69913	1.60.1.70170
254779	1.60.1.69913	1.60.1.70170
254780	1.60.1.69913	1.60.1.70170
254840	1.60.1.69913	1.60.1.70170
254841	1.60.1.69913	1.60.1.70170
254842	1.60.1.69913	1.60.1.70170
254859	1.60.1.69913	1.60.1.70170
254870	1.60.1.69913	1.60.1.70170
254871	1.60.1.69913	1.60.1.70170
254877	1.60.1.69913	1.60.1.70170
255007	1.60.1.69913	1.60.1.70170
255010	1.60.1.69913	1.60.1.70170
255154	1.60.1.69913	1.60.1.70170
255155	1.60.1.69913	1.60.1.70170
255403	1.60.1.69913	1.60.1.70170
255645	1.60.1.69913	1.60.1.70170
255656	1.60.1.69913	1.60.1.70170
255657	1.60.1.69913	1.60.1.70170
255658	1.60.1.69913	1.60.1.70170
255662	1.60.1.69913	1.60.1.70170
255663	1.60.1.69913	1.60.1.70170
255667	1.60.1.69913	1.60.1.70170
255715	1.60.1.69913	1.60.1.70170
255716	1.60.1.69913	1.60.1.70170
255717	1.60.1.69913	1.60.1.70170
255718	1.60.1.69913	1.60.1.70170
255719	1.60.1.69913	1.60.1.70170
255720	1.60.1.69913	1.60.1.70170
255721	1.60.1.69913	1.60.1.70170
255722	1.60.1.69913	1.60.1.70170
255723	1.60.1.69913	1.60.1.70170
255724	1.60.1.69913	1.60.1.70170
255725	1.60.1.69913	1.60.1.70170
255726	1.60.1.69913	1.60.1.70170
255727	1.60.1.69913	1.60.1.70170
255728	1.60.1.69913	1.60.1.70170
255729	1.60.1.69913	1.60.1.70170
255730	1.60.1.69913	1.60.1.70170
255731	1.60.1.69913	1.60.1.70170
255875	1.60.1.69913	1.60.1.70170
255878	1.60.1.69913	1.60.1.70170
255941	1.60.1.69913	1.60.1.70170
255945	1.60.1.69913	1.60.1.70170
256036	1.60.1.69913	1.60.1.70170
256037	1.60.1.69913	1.60.1.70170
256038	1.60.1.69913	1.60.1.70170
256039	1.60.1.69913	1.60.1.70170
256044	1.60.1.69913	1.60.1.70170
256045	1.60.1.69913	1.60.1.70170
256057	1.60.1.69913	1.60.1.70170
256058	1.60.1.69913	1.60.1.70170
256061	1.60.1.69913	1.60.1.70170
256892	1.60.1.69913	1.60.1.70170
256935	1.60.1.69913	1.60.1.70170
257029	1.60.1.69913	1.60.1.70170
257103	1.60.1.69913	1.60.1.70170
257107	1.60.1.69913	1.60.1.70170
257126	1.60.1.69913	1.60.1.70170
257127	1.60.1.69913	1.60.1.70170
257128	1.60.1.69913	1.60.1.70170
257135	1.60.1.69913	1.60.1.70170
257215	1.60.1.69913	1.60.1.70170
257224	1.60.1.69913	1.60.1.70170
257226	1.60.1.69913	1.60.1.70170
257228	1.60.1.69913	1.60.1.70170
257255	1.60.1.69913	1.60.1.70170
257257	1.60.1.69913	1.60.1.70170
257263	1.60.1.69913	1.60.1.70170
257264	1.60.1.69913	1.60.1.70170
257272	1.60.1.69913	1.60.1.70170
257273	1.60.1.69913	1.60.1.70170
257274	1.60.1.69913	1.60.1.70170
257275	1.60.1.69913	1.60.1.70170
257276	1.60.1.69913	1.60.1.70170
257277	1.60.1.69913	1.60.1.70170
257278	1.60.1.69913	1.60.1.70170
257280	1.60.1.69913	1.60.1.70170
257281	1.60.1.69913	1.60.1.70170
257282	1.60.1.69913	1.60.1.70170
257283	1.60.1.69913	1.60.1.70170
257328	1.60.1.69913	1.60.1.70170
257329	1.60.1.69913	1.60.1.70170
257330	1.60.1.69913	1.60.1.70170
257331	1.60.1.69913	1.60.1.70170
257332	1.60.1.69913	1.60.1.70170
257333	1.60.1.69913	1.60.1.70170
257334	1.60.1.69913	1.60.1.70170
257335	1.60.1.69913	1.60.1.70170
257336	1.60.1.69913	1.60.1.70170
257337	1.60.1.69913	1.60.1.70170
257338	1.60.1.69913	1.60.1.70170
257339	1.60.1.69913	1.60.1.70170
257340	1.60.1.69913	1.60.1.70170
257341	1.60.1.69913	1.60.1.70170
257342	1.60.1.69913	1.60.1.70170
257343	1.60.1.69913	1.60.1.70170
257344	1.60.1.69913	1.60.1.70170
257345	1.60.1.69913	1.60.1.70170
257346	1.60.1.69913	1.60.1.70170
257348	1.60.1.69913	1.60.1.70170
257517	1.60.1.69913	1.60.1.70170
257685	1.60.1.69913	1.60.1.70170
257808	1.60.1.69913	1.60.1.70170
257809	1.60.1.69913	1.60.1.70170
257878	1.60.1.69913	1.60.1.70170
257879	1.60.1.69913	1.60.1.70170
257941	1.60.1.69913	1.60.1.70170
257942	1.60.1.69913	1.60.1.70170
257943	1.60.1.69913	1.60.1.70170
257945	1.60.1.69913	1.60.1.70170
258051	1.60.1.69913	1.60.1.70170
258296	1.60.1.69913	1.60.1.70170
258323	1.60.1.69913	1.60.1.70170
258526	1.60.1.69913	1.60.1.70170
258530	1.60.1.69913	1.60.1.70170
258661	1.60.1.69913	1.60.1.70170
258734	1.60.1.69913	1.60.1.70170
258735	1.60.1.69913	1.60.1.70170
258771	1.60.1.69913	1.60.1.70170
258772	1.60.1.69913	1.60.1.70170
258773	1.60.1.69913	1.60.1.70170
258774	1.60.1.69913	1.60.1.70170
258882	1.60.1.69913	1.60.1.70170
259226	1.60.1.69913	1.60.1.70170
259229	1.60.1.69913	1.60.1.70170
259268	1.60.1.69913	1.60.1.70170
259357	1.60.1.69913	1.60.1.70170
259460	1.60.1.69913	1.60.1.70170
259461	1.60.1.69913	1.60.1.70170
259846	1.60.1.69913	1.60.1.70170
259890	1.60.1.69913	1.60.1.70170
259891	1.60.1.69913	1.60.1.70170
259892	1.60.1.69913	1.60.1.70170
259893	1.60.1.69913	1.60.1.70170
259990	1.60.1.69913	1.60.1.70170
260166	1.60.1.69913	1.60.1.70170
260167	1.60.1.69913	1.60.1.70170
260168	1.60.1.69913	1.60.1.70170
260169	1.60.1.69913	1.60.1.70170
260171	1.60.1.69913	1.60.1.70170
260172	1.60.1.69913	1.60.1.70170
260176	1.60.1.69913	1.60.1.70170
260178	1.60.1.69913	1.60.1.70170
260179	1.60.1.69913	1.60.1.70170
260180	1.60.1.69913	1.60.1.70170
260181	1.60.1.69913	1.60.1.70170
260182	1.60.1.69913	1.60.1.70170
260183	1.60.1.69913	1.60.1.70170
260184	1.60.1.69913	1.60.1.70170
260185	1.60.1.69913	1.60.1.70170
260186	1.60.1.69913	1.60.1.70170
260195	1.60.1.69913	1.60.1.70170
260196	1.60.1.69913	1.60.1.70170
260201	1.60.1.69913	1.60.1.70170
260205	1.60.1.69913	1.60.1.70170
260207	1.60.1.69913	1.60.1.70170
260208	1.60.1.69913	1.60.1.70170
260209	1.60.1.69913	1.60.1.70170
260210	1.60.1.69913	1.60.1.70170
260211	1.60.1.69913	1.60.1.70170
260212	1.60.1.69913	1.60.1.70170
260236	1.60.1.69913	1.60.1.70170
260237	1.60.1.69913	1.60.1.70170
260244	1.60.1.69913	1.60.1.70170
260245	1.60.1.69913	1.60.1.70170
260247	1.60.1.69913	1.60.1.70170
260307	1.60.1.69913	1.60.1.70170
260347	1.60.1.69913	1.60.1.70170
260348	1.60.1.69913	1.60.1.70170
260349	1.60.1.69913	1.60.1.70170
260350	1.60.1.69913	1.60.1.70170
260351	1.60.1.69913	1.60.1.70170
260352	1.60.1.69913	1.60.1.70170
260353	1.60.1.69913	1.60.1.70170
260354	1.60.1.69913	1.60.1.70170
260356	1.60.1.69913	1.60.1.70170
260357	1.60.1.69913	1.60.1.70170
260358	1.60.1.69913	1.60.1.70170
260452	1.60.1.69913	1.60.1.70170
260466	1.60.1.69913	1.60.1.70170
260518	1.60.1.69913	1.60.1.70170
260623	1.60.1.69913	1.60.1.70170
260624	1.60.1.69913	1.60.1.70170
260625	1.60.1.69913	1.60.1.70170
260627	1.60.1.69913	1.60.1.70170
260628	1.60.1.69913	1.60.1.70170
260629	1.60.1.69913	1.60.1.70170
260631	1.60.1.69913	1.60.1.70170
260632	1.60.1.69913	1.60.1.70170
260633	1.60.1.69913	1.60.1.70170
260704	1.60.1.69913	1.60.1.70170
260784	1.60.1.69913	1.60.1.70170
260792	1.60.1.69913	1.60.1.70170
260793	1.60.1.69913	1.60.1.70170
260794	1.60.1.69913	1.60.1.70170
260795	1.60.1.69913	1.60.1.70170
260796	1.60.1.69913	1.60.1.70170
260797	1.60.1.69913	1.60.1.70170
260798	1.60.1.69913	1.60.1.70170
260799	1.60.1.69913	1.60.1.70170
260800	1.60.1.69913	1.60.1.70170
260801	1.60.1.69913	1.60.1.70170
260802	1.60.1.69913	1.60.1.70170
260803	1.60.1.69913	1.60.1.70170
260804	1.60.1.69913	1.60.1.70170
260805	1.60.1.69913	1.60.1.70170
260806	1.60.1.69913	1.60.1.70170
260807	1.60.1.69913	1.60.1.70170
260808	1.60.1.69913	1.60.1.70170
260809	1.60.1.69913	1.60.1.70170
260810	1.60.1.69913	1.60.1.70170
260811	1.60.1.69913	1.60.1.70170
260812	1.60.1.69913	1.60.1.70170
260813	1.60.1.69913	1.60.1.70170
260814	1.60.1.69913	1.60.1.70170
260815	1.60.1.69913	1.60.1.70170
260816	1.60.1.69913	1.60.1.70170
260817	1.60.1.69913	1.60.1.70170
260818	1.60.1.69913	1.60.1.70170
260819	1.60.1.69913	1.60.1.70170
260820	1.60.1.69913	1.60.1.70170
260821	1.60.1.69913	1.60.1.70170
260822	1.60.1.69913	1.60.1.70170
260823	1.60.1.69913	1.60.1.70170
260824	1.60.1.69913	1.60.1.70170
260825	1.60.1.69913	1.60.1.70170
260826	1.60.1.69913	1.60.1.70170
260827	1.60.1.69913	1.60.1.70170
260828	1.60.1.69913	1.60.1.70170
260829	1.60.1.69913	1.60.1.70170
260830	1.60.1.69913	1.60.1.70170
260880	1.60.1.69913	1.60.1.70170
260881	1.60.1.69913	1.60.1.70170
260883	1.60.1.69913	1.60.1.70170
260897	1.60.1.69913	1.60.1.70170
260927	1.60.1.69913	1.60.1.70170
262357	1.60.1.69913	1.60.1.70170
262433	1.60.1.69913	1.60.1.70170
262640	1.60.1.69913	1.60.1.70170
262668	1.60.1.69913	1.60.1.70170
262764	1.60.1.69913	1.60.1.70170
262765	1.60.1.69913	1.60.1.70170
262766	1.60.1.69913	1.60.1.70170
262801	1.60.1.69913	1.60.1.70170
262802	1.60.1.69913	1.60.1.70170
262803	1.60.1.69913	1.60.1.70170
262816	1.60.1.69913	1.60.1.70170
262818	1.60.1.69913	1.60.1.70170
262887	1.60.1.69913	1.60.1.70170
262888	1.60.1.69913	1.60.1.70170
262889	1.60.1.69913	1.60.1.70170
262890	1.60.1.69913	1.60.1.70170
262896	1.60.1.69913	1.60.1.70170
262902	1.60.1.69913	1.60.1.70170
262913	1.60.1.69913	1.60.1.70170
262917	1.60.1.69913	1.60.1.70170
263005	1.60.1.69913	1.60.1.70170
263006	1.60.1.69913	1.60.1.70170
263007	1.60.1.69913	1.60.1.70170
263015	1.60.1.69913	1.60.1.70170
263016	1.60.1.69913	1.60.1.70170
263017	1.60.1.69913	1.60.1.70170
263028	1.60.1.69913	1.60.1.70170
263029	1.60.1.69913	1.60.1.70170
263030	1.60.1.69913	1.60.1.70170
263183	1.60.1.69913	1.60.1.70170
263184	1.60.1.69913	1.60.1.70170
263227	1.60.1.69913	1.60.1.70170
263305	1.60.1.69913	1.60.1.70170
263306	1.60.1.69913	1.60.1.70170
263307	1.60.1.69913	1.60.1.70170
263308	1.60.1.69913	1.60.1.70170
263309	1.60.1.69913	1.60.1.70170
263310	1.60.1.69913	1.60.1.70170
263311	1.60.1.69913	1.60.1.70170
263312	1.60.1.69913	1.60.1.70170
263313	1.60.1.69913	1.60.1.70170
263314	1.60.1.69913	1.60.1.70170
263329	1.60.1.69913	1.60.1.70170
263330	1.60.1.69913	1.60.1.70170
263332	1.60.1.69913	1.60.1.70170
263333	1.60.1.69913	1.60.1.70170
263335	1.60.1.69913	1.60.1.70170
263336	1.60.1.69913	1.60.1.70170
263337	1.60.1.69913	1.60.1.70170
263338	1.60.1.69913	1.60.1.70170
263339	1.60.1.69913	1.60.1.70170
263340	1.60.1.69913	1.60.1.70170
263401	1.60.1.69913	1.60.1.70170
263402	1.60.1.69913	1.60.1.70170
263403	1.60.1.69913	1.60.1.70170
263404	1.60.1.69913	1.60.1.70170
263405	1.60.1.69913	1.60.1.70170
263406	1.60.1.69913	1.60.1.70170
263407	1.60.1.69913	1.60.1.70170
263408	1.60.1.69913	1.60.1.70170
263409	1.60.1.69913	1.60.1.70170
263410	1.60.1.69913	1.60.1.70170
263411	1.60.1.69913	1.60.1.70170
263412	1.60.1.69913	1.60.1.70170
263414	1.60.1.69913	1.60.1.70170
263415	1.60.1.69913	1.60.1.70170
263417	1.60.1.69913	1.60.1.70170
263418	1.60.1.69913	1.60.1.70170
263420	1.60.1.69913	1.60.1.70170
263421	1.60.1.69913	1.60.1.70170
263422	1.60.1.69913	1.60.1.70170
263423	1.60.1.69913	1.60.1.70170
263424	1.60.1.69913	1.60.1.70170
263425	1.60.1.69913	1.60.1.70170
263426	1.60.1.69913	1.60.1.70170
263428	1.60.1.69913	1.60.1.70170
263430	1.60.1.69913	1.60.1.70170
263431	1.60.1.69913	1.60.1.70170
263432	1.60.1.69913	1.60.1.70170
263434	1.60.1.69913	1.60.1.70170
263435	1.60.1.69913	1.60.1.70170
263436	1.60.1.69913	1.60.1.70170
263439	1.60.1.69913	1.60.1.70170
263491	1.60.1.69913	1.60.1.70170
263493	1.60.1.69913	1.60.1.70170
263509	1.60.1.69913	1.60.1.70170
263511	1.60.1.69913	1.60.1.70170
263512	1.60.1.69913	1.60.1.70170
263513	1.60.1.69913	1.60.1.70170
263930	1.60.1.69913	1.60.1.70170
263931	1.60.1.69913	1.60.1.70170
263935	1.60.1.69913	1.60.1.70170
263936	1.60.1.69913	1.60.1.70170
263937	1.60.1.69913	1.60.1.70170
263972	1.60.1.69913	1.60.1.70170
263973	1.60.1.69913	1.60.1.70170
263992	1.60.1.69913	1.60.1.70170
263993	1.60.1.69913	1.60.1.70170
264011	1.60.1.69913	1.60.1.70170
264012	1.60.1.69913	1.60.1.70170
264013	1.60.1.69913	1.60.1.70170
264014	1.60.1.69913	1.60.1.70170
264015	1.60.1.69913	1.60.1.70170
264016	1.60.1.69913	1.60.1.70170
264017	1.60.1.69913	1.60.1.70170
264018	1.60.1.69913	1.60.1.70170
264019	1.60.1.69913	1.60.1.70170
264020	1.60.1.69913	1.60.1.70170
264021	1.60.1.69913	1.60.1.70170
264022	1.60.1.69913	1.60.1.70170
264023	1.60.1.69913	1.60.1.70170
264024	1.60.1.69913	1.60.1.70170
264025	1.60.1.69913	1.60.1.70170
264026	1.60.1.69913	1.60.1.70170
264027	1.60.1.69913	1.60.1.70170
264028	1.60.1.69913	1.60.1.70170
264029	1.60.1.69913	1.60.1.70170
264030	1.60.1.69913	1.60.1.70170
264031	1.60.1.69913	1.60.1.70170
264032	1.60.1.69913	1.60.1.70170
264033	1.60.1.69913	1.60.1.70170
264034	1.60.1.69913	1.60.1.70170
264035	1.60.1.69913	1.60.1.70170
264036	1.60.1.69913	1.60.1.70170
264037	1.60.1.69913	1.60.1.70170
264038	1.60.1.69913	1.60.1.70170
264039	1.60.1.69913	1.60.1.70170
264040	1.60.1.69913	1.60.1.70170
264041	1.60.1.69913	1.60.1.70170
264042	1.60.1.69913	1.60.1.70170
264043	1.60.1.69913	1.60.1.70170
264044	1.60.1.69913	1.60.1.70170
264045	1.60.1.69913	1.60.1.70170
264046	1.60.1.69913	1.60.1.70170
264047	1.60.1.69913	1.60.1.70170
264048	1.60.1.69913	1.60.1.70170
264049	1.60.1.69913	1.60.1.70170
264050	1.60.1.69913	1.60.1.70170
264051	1.60.1.69913	1.60.1.70170
264052	1.60.1.69913	1.60.1.70170
264053	1.60.1.69913	1.60.1.70170
264054	1.60.1.69913	1.60.1.70170
264055	1.60.1.69913	1.60.1.70170
264056	1.60.1.69913	1.60.1.70170
264057	1.60.1.69913	1.60.1.70170
264058	1.60.1.69913	1.60.1.70170
264059	1.60.1.69913	1.60.1.70170
264060	1.60.1.69913	1.60.1.70170
264061	1.60.1.69913	1.60.1.70170
264062	1.60.1.69913	1.60.1.70170
264063	1.60.1.69913	1.60.1.70170
264064	1.60.1.69913	1.60.1.70170
264065	1.60.1.69913	1.60.1.70170
264066	1.60.1.69913	1.60.1.70170
264067	1.60.1.69913	1.60.1.70170
264068	1.60.1.69913	1.60.1.70170
264069	1.60.1.69913	1.60.1.70170
264070	1.60.1.69913	1.60.1.70170
264071	1.60.1.69913	1.60.1.70170
264072	1.60.1.69913	1.60.1.70170
264073	1.60.1.69913	1.60.1.70170
264074	1.60.1.69913	1.60.1.70170
264075	1.60.1.69913	1.60.1.70170
264076	1.60.1.69913	1.60.1.70170
264077	1.60.1.69913	1.60.1.70170
264078	1.60.1.69913	1.60.1.70170
264079	1.60.1.69913	1.60.1.70170
264080	1.60.1.69913	1.60.1.70170
264081	1.60.1.69913	1.60.1.70170
264082	1.60.1.69913	1.60.1.70170
264083	1.60.1.69913	1.60.1.70170
264084	1.60.1.69913	1.60.1.70170
264085	1.60.1.69913	1.60.1.70170
264086	1.60.1.69913	1.60.1.70170
264087	1.60.1.69913	1.60.1.70170
264088	1.60.1.69913	1.60.1.70170
264089	1.60.1.69913	1.60.1.70170
264090	1.60.1.69913	1.60.1.70170
264091	1.60.1.69913	1.60.1.70170
264092	1.60.1.69913	1.60.1.70170
264093	1.60.1.69913	1.60.1.70170
264094	1.60.1.69913	1.60.1.70170
264095	1.60.1.69913	1.60.1.70170
264096	1.60.1.69913	1.60.1.70170
264097	1.60.1.69913	1.60.1.70170
264098	1.60.1.69913	1.60.1.70170
264099	1.60.1.69913	1.60.1.70170
264100	1.60.1.69913	1.60.1.70170
264101	1.60.1.69913	1.60.1.70170
264102	1.60.1.69913	1.60.1.70170
264103	1.60.1.69913	1.60.1.70170
264104	1.60.1.69913	1.60.1.70170
264105	1.60.1.69913	1.60.1.70170
264106	1.60.1.69913	1.60.1.70170
264107	1.60.1.69913	1.60.1.70170
264108	1.60.1.69913	1.60.1.70170
264109	1.60.1.69913	1.60.1.70170
264110	1.60.1.69913	1.60.1.70170
264111	1.60.1.69913	1.60.1.70170
264112	1.60.1.69913	1.60.1.70170
264113	1.60.1.69913	1.60.1.70170
264114	1.60.1.69913	1.60.1.70170
264115	1.60.1.69913	1.60.1.70170
264116	1.60.1.69913	1.60.1.70170
264117	1.60.1.69913	1.60.1.70170
264118	1.60.1.69913	1.60.1.70170
264119	1.60.1.69913	1.60.1.70170
264120	1.60.1.69913	1.60.1.70170
264121	1.60.1.69913	1.60.1.70170
264122	1.60.1.69913	1.60.1.70170
264123	1.60.1.69913	1.60.1.70170
264124	1.60.1.69913	1.60.1.70170
264125	1.60.1.69913	1.60.1.70170
264126	1.60.1.69913	1.60.1.70170
264127	1.60.1.69913	1.60.1.70170
264128	1.60.1.69913	1.60.1.70170
264129	1.60.1.69913	1.60.1.70170
264130	1.60.1.69913	1.60.1.70170
264131	1.60.1.69913	1.60.1.70170
264132	1.60.1.69913	1.60.1.70170
264133	1.60.1.69913	1.60.1.70170
264134	1.60.1.69913	1.60.1.70170
264135	1.60.1.69913	1.60.1.70170
264136	1.60.1.69913	1.60.1.70170
264137	1.60.1.69913	1.60.1.70170
264138	1.60.1.69913	1.60.1.70170
264139	1.60.1.69913	1.60.1.70170
264140	1.60.1.69913	1.60.1.70170
264141	1.60.1.69913	1.60.1.70170
264142	1.60.1.69913	1.60.1.70170
264143	1.60.1.69913	1.60.1.70170
264144	1.60.1.69913	1.60.1.70170
264145	1.60.1.69913	1.60.1.70170
264146	1.60.1.69913	1.60.1.70170
264147	1.60.1.69913	1.60.1.70170
264148	1.60.1.69913	1.60.1.70170
264149	1.60.1.69913	1.60.1.70170
264150	1.60.1.69913	1.60.1.70170
264151	1.60.1.69913	1.60.1.70170
264152	1.60.1.69913	1.60.1.70170
264153	1.60.1.69913	1.60.1.70170
264154	1.60.1.69913	1.60.1.70170
264155	1.60.1.69913	1.60.1.70170
264156	1.60.1.69913	1.60.1.70170
264157	1.60.1.69913	1.60.1.70170
264158	1.60.1.69913	1.60.1.70170
264159	1.60.1.69913	1.60.1.70170
264160	1.60.1.69913	1.60.1.70170
264163	1.60.1.69913	1.60.1.70170
264201	1.60.1.69913	1.60.1.70170
264202	1.60.1.69913	1.60.1.70170
264203	1.60.1.69913	1.60.1.70170
264204	1.60.1.69913	1.60.1.70170
264205	1.60.1.69913	1.60.1.70170
264206	1.60.1.69913	1.60.1.70170
264207	1.60.1.69913	1.60.1.70170
264208	1.60.1.69913	1.60.1.70170
264209	1.60.1.69913	1.60.1.70170
264210	1.60.1.69913	1.60.1.70170
264211	1.60.1.69913	1.60.1.70170
264212	1.60.1.69913	1.60.1.70170
264213	1.60.1.69913	1.60.1.70170
264214	1.60.1.69913	1.60.1.70170
264215	1.60.1.69913	1.60.1.70170
264216	1.60.1.69913	1.60.1.70170
264217	1.60.1.69913	1.60.1.70170
264218	1.60.1.69913	1.60.1.70170
264219	1.60.1.69913	1.60.1.70170
264220	1.60.1.69913	1.60.1.70170
264221	1.60.1.69913	1.60.1.70170
264222	1.60.1.69913	1.60.1.70170
264223	1.60.1.69913	1.60.1.70170
264224	1.60.1.69913	1.60.1.70170
264225	1.60.1.69913	1.60.1.70170
264226	1.60.1.69913	1.60.1.70170
264227	1.60.1.69913	1.60.1.70170
264228	1.60.1.69913	1.60.1.70170
264229	1.60.1.69913	1.60.1.70170
264230	1.60.1.69913	1.60.1.70170
264231	1.60.1.69913	1.60.1.70170
264232	1.60.1.69913	1.60.1.70170
264233	1.60.1.69913	1.60.1.70170
264234	1.60.1.69913	1.60.1.70170
264235	1.60.1.69913	1.60.1.70170
264236	1.60.1.69913	1.60.1.70170
264237	1.60.1.69913	1.60.1.70170
264238	1.60.1.69913	1.60.1.70170
264239	1.60.1.69913	1.60.1.70170
264240	1.60.1.69913	1.60.1.70170
264356	1.60.1.69913	1.60.1.70170
264360	1.60.1.69913	1.60.1.70170
264361	1.60.1.69913	1.60.1.70170
264671	1.60.1.69913	1.60.1.70170
264693	1.60.1.69913	1.60.1.70170
264908	1.60.1.69913	1.60.1.70170
265065	1.60.1.69913	1.60.1.70170
265066	1.60.1.69913	1.60.1.70170
265105	1.60.1.69913	1.60.1.70170
265140	1.60.1.69913	1.60.1.70170
265141	1.60.1.69913	1.60.1.70170
265357	1.60.1.69913	1.60.1.70170
265358	1.60.1.69913	1.60.1.70170
265359	1.60.1.69913	1.60.1.70170
265360	1.60.1.69913	1.60.1.70170
265475	1.60.1.69913	1.60.1.70170
265476	1.60.1.69913	1.60.1.70170
265732	1.60.1.69913	1.60.1.70170
265734	1.60.1.69913	1.60.1.70170
265738	1.60.1.69913	1.60.1.70170
265745	1.60.1.69913	1.60.1.70170
265747	1.60.1.69913	1.60.1.70170
265748	1.60.1.69913	1.60.1.70170
265750	1.60.1.69913	1.60.1.70170
265751	1.60.1.69913	1.60.1.70170
265772	1.60.1.69913	1.60.1.70170
265773	1.60.1.69913	1.60.1.70170
265782	1.60.1.69913	1.60.1.70170
265806	1.60.1.69913	1.60.1.70170
265808	1.60.1.69913	1.60.1.70170
265810	1.60.1.69913	1.60.1.70170
265821	1.60.1.69913	1.60.1.70170
265837	1.60.1.69913	1.60.1.70170
265838	1.60.1.69913	1.60.1.70170
265839	1.60.1.69913	1.60.1.70170
265840	1.60.1.69913	1.60.1.70170
265932	1.60.1.69913	1.60.1.70170
266148	1.60.1.69913	1.60.1.70170
266154	1.60.1.69913	1.60.1.70170
266156	1.60.1.69913	1.60.1.70170
266157	1.60.1.69913	1.60.1.70170
266158	1.60.1.69913	1.60.1.70170
266161	1.60.1.69913	1.60.1.70170
266251	1.60.1.69913	1.60.1.70170
266252	1.60.1.69913	1.60.1.70170
266253	1.60.1.69913	1.60.1.70170
266254	1.60.1.69913	1.60.1.70170
266424	1.60.1.69913	1.60.1.70170
266425	1.60.1.69913	1.60.1.70170
266426	1.60.1.69913	1.60.1.70170
266427	1.60.1.69913	1.60.1.70170
266428	1.60.1.69913	1.60.1.70170
266433	1.60.1.69913	1.60.1.70170
266434	1.60.1.69913	1.60.1.70170
266884	1.60.1.69913	1.60.1.70170
266888	1.60.1.69913	1.60.1.70170
266889	1.60.1.69913	1.60.1.70170
266891	1.60.1.69913	1.60.1.70170
266895	1.60.1.69913	1.60.1.70170
266897	1.60.1.69913	1.60.1.70170
266997	1.60.1.69913	1.60.1.70170
267001	1.60.1.69913	1.60.1.70170
267003	1.60.1.69913	1.60.1.70170
267073	1.60.1.69913	1.60.1.70170
267079	1.60.1.69913	1.60.1.70170
267086	1.60.1.69913	1.60.1.70170
267087	1.60.1.69913	1.60.1.70170
267089	1.60.1.69913	1.60.1.70170
267091	1.60.1.69913	1.60.1.70170
267104	1.60.1.69913	1.60.1.70170
267137	1.60.1.69913	1.60.1.70170
267138	1.60.1.69913	1.60.1.70170
267178	1.60.1.69913	1.60.1.70170
267223	1.60.1.69913	1.60.1.70170
267224	1.60.1.69913	1.60.1.70170
267225	1.60.1.69913	1.60.1.70170
267234	1.60.1.69913	1.60.1.70170
267244	1.60.1.69913	1.60.1.70170
267256	1.60.1.69913	1.60.1.70170
267263	1.60.1.69913	1.60.1.70170
267266	1.60.1.69913	1.60.1.70170
267272	1.60.1.69913	1.60.1.70170
267283	1.60.1.69913	1.60.1.70170
267289	1.60.1.69913	1.60.1.70170
267298	1.60.1.69913	1.60.1.70170
267336	1.60.1.69913	1.60.1.70170
267337	1.60.1.69913	1.60.1.70170
267341	1.60.1.69913	1.60.1.70170
267361	1.60.1.69913	1.60.1.70170
267362	1.60.1.69913	1.60.1.70170
267369	1.60.1.69913	1.60.1.70170
267412	1.60.1.69913	1.60.1.70170
267413	1.60.1.69913	1.60.1.70170
267414	1.60.1.69913	1.60.1.70170
267415	1.60.1.69913	1.60.1.70170
267416	1.60.1.69913	1.60.1.70170
267429	1.60.1.69913	1.60.1.70170
267454	1.60.1.69913	1.60.1.70170
267474	1.60.1.69913	1.60.1.70170
267489	1.60.1.69913	1.60.1.70170
267630	1.60.1.69913	1.60.1.70170
268035	1.60.1.69913	1.60.1.70170
268036	1.60.1.69913	1.60.1.70170
268052	1.60.1.69913	1.60.1.70170
268054	1.60.1.69913	1.60.1.70170
268109	1.60.1.69913	1.60.1.70170
268192	1.60.1.69913	1.60.1.70170
268298	1.60.1.69913	1.60.1.70170
268312	1.60.1.69913	1.60.1.70170
268336	1.60.1.69913	1.60.1.70170
268341	1.60.1.69913	1.60.1.70170
268344	1.60.1.69913	1.60.1.70170
268345	1.60.1.69913	1.60.1.70170
268346	1.60.1.69913	1.60.1.70170
268359	1.60.1.69913	1.60.1.70170
268415	1.60.1.69913	1.60.1.70170
268416	1.60.1.69913	1.60.1.70170
268417	1.60.1.69913	1.60.1.70170
268418	1.60.1.69913	1.60.1.70170
268421	1.60.1.69913	1.60.1.70170
268422	1.60.1.69913	1.60.1.70170
268423	1.60.1.69913	1.60.1.70170
268484	1.60.1.69913	1.60.1.70170
268502	1.60.1.69913	1.60.1.70170
268503	1.60.1.69913	1.60.1.70170
268505	1.60.1.69913	1.60.1.70170
268506	1.60.1.69913	1.60.1.70170
268507	1.60.1.69913	1.60.1.70170
268516	1.60.1.69913	1.60.1.70170
268518	1.60.1.69913	1.60.1.70170
268520	1.60.1.69913	1.60.1.70170
268521	1.60.1.69913	1.60.1.70170
268535	1.60.1.69913	1.60.1.70170
268536	1.60.1.69913	1.60.1.70170
268540	1.60.1.69913	1.60.1.70170
268548	1.60.1.69913	1.60.1.70170
268549	1.60.1.69913	1.60.1.70170
268558	1.60.1.69913	1.60.1.70170
268559	1.60.1.69913	1.60.1.70170
268560	1.60.1.69913	1.60.1.70170
268573	1.60.1.69913	1.60.1.70170
268579	1.60.1.69913	1.60.1.70170
268580	1.60.1.69913	1.60.1.70170
268581	1.60.1.69913	1.60.1.70170
268582	1.60.1.69913	1.60.1.70170
268586	1.60.1.69913	1.60.1.70170
268632	1.60.1.69913	1.60.1.70170
268633	1.60.1.69913	1.60.1.70170
268646	1.60.1.69913	1.60.1.70170
268647	1.60.1.69913	1.60.1.70170
268664	1.60.1.69913	1.60.1.70170
268675	1.60.1.69913	1.60.1.70170
268677	1.60.1.69913	1.60.1.70170
268705	1.60.1.69913	1.60.1.70170
268796	1.60.1.69913	1.60.1.70170
268801	1.60.1.69913	1.60.1.70170
268805	1.60.1.69913	1.60.1.70170
268810	1.60.1.69913	1.60.1.70170
268811	1.60.1.69913	1.60.1.70170
268812	1.60.1.69913	1.60.1.70170
268813	1.60.1.69913	1.60.1.70170
268814	1.60.1.69913	1.60.1.70170
268815	1.60.1.69913	1.60.1.70170
268816	1.60.1.69913	1.60.1.70170
268824	1.60.1.69913	1.60.1.70170
268825	1.60.1.69913	1.60.1.70170
268829	1.60.1.69913	1.60.1.70170
268873	1.60.1.69913	1.60.1.70170
268879	1.60.1.69913	1.60.1.70170
268880	1.60.1.69913	1.60.1.70170
268881	1.60.1.69913	1.60.1.70170
268882	1.60.1.69913	1.60.1.70170
268883	1.60.1.69913	1.60.1.70170
268912	1.60.1.69913	1.60.1.70170
268913	1.60.1.69913	1.60.1.70170
268967	1.60.1.69913	1.60.1.70170
268990	1.60.1.69913	1.60.1.70170
268997	1.60.1.69913	1.60.1.70170
268998	1.60.1.69913	1.60.1.70170
269000	1.60.1.69913	1.60.1.70170
269008	1.60.1.69913	1.60.1.70170
269011	1.60.1.69913	1.60.1.70170
269013	1.60.1.69913	1.60.1.70170
269025	1.60.1.69913	1.60.1.70170
269233	1.60.1.69913	1.60.1.70170
269244	1.60.1.69913	1.60.1.70170
269246	1.60.1.69913	1.60.1.70170
269247	1.60.1.69913	1.60.1.70170
269257	1.60.1.69913	1.60.1.70170
269326	1.60.1.69913	1.60.1.70170
269327	1.60.1.69913	1.60.1.70170
269351	1.60.1.69913	1.60.1.70170
269501	1.60.1.69913	1.60.1.70170
269502	1.60.1.69913	1.60.1.70170
269503	1.60.1.69913	1.60.1.70170
269504	1.60.1.69913	1.60.1.70170
269671	1.60.1.69913	1.60.1.70170
269673	1.60.1.69913	1.60.1.70170
269678	1.60.1.69913	1.60.1.70170
269681	1.60.1.69913	1.60.1.70170
269682	1.60.1.69913	1.60.1.70170
269683	1.60.1.69913	1.60.1.70170
269715	1.60.1.69913	1.60.1.70170
269716	1.60.1.69913	1.60.1.70170
269717	1.60.1.69913	1.60.1.70170
269718	1.60.1.69913	1.60.1.70170
269719	1.60.1.69913	1.60.1.70170
269739	1.60.1.69913	1.60.1.70170
269741	1.60.1.69913	1.60.1.70170
269742	1.60.1.69913	1.60.1.70170
269749	1.60.1.69913	1.60.1.70170
269757	1.60.1.69913	1.60.1.70170
269758	1.60.1.69913	1.60.1.70170
269759	1.60.1.69913	1.60.1.70170
269773	1.60.1.69913	1.60.1.70170
269774	1.60.1.69913	1.60.1.70170
269777	1.60.1.69913	1.60.1.70170
269810	1.60.1.69913	1.60.1.70170
269830	1.60.1.69913	1.60.1.70170
269900	1.60.1.69913	1.60.1.70170
269901	1.60.1.69913	1.60.1.70170
269902	1.60.1.69913	1.60.1.70170
269903	1.60.1.69913	1.60.1.70170
269920	1.60.1.69913	1.60.1.70170
269944	1.60.1.69913	1.60.1.70170
269990	1.60.1.69913	1.60.1.70170
269997	1.60.1.69913	1.60.1.70170
269998	1.60.1.69913	1.60.1.70170
270000	1.60.1.69913	1.60.1.70170
270001	1.60.1.69913	1.60.1.70170
270002	1.60.1.69913	1.60.1.70170
270003	1.60.1.69913	1.60.1.70170
270004	1.60.1.69913	1.60.1.70170
270005	1.60.1.69913	1.60.1.70170
270006	1.60.1.69913	1.60.1.70170
270007	1.60.1.69913	1.60.1.70170
270008	1.60.1.69913	1.60.1.70170
270009	1.60.1.69913	1.60.1.70170
270010	1.60.1.69913	1.60.1.70170
270011	1.60.1.69913	1.60.1.70170
270012	1.60.1.69913	1.60.1.70170
270013	1.60.1.69913	1.60.1.70170
270014	1.60.1.69913	1.60.1.70170
270015	1.60.1.69913	1.60.1.70170
270016	1.60.1.69913	1.60.1.70170
270017	1.60.1.69913	1.60.1.70170
270018	1.60.1.69913	1.60.1.70170
270019	1.60.1.69913	1.60.1.70170
270020	1.60.1.69913	1.60.1.70170
270021	1.60.1.69913	1.60.1.70170
270022	1.60.1.69913	1.60.1.70170
270023	1.60.1.69913	1.60.1.70170
270024	1.60.1.69913	1.60.1.70170
270025	1.60.1.69913	1.60.1.70170
270027	1.60.1.70170	1.60.1.70170
270028	1.60.1.69913	1.60.1.70170
270029	1.60.1.70170	1.60.1.70170
270030	1.60.1.69913	1.60.1.70170
270031	1.60.1.69913	1.60.1.70170
270032	1.60.1.69913	1.60.1.70170
270033	1.60.1.69913	1.60.1.70170
270034	1.60.1.69913	1.60.1.70170
270035	1.60.1.69913	1.60.1.70170
270036	1.60.1.70170	1.60.1.70170
270037	1.60.1.69913	1.60.1.70170
270038	1.60.1.69913	1.60.1.70170
270039	1.60.1.69913	1.60.1.70170
270042	1.60.1.70009	1.60.1.70170
270043	1.60.1.70170	1.60.1.70170
270044	1.60.1.69913	1.60.1.70170
270045	1.60.1.69913	1.60.1.70170
270046	1.60.1.69913	1.60.1.70170
270047	1.60.1.70170	1.60.1.70170
270048	1.60.1.69913	1.60.1.70170
270049	1.60.1.69913	1.60.1.70170
270050	1.60.1.69913	1.60.1.70170
270051	1.60.1.69913	1.60.1.70170
270052	1.60.1.69913	1.60.1.70170
270053	1.60.1.69913	1.60.1.70170
270054	1.60.1.70170	1.60.1.70170
270055	1.60.1.70170	1.60.1.70170
270056	1.60.1.69913	1.60.1.70170
270057	1.60.1.69913	1.60.1.70170
270065	1.60.1.69913	1.60.1.70170
270066	1.60.1.69913	1.60.1.70170
270067	1.60.1.69913	1.60.1.70170
270068	1.60.1.69913	1.60.1.70170
270069	1.60.1.69913	1.60.1.70170
270070	1.60.1.69913	1.60.1.70170
270071	1.60.1.69913	1.60.1.70170
270072	1.60.1.69913	1.60.1.70170
270073	1.60.1.69913	1.60.1.70170
270076	1.60.1.69913	1.60.1.70170
270077	1.60.1.69913	1.60.1.70170
270079	1.60.1.69913	1.60.1.70170
270080	1.60.1.69913	1.60.1.70170
270082	1.60.1.69913	1.60.1.70170
270083	1.60.1.69913	1.60.1.70170
270084	1.60.1.69913	1.60.1.70170
270085	1.60.1.69913	1.60.1.70170
270086	1.60.1.69913	1.60.1.70170
270087	1.60.1.69913	1.60.1.70170
270088	1.60.1.69913	1.60.1.70170
270089	1.60.1.69913	1.60.1.70170
270090	1.60.1.69913	1.60.1.70170
270091	1.60.1.69913	1.60.1.70170
270092	1.60.1.69913	1.60.1.70170
270093	1.60.1.69913	1.60.1.70170
270094	1.60.1.69913	1.60.1.70170
270096	1.60.1.69913	1.60.1.70170
270097	1.60.1.69913	1.60.1.70170
270100	1.60.1.69913	1.60.1.70170
270101	1.60.1.69913	1.60.1.70170
270102	1.60.1.69913	1.60.1.70170
270103	1.60.1.69913	1.60.1.70170
270104	1.60.1.69913	1.60.1.70170
270105	1.60.1.69913	1.60.1.70170
270106	1.60.1.69913	1.60.1.70170
270107	1.60.1.69913	1.60.1.70170
270108	1.60.1.69913	1.60.1.70170
270109	1.60.1.69913	1.60.1.70170
270110	1.60.1.69913	1.60.1.70170
270111	1.60.1.69913	1.60.1.70170
270112	1.60.1.69913	1.60.1.70170
270113	1.60.1.69913	1.60.1.70170
270114	1.60.1.69913	1.60.1.70170
270118	1.60.1.69913	1.60.1.70170
270122	1.60.1.69913	1.60.1.70170
270151	1.60.1.69913	1.60.1.70170
270180	1.60.1.69913	1.60.1.70170
270181	1.60.1.69913	1.60.1.70170
270225	1.60.1.69913	1.60.1.70170
270226	1.60.1.69913	1.60.1.70170
270227	1.60.1.69913	1.60.1.70170
270228	1.60.1.69913	1.60.1.70170
270229	1.60.1.69913	1.60.1.70170
270230	1.60.1.69913	1.60.1.70170
270231	1.60.1.69913	1.60.1.70170
270256	1.60.1.69913	1.60.1.70170
270257	1.60.1.69913	1.60.1.70170
270260	1.60.1.69913	1.60.1.70170
270261	1.60.1.69913	1.60.1.70170
270270	1.60.1.69913	1.60.1.70170
270275	1.60.1.69913	1.60.1.70170
270276	1.60.1.69913	1.60.1.70170
270298	1.60.1.69913	1.60.1.70170
270302	1.60.1.69913	1.60.1.70170
270303	1.60.1.69913	1.60.1.70170
270304	1.60.1.69913	1.60.1.70170
270305	1.60.1.69913	1.60.1.70170
270308	1.60.1.69913	1.60.1.70170
270309	1.60.1.69913	1.60.1.70170
270310	1.60.1.69913	1.60.1.70170
270311	1.60.1.69913	1.60.1.70170
270312	1.60.1.69913	1.60.1.70170
270313	1.60.1.69913	1.60.1.70170
270332	1.60.1.69913	1.60.1.70170
270333	1.60.1.69913	1.60.1.70170
270334	1.60.1.69913	1.60.1.70170
270338	1.60.1.69913	1.60.1.70170
270339	1.60.1.69913	1.60.1.70170
270340	1.60.1.69913	1.60.1.70170
270343	1.60.1.69913	1.60.1.70170
270428	1.60.1.69913	1.60.1.70170
270429	1.60.1.69913	1.60.1.70170
270435	1.60.1.69913	1.60.1.70170
270436	1.60.1.69913	1.60.1.70170
270865	1.60.1.69913	1.60.1.70170
270866	1.60.1.69913	1.60.1.70170
270868	1.60.1.69913	1.60.1.70170
270870	1.60.1.69913	1.60.1.70170
270877	1.60.1.69913	1.60.1.70170
270878	1.60.1.69913	1.60.1.70170
270879	1.60.1.69913	1.60.1.70170
270880	1.60.1.69913	1.60.1.70170
270881	1.60.1.69913	1.60.1.70170
270882	1.60.1.69913	1.60.1.70170
270883	1.60.1.69913	1.60.1.70170
270887	1.60.1.69913	1.60.1.70170
270888	1.60.1.69913	1.60.1.70170
270896	1.60.1.69913	1.60.1.70170
270897	1.60.1.69913	1.60.1.70170
270901	1.60.1.69913	1.60.1.70170
270931	1.60.1.69913	1.60.1.70170
271095	1.60.1.69913	1.60.1.70170
271096	1.60.1.69913	1.60.1.70170
271097	1.60.1.69913	1.60.1.70170
271098	1.60.1.69913	1.60.1.70170
271100	1.60.1.69913	1.60.1.70170
271201	1.60.1.69913	1.60.1.70170
271202	1.60.1.69913	1.60.1.70170
271203	1.60.1.69913	1.60.1.70170
271204	1.60.1.69913	1.60.1.70170
271205	1.60.1.69913	1.60.1.70170
271206	1.60.1.69913	1.60.1.70170
271207	1.60.1.69913	1.60.1.70170
271208	1.60.1.69913	1.60.1.70170
271209	1.60.1.69913	1.60.1.70170
271210	1.60.1.69913	1.60.1.70170
271211	1.60.1.69913	1.60.1.70170
271212	1.60.1.69913	1.60.1.70170
271213	1.60.1.69913	1.60.1.70170
271214	1.60.1.69913	1.60.1.70170
271215	1.60.1.69913	1.60.1.70170
271216	1.60.1.69913	1.60.1.70170
271217	1.60.1.69913	1.60.1.70170
271218	1.60.1.69913	1.60.1.70170
271220	1.60.1.69913	1.60.1.70170
271343	1.60.1.69913	1.60.1.70170
271350	1.60.1.69913	1.60.1.70170
271425	1.60.1.69913	1.60.1.70170
271431	1.60.1.69913	1.60.1.70170
271432	1.60.1.69913	1.60.1.70170
271611	1.60.1.69913	1.60.1.70170
271612	1.60.1.69913	1.60.1.70170
271613	1.60.1.69913	1.60.1.70170
271618	1.60.1.69913	1.60.1.70170
271620	1.60.1.69913	1.60.1.70170
271621	1.60.1.69913	1.60.1.70170
271622	1.60.1.69913	1.60.1.70170
271624	1.60.1.69913	1.60.1.70170
271625	1.60.1.69913	1.60.1.70170
271626	1.60.1.69913	1.60.1.70170
271627	1.60.1.69913	1.60.1.70170
271629	1.60.1.69913	1.60.1.70170
271630	1.60.1.69913	1.60.1.70170
271639	1.60.1.69913	1.60.1.70170
271646	1.60.1.69913	1.60.1.70170
271647	1.60.1.69913	1.60.1.70170
271648	1.60.1.69913	1.60.1.70170
271650	1.60.1.69913	1.60.1.70170
271653	1.60.1.69913	1.60.1.70170
271654	1.60.1.69913	1.60.1.70170
271655	1.60.1.69913	1.60.1.70170
271657	1.60.1.69913	1.60.1.70170
271658	1.60.1.69913	1.60.1.70170
271659	1.60.1.69913	1.60.1.70170
271661	1.60.1.69913	1.60.1.70170
271662	1.60.1.69913	1.60.1.70170
271663	1.60.1.69913	1.60.1.70170
271664	1.60.1.69913	1.60.1.70170
271665	1.60.1.69913	1.60.1.70170
271666	1.60.1.69913	1.60.1.70170
271667	1.60.1.69913	1.60.1.70170
271668	1.60.1.69913	1.60.1.70170
271669	1.60.1.69913	1.60.1.70170
271670	1.60.1.69913	1.60.1.70170
271671	1.60.1.69913	1.60.1.70170
271672	1.60.1.69913	1.60.1.70170
271673	1.60.1.69913	1.60.1.70170
271674	1.60.1.69913	1.60.1.70170
271675	1.60.1.69913	1.60.1.70170
271716	1.60.1.69913	1.60.1.70170
271719	1.60.1.69913	1.60.1.70170
271720	1.60.1.69913	1.60.1.70170
271721	1.60.1.69913	1.60.1.70170
271722	1.60.1.69913	1.60.1.70170
271723	1.60.1.69913	1.60.1.70170
271724	1.60.1.69913	1.60.1.70170
271725	1.60.1.69913	1.60.1.70170
271726	1.60.1.69913	1.60.1.70170
271727	1.60.1.69913	1.60.1.70170
271728	1.60.1.69913	1.60.1.70170
271729	1.60.1.69913	1.60.1.70170
271730	1.60.1.69913	1.60.1.70170
271731	1.60.1.69913	1.60.1.70170
271732	1.60.1.69913	1.60.1.70170
271733	1.60.1.69913	1.60.1.70170
271734	1.60.1.69913	1.60.1.70170
271735	1.60.1.69913	1.60.1.70170
271736	1.60.1.69913	1.60.1.70170
271737	1.60.1.69913	1.60.1.70170
271738	1.60.1.69913	1.60.1.70170
271739	1.60.1.69913	1.60.1.70170
271740	1.60.1.69913	1.60.1.70170
271742	1.60.1.69913	1.60.1.70170
271743	1.60.1.69913	1.60.1.70170
271744	1.60.1.69913	1.60.1.70170
271745	1.60.1.69913	1.60.1.70170
271746	1.60.1.69913	1.60.1.70170
271747	1.60.1.69913	1.60.1.70170
271748	1.60.1.69913	1.60.1.70170
271749	1.60.1.69913	1.60.1.70170
271750	1.60.1.69913	1.60.1.70170
271751	1.60.1.69913	1.60.1.70170
271752	1.60.1.69913	1.60.1.70170
271753	1.60.1.69913	1.60.1.70170
271754	1.60.1.69913	1.60.1.70170
271755	1.60.1.69913	1.60.1.70170
271756	1.60.1.69913	1.60.1.70170
271757	1.60.1.69913	1.60.1.70170
271758	1.60.1.69913	1.60.1.70170
271759	1.60.1.69913	1.60.1.70170
271760	1.60.1.69913	1.60.1.70170
271761	1.60.1.69913	1.60.1.70170
271762	1.60.1.69913	1.60.1.70170
271763	1.60.1.69913	1.60.1.70170
271764	1.60.1.69913	1.60.1.70170
271765	1.60.1.69913	1.60.1.70170
271766	1.60.1.69913	1.60.1.70170
271767	1.60.1.69913	1.60.1.70170
271768	1.60.1.70170	1.60.1.70170
271769	1.60.1.69913	1.60.1.70170
271770	1.60.1.69913	1.60.1.70170
271771	1.60.1.69913	1.60.1.70170
271776	1.60.1.69913	1.60.1.70170
271777	1.60.1.69913	1.60.1.70170
271778	1.60.1.69913	1.60.1.70170
271779	1.60.1.69913	1.60.1.70170
271793	1.60.1.69913	1.60.1.70170
271794	1.60.1.69913	1.60.1.70170
271795	1.60.1.69913	1.60.1.70170
271796	1.60.1.69913	1.60.1.70170
271797	1.60.1.69913	1.60.1.70170
271798	1.60.1.69913	1.60.1.70170
271799	1.60.1.69913	1.60.1.70170
271800	1.60.1.69913	1.60.1.70170
271801	1.60.1.69913	1.60.1.70170
271802	1.60.1.69913	1.60.1.70170
271803	1.60.1.69913	1.60.1.70170
271804	1.60.1.69913	1.60.1.70170
271805	1.60.1.69913	1.60.1.70170
271806	1.60.1.69913	1.60.1.70170
271807	1.60.1.69913	1.60.1.70170
271808	1.60.1.69913	1.60.1.70170
271809	1.60.1.69913	1.60.1.70170
271810	1.60.1.69913	1.60.1.70170
271811	1.60.1.69913	1.60.1.70170
271812	1.60.1.69913	1.60.1.70170
271822	1.60.1.69913	1.60.1.70170
271823	1.60.1.69913	1.60.1.70170
271828	1.60.1.69913	1.60.1.70170
271870	1.60.1.69913	1.60.1.70170
271871	1.60.1.69913	1.60.1.70170
271872	1.60.1.69913	1.60.1.70170
271877	1.60.1.69913	1.60.1.70170
271879	1.60.1.69913	1.60.1.70170
271880	1.60.1.69913	1.60.1.70170
271882	1.60.1.69913	1.60.1.70170
271892	1.60.1.69913	1.60.1.70170
271893	1.60.1.69913	1.60.1.70170
271894	1.60.1.69913	1.60.1.70170
271898	1.60.1.69913	1.60.1.70170
271902	1.60.1.69913	1.60.1.70170
271903	1.60.1.69913	1.60.1.70170
271904	1.60.1.69913	1.60.1.70170
271905	1.60.1.69913	1.60.1.70170
271906	1.60.1.69913	1.60.1.70170
271907	1.60.1.69913	1.60.1.70170
271908	1.60.1.69913	1.60.1.70170
271909	1.60.1.69913	1.60.1.70170
271910	1.60.1.69913	1.60.1.70170
271911	1.60.1.69913	1.60.1.70170
271912	1.60.1.69913	1.60.1.70170
271913	1.60.1.69913	1.60.1.70170
271914	1.60.1.69913	1.60.1.70170
271915	1.60.1.69913	1.60.1.70170
271916	1.60.1.69913	1.60.1.70170
271917	1.60.1.69913	1.60.1.70170
271918	1.60.1.69913	1.60.1.70170
271919	1.60.1.69913	1.60.1.70170
271920	1.60.1.69913	1.60.1.70170
271921	1.60.1.69913	1.60.1.70170
271922	1.60.1.69913	1.60.1.70170
271923	1.60.1.69913	1.60.1.70170
271924	1.60.1.69913	1.60.1.70170
271925	1.60.1.69913	1.60.1.70170
271926	1.60.1.69913	1.60.1.70170
271927	1.60.1.69913	1.60.1.70170
271928	1.60.1.69913	1.60.1.70170
271929	1.60.1.69913	1.60.1.70170
271930	1.60.1.69913	1.60.1.70170
271931	1.60.1.69913	1.60.1.70170
271932	1.60.1.69913	1.60.1.70170
271933	1.60.1.69913	1.60.1.70170
271934	1.60.1.69913	1.60.1.70170
271935	1.60.1.69913	1.60.1.70170
271936	1.60.1.69913	1.60.1.70170
271937	1.60.1.69913	1.60.1.70170
271938	1.60.1.69913	1.60.1.70170
271939	1.60.1.69913	1.60.1.70170
271940	1.60.1.69913	1.60.1.70170
271941	1.60.1.69913	1.60.1.70170
271945	1.60.1.69913	1.60.1.70170
271946	1.60.1.69913	1.60.1.70170
271948	1.60.1.69913	1.60.1.70170
271949	1.60.1.69913	1.60.1.70170
271950	1.60.1.69913	1.60.1.70170
271951	1.60.1.69913	1.60.1.70170
271953	1.60.1.69913	1.60.1.70170
271954	1.60.1.69913	1.60.1.70170
271955	1.60.1.69913	1.60.1.70170
271956	1.60.1.69913	1.60.1.70170
271957	1.60.1.69913	1.60.1.70170
271959	1.60.1.69913	1.60.1.70170
271965	1.60.1.69913	1.60.1.70170
271972	1.60.1.69913	1.60.1.70170
271992	1.60.1.69913	1.60.1.70170
271993	1.60.1.69913	1.60.1.70170
271994	1.60.1.69913	1.60.1.70170
272000	1.60.1.69913	1.60.1.70170
272001	1.60.1.69913	1.60.1.70170
272004	1.60.1.69913	1.60.1.70170
272011	1.60.1.69913	1.60.1.70170
272014	1.60.1.69913	1.60.1.70170
272015	1.60.1.69913	1.60.1.70170
272016	1.60.1.69913	1.60.1.70170
272017	1.60.1.69913	1.60.1.70170
272018	1.60.1.69913	1.60.1.70170
272019	1.60.1.69913	1.60.1.70170
272020	1.60.1.69913	1.60.1.70170
272021	1.60.1.69913	1.60.1.70170
272022	1.60.1.69913	1.60.1.70170
272023	1.60.1.69913	1.60.1.70170
272024	1.60.1.69913	1.60.1.70170
272025	1.60.1.69913	1.60.1.70170
272026	1.60.1.69913	1.60.1.70170
272027	1.60.1.69913	1.60.1.70170
272028	1.60.1.69913	1.60.1.70170
272053	1.60.1.69913	1.60.1.70170
272054	1.60.1.69913	1.60.1.70170
272055	1.60.1.69913	1.60.1.70170
272056	1.60.1.69913	1.60.1.70170
272057	1.60.1.69913	1.60.1.70170
272058	1.60.1.69913	1.60.1.70170
272059	1.60.1.69913	1.60.1.70170
272060	1.60.1.69913	1.60.1.70170
272061	1.60.1.69913	1.60.1.70170
272062	1.60.1.69913	1.60.1.70170
272063	1.60.1.69913	1.60.1.70170
272064	1.60.1.69913	1.60.1.70170
272065	1.60.1.69913	1.60.1.70170
272066	1.60.1.69913	1.60.1.70170
272067	1.60.1.69913	1.60.1.70170
272068	1.60.1.69913	1.60.1.70170
272069	1.60.1.69913	1.60.1.70170
272070	1.60.1.69913	1.60.1.70170
272071	1.60.1.69913	1.60.1.70170
272072	1.60.1.69913	1.60.1.70170
272073	1.60.1.69913	1.60.1.70170
272074	1.60.1.69913	1.60.1.70170
272075	1.60.1.69913	1.60.1.70170
272076	1.60.1.69913	1.60.1.70170
272077	1.60.1.69913	1.60.1.70170
272078	1.60.1.69913	1.60.1.70170
272079	1.60.1.69913	1.60.1.70170
272080	1.60.1.69913	1.60.1.70170
272081	1.60.1.69913	1.60.1.70170
272082	1.60.1.69913	1.60.1.70170
272083	1.60.1.69913	1.60.1.70170
272084	1.60.1.69913	1.60.1.70170
272085	1.60.1.69913	1.60.1.70170
272086	1.60.1.69913	1.60.1.70170
272087	1.60.1.69913	1.60.1.70170
272088	1.60.1.69913	1.60.1.70170
272089	1.60.1.69913	1.60.1.70170
272090	1.60.1.69913	1.60.1.70170
272091	1.60.1.69913	1.60.1.70170
272092	1.60.1.69913	1.60.1.70170
272093	1.60.1.69913	1.60.1.70170
272094	1.60.1.69913	1.60.1.70170
272095	1.60.1.69913	1.60.1.70170
272096	1.60.1.69913	1.60.1.70170
272097	1.60.1.69913	1.60.1.70170
272098	1.60.1.69913	1.60.1.70170
272099	1.60.1.69913	1.60.1.70170
272100	1.60.1.69913	1.60.1.70170
272101	1.60.1.69913	1.60.1.70170
272102	1.60.1.69913	1.60.1.70170
272103	1.60.1.69913	1.60.1.70170
272104	1.60.1.69913	1.60.1.70170
272105	1.60.1.69913	1.60.1.70170
272106	1.60.1.69913	1.60.1.70170
272107	1.60.1.69913	1.60.1.70170
272108	1.60.1.69913	1.60.1.70170
272124	1.60.1.69913	1.60.1.70170
272126	1.60.1.69913	1.60.1.70170
272127	1.60.1.69913	1.60.1.70170
272151	1.60.1.69913	1.60.1.70170
272156	1.60.1.69913	1.60.1.70170
272157	1.60.1.69913	1.60.1.70170
272158	1.60.1.69913	1.60.1.70170
272159	1.60.1.69913	1.60.1.70170
272160	1.60.1.69913	1.60.1.70170
272161	1.60.1.69913	1.60.1.70170
272162	1.60.1.69913	1.60.1.70170
272163	1.60.1.69913	1.60.1.70170
272164	1.60.1.69913	1.60.1.70170
272165	1.60.1.69913	1.60.1.70170
272166	1.60.1.69913	1.60.1.70170
272167	1.60.1.69913	1.60.1.70170
272168	1.60.1.69913	1.60.1.70170
272169	1.60.1.69913	1.60.1.70170
272170	1.60.1.69913	1.60.1.70170
272171	1.60.1.69913	1.60.1.70170
272172	1.60.1.69913	1.60.1.70170
272179	1.60.1.69913	1.60.1.70170
272180	1.60.1.69913	1.60.1.70170
272181	1.60.1.69913	1.60.1.70170
272184	1.60.1.69913	1.60.1.70170
272185	1.60.1.69913	1.60.1.70170
272186	1.60.1.69913	1.60.1.70170
272187	1.60.1.69913	1.60.1.70170
272190	1.60.1.69913	1.60.1.70170
272313	1.60.1.69913	1.60.1.70170
272314	1.60.1.69913	1.60.1.70170
272319	1.60.1.69913	1.60.1.70170
272393	1.60.1.69913	1.60.1.70170
272394	1.60.1.69913	1.60.1.70170
272395	1.60.1.69913	1.60.1.70170
272396	1.60.1.69913	1.60.1.70170
272397	1.60.1.69913	1.60.1.70170
272398	1.60.1.69913	1.60.1.70170
272399	1.60.1.69913	1.60.1.70170
272401	1.60.1.69913	1.60.1.70170
272402	1.60.1.69913	1.60.1.70170
272403	1.60.1.69913	1.60.1.70170
272404	1.60.1.69913	1.60.1.70170
272405	1.60.1.69913	1.60.1.70170
272406	1.60.1.69913	1.60.1.70170
272407	1.60.1.69913	1.60.1.70170
272408	1.60.1.69913	1.60.1.70170
272409	1.60.1.69913	1.60.1.70170
272410	1.60.1.69913	1.60.1.70170
272411	1.60.1.69913	1.60.1.70170
272413	1.60.1.69913	1.60.1.70170
272414	1.60.1.69913	1.60.1.70170
272415	1.60.1.69913	1.60.1.70170
272427	1.60.1.69913	1.60.1.70170
272428	1.60.1.69913	1.60.1.70170
272429	1.60.1.69913	1.60.1.70170
272430	1.60.1.69913	1.60.1.70170
272431	1.60.1.69913	1.60.1.70170
272432	1.60.1.69913	1.60.1.70170
272433	1.60.1.69913	1.60.1.70170
272434	1.60.1.69913	1.60.1.70170
272435	1.60.1.69913	1.60.1.70170
272436	1.60.1.69913	1.60.1.70170
272437	1.60.1.69913	1.60.1.70170
272438	1.60.1.69913	1.60.1.70170
272439	1.60.1.69913	1.60.1.70170
272440	1.60.1.69913	1.60.1.70170
272448	1.60.1.69913	1.60.1.70170
272449	1.60.1.69913	1.60.1.70170
272450	1.60.1.69913	1.60.1.70170
272451	1.60.1.69913	1.60.1.70170
272452	1.60.1.69913	1.60.1.70170
272453	1.60.1.69913	1.60.1.70170
272454	1.60.1.69913	1.60.1.70170
272455	1.60.1.69913	1.60.1.70170
272456	1.60.1.69913	1.60.1.70170
272457	1.60.1.69913	1.60.1.70170
272458	1.60.1.69913	1.60.1.70170
272459	1.60.1.69913	1.60.1.70170
272461	1.60.1.69913	1.60.1.70170
272462	1.60.1.69913	1.60.1.70170
272463	1.60.1.69913	1.60.1.70170
272464	1.60.1.69913	1.60.1.70170
272465	1.60.1.69913	1.60.1.70170
272467	1.60.1.69913	1.60.1.70170
272468	1.60.1.69913	1.60.1.70170
272469	1.60.1.69913	1.60.1.70170
272470	1.60.1.69913	1.60.1.70170
272471	1.60.1.69913	1.60.1.70170
272472	1.60.1.69913	1.60.1.70170
272473	1.60.1.69913	1.60.1.70170
272474	1.60.1.69913	1.60.1.70170
272475	1.60.1.69913	1.60.1.70170
272476	1.60.1.69913	1.60.1.70170
272477	1.60.1.69913	1.60.1.70170
272478	1.60.1.69913	1.60.1.70170
272479	1.60.1.69913	1.60.1.70170
272480	1.60.1.69913	1.60.1.70170
272481	1.60.1.69913	1.60.1.70170
272483	1.60.1.69913	1.60.1.70170
272484	1.60.1.69913	1.60.1.70170
272485	1.60.1.69913	1.60.1.70170
272486	1.60.1.69913	1.60.1.70170
272487	1.60.1.69913	1.60.1.70170
272488	1.60.1.69913	1.60.1.70170
272489	1.60.1.69913	1.60.1.70170
272490	1.60.1.69913	1.60.1.70170
272491	1.60.1.69913	1.60.1.70170
272492	1.60.1.69913	1.60.1.70170
272494	1.60.1.69913	1.60.1.70170
272495	1.60.1.69913	1.60.1.70170
272496	1.60.1.69913	1.60.1.70170
272497	1.60.1.69913	1.60.1.70170
272498	1.60.1.69913	1.60.1.70170
272499	1.60.1.69913	1.60.1.70170
272500	1.60.1.69913	1.60.1.70170
272501	1.60.1.69913	1.60.1.70170
272502	1.60.1.69913	1.60.1.70170
272503	1.60.1.69913	1.60.1.70170
272504	1.60.1.69913	1.60.1.70170
272505	1.60.1.69913	1.60.1.70170
272506	1.60.1.69913	1.60.1.70170
272507	1.60.1.69913	1.60.1.70170
272508	1.60.1.69913	1.60.1.70170
272509	1.60.1.69913	1.60.1.70170
272510	1.60.1.69913	1.60.1.70170
272511	1.60.1.69913	1.60.1.70170
272512	1.60.1.69913	1.60.1.70170
272513	1.60.1.69913	1.60.1.70170
272514	1.60.1.69913	1.60.1.70170
272515	1.60.1.69913	1.60.1.70170
272516	1.60.1.69913	1.60.1.70170
272517	1.60.1.69913	1.60.1.70170
272518	1.60.1.69913	1.60.1.70170
272519	1.60.1.69913	1.60.1.70170
272520	1.60.1.69913	1.60.1.70170
272521	1.60.1.69913	1.60.1.70170
272522	1.60.1.69913	1.60.1.70170
272523	1.60.1.69913	1.60.1.70170
272524	1.60.1.69913	1.60.1.70170
272525	1.60.1.69913	1.60.1.70170
272526	1.60.1.69913	1.60.1.70170
272527	1.60.1.69913	1.60.1.70170
272528	1.60.1.69913	1.60.1.70170
272529	1.60.1.69913	1.60.1.70170
272530	1.60.1.69913	1.60.1.70170
272531	1.60.1.69913	1.60.1.70170
272532	1.60.1.69913	1.60.1.70170
272533	1.60.1.69913	1.60.1.70170
272534	1.60.1.69913	1.60.1.70170
272535	1.60.1.69913	1.60.1.70170
272536	1.60.1.69913	1.60.1.70170
272537	1.60.1.69913	1.60.1.70170
272538	1.60.1.69913	1.60.1.70170
272539	1.60.1.69913	1.60.1.70170
272540	1.60.1.69913	1.60.1.70170
272541	1.60.1.69913	1.60.1.70170
272542	1.60.1.69913	1.60.1.70170
272543	1.60.1.69913	1.60.1.70170
272544	1.60.1.69913	1.60.1.70170
272545	1.60.1.69913	1.60.1.70170
272548	1.60.1.69913	1.60.1.70170
272549	1.60.1.69913	1.60.1.70170
272550	1.60.1.69913	1.60.1.70170
272551	1.60.1.69913	1.60.1.70170
272552	1.60.1.69913	1.60.1.70170
272553	1.60.1.69913	1.60.1.70170
272554	1.60.1.69913	1.60.1.70170
272555	1.60.1.69913	1.60.1.70170
272556	1.60.1.69913	1.60.1.70170
272557	1.60.1.69913	1.60.1.70170
272558	1.60.1.69913	1.60.1.70170
272559	1.60.1.69913	1.60.1.70170
272560	1.60.1.69913	1.60.1.70170
272561	1.60.1.69913	1.60.1.70170
272562	1.60.1.69913	1.60.1.70170
272563	1.60.1.69913	1.60.1.70170
272564	1.60.1.69913	1.60.1.70170
272565	1.60.1.69913	1.60.1.70170
272566	1.60.1.69913	1.60.1.70170
272567	1.60.1.69913	1.60.1.70170
272568	1.60.1.69913	1.60.1.70170
272569	1.60.1.69913	1.60.1.70170
272570	1.60.1.69913	1.60.1.70170
272571	1.60.1.69913	1.60.1.70170
272572	1.60.1.69913	1.60.1.70170
272573	1.60.1.69913	1.60.1.70170
272574	1.60.1.69913	1.60.1.70170
272575	1.60.1.69913	1.60.1.70170
272576	1.60.1.69913	1.60.1.70170
272577	1.60.1.69913	1.60.1.70170
272578	1.60.1.69913	1.60.1.70170
272579	1.60.1.69913	1.60.1.70170
272580	1.60.1.69913	1.60.1.70170
272581	1.60.1.69913	1.60.1.70170
272582	1.60.1.69913	1.60.1.70170
272589	1.60.1.69913	1.60.1.70170
272591	1.60.1.69913	1.60.1.70170
272592	1.60.1.69913	1.60.1.70170
272593	1.60.1.69913	1.60.1.70170
272594	1.60.1.69913	1.60.1.70170
272595	1.60.1.69913	1.60.1.70170
272596	1.60.1.69913	1.60.1.70170
272597	1.60.1.69913	1.60.1.70170
272598	1.60.1.69913	1.60.1.70170
272599	1.60.1.69913	1.60.1.70170
272600	1.60.1.69913	1.60.1.70170
272601	1.60.1.69913	1.60.1.70170
272602	1.60.1.69913	1.60.1.70170
272603	1.60.1.69913	1.60.1.70170
272604	1.60.1.69913	1.60.1.70170
272606	1.60.1.69913	1.60.1.70170
272608	1.60.1.69913	1.60.1.70170
272609	1.60.1.69913	1.60.1.70170
272611	1.60.1.69913	1.60.1.70170
272614	1.60.1.69913	1.60.1.70170
272617	1.60.1.69913	1.60.1.70170
272619	1.60.1.69913	1.60.1.70170
272625	1.60.1.69913	1.60.1.70170
272626	1.60.1.69913	1.60.1.70170
272627	1.60.1.69913	1.60.1.70170
272630	1.60.1.69913	1.60.1.70170
272634	1.60.1.69913	1.60.1.70170
272636	1.60.1.69913	1.60.1.70170
272637	1.60.1.69913	1.60.1.70170
272640	1.60.1.69913	1.60.1.70170
272641	1.60.1.69913	1.60.1.70170
272642	1.60.1.69913	1.60.1.70170
272643	1.60.1.69913	1.60.1.70170
272647	1.60.1.69913	1.60.1.70170
272648	1.60.1.69913	1.60.1.70170
272649	1.60.1.69913	1.60.1.70170
272650	1.60.1.69913	1.60.1.70170
272656	1.60.1.69913	1.60.1.70170
272657	1.60.1.69913	1.60.1.70170
272663	1.60.1.69913	1.60.1.70170
272669	1.60.1.69913	1.60.1.70170
272670	1.60.1.69913	1.60.1.70170
272671	1.60.1.69913	1.60.1.70170
272677	1.60.1.69913	1.60.1.70170
272678	1.60.1.69913	1.60.1.70170
272680	1.60.1.69913	1.60.1.70170
272681	1.60.1.69913	1.60.1.70170
272682	1.60.1.69913	1.60.1.70170
272683	1.60.1.69913	1.60.1.70170
272684	1.60.1.69913	1.60.1.70170
272685	1.60.1.69913	1.60.1.70170
272686	1.60.1.69913	1.60.1.70170
272693	1.60.1.69913	1.60.1.70170
272694	1.60.1.69913	1.60.1.70170
272695	1.60.1.69913	1.60.1.70170
272698	1.60.1.69913	1.60.1.70170
272699	1.60.1.69913	1.60.1.70170
272700	1.60.1.69913	1.60.1.70170
272701	1.60.1.69913	1.60.1.70170
272702	1.60.1.69913	1.60.1.70170
272703	1.60.1.69913	1.60.1.70170
272704	1.60.1.69913	1.60.1.70170
272705	1.60.1.69913	1.60.1.70170
272706	1.60.1.69913	1.60.1.70170
272707	1.60.1.69913	1.60.1.70170
272708	1.60.1.69913	1.60.1.70170
272709	1.60.1.69913	1.60.1.70170
272710	1.60.1.69913	1.60.1.70170
272711	1.60.1.69913	1.60.1.70170
272712	1.60.1.69913	1.60.1.70170
272713	1.60.1.69913	1.60.1.70170
272715	1.60.1.69913	1.60.1.70170
272716	1.60.1.69913	1.60.1.70170
272717	1.60.1.69913	1.60.1.70170
272718	1.60.1.69913	1.60.1.70170
272719	1.60.1.69913	1.60.1.70170
272720	1.60.1.69913	1.60.1.70170
272721	1.60.1.69913	1.60.1.70170
272722	1.60.1.69913	1.60.1.70170
272723	1.60.1.69913	1.60.1.70170
272724	1.60.1.69913	1.60.1.70170
272725	1.60.1.69913	1.60.1.70170
272726	1.60.1.69913	1.60.1.70170
272727	1.60.1.69913	1.60.1.70170
272728	1.60.1.69913	1.60.1.70170
272729	1.60.1.69913	1.60.1.70170
272730	1.60.1.69913	1.60.1.70170
272731	1.60.1.69913	1.60.1.70170
272732	1.60.1.69913	1.60.1.70170
272733	1.60.1.69913	1.60.1.70170
272734	1.60.1.69913	1.60.1.70170
272735	1.60.1.69913	1.60.1.70170
272736	1.60.1.69913	1.60.1.70170
272737	1.60.1.69913	1.60.1.70170
272738	1.60.1.69913	1.60.1.70170
272739	1.60.1.69913	1.60.1.70170
272740	1.60.1.69913	1.60.1.70170
272741	1.60.1.69913	1.60.1.70170
272742	1.60.1.69913	1.60.1.70170
272743	1.60.1.69913	1.60.1.70170
272744	1.60.1.69913	1.60.1.70170
272745	1.60.1.69913	1.60.1.70170
272746	1.60.1.69913	1.60.1.70170
272747	1.60.1.69913	1.60.1.70170
272748	1.60.1.69913	1.60.1.70170
272749	1.60.1.69913	1.60.1.70170
272750	1.60.1.69913	1.60.1.70170
272751	1.60.1.69913	1.60.1.70170
272752	1.60.1.69913	1.60.1.70170
272753	1.60.1.69913	1.60.1.70170
272754	1.60.1.69913	1.60.1.70170
272755	1.60.1.69913	1.60.1.70170
272756	1.60.1.69913	1.60.1.70170
272757	1.60.1.69913	1.60.1.70170
272758	1.60.1.69913	1.60.1.70170
272759	1.60.1.69913	1.60.1.70170
272760	1.60.1.69913	1.60.1.70170
272761	1.60.1.69913	1.60.1.70170
272762	1.60.1.69913	1.60.1.70170
272763	1.60.1.69913	1.60.1.70170
272764	1.60.1.69913	1.60.1.70170
272765	1.60.1.69913	1.60.1.70170
272766	1.60.1.69913	1.60.1.70170
272767	1.60.1.69913	1.60.1.70170
272768	1.60.1.69913	1.60.1.70170
272769	1.60.1.69913	1.60.1.70170
272770	1.60.1.69913	1.60.1.70170
272771	1.60.1.69913	1.60.1.70170
272772	1.60.1.69913	1.60.1.70170
272773	1.60.1.69913	1.60.1.70170
272774	1.60.1.69913	1.60.1.70170
272775	1.60.1.69913	1.60.1.70170
272776	1.60.1.69913	1.60.1.70170
272777	1.60.1.69913	1.60.1.70170
272778	1.60.1.69913	1.60.1.70170
272779	1.60.1.69913	1.60.1.70170
272780	1.60.1.69913	1.60.1.70170
272781	1.60.1.69913	1.60.1.70170
272782	1.60.1.69913	1.60.1.70170
272783	1.60.1.69913	1.60.1.70170
272784	1.60.1.69913	1.60.1.70170
272785	1.60.1.69913	1.60.1.70170
272786	1.60.1.69913	1.60.1.70170
272787	1.60.1.69913	1.60.1.70170
272788	1.60.1.69913	1.60.1.70170
272789	1.60.1.69913	1.60.1.70170
272790	1.60.1.69913	1.60.1.70170
272791	1.60.1.69913	1.60.1.70170
272792	1.60.1.69913	1.60.1.70170
272793	1.60.1.69913	1.60.1.70170
272794	1.60.1.69913	1.60.1.70170
272795	1.60.1.69913	1.60.1.70170
272796	1.60.1.69913	1.60.1.70170
272797	1.60.1.69913	1.60.1.70170
272800	1.60.1.69913	1.60.1.70170
272801	1.60.1.69913	1.60.1.70170
272802	1.60.1.69913	1.60.1.70170
272803	1.60.1.69913	1.60.1.70170
272804	1.60.1.69913	1.60.1.70170
272805	1.60.1.69913	1.60.1.70170
272806	1.60.1.69913	1.60.1.70170
272807	1.60.1.69913	1.60.1.70170
272808	1.60.1.69913	1.60.1.70170
272809	1.60.1.69913	1.60.1.70170
272810	1.60.1.69913	1.60.1.70170
272811	1.60.1.69913	1.60.1.70170
272812	1.60.1.69913	1.60.1.70170
272813	1.60.1.69913	1.60.1.70170
272814	1.60.1.69913	1.60.1.70170
272815	1.60.1.69913	1.60.1.70170
272816	1.60.1.69913	1.60.1.70170
272817	1.60.1.69913	1.60.1.70170
272818	1.60.1.69913	1.60.1.70170
272819	1.60.1.69913	1.60.1.70170
272820	1.60.1.69913	1.60.1.70170
272821	1.60.1.69913	1.60.1.70170
272822	1.60.1.69913	1.60.1.70170
272823	1.60.1.69913	1.60.1.70170
272824	1.60.1.69913	1.60.1.70170
272825	1.60.1.69913	1.60.1.70170
272828	1.60.1.69913	1.60.1.70170
272830	1.60.1.69913	1.60.1.70170
272834	1.60.1.69913	1.60.1.70170
272835	1.60.1.69913	1.60.1.70170
272838	1.60.1.69913	1.60.1.70170
272839	1.60.1.69913	1.60.1.70170
272840	1.60.1.69913	1.60.1.70170
272841	1.60.1.69913	1.60.1.70170
272842	1.60.1.69913	1.60.1.70170
272843	1.60.1.69913	1.60.1.70170
272844	1.60.1.69913	1.60.1.70170
272845	1.60.1.69913	1.60.1.70170
272846	1.60.1.69913	1.60.1.70170
272847	1.60.1.69913	1.60.1.70170
272848	1.60.1.69913	1.60.1.70170
272849	1.60.1.69913	1.60.1.70170
272850	1.60.1.69913	1.60.1.70170
272851	1.60.1.69913	1.60.1.70170
272852	1.60.1.69913	1.60.1.70170
272853	1.60.1.69913	1.60.1.70170
272854	1.60.1.69913	1.60.1.70170
272855	1.60.1.69913	1.60.1.70170
272856	1.60.1.69913	1.60.1.70170
272857	1.60.1.69913	1.60.1.70170
272858	1.60.1.69913	1.60.1.70170
272859	1.60.1.69913	1.60.1.70170
272925	1.60.1.69913	1.60.1.70170
272932	1.60.1.69913	1.60.1.70170
272936	1.60.1.69913	1.60.1.70170
272941	1.60.1.69913	1.60.1.70170
272957	1.60.1.69913	1.60.1.70170
272958	1.60.1.69913	1.60.1.70170
272973	1.60.1.69913	1.60.1.70170
272974	1.60.1.69913	1.60.1.70170
272976	1.60.1.69913	1.60.1.70170
272977	1.60.1.69913	1.60.1.70170
272996	1.60.1.69913	1.60.1.70170
272998	1.60.1.69913	1.60.1.70170
272999	1.60.1.69913	1.60.1.70170
273001	1.60.1.69913	1.60.1.70170
273002	1.60.1.69913	1.60.1.70170
273003	1.60.1.69913	1.60.1.70170
273005	1.60.1.69913	1.60.1.70170
273007	1.60.1.69913	1.60.1.70170
273008	1.60.1.69913	1.60.1.70170
273015	1.60.1.69913	1.60.1.70170
273022	1.60.1.70170	1.60.1.70170
273023	1.60.1.70170	1.60.1.70170
273024	1.60.1.70170	1.60.1.70170
273025	1.60.1.70170	1.60.1.70170
273026	1.60.1.70170	1.60.1.70170
273027	1.60.1.70170	1.60.1.70170
273028	1.60.1.70170	1.60.1.70170
273029	1.60.1.70170	1.60.1.70170
273030	1.60.1.70170	1.60.1.70170
273050	1.60.1.69913	1.60.1.70170
273084	1.60.1.69913	1.60.1.70170
273085	1.60.1.69913	1.60.1.70170
273086	1.60.1.69913	1.60.1.70170
273087	1.60.1.69913	1.60.1.70170
273088	1.60.1.69913	1.60.1.70170
273089	1.60.1.69913	1.60.1.70170
273092	1.60.1.69913	1.60.1.70170
273096	1.60.1.69913	1.60.1.70170
273097	1.60.1.69913	1.60.1.70170
273098	1.60.1.69913	1.60.1.70170
273099	1.60.1.69913	1.60.1.70170
273101	1.60.1.69913	1.60.1.70170
273102	1.60.1.69913	1.60.1.70170
273103	1.60.1.69913	1.60.1.70170
273105	1.60.1.69913	1.60.1.70170
273106	1.60.1.69913	1.60.1.70170
273109	1.60.1.69913	1.60.1.70170
273112	1.60.1.69913	1.60.1.70170
273113	1.60.1.69913	1.60.1.70170
273115	1.60.1.69913	1.60.1.70170
273116	1.60.1.69913	1.60.1.70170
273117	1.60.1.69913	1.60.1.70170
273118	1.60.1.69913	1.60.1.70170
273119	1.60.1.69913	1.60.1.70170
273120	1.60.1.69913	1.60.1.70170
273121	1.60.1.69913	1.60.1.70170
273122	1.60.1.69913	1.60.1.70170
273124	1.60.1.69913	1.60.1.70170
273125	1.60.1.69913	1.60.1.70170
273127	1.60.1.69913	1.60.1.70170
273128	1.60.1.69913	1.60.1.70170
273129	1.60.1.69913	1.60.1.70170
273130	1.60.1.69913	1.60.1.70170
273131	1.60.1.69913	1.60.1.70170
273137	1.60.1.69913	1.60.1.70170
273141	1.60.1.69913	1.60.1.70170
273164	1.60.1.69913	1.60.1.70170
273166	1.60.1.69913	1.60.1.70170
273167	1.60.1.69913	1.60.1.70170
273168	1.60.1.69913	1.60.1.70170
273169	1.60.1.69913	1.60.1.70170
273181	1.60.1.69913	1.60.1.70170
273289	1.60.1.69913	1.60.1.70170
273290	1.60.1.69913	1.60.1.70170
273291	1.60.1.69913	1.60.1.70170
273292	1.60.1.69913	1.60.1.70170
273293	1.60.1.69913	1.60.1.70170
273294	1.60.1.69913	1.60.1.70170
273295	1.60.1.69913	1.60.1.70170
273296	1.60.1.69913	1.60.1.70170
273297	1.60.1.69913	1.60.1.70170
273298	1.60.1.69913	1.60.1.70170
273304	1.60.1.69913	1.60.1.70170
273308	1.60.1.69913	1.60.1.70170
273309	1.60.1.69913	1.60.1.70170
273310	1.60.1.69913	1.60.1.70170
273318	1.60.1.69913	1.60.1.70170
273319	1.60.1.69913	1.60.1.70170
273320	1.60.1.69913	1.60.1.70170
273321	1.60.1.69913	1.60.1.70170
273322	1.60.1.69913	1.60.1.70170
273323	1.60.1.69913	1.60.1.70170
273324	1.60.1.69913	1.60.1.70170
273325	1.60.1.69913	1.60.1.70170
273327	1.60.1.69913	1.60.1.70170
273328	1.60.1.69913	1.60.1.70170
273329	1.60.1.69913	1.60.1.70170
273330	1.60.1.69913	1.60.1.70170
273331	1.60.1.69913	1.60.1.70170
273332	1.60.1.69913	1.60.1.70170
273333	1.60.1.69913	1.60.1.70170
273334	1.60.1.69913	1.60.1.70170
273336	1.60.1.69913	1.60.1.70170
273337	1.60.1.69913	1.60.1.70170
273338	1.60.1.69913	1.60.1.70170
273339	1.60.1.69913	1.60.1.70170
273340	1.60.1.69913	1.60.1.70170
273341	1.60.1.69913	1.60.1.70170
273342	1.60.1.69913	1.60.1.70170
273343	1.60.1.69913	1.60.1.70170
273344	1.60.1.69913	1.60.1.70170
273345	1.60.1.69913	1.60.1.70170
273346	1.60.1.69913	1.60.1.70170
273347	1.60.1.69913	1.60.1.70170
273348	1.60.1.69913	1.60.1.70170
273349	1.60.1.69913	1.60.1.70170
273350	1.60.1.69913	1.60.1.70170
273351	1.60.1.69913	1.60.1.70170
273352	1.60.1.69913	1.60.1.70170
273353	1.60.1.69913	1.60.1.70170
273355	1.60.1.69913	1.60.1.70170
273356	1.60.1.69913	1.60.1.70170
273357	1.60.1.69913	1.60.1.70170
273358	1.60.1.69913	1.60.1.70170
273359	1.60.1.69913	1.60.1.70170
273360	1.60.1.69913	1.60.1.70170
273361	1.60.1.69913	1.60.1.70170
273362	1.60.1.69913	1.60.1.70170
273363	1.60.1.69913	1.60.1.70170
273364	1.60.1.69913	1.60.1.70170
273365	1.60.1.69913	1.60.1.70170
273366	1.60.1.69913	1.60.1.70170
273367	1.60.1.69913	1.60.1.70170
273368	1.60.1.69913	1.60.1.70170
273369	1.60.1.69913	1.60.1.70170
273370	1.60.1.69913	1.60.1.70170
273371	1.60.1.69913	1.60.1.70170
273372	1.60.1.69913	1.60.1.70170
273373	1.60.1.69913	1.60.1.70170
273374	1.60.1.69913	1.60.1.70170
273375	1.60.1.69913	1.60.1.70170
273377	1.60.1.69913	1.60.1.70170
273378	1.60.1.69913	1.60.1.70170
273379	1.60.1.69913	1.60.1.70170
273380	1.60.1.69913	1.60.1.70170
273381	1.60.1.69913	1.60.1.70170
273382	1.60.1.69913	1.60.1.70170
273383	1.60.1.69913	1.60.1.70170
273384	1.60.1.69913	1.60.1.70170
273385	1.60.1.69913	1.60.1.70170
273386	1.60.1.69913	1.60.1.70170
273387	1.60.1.69913	1.60.1.70170
273388	1.60.1.69913	1.60.1.70170
273389	1.60.1.69913	1.60.1.70170
273390	1.60.1.69913	1.60.1.70170
273391	1.60.1.69913	1.60.1.70170
273392	1.60.1.69913	1.60.1.70170
273393	1.60.1.69913	1.60.1.70170
273394	1.60.1.69913	1.60.1.70170
273395	1.60.1.69913	1.60.1.70170
273396	1.60.1.69913	1.60.1.70170
273397	1.60.1.69913	1.60.1.70170
273398	1.60.1.69913	1.60.1.70170
273399	1.60.1.69913	1.60.1.70170
273400	1.60.1.69913	1.60.1.70170
273401	1.60.1.69913	1.60.1.70170
273402	1.60.1.69913	1.60.1.70170
273403	1.60.1.69913	1.60.1.70170
273404	1.60.1.69913	1.60.1.70170
273405	1.60.1.69913	1.60.1.70170
273406	1.60.1.69913	1.60.1.70170
273407	1.60.1.69913	1.60.1.70170
273408	1.60.1.69913	1.60.1.70170
273409	1.60.1.69913	1.60.1.70170
273410	1.60.1.69913	1.60.1.70170
273411	1.60.1.69913	1.60.1.70170
273412	1.60.1.69913	1.60.1.70170
273413	1.60.1.69913	1.60.1.70170
273414	1.60.1.69913	1.60.1.70170
273415	1.60.1.69913	1.60.1.70170
273416	1.60.1.69913	1.60.1.70170
273417	1.60.1.69913	1.60.1.70170
273418	1.60.1.69913	1.60.1.70170
273419	1.60.1.69913	1.60.1.70170
273420	1.60.1.69913	1.60.1.70170
273421	1.60.1.69913	1.60.1.70170
273422	1.60.1.69913	1.60.1.70170
273423	1.60.1.69913	1.60.1.70170
273424	1.60.1.69913	1.60.1.70170
273425	1.60.1.69913	1.60.1.70170
273426	1.60.1.69913	1.60.1.70170
273427	1.60.1.69913	1.60.1.70170
273428	1.60.1.69913	1.60.1.70170
273429	1.60.1.69913	1.60.1.70170
273430	1.60.1.69913	1.60.1.70170
273431	1.60.1.69913	1.60.1.70170
273432	1.60.1.69913	1.60.1.70170
273433	1.60.1.69913	1.60.1.70170
273434	1.60.1.69913	1.60.1.70170
273435	1.60.1.69913	1.60.1.70170
273436	1.60.1.69913	1.60.1.70170
273443	1.60.1.69913	1.60.1.70170
273444	1.60.1.69913	1.60.1.70170
273445	1.60.1.69913	1.60.1.70170
273447	1.60.1.69913	1.60.1.70170
273448	1.60.1.69913	1.60.1.70170
273449	1.60.1.69913	1.60.1.70170
273450	1.60.1.69913	1.60.1.70170
273455	1.60.1.69913	1.60.1.70170
273456	1.60.1.69913	1.60.1.70170
273457	1.60.1.69913	1.60.1.70170
273458	1.60.1.69913	1.60.1.70170
273459	1.60.1.69913	1.60.1.70170
273460	1.60.1.69913	1.60.1.70170
273461	1.60.1.69913	1.60.1.70170
273462	1.60.1.69913	1.60.1.70170
273463	1.60.1.69913	1.60.1.70170
273464	1.60.1.69913	1.60.1.70170
273465	1.60.1.69913	1.60.1.70170
273466	1.60.1.69913	1.60.1.70170
273467	1.60.1.69913	1.60.1.70170
273468	1.60.1.69913	1.60.1.70170
273469	1.60.1.69913	1.60.1.70170
273470	1.60.1.69913	1.60.1.70170
273471	1.60.1.69913	1.60.1.70170
273472	1.60.1.69913	1.60.1.70170
273473	1.60.1.69913	1.60.1.70170
273474	1.60.1.69913	1.60.1.70170
273475	1.60.1.69913	1.60.1.70170
273476	1.60.1.69913	1.60.1.70170
273477	1.60.1.69913	1.60.1.70170
273478	1.60.1.69913	1.60.1.70170
273479	1.60.1.69913	1.60.1.70170
273480	1.60.1.69913	1.60.1.70170
273481	1.60.1.69913	1.60.1.70170
273482	1.60.1.69913	1.60.1.70170
273483	1.60.1.69913	1.60.1.70170
273484	1.60.1.69913	1.60.1.70170
273485	1.60.1.69913	1.60.1.70170
273486	1.60.1.69913	1.60.1.70170
273487	1.60.1.69913	1.60.1.70170
273488	1.60.1.69913	1.60.1.70170
273489	1.60.1.69913	1.60.1.70170
273490	1.60.1.69913	1.60.1.70170
273491	1.60.1.69913	1.60.1.70170
273492	1.60.1.69913	1.60.1.70170
273493	1.60.1.69913	1.60.1.70170
273494	1.60.1.69913	1.60.1.70170
273495	1.60.1.69913	1.60.1.70170
273496	1.60.1.69913	1.60.1.70170
273497	1.60.1.69913	1.60.1.70170
273498	1.60.1.69913	1.60.1.70170
273499	1.60.1.69913	1.60.1.70170
273500	1.60.1.69913	1.60.1.70170
273501	1.60.1.69913	1.60.1.70170
273502	1.60.1.69913	1.60.1.70170
273503	1.60.1.69913	1.60.1.70170
273504	1.60.1.69913	1.60.1.70170
273505	1.60.1.69913	1.60.1.70170
273506	1.60.1.69913	1.60.1.70170
273507	1.60.1.69913	1.60.1.70170
273508	1.60.1.69913	1.60.1.70170
273509	1.60.1.69913	1.60.1.70170
273510	1.60.1.69913	1.60.1.70170
273511	1.60.1.69913	1.60.1.70170
273512	1.60.1.69913	1.60.1.70170
273513	1.60.1.69913	1.60.1.70170
273514	1.60.1.69913	1.60.1.70170
273515	1.60.1.69913	1.60.1.70170
273516	1.60.1.69913	1.60.1.70170
273517	1.60.1.69913	1.60.1.70170
273518	1.60.1.69913	1.60.1.70170
273519	1.60.1.69913	1.60.1.70170
273520	1.60.1.69913	1.60.1.70170
273521	1.60.1.69913	1.60.1.70170
273522	1.60.1.69913	1.60.1.70170
273523	1.60.1.69913	1.60.1.70170
273524	1.60.1.69913	1.60.1.70170
273525	1.60.1.69913	1.60.1.70170
273526	1.60.1.69913	1.60.1.70170
273527	1.60.1.69913	1.60.1.70170
273528	1.60.1.69913	1.60.1.70170
273529	1.60.1.69913	1.60.1.70170
273530	1.60.1.69913	1.60.1.70170
273531	1.60.1.69913	1.60.1.70170
273532	1.60.1.69913	1.60.1.70170
273533	1.60.1.69913	1.60.1.70170
273534	1.60.1.69913	1.60.1.70170
273535	1.60.1.69913	1.60.1.70170
273536	1.60.1.69913	1.60.1.70170
273537	1.60.1.69913	1.60.1.70170
273538	1.60.1.69913	1.60.1.70170
273539	1.60.1.69913	1.60.1.70170
273540	1.60.1.69913	1.60.1.70170
273541	1.60.1.69913	1.60.1.70170
273542	1.60.1.69913	1.60.1.70170
273543	1.60.1.69913	1.60.1.70170
273544	1.60.1.69913	1.60.1.70170
273545	1.60.1.69913	1.60.1.70170
273546	1.60.1.69913	1.60.1.70170
273547	1.60.1.69913	1.60.1.70170
273548	1.60.1.69913	1.60.1.70170
273549	1.60.1.69913	1.60.1.70170
273550	1.60.1.69913	1.60.1.70170
273551	1.60.1.69913	1.60.1.70170
273552	1.60.1.69913	1.60.1.70170
273553	1.60.1.69913	1.60.1.70170
273554	1.60.1.69913	1.60.1.70170
273555	1.60.1.69913	1.60.1.70170
273556	1.60.1.69913	1.60.1.70170
273557	1.60.1.69913	1.60.1.70170
273558	1.60.1.69913	1.60.1.70170
273559	1.60.1.69913	1.60.1.70170
273560	1.60.1.69913	1.60.1.70170
273561	1.60.1.69913	1.60.1.70170
273562	1.60.1.69913	1.60.1.70170
273563	1.60.1.69913	1.60.1.70170
273564	1.60.1.69913	1.60.1.70170
273565	1.60.1.69913	1.60.1.70170
273566	1.60.1.69913	1.60.1.70170
273567	1.60.1.69913	1.60.1.70170
273568	1.60.1.69913	1.60.1.70170
273569	1.60.1.69913	1.60.1.70170
273570	1.60.1.69913	1.60.1.70170
273571	1.60.1.69913	1.60.1.70170
273572	1.60.1.69913	1.60.1.70170
273573	1.60.1.69913	1.60.1.70170
273574	1.60.1.69913	1.60.1.70170
273575	1.60.1.69913	1.60.1.70170
273576	1.60.1.69913	1.60.1.70170
273577	1.60.1.69913	1.60.1.70170
273578	1.60.1.69913	1.60.1.70170
273579	1.60.1.69913	1.60.1.70170
273580	1.60.1.69913	1.60.1.70170
273581	1.60.1.69913	1.60.1.70170
273582	1.60.1.69913	1.60.1.70170
273583	1.60.1.69913	1.60.1.70170
273584	1.60.1.69913	1.60.1.70170
273585	1.60.1.69913	1.60.1.70170
273586	1.60.1.69913	1.60.1.70170
273587	1.60.1.69913	1.60.1.70170
273588	1.60.1.69913	1.60.1.70170
273589	1.60.1.69913	1.60.1.70170
273590	1.60.1.69913	1.60.1.70170
273591	1.60.1.69913	1.60.1.70170
273592	1.60.1.69913	1.60.1.70170
273593	1.60.1.69913	1.60.1.70170
273594	1.60.1.69913	1.60.1.70170
273595	1.60.1.69913	1.60.1.70170
273596	1.60.1.69913	1.60.1.70170
273597	1.60.1.69913	1.60.1.70170
273598	1.60.1.69913	1.60.1.70170
273599	1.60.1.69913	1.60.1.70170
273600	1.60.1.69913	1.60.1.70170
273601	1.60.1.69913	1.60.1.70170
273602	1.60.1.69913	1.60.1.70170
273604	1.60.1.69913	1.60.1.70170
273605	1.60.1.69913	1.60.1.70170
273606	1.60.1.69913	1.60.1.70170
273607	1.60.1.69913	1.60.1.70170
273608	1.60.1.69913	1.60.1.70170
273609	1.60.1.69913	1.60.1.70170
273610	1.60.1.69913	1.60.1.70170
273611	1.60.1.69913	1.60.1.70170
273612	1.60.1.69913	1.60.1.70170
273613	1.60.1.69913	1.60.1.70170
273614	1.60.1.69913	1.60.1.70170
273615	1.60.1.69913	1.60.1.70170
273616	1.60.1.69913	1.60.1.70170
273617	1.60.1.69913	1.60.1.70170
273618	1.60.1.69913	1.60.1.70170
273619	1.60.1.69913	1.60.1.70170
273620	1.60.1.69913	1.60.1.70170
273621	1.60.1.69913	1.60.1.70170
273622	1.60.1.69913	1.60.1.70170
273623	1.60.1.69913	1.60.1.70170
273624	1.60.1.69913	1.60.1.70170
273625	1.60.1.69913	1.60.1.70170
273626	1.60.1.69913	1.60.1.70170
273627	1.60.1.69913	1.60.1.70170
273628	1.60.1.69913	1.60.1.70170
273629	1.60.1.69913	1.60.1.70170
273630	1.60.1.69913	1.60.1.70170
273631	1.60.1.69913	1.60.1.70170
273632	1.60.1.69913	1.60.1.70170
273633	1.60.1.69913	1.60.1.70170
273634	1.60.1.69913	1.60.1.70170
273635	1.60.1.69913	1.60.1.70170
273636	1.60.1.69913	1.60.1.70170
273637	1.60.1.69913	1.60.1.70170
273642	1.60.1.69913	1.60.1.70170
273643	1.60.1.69913	1.60.1.70170
273645	1.60.1.69913	1.60.1.70170
273646	1.60.1.69913	1.60.1.70170
273647	1.60.1.69913	1.60.1.70170
273654	1.60.1.69913	1.60.1.70170
273658	1.60.1.69913	1.60.1.70170
273659	1.60.1.69913	1.60.1.70170
273771	1.60.1.69913	1.60.1.70170
273772	1.60.1.69913	1.60.1.70170
273798	1.60.1.69913	1.60.1.70170
273799	1.60.1.69913	1.60.1.70170
273800	1.60.1.69913	1.60.1.70170
273801	1.60.1.69913	1.60.1.70170
273804	1.60.1.69913	1.60.1.70170
273805	1.60.1.69913	1.60.1.70170
273806	1.60.1.69913	1.60.1.70170
273807	1.60.1.69913	1.60.1.70170
273808	1.60.1.69913	1.60.1.70170
273809	1.60.1.69913	1.60.1.70170
273810	1.60.1.69913	1.60.1.70170
273811	1.60.1.69913	1.60.1.70170
273812	1.60.1.69913	1.60.1.70170
273813	1.60.1.69913	1.60.1.70170
273814	1.60.1.69913	1.60.1.70170
273815	1.60.1.69913	1.60.1.70170
273816	1.60.1.69913	1.60.1.70170
273817	1.60.1.69913	1.60.1.70170
273819	1.60.1.70009	1.60.1.70170
273820	1.60.1.70009	1.60.1.70170
273822	1.60.1.69913	1.60.1.70170
273824	1.60.1.70009	1.60.1.70170
273825	1.60.1.69913	1.60.1.70170
273827	1.60.1.70009	1.60.1.70170
273829	1.60.1.69913	1.60.1.70170
273839	1.60.1.69913	1.60.1.70170
273840	1.60.1.69913	1.60.1.70170
273841	1.60.1.69913	1.60.1.70170
273842	1.60.1.69913	1.60.1.70170
273843	1.60.1.69913	1.60.1.70170
273845	1.60.1.69913	1.60.1.70170
273846	1.60.1.69913	1.60.1.70170
273852	1.60.1.69913	1.60.1.70170
273857	1.60.1.69913	1.60.1.70170
273875	1.60.1.69913	1.60.1.70170
273876	1.60.1.69913	1.60.1.70170
273877	1.60.1.69913	1.60.1.70170
273878	1.60.1.69913	1.60.1.70170
273879	1.60.1.69913	1.60.1.70170
273883	1.60.1.69913	1.60.1.70170
273884	1.60.1.69913	1.60.1.70170
273885	1.60.1.69913	1.60.1.70170
273886	1.60.1.69913	1.60.1.70170
273887	1.60.1.69913	1.60.1.70170
273888	1.60.1.69913	1.60.1.70170
273889	1.60.1.69913	1.60.1.70170
273890	1.60.1.69913	1.60.1.70170
273891	1.60.1.69913	1.60.1.70170
273892	1.60.1.69913	1.60.1.70170
273893	1.60.1.69913	1.60.1.70170
273894	1.60.1.69913	1.60.1.70170
273895	1.60.1.69913	1.60.1.70170
273896	1.60.1.69913	1.60.1.70170
273897	1.60.1.69913	1.60.1.70170
273898	1.60.1.69913	1.60.1.70170
273899	1.60.1.69913	1.60.1.70170
273900	1.60.1.69913	1.60.1.70170
273901	1.60.1.69913	1.60.1.70170
273902	1.60.1.69913	1.60.1.70170
273903	1.60.1.69913	1.60.1.70170
273904	1.60.1.69913	1.60.1.70170
273905	1.60.1.69913	1.60.1.70170
273906	1.60.1.69913	1.60.1.70170
273907	1.60.1.69913	1.60.1.70170
273908	1.60.1.69913	1.60.1.70170
273909	1.60.1.69913	1.60.1.70170
273910	1.60.1.69913	1.60.1.70170
273911	1.60.1.69913	1.60.1.70170
273912	1.60.1.69913	1.60.1.70170
273913	1.60.1.69913	1.60.1.70170
273914	1.60.1.69913	1.60.1.70170
273915	1.60.1.69913	1.60.1.70170
273916	1.60.1.69913	1.60.1.70170
273917	1.60.1.69913	1.60.1.70170
273918	1.60.1.69913	1.60.1.70170
273919	1.60.1.69913	1.60.1.70170
273920	1.60.1.69913	1.60.1.70170
273921	1.60.1.69913	1.60.1.70170
273922	1.60.1.69913	1.60.1.70170
273923	1.60.1.69913	1.60.1.70170
273924	1.60.1.69913	1.60.1.70170
273925	1.60.1.69913	1.60.1.70170
273926	1.60.1.69913	1.60.1.70170
273927	1.60.1.69913	1.60.1.70170
273928	1.60.1.69913	1.60.1.70170
273929	1.60.1.69913	1.60.1.70170
273930	1.60.1.69913	1.60.1.70170
273931	1.60.1.69913	1.60.1.70170
273932	1.60.1.69913	1.60.1.70170
273933	1.60.1.69913	1.60.1.70170
273934	1.60.1.69913	1.60.1.70170
273935	1.60.1.69913	1.60.1.70170
273936	1.60.1.69913	1.60.1.70170
273937	1.60.1.69913	1.60.1.70170
273938	1.60.1.69913	1.60.1.70170
273939	1.60.1.69913	1.60.1.70170
273940	1.60.1.69913	1.60.1.70170
273941	1.60.1.69913	1.60.1.70170
273942	1.60.1.69913	1.60.1.70170
273943	1.60.1.69913	1.60.1.70170
273944	1.60.1.69913	1.60.1.70170
273945	1.60.1.69913	1.60.1.70170
273946	1.60.1.69913	1.60.1.70170
273947	1.60.1.69913	1.60.1.70170
273948	1.60.1.69913	1.60.1.70170
273949	1.60.1.69913	1.60.1.70170
273950	1.60.1.69913	1.60.1.70170
273951	1.60.1.69913	1.60.1.70170
273952	1.60.1.69913	1.60.1.70170
273953	1.60.1.69913	1.60.1.70170
273954	1.60.1.69913	1.60.1.70170
273955	1.60.1.69913	1.60.1.70170
273956	1.60.1.69913	1.60.1.70170
273957	1.60.1.69913	1.60.1.70170
273958	1.60.1.69913	1.60.1.70170
273959	1.60.1.69913	1.60.1.70170
273960	1.60.1.69913	1.60.1.70170
273961	1.60.1.69913	1.60.1.70170
273962	1.60.1.69913	1.60.1.70170
273963	1.60.1.69913	1.60.1.70170
273964	1.60.1.69913	1.60.1.70170
273965	1.60.1.69913	1.60.1.70170
273966	1.60.1.69913	1.60.1.70170
273967	1.60.1.69913	1.60.1.70170
273968	1.60.1.69913	1.60.1.70170
273969	1.60.1.69913	1.60.1.70170
273970	1.60.1.69913	1.60.1.70170
273971	1.60.1.69913	1.60.1.70170
273972	1.60.1.69913	1.60.1.70170
273973	1.60.1.69913	1.60.1.70170
273974	1.60.1.69913	1.60.1.70170
273975	1.60.1.69913	1.60.1.70170
273976	1.60.1.69913	1.60.1.70170
273977	1.60.1.69913	1.60.1.70170
273978	1.60.1.69913	1.60.1.70170
273979	1.60.1.69913	1.60.1.70170
273980	1.60.1.69913	1.60.1.70170
273981	1.60.1.69913	1.60.1.70170
273982	1.60.1.69913	1.60.1.70170
273983	1.60.1.69913	1.60.1.70170
273984	1.60.1.69913	1.60.1.70170
273985	1.60.1.69913	1.60.1.70170
273986	1.60.1.69913	1.60.1.70170
273987	1.60.1.69913	1.60.1.70170
273988	1.60.1.69913	1.60.1.70170
273989	1.60.1.69913	1.60.1.70170
273990	1.60.1.69913	1.60.1.70170
273991	1.60.1.69913	1.60.1.70170
273992	1.60.1.69913	1.60.1.70170
273993	1.60.1.69913	1.60.1.70170
273994	1.60.1.69913	1.60.1.70170
273995	1.60.1.69913	1.60.1.70170
273996	1.60.1.69913	1.60.1.70170
273997	1.60.1.69913	1.60.1.70170
273998	1.60.1.69913	1.60.1.70170
273999	1.60.1.69913	1.60.1.70170
274000	1.60.1.69913	1.60.1.70170
274001	1.60.1.69913	1.60.1.70170
274002	1.60.1.69913	1.60.1.70170
274003	1.60.1.69913	1.60.1.70170
274004	1.60.1.69913	1.60.1.70170
274005	1.60.1.69913	1.60.1.70170
274006	1.60.1.69913	1.60.1.70170
274007	1.60.1.69913	1.60.1.70170
274008	1.60.1.69913	1.60.1.70170
274009	1.60.1.69913	1.60.1.70170
274010	1.60.1.69913	1.60.1.70170
274011	1.60.1.69913	1.60.1.70170
274012	1.60.1.69913	1.60.1.70170
274013	1.60.1.69913	1.60.1.70170
274014	1.60.1.69913	1.60.1.70170
274015	1.60.1.69913	1.60.1.70170
274016	1.60.1.69913	1.60.1.70170
274017	1.60.1.69913	1.60.1.70170
274018	1.60.1.69913	1.60.1.70170
274019	1.60.1.69913	1.60.1.70170
274020	1.60.1.69913	1.60.1.70170
274021	1.60.1.69913	1.60.1.70170
274022	1.60.1.69913	1.60.1.70170
274023	1.60.1.69913	1.60.1.70170
274024	1.60.1.69913	1.60.1.70170
274025	1.60.1.69913	1.60.1.70170
274026	1.60.1.69913	1.60.1.70170
274027	1.60.1.69913	1.60.1.70170
274028	1.60.1.69913	1.60.1.70170
274029	1.60.1.69913	1.60.1.70170
274030	1.60.1.69913	1.60.1.70170
274035	1.60.1.69913	1.60.1.70170
274041	1.60.1.69913	1.60.1.70170
274042	1.60.1.70009	1.60.1.70170
274044	1.60.1.69913	1.60.1.70170
274045	1.60.1.69913	1.60.1.70170
274046	1.60.1.69913	1.60.1.70170
274047	1.60.1.69913	1.60.1.70170
274048	1.60.1.69913	1.60.1.70170
274049	1.60.1.70009	1.60.1.70170
274068	1.60.1.70009	1.60.1.70170
274077	1.60.1.69913	1.60.1.70170
274078	1.60.1.70170	1.60.1.70170
274084	1.60.1.70170	1.60.1.70170
274092	1.60.1.69913	1.60.1.70170
274093	1.60.1.69913	1.60.1.70170
274149	1.60.1.70009	1.60.1.70170
274151	1.60.1.69913	1.60.1.70170
274152	1.60.1.70009	1.60.1.70170
274155	1.60.1.70009	1.60.1.70170
274158	1.60.1.70009	1.60.1.70170
274159	1.60.1.70009	1.60.1.70170
274160	1.60.1.70124	1.60.1.70170
274161	1.60.1.70124	1.60.1.70170
274162	1.60.1.69913	1.60.1.70170
274163	1.60.1.69913	1.60.1.70170
274165	1.60.1.69913	1.60.1.70170
274176	1.60.1.69913	1.60.1.70170
274177	1.60.1.69913	1.60.1.70170
274178	1.60.1.69913	1.60.1.70170
274179	1.60.1.69913	1.60.1.70170
274180	1.60.1.69913	1.60.1.70170
274181	1.60.1.69913	1.60.1.70170
274182	1.60.1.69913	1.60.1.70170
274183	1.60.1.69913	1.60.1.70170
274184	1.60.1.69913	1.60.1.70170
274185	1.60.1.69913	1.60.1.70170
274186	1.60.1.69913	1.60.1.70170
274187	1.60.1.69913	1.60.1.70170
274188	1.60.1.69913	1.60.1.70170
274189	1.60.1.69913	1.60.1.70170
274190	1.60.1.69913	1.60.1.70170
274192	1.60.1.69913	1.60.1.70170
274193	1.60.1.69913	1.60.1.70170
274194	1.60.1.69913	1.60.1.70170
274195	1.60.1.69913	1.60.1.70170
274196	1.60.1.69913	1.60.1.70170
274197	1.60.1.69913	1.60.1.70170
274198	1.60.1.69913	1.60.1.70170
274199	1.60.1.69913	1.60.1.70170
274200	1.60.1.69913	1.60.1.70170
274201	1.60.1.69913	1.60.1.70170
274202	1.60.1.69913	1.60.1.70170
274203	1.60.1.69913	1.60.1.70170
274204	1.60.1.69913	1.60.1.70170
274205	1.60.1.69913	1.60.1.70170
274206	1.60.1.69913	1.60.1.70170
274207	1.60.1.69913	1.60.1.70170
274208	1.60.1.69913	1.60.1.70170
274209	1.60.1.69913	1.60.1.70170
274210	1.60.1.69913	1.60.1.70170
274211	1.60.1.69913	1.60.1.70170
274212	1.60.1.69913	1.60.1.70170
274213	1.60.1.69913	1.60.1.70170
274214	1.60.1.69913	1.60.1.70170
274215	1.60.1.69913	1.60.1.70170
274217	1.60.1.69913	1.60.1.70170
274218	1.60.1.69913	1.60.1.70170
274219	1.60.1.69913	1.60.1.70170
274220	1.60.1.69913	1.60.1.70170
274221	1.60.1.69913	1.60.1.70170
274222	1.60.1.69913	1.60.1.70170
274223	1.60.1.69913	1.60.1.70170
274224	1.60.1.69913	1.60.1.70170
274225	1.60.1.69913	1.60.1.70170
274226	1.60.1.69913	1.60.1.70170
274227	1.60.1.69913	1.60.1.70170
274228	1.60.1.69913	1.60.1.70170
274229	1.60.1.69913	1.60.1.70170
274230	1.60.1.69913	1.60.1.70170
274231	1.60.1.69913	1.60.1.70170
274232	1.60.1.69913	1.60.1.70170
274233	1.60.1.69913	1.60.1.70170
274234	1.60.1.69913	1.60.1.70170
274235	1.60.1.69913	1.60.1.70170
274236	1.60.1.69913	1.60.1.70170
274237	1.60.1.69913	1.60.1.70170
274238	1.60.1.69913	1.60.1.70170
274239	1.60.1.69913	1.60.1.70170
274240	1.60.1.69913	1.60.1.70170
274241	1.60.1.69913	1.60.1.70170
274244	1.60.1.69913	1.60.1.70170
274245	1.60.1.69913	1.60.1.70170
274246	1.60.1.69913	1.60.1.70170
274247	1.60.1.69913	1.60.1.70170
274248	1.60.1.69913	1.60.1.70170
274249	1.60.1.69913	1.60.1.70170
274250	1.60.1.69913	1.60.1.70170
274251	1.60.1.69913	1.60.1.70170
274252	1.60.1.69913	1.60.1.70170
274253	1.60.1.69913	1.60.1.70170
274254	1.60.1.69913	1.60.1.70170
274255	1.60.1.69913	1.60.1.70170
274256	1.60.1.69913	1.60.1.70170
274257	1.60.1.69913	1.60.1.70170
274258	1.60.1.69913	1.60.1.70170
274259	1.60.1.69913	1.60.1.70170
274268	1.60.1.69913	1.60.1.70170
274273	1.60.1.69913	1.60.1.70170
274274	1.60.1.69913	1.60.1.70170
274275	1.60.1.69913	1.60.1.70170
274276	1.60.1.69913	1.60.1.70170
274277	1.60.1.69913	1.60.1.70170
274278	1.60.1.69913	1.60.1.70170
274279	1.60.1.69913	1.60.1.70170
274280	1.60.1.69913	1.60.1.70170
274286	1.60.1.69913	1.60.1.70170
274287	1.60.1.69913	1.60.1.70170
274288	1.60.1.69913	1.60.1.70170
274289	1.60.1.69913	1.60.1.70170
274290	1.60.1.70124	1.60.1.70170
274291	1.60.1.70170	1.60.1.70170
274373	1.60.1.69913	1.60.1.70170
274379	1.60.1.69913	1.60.1.70170
274383	1.60.1.69913	1.60.1.70170
274384	1.60.1.69913	1.60.1.70170
274386	1.60.1.69913	1.60.1.70170
274387	1.60.1.69913	1.60.1.70170
274388	1.60.1.69913	1.60.1.70170
274389	1.60.1.69913	1.60.1.70170
274390	1.60.1.69913	1.60.1.70170
274391	1.60.1.69913	1.60.1.70170
274392	1.60.1.69913	1.60.1.70170
274393	1.60.1.69913	1.60.1.70170
274394	1.60.1.69913	1.60.1.70170
274395	1.60.1.69913	1.60.1.70170
274396	1.60.1.69913	1.60.1.70170
274398	1.60.1.69913	1.60.1.70170
274399	1.60.1.69913	1.60.1.70170
274400	1.60.1.69913	1.60.1.70170
274401	1.60.1.69913	1.60.1.70170
274408	1.60.1.69913	1.60.1.70170
274411	1.60.1.69913	1.60.1.70170
274412	1.60.1.69913	1.60.1.70170
274413	1.60.1.69913	1.60.1.70170
274414	1.60.1.69913	1.60.1.70170
274415	1.60.1.69913	1.60.1.70170
274417	1.60.1.69913	1.60.1.70170
274418	1.60.1.69913	1.60.1.70170
274419	1.60.1.69913	1.60.1.70170
274420	1.60.1.69913	1.60.1.70170
274424	1.60.1.69913	1.60.1.70170
274426	1.60.1.69913	1.60.1.70170
274429	1.60.1.69913	1.60.1.70170
274444	1.60.1.69913	1.60.1.70170
274445	1.60.1.69913	1.60.1.70170
274460	1.60.1.69913	1.60.1.70170
274461	1.60.1.69913	1.60.1.70170
274463	1.60.1.69913	1.60.1.70170
274466	1.60.1.69913	1.60.1.70170
274480	1.60.1.69913	1.60.1.70170
274483	1.60.1.69913	1.60.1.70170
274490	1.60.1.69913	1.60.1.70170
274491	1.60.1.69913	1.60.1.70170
274501	1.60.1.69913	1.60.1.70170
274517	1.60.1.70124	1.60.1.70170
274559	1.60.1.69913	1.60.1.70170
274560	1.60.1.69913	1.60.1.70170
274561	1.60.1.69913	1.60.1.70170
274562	1.60.1.69913	1.60.1.70170
274563	1.60.1.69913	1.60.1.70170
274564	1.60.1.69913	1.60.1.70170
274565	1.60.1.69913	1.60.1.70170
274566	1.60.1.69913	1.60.1.70170
274567	1.60.1.69913	1.60.1.70170
274568	1.60.1.69913	1.60.1.70170
274569	1.60.1.69913	1.60.1.70170
274570	1.60.1.69913	1.60.1.70170
274571	1.60.1.69913	1.60.1.70170
274572	1.60.1.69913	1.60.1.70170
274573	1.60.1.69913	1.60.1.70170
274586	1.60.1.69913	1.60.1.70170
274616	1.60.1.69913	1.60.1.70170
274617	1.60.1.69913	1.60.1.70170
274683	1.60.1.69913	1.60.1.70170
274684	1.60.1.69913	1.60.1.70170
274686	1.60.1.69913	1.60.1.70170
274687	1.60.1.69913	1.60.1.70170
274688	1.60.1.69913	1.60.1.70170
274689	1.60.1.69913	1.60.1.70170
274690	1.60.1.69913	1.60.1.70170
274691	1.60.1.69913	1.60.1.70170
274692	1.60.1.69913	1.60.1.70170
274693	1.60.1.69913	1.60.1.70170
274694	1.60.1.69913	1.60.1.70170
274695	1.60.1.69913	1.60.1.70170
274696	1.60.1.69913	1.60.1.70170
274697	1.60.1.69913	1.60.1.70170
274698	1.60.1.69913	1.60.1.70170
274699	1.60.1.69913	1.60.1.70170
274700	1.60.1.69913	1.60.1.70170
274701	1.60.1.69913	1.60.1.70170
274702	1.60.1.69913	1.60.1.70170
274703	1.60.1.69913	1.60.1.70170
274704	1.60.1.69913	1.60.1.70170
274706	1.60.1.69913	1.60.1.70170
274709	1.60.1.69913	1.60.1.70170
274710	1.60.1.69913	1.60.1.70170
274711	1.60.1.69913	1.60.1.70170
274712	1.60.1.69913	1.60.1.70170
274718	1.60.1.69913	1.60.1.70170
274719	1.60.1.69913	1.60.1.70170
274720	1.60.1.69913	1.60.1.70170
274721	1.60.1.69913	1.60.1.70170
274725	1.60.1.69913	1.60.1.70170
274740	1.60.1.69913	1.60.1.70170
274741	1.60.1.69913	1.60.1.70170
274742	1.60.1.69913	1.60.1.70170
274743	1.60.1.69913	1.60.1.70170
274744	1.60.1.69913	1.60.1.70170
274745	1.60.1.69913	1.60.1.70170
274746	1.60.1.69913	1.60.1.70170
274747	1.60.1.69913	1.60.1.70170
274748	1.60.1.69913	1.60.1.70170
274749	1.60.1.69913	1.60.1.70170
274750	1.60.1.69913	1.60.1.70170
274751	1.60.1.69913	1.60.1.70170
274752	1.60.1.69913	1.60.1.70170
274753	1.60.1.69913	1.60.1.70170
274754	1.60.1.69913	1.60.1.70170
274755	1.60.1.69913	1.60.1.70170
274756	1.60.1.69913	1.60.1.70170
274757	1.60.1.69913	1.60.1.70170
274758	1.60.1.69913	1.60.1.70170
274759	1.60.1.69913	1.60.1.70170
274760	1.60.1.69913	1.60.1.70170
274761	1.60.1.69913	1.60.1.70170
274776	1.60.1.69913	1.60.1.70170
274795	1.60.1.69913	1.60.1.70170
274799	1.60.1.69913	1.60.1.70170
274800	1.60.1.69913	1.60.1.70170
274895	1.60.1.69913	1.60.1.70170
274915	1.60.1.69913	1.60.1.70170
274916	1.60.1.69913	1.60.1.70170
274917	1.60.1.69913	1.60.1.70170
274918	1.60.1.69913	1.60.1.70170
274919	1.60.1.69913	1.60.1.70170
274920	1.60.1.69913	1.60.1.70170
274922	1.60.1.69913	1.60.1.70170
274926	1.60.1.69913	1.60.1.70170
274928	1.60.1.69913	1.60.1.70170
274929	1.60.1.69913	1.60.1.70170
274930	1.60.1.69913	1.60.1.70170
274933	1.60.1.69913	1.60.1.70170
274935	1.60.1.69913	1.60.1.70170
274938	1.60.1.69913	1.60.1.70170
274939	1.60.1.69913	1.60.1.70170
274940	1.60.1.69913	1.60.1.70170
274941	1.60.1.69913	1.60.1.70170
274942	1.60.1.69913	1.60.1.70170
274943	1.60.1.69913	1.60.1.70170
274944	1.60.1.69913	1.60.1.70170
274946	1.60.1.69913	1.60.1.70170
274947	1.60.1.69913	1.60.1.70170
274948	1.60.1.69913	1.60.1.70170
274949	1.60.1.69913	1.60.1.70170
274955	1.60.1.69913	1.60.1.70170
274956	1.60.1.69913	1.60.1.70170
274957	1.60.1.69913	1.60.1.70170
274958	1.60.1.69913	1.60.1.70170
274961	1.60.1.69913	1.60.1.70170
274963	1.60.1.69913	1.60.1.70170
274964	1.60.1.69913	1.60.1.70170
274966	1.60.1.69913	1.60.1.70170
274968	1.60.1.69913	1.60.1.70170
274969	1.60.1.69913	1.60.1.70170
274971	1.60.1.69913	1.60.1.70170
274972	1.60.1.69913	1.60.1.70170
274974	1.60.1.69913	1.60.1.70170
274975	1.60.1.69913	1.60.1.70170
274976	1.60.1.69913	1.60.1.70170
274977	1.60.1.69913	1.60.1.70170
274978	1.60.1.69913	1.60.1.70124
274979	1.60.1.69913	1.60.1.70170
274981	1.60.1.69913	1.60.1.70170
275019	1.60.1.69913	1.60.1.70170
275022	1.60.1.69913	1.60.1.70170
275028	1.60.1.69913	1.60.1.70170
275042	1.60.1.69913	1.60.1.70170
275043	1.60.1.69913	1.60.1.70170
275044	1.60.1.69913	1.60.1.70170
275045	1.60.1.69913	1.60.1.70170
275046	1.60.1.69913	1.60.1.70170
275049	1.60.1.69913	1.60.1.70170
275050	1.60.1.69913	1.60.1.70170
275051	1.60.1.69913	1.60.1.70170
275067	1.60.1.69913	1.60.1.70170
275069	1.60.1.69913	1.60.1.70170
275229	1.60.1.69913	1.60.1.70170
275238	1.60.1.69913	1.60.1.70170
275239	1.60.1.69913	1.60.1.70170
275240	1.60.1.69913	1.60.1.70170
275241	1.60.1.69913	1.60.1.70170
275242	1.60.1.69913	1.60.1.70170
275243	1.60.1.69913	1.60.1.70170
275244	1.60.1.69913	1.60.1.70170
275290	1.60.1.69913	1.60.1.70170
275291	1.60.1.69913	1.60.1.70170
275293	1.60.1.69913	1.60.1.70170
275296	1.60.1.69913	1.60.1.70170
275347	1.60.1.69913	1.60.1.70170
275390	1.60.1.69913	1.60.1.70170
275434	1.60.1.69913	1.60.1.70170
275437	1.60.1.69913	1.60.1.70170
275438	1.60.1.69913	1.60.1.70170
275439	1.60.1.69913	1.60.1.70170
275441	1.60.1.69913	1.60.1.70170
275443	1.60.1.69913	1.60.1.70170
275478	1.60.1.69913	1.60.1.70170
275482	1.60.1.69913	1.60.1.70170
275521	1.60.1.69913	1.60.1.70170
275580	1.60.1.69913	1.60.1.70170
275581	1.60.1.69913	1.60.1.70170
275582	1.60.1.69913	1.60.1.70170
275583	1.60.1.69913	1.60.1.70170
275584	1.60.1.69913	1.60.1.70170
275585	1.60.1.69913	1.60.1.70170
275586	1.60.1.69913	1.60.1.70170
275587	1.60.1.69913	1.60.1.70170
275588	1.60.1.69913	1.60.1.70170
275589	1.60.1.69913	1.60.1.70170
275590	1.60.1.69913	1.60.1.70170
275591	1.60.1.69913	1.60.1.70170
275592	1.60.1.69913	1.60.1.70170
275593	1.60.1.69913	1.60.1.70170
275594	1.60.1.69913	1.60.1.70170
275595	1.60.1.69913	1.60.1.70170
275596	1.60.1.69913	1.60.1.70170
275597	1.60.1.69913	1.60.1.70170
275598	1.60.1.69913	1.60.1.70170
275599	1.60.1.69913	1.60.1.70170
275600	1.60.1.69913	1.60.1.70170
275601	1.60.1.69913	1.60.1.70170
275602	1.60.1.69913	1.60.1.70170
275603	1.60.1.69913	1.60.1.70170
275604	1.60.1.69913	1.60.1.70170
275605	1.60.1.69913	1.60.1.70170
275606	1.60.1.69913	1.60.1.70170
275607	1.60.1.69913	1.60.1.70170
275608	1.60.1.69913	1.60.1.70170
275609	1.60.1.69913	1.60.1.70170
275610	1.60.1.69913	1.60.1.70170
275611	1.60.1.69913	1.60.1.70170
275612	1.60.1.69913	1.60.1.70170
275613	1.60.1.69913	1.60.1.70170
275614	1.60.1.69913	1.60.1.70170
275615	1.60.1.69913	1.60.1.70170
275616	1.60.1.69913	1.60.1.70170
275617	1.60.1.69913	1.60.1.70170
275618	1.60.1.69913	1.60.1.70170
275619	1.60.1.69913	1.60.1.70170
275620	1.60.1.69913	1.60.1.70170
275621	1.60.1.69913	1.60.1.70170
275622	1.60.1.69913	1.60.1.70170
275623	1.60.1.69913	1.60.1.70170
275624	1.60.1.69913	1.60.1.70170
275625	1.60.1.69913	1.60.1.70170
275626	1.60.1.69913	1.60.1.70170
275627	1.60.1.69913	1.60.1.70170
275630	1.60.1.69913	1.60.1.70170
275633	1.60.1.69913	1.60.1.70170
275635	1.60.1.69913	1.60.1.70170
275636	1.60.1.69913	1.60.1.70170
275642	1.60.1.69913	1.60.1.70170
275645	1.60.1.69913	1.60.1.70170
275646	1.60.1.69913	1.60.1.70170
275647	1.60.1.69913	1.60.1.70170
275648	1.60.1.69913	1.60.1.70170
275649	1.60.1.69913	1.60.1.70170
275666	1.60.1.69913	1.60.1.70170
275668	1.60.1.69913	1.60.1.70170
275669	1.60.1.69913	1.60.1.70170
275671	1.60.1.69913	1.60.1.70170
275682	1.60.1.69913	1.60.1.70170
275685	1.60.1.69913	1.60.1.70170
275688	1.60.1.69913	1.60.1.70170
275698	1.60.1.69913	1.60.1.70170
275700	1.60.1.69913	1.60.1.70170
275701	1.60.1.69913	1.60.1.70170
275706	1.60.1.69913	1.60.1.70170
275708	1.60.1.69913	1.60.1.70170
275709	1.60.1.69913	1.60.1.70170
275711	1.60.1.69913	1.60.1.70170
275713	1.60.1.69913	1.60.1.70170
275715	1.60.1.69913	1.60.1.70170
275716	1.60.1.69913	1.60.1.70170
275717	1.60.1.69913	1.60.1.70170
275718	1.60.1.69913	1.60.1.70170
275719	1.60.1.69913	1.60.1.70170
275720	1.60.1.69913	1.60.1.70170
275722	1.60.1.69913	1.60.1.70170
275723	1.60.1.69913	1.60.1.70170
275724	1.60.1.69913	1.60.1.70170
275729	1.60.1.69913	1.60.1.70170
275730	1.60.1.69913	1.60.1.70170
275736	1.60.1.69913	1.60.1.70170
275737	1.60.1.69913	1.60.1.70170
275738	1.60.1.69913	1.60.1.70170
275739	1.60.1.69913	1.60.1.70170
275740	1.60.1.69913	1.60.1.70170
275741	1.60.1.69913	1.60.1.70170
275742	1.60.1.69913	1.60.1.70170
275824	1.60.1.69913	1.60.1.70170
275827	1.60.1.69913	1.60.1.70170
275831	1.60.1.69913	1.60.1.70170
275832	1.60.1.69913	1.60.1.70170
275833	1.60.1.69913	1.60.1.70170
275836	1.60.1.69913	1.60.1.70170
275837	1.60.1.69913	1.60.1.70170
275838	1.60.1.69913	1.60.1.70170
275842	1.60.1.69913	1.60.1.70170
275843	1.60.1.69913	1.60.1.70170
275851	1.60.1.69913	1.60.1.70170
275882	1.60.1.69913	1.60.1.70170
275891	1.60.1.69913	1.60.1.70170
275892	1.60.1.69913	1.60.1.70170
275893	1.60.1.69913	1.60.1.70170
275894	1.60.1.69913	1.60.1.70170
275895	1.60.1.69913	1.60.1.70170
275903	1.60.1.69913	1.60.1.70170
275916	1.60.1.69913	1.60.1.70170
275927	1.60.1.69913	1.60.1.70170
275929	1.60.1.69913	1.60.1.70170
275939	1.60.1.69913	1.60.1.70170
275940	1.60.1.69913	1.60.1.70170
275957	1.60.1.69913	1.60.1.70170
275958	1.60.1.69913	1.60.1.70170
275968	1.60.1.69913	1.60.1.70170
275969	1.60.1.69913	1.60.1.70170
275970	1.60.1.69913	1.60.1.70170
275971	1.60.1.69913	1.60.1.70170
275972	1.60.1.69913	1.60.1.70170
275973	1.60.1.69913	1.60.1.70170
275974	1.60.1.69913	1.60.1.70170
275975	1.60.1.69913	1.60.1.70170
275976	1.60.1.69913	1.60.1.70170
275977	1.60.1.69913	1.60.1.70170
275979	1.60.1.69913	1.60.1.70170
275980	1.60.1.69913	1.60.1.70170
275981	1.60.1.69913	1.60.1.70170
275982	1.60.1.69913	1.60.1.70170
275983	1.60.1.69913	1.60.1.70170
275984	1.60.1.69913	1.60.1.70170
275985	1.60.1.69913	1.60.1.70170
275989	1.60.1.69913	1.60.1.70170
275991	1.60.1.69913	1.60.1.70170
275993	1.60.1.69913	1.60.1.70170
275994	1.60.1.69913	1.60.1.70170
275996	1.60.1.69913	1.60.1.70170
275997	1.60.1.69913	1.60.1.70170
275998	1.60.1.69913	1.60.1.70170
276063	1.60.1.69913	1.60.1.70170
276064	1.60.1.69913	1.60.1.70170
276065	1.60.1.69913	1.60.1.70170
276066	1.60.1.69913	1.60.1.70170
276067	1.60.1.69913	1.60.1.70170
276068	1.60.1.69913	1.60.1.70170
276070	1.60.1.69913	1.60.1.70170
276087	1.60.1.69913	1.60.1.70170
276088	1.60.1.69913	1.60.1.70170
276099	1.60.1.69913	1.60.1.70170
276100	1.60.1.69913	1.60.1.70170
276101	1.60.1.69913	1.60.1.70170
276102	1.60.1.69913	1.60.1.70170
276105	1.60.1.69913	1.60.1.70170
276145	1.60.1.69913	1.60.1.70170
276158	1.60.1.69913	1.60.1.70170
276160	1.60.1.69913	1.60.1.70170
276199	1.60.1.69913	1.60.1.70170
276200	1.60.1.69913	1.60.1.70170
276201	1.60.1.69913	1.60.1.70170
276202	1.60.1.69913	1.60.1.70170
276203	1.60.1.69913	1.60.1.70170
276204	1.60.1.69913	1.60.1.70170
276235	1.60.1.69913	1.60.1.70170
276236	1.60.1.69913	1.60.1.70170
276242	1.60.1.69913	1.60.1.70170
276271	1.60.1.69913	1.60.1.70170
276272	1.60.1.69913	1.60.1.70170
276273	1.60.1.69913	1.60.1.70170
276274	1.60.1.69913	1.60.1.70170
276275	1.60.1.69913	1.60.1.70170
276278	1.60.1.69913	1.60.1.70170
276279	1.60.1.69913	1.60.1.70170
276280	1.60.1.69913	1.60.1.70170
276332	1.60.1.69913	1.60.1.70170
276333	1.60.1.69913	1.60.1.70170
276334	1.60.1.69913	1.60.1.70170
276335	1.60.1.69913	1.60.1.70170
276336	1.60.1.69913	1.60.1.70170
276337	1.60.1.69913	1.60.1.70170
276338	1.60.1.69913	1.60.1.70170
276339	1.60.1.69913	1.60.1.70170
276340	1.60.1.69913	1.60.1.70170
276341	1.60.1.69913	1.60.1.70170
276423	1.60.1.69913	1.60.1.70170
276467	1.60.1.69913	1.60.1.70170
276468	1.60.1.69913	1.60.1.70170
276469	1.60.1.69913	1.60.1.70170
276471	1.60.1.69913	1.60.1.70170
276472	1.60.1.69913	1.60.1.70170
276473	1.60.1.69913	1.60.1.70170
276474	1.60.1.69913	1.60.1.70170
276502	1.60.1.69913	1.60.1.70170
276504	1.60.1.69913	1.60.1.70170
276538	1.60.1.69913	1.60.1.70170
276539	1.60.1.69913	1.60.1.70170
276540	1.60.1.69913	1.60.1.70170
276541	1.60.1.69913	1.60.1.70170
276542	1.60.1.69913	1.60.1.70170
276543	1.60.1.69913	1.60.1.70170
276544	1.60.1.69913	1.60.1.70170
276545	1.60.1.69913	1.60.1.70170
276561	1.60.1.69913	1.60.1.70170
276614	1.60.1.69913	1.60.1.70170
276631	1.60.1.69913	1.60.1.70170
276637	1.60.1.69913	1.60.1.70170
276685	1.60.1.69913	1.60.1.70170
276686	1.60.1.69913	1.60.1.70170
276694	1.60.1.69913	1.60.1.70170
276695	1.60.1.69913	1.60.1.70170
276719	1.60.1.69913	1.60.1.70170
276720	1.60.1.69913	1.60.1.70170
276721	1.60.1.69913	1.60.1.70170
276722	1.60.1.69913	1.60.1.70170
276723	1.60.1.69913	1.60.1.70170
276724	1.60.1.69913	1.60.1.70170
276725	1.60.1.69913	1.60.1.70170
276727	1.60.1.69913	1.60.1.70170
276754	1.60.1.69913	1.60.1.70170
276765	1.60.1.69913	1.60.1.70124
276782	1.60.1.69913	1.60.1.70170
276783	1.60.1.69913	1.60.1.70170
276784	1.60.1.69913	1.60.1.70170
276785	1.60.1.69913	1.60.1.70170
276886	1.60.1.69913	1.60.1.70170
276887	1.60.1.69913	1.60.1.70170
276888	1.60.1.69913	1.60.1.70170
276889	1.60.1.69913	1.60.1.70170
276890	1.60.1.69913	1.60.1.70170
276891	1.60.1.69913	1.60.1.70170
276892	1.60.1.69913	1.60.1.70170
276893	1.60.1.69913	1.60.1.70170
276894	1.60.1.69913	1.60.1.70170
276895	1.60.1.69913	1.60.1.70170
276896	1.60.1.69913	1.60.1.70170
276897	1.60.1.69913	1.60.1.70170
276898	1.60.1.69913	1.60.1.70170
276899	1.60.1.69913	1.60.1.70170
276900	1.60.1.69913	1.60.1.70170
276901	1.60.1.69913	1.60.1.70170
276902	1.60.1.69913	1.60.1.70170
276903	1.60.1.69913	1.60.1.70170
276904	1.60.1.69913	1.60.1.70170
276909	1.60.1.69913	1.60.1.70170
276916	1.60.1.69913	1.60.1.70170
276928	1.60.1.69913	1.60.1.70170
276929	1.60.1.69913	1.60.1.70170
276930	1.60.1.69913	1.60.1.70170
276931	1.60.1.69913	1.60.1.70170
276932	1.60.1.69913	1.60.1.70170
276933	1.60.1.69913	1.60.1.70170
276934	1.60.1.69913	1.60.1.70170
276935	1.60.1.69913	1.60.1.70170
276936	1.60.1.69913	1.60.1.70170
276937	1.60.1.69913	1.60.1.70170
276938	1.60.1.69913	1.60.1.70170
276939	1.60.1.69913	1.60.1.70170
276940	1.60.1.69913	1.60.1.70170
276941	1.60.1.69913	1.60.1.70170
276942	1.60.1.69913	1.60.1.70170
276943	1.60.1.69913	1.60.1.70170
276944	1.60.1.69913	1.60.1.70170
276945	1.60.1.69913	1.60.1.70170
276946	1.60.1.69913	1.60.1.70170
276947	1.60.1.69913	1.60.1.70170
276948	1.60.1.69913	1.60.1.70170
276949	1.60.1.69913	1.60.1.70170
276950	1.60.1.69913	1.60.1.70170
276951	1.60.1.69913	1.60.1.70170
276952	1.60.1.69913	1.60.1.70170
276953	1.60.1.69913	1.60.1.70170
276954	1.60.1.69913	1.60.1.70170
276955	1.60.1.69913	1.60.1.70170
276956	1.60.1.69913	1.60.1.70170
276957	1.60.1.69913	1.60.1.70170
276958	1.60.1.69913	1.60.1.70170
276959	1.60.1.69913	1.60.1.70170
276960	1.60.1.69913	1.60.1.70170
276961	1.60.1.69913	1.60.1.70170
276962	1.60.1.69913	1.60.1.70170
276963	1.60.1.69913	1.60.1.70170
276964	1.60.1.69913	1.60.1.70170
276965	1.60.1.69913	1.60.1.70170
276966	1.60.1.69913	1.60.1.70170
276967	1.60.1.69913	1.60.1.70170
276968	1.60.1.69913	1.60.1.70170
276969	1.60.1.69913	1.60.1.70170
276970	1.60.1.69913	1.60.1.70170
276971	1.60.1.69913	1.60.1.70170
276972	1.60.1.69913	1.60.1.70170
276973	1.60.1.69913	1.60.1.70170
276974	1.60.1.69913	1.60.1.70170
276975	1.60.1.69913	1.60.1.70170
276976	1.60.1.69913	1.60.1.70170
276977	1.60.1.69913	1.60.1.70170
276978	1.60.1.69913	1.60.1.70170
276979	1.60.1.69913	1.60.1.70170
276980	1.60.1.69913	1.60.1.70170
276981	1.60.1.69913	1.60.1.70170
276982	1.60.1.69913	1.60.1.70170
276983	1.60.1.69913	1.60.1.70170
276984	1.60.1.69913	1.60.1.70170
276985	1.60.1.69913	1.60.1.70170
276986	1.60.1.69913	1.60.1.70170
276987	1.60.1.69913	1.60.1.70170
276988	1.60.1.69913	1.60.1.70170
276989	1.60.1.69913	1.60.1.70170
276990	1.60.1.69913	1.60.1.70170
276991	1.60.1.69913	1.60.1.70170
276992	1.60.1.69913	1.60.1.70170
276993	1.60.1.69913	1.60.1.70170
276994	1.60.1.69913	1.60.1.70170
276995	1.60.1.69913	1.60.1.70170
276996	1.60.1.69913	1.60.1.70170
276997	1.60.1.69913	1.60.1.70170
276998	1.60.1.69913	1.60.1.70170
276999	1.60.1.69913	1.60.1.70170
277000	1.60.1.69913	1.60.1.70170
277001	1.60.1.69913	1.60.1.70170
277002	1.60.1.69913	1.60.1.70170
277003	1.60.1.69913	1.60.1.70170
277004	1.60.1.69913	1.60.1.70170
277005	1.60.1.69913	1.60.1.70170
277006	1.60.1.69913	1.60.1.70170
277007	1.60.1.69913	1.60.1.70170
277008	1.60.1.69913	1.60.1.70170
277009	1.60.1.69913	1.60.1.70170
277010	1.60.1.69913	1.60.1.70170
277011	1.60.1.69913	1.60.1.70170
277012	1.60.1.69913	1.60.1.70170
277013	1.60.1.69913	1.60.1.70170
277014	1.60.1.69913	1.60.1.70170
277015	1.60.1.69913	1.60.1.70170
277016	1.60.1.69913	1.60.1.70170
277017	1.60.1.69913	1.60.1.70170
277018	1.60.1.69913	1.60.1.70170
277019	1.60.1.69913	1.60.1.70170
277020	1.60.1.69913	1.60.1.70170
277021	1.60.1.69913	1.60.1.70170
277022	1.60.1.69913	1.60.1.70170
277023	1.60.1.69913	1.60.1.70170
277024	1.60.1.69913	1.60.1.70170
277025	1.60.1.69913	1.60.1.70170
277026	1.60.1.69913	1.60.1.70170
277027	1.60.1.69913	1.60.1.70170
277028	1.60.1.69913	1.60.1.70170
277029	1.60.1.69913	1.60.1.70170
277030	1.60.1.69913	1.60.1.70170
277031	1.60.1.69913	1.60.1.70170
277032	1.60.1.69913	1.60.1.70170
277033	1.60.1.69913	1.60.1.70170
277034	1.60.1.69913	1.60.1.70170
277035	1.60.1.69913	1.60.1.70170
277036	1.60.1.69913	1.60.1.70170
277037	1.60.1.69913	1.60.1.70170
277038	1.60.1.69913	1.60.1.70170
277039	1.60.1.69913	1.60.1.70170
277040	1.60.1.69913	1.60.1.70170
277041	1.60.1.69913	1.60.1.70170
277042	1.60.1.69913	1.60.1.70170
277043	1.60.1.69913	1.60.1.70170
277044	1.60.1.69913	1.60.1.70170
277045	1.60.1.69913	1.60.1.70170
277046	1.60.1.69913	1.60.1.70170
277047	1.60.1.69913	1.60.1.70170
277048	1.60.1.69913	1.60.1.70170
277049	1.60.1.69913	1.60.1.70170
277050	1.60.1.69913	1.60.1.70170
277051	1.60.1.69913	1.60.1.70170
277052	1.60.1.69913	1.60.1.70170
277053	1.60.1.69913	1.60.1.70170
277054	1.60.1.69913	1.60.1.70170
277055	1.60.1.69913	1.60.1.70170
277056	1.60.1.69913	1.60.1.70170
277057	1.60.1.69913	1.60.1.70170
277058	1.60.1.69913	1.60.1.70170
277059	1.60.1.69913	1.60.1.70170
277060	1.60.1.69913	1.60.1.70170
277061	1.60.1.69913	1.60.1.70170
277062	1.60.1.69913	1.60.1.70170
277063	1.60.1.69913	1.60.1.70170
277064	1.60.1.69913	1.60.1.70170
277065	1.60.1.69913	1.60.1.70170
277066	1.60.1.69913	1.60.1.70170
277067	1.60.1.69913	1.60.1.70170
277068	1.60.1.69913	1.60.1.70170
277069	1.60.1.69913	1.60.1.70170
277070	1.60.1.69913	1.60.1.70170
277071	1.60.1.69913	1.60.1.70170
277072	1.60.1.69913	1.60.1.70170
277073	1.60.1.69913	1.60.1.70170
277074	1.60.1.69913	1.60.1.70170
277075	1.60.1.69913	1.60.1.70170
277076	1.60.1.69913	1.60.1.70170
277077	1.60.1.69913	1.60.1.70170
277078	1.60.1.69913	1.60.1.70170
277079	1.60.1.69913	1.60.1.70170
277080	1.60.1.69913	1.60.1.70170
277081	1.60.1.69913	1.60.1.70170
277082	1.60.1.69913	1.60.1.70170
277083	1.60.1.69913	1.60.1.70170
277084	1.60.1.69913	1.60.1.70170
277085	1.60.1.69913	1.60.1.70170
277086	1.60.1.69913	1.60.1.70170
277087	1.60.1.69913	1.60.1.70170
277088	1.60.1.69913	1.60.1.70170
277089	1.60.1.69913	1.60.1.70170
277090	1.60.1.69913	1.60.1.70170
277091	1.60.1.69913	1.60.1.70170
277092	1.60.1.69913	1.60.1.70170
277093	1.60.1.69913	1.60.1.70170
277094	1.60.1.69913	1.60.1.70170
277095	1.60.1.69913	1.60.1.70170
277096	1.60.1.69913	1.60.1.70170
277097	1.60.1.69913	1.60.1.70170
277098	1.60.1.69913	1.60.1.70170
277099	1.60.1.69913	1.60.1.70170
277100	1.60.1.69913	1.60.1.70170
277101	1.60.1.69913	1.60.1.70170
277102	1.60.1.69913	1.60.1.70170
277103	1.60.1.69913	1.60.1.70170
277104	1.60.1.69913	1.60.1.70170
277105	1.60.1.69913	1.60.1.70170
277106	1.60.1.69913	1.60.1.70170
277107	1.60.1.69913	1.60.1.70170
277108	1.60.1.69913	1.60.1.70170
277109	1.60.1.69913	1.60.1.70170
277110	1.60.1.69913	1.60.1.70170
277111	1.60.1.69913	1.60.1.70170
277112	1.60.1.69913	1.60.1.70170
277113	1.60.1.69913	1.60.1.70170
277114	1.60.1.69913	1.60.1.70170
277115	1.60.1.69913	1.60.1.70170
277119	1.60.1.69913	1.60.1.70170
277128	1.60.1.69913	1.60.1.70170
277129	1.60.1.69913	1.60.1.70170
277132	1.60.1.69913	1.60.1.70170
277135	1.60.1.69913	1.60.1.70170
277136	1.60.1.69913	1.60.1.70170
277140	1.60.1.69913	1.60.1.70170
277153	1.60.1.69913	1.60.1.70170
277154	1.60.1.69913	1.60.1.70170
277158	1.60.1.69913	1.60.1.70170
277172	1.60.1.69913	1.60.1.70170
277174	1.60.1.69913	1.60.1.70170
277175	1.60.1.69913	1.60.1.70170
277178	1.60.1.69913	1.60.1.70170
277179	1.60.1.69913	1.60.1.70170
277190	1.60.1.69913	1.60.1.70170
277194	1.60.1.69913	1.60.1.70170
277195	1.60.1.69913	1.60.1.70170
277196	1.60.1.69913	1.60.1.70170
277197	1.60.1.69913	1.60.1.70170
277198	1.60.1.69913	1.60.1.70170
277199	1.60.1.69913	1.60.1.70170
277200	1.60.1.69913	1.60.1.70170
277202	1.60.1.69913	1.60.1.70170
277203	1.60.1.69913	1.60.1.70170
277204	1.60.1.69913	1.60.1.70170
277205	1.60.1.69913	1.60.1.70170
277206	1.60.1.69913	1.60.1.70170
277207	1.60.1.69913	1.60.1.70170
277208	1.60.1.69913	1.60.1.70170
277209	1.60.1.69913	1.60.1.70170
277210	1.60.1.69913	1.60.1.70170
277211	1.60.1.69913	1.60.1.70170
277212	1.60.1.69913	1.60.1.70170
277213	1.60.1.70009	1.60.1.70170
277214	1.60.1.69913	1.60.1.70170
277215	1.60.1.69913	1.60.1.70170
277216	1.60.1.69913	1.60.1.70170
277217	1.60.1.69913	1.60.1.70170
277218	1.60.1.69913	1.60.1.70170
277219	1.60.1.69913	1.60.1.70170
277220	1.60.1.69913	1.60.1.70170
277221	1.60.1.69913	1.60.1.70170
277222	1.60.1.69913	1.60.1.70170
277223	1.60.1.69913	1.60.1.70170
277224	1.60.1.69913	1.60.1.70170
277225	1.60.1.69913	1.60.1.70170
277226	1.60.1.69913	1.60.1.70170
277227	1.60.1.69913	1.60.1.70170
277228	1.60.1.69913	1.60.1.70170
277229	1.60.1.69913	1.60.1.70170
277230	1.60.1.69913	1.60.1.70170
277231	1.60.1.69913	1.60.1.70170
277232	1.60.1.69913	1.60.1.70170
277233	1.60.1.69913	1.60.1.70170
277234	1.60.1.69913	1.60.1.70170
277235	1.60.1.69913	1.60.1.70170
277236	1.60.1.69913	1.60.1.70170
277237	1.60.1.69913	1.60.1.70170
277238	1.60.1.69913	1.60.1.70170
277239	1.60.1.69913	1.60.1.70170
277240	1.60.1.69913	1.60.1.70170
277241	1.60.1.69913	1.60.1.70170
277242	1.60.1.69913	1.60.1.70170
277243	1.60.1.69913	1.60.1.70170
277244	1.60.1.69913	1.60.1.70170
277245	1.60.1.69913	1.60.1.70170
277246	1.60.1.69913	1.60.1.70170
277247	1.60.1.69913	1.60.1.70170
277248	1.60.1.69913	1.60.1.70170
277250	1.60.1.69913	1.60.1.70170
277253	1.60.1.69913	1.60.1.70170
277254	1.60.1.69913	1.60.1.70170
277255	1.60.1.69913	1.60.1.70170
277256	1.60.1.69913	1.60.1.70170
277257	1.60.1.69913	1.60.1.70170
277258	1.60.1.69913	1.60.1.70170
277259	1.60.1.69913	1.60.1.70170
277260	1.60.1.69913	1.60.1.70170
277267	1.60.1.69913	1.60.1.70170
277269	1.60.1.69913	1.60.1.70170
277277	1.60.1.69913	1.60.1.70170
277278	1.60.1.69913	1.60.1.70170
277279	1.60.1.69913	1.60.1.70170
277284	1.60.1.69913	1.60.1.70170
277286	1.60.1.69913	1.60.1.70170
277288	1.60.1.69913	1.60.1.70170
277289	1.60.1.69913	1.60.1.70170
277329	1.60.1.69913	1.60.1.70170
277331	1.60.1.69913	1.60.1.70170
277332	1.60.1.69913	1.60.1.70170
277470	1.60.1.69913	1.60.1.70170
277483	1.60.1.69913	1.60.1.70170
277484	1.60.1.69913	1.60.1.70170
277485	1.60.1.69913	1.60.1.70170
277486	1.60.1.69913	1.60.1.70170
277487	1.60.1.69913	1.60.1.70170
277488	1.60.1.69913	1.60.1.70170
277489	1.60.1.69913	1.60.1.70170
277490	1.60.1.69913	1.60.1.70170
277491	1.60.1.69913	1.60.1.70170
277492	1.60.1.69913	1.60.1.70170
277493	1.60.1.69913	1.60.1.70170
277494	1.60.1.69913	1.60.1.70170
277495	1.60.1.69913	1.60.1.70170
277496	1.60.1.69913	1.60.1.70170
277497	1.60.1.69913	1.60.1.70170
277498	1.60.1.69913	1.60.1.70170
277499	1.60.1.69913	1.60.1.70170
277500	1.60.1.69913	1.60.1.70170
277501	1.60.1.69913	1.60.1.70170
277502	1.60.1.69913	1.60.1.70170
277503	1.60.1.69913	1.60.1.70170
277504	1.60.1.69913	1.60.1.70170
277505	1.60.1.69913	1.60.1.70170
277507	1.60.1.69913	1.60.1.70170
277508	1.60.1.69913	1.60.1.70170
277514	1.60.1.69913	1.60.1.70170
277515	1.60.1.69913	1.60.1.70170
277518	1.60.1.69913	1.60.1.70170
277519	1.60.1.69913	1.60.1.70170
277533	1.60.1.69913	1.60.1.70170
277534	1.60.1.69913	1.60.1.70170
277555	1.60.1.69913	1.60.1.70170
277566	1.60.1.69913	1.60.1.70170
277648	1.60.1.69913	1.60.1.70170
277649	1.60.1.69913	1.60.1.70170
277651	1.60.1.69913	1.60.1.70170
277653	1.60.1.69913	1.60.1.70170
277661	1.60.1.69913	1.60.1.70170
277665	1.60.1.69913	1.60.1.70170
277672	1.60.1.69913	1.60.1.70170
277673	1.60.1.69913	1.60.1.70170
277714	1.60.1.69913	1.60.1.70170
277715	1.60.1.69913	1.60.1.70170
277716	1.60.1.69913	1.60.1.70170
277717	1.60.1.69913	1.60.1.70170
277718	1.60.1.69913	1.60.1.70170
277844	1.60.1.69913	1.60.1.70170
277845	1.60.1.69913	1.60.1.70170
277910	1.60.1.69913	1.60.1.70170
277915	1.60.1.69913	1.60.1.70170
277917	1.60.1.69913	1.60.1.70170
277936	1.60.1.69913	1.60.1.70170
277950	1.60.1.69913	1.60.1.70170
277952	1.60.1.69913	1.60.1.70170
277953	1.60.1.69913	1.60.1.70170
277957	1.60.1.69913	1.60.1.70170
277958	1.60.1.69913	1.60.1.70170
277959	1.60.1.69913	1.60.1.70170
277960	1.60.1.69913	1.60.1.70170
277972	1.60.1.69913	1.60.1.70170
277973	1.60.1.69913	1.60.1.70170
277974	1.60.1.69913	1.60.1.70170
277976	1.60.1.69913	1.60.1.70170
277977	1.60.1.69913	1.60.1.70170
277979	1.60.1.69913	1.60.1.70170
277980	1.60.1.69913	1.60.1.70170
277981	1.60.1.69913	1.60.1.70170
277986	1.60.1.69913	1.60.1.70170
277988	1.60.1.69913	1.60.1.70170
278002	1.60.1.69913	1.60.1.70170
278017	1.60.1.69913	1.60.1.70170
278018	1.60.1.69913	1.60.1.70170
278019	1.60.1.69913	1.60.1.70170
278029	1.60.1.69913	1.60.1.70170
278030	1.60.1.69913	1.60.1.70170
278049	1.60.1.69913	1.60.1.70170
278051	1.60.1.69913	1.60.1.70170
278066	1.60.1.69913	1.60.1.70170
278069	1.60.1.69913	1.60.1.70170
278078	1.60.1.69913	1.60.1.70170
278079	1.60.1.69913	1.60.1.70170
278080	1.60.1.69913	1.60.1.70170
278081	1.60.1.69913	1.60.1.70170
278083	1.60.1.69913	1.60.1.70170
278091	1.60.1.69913	1.60.1.70170
278097	1.60.1.69913	1.60.1.70170
278098	1.60.1.69913	1.60.1.70170
278117	1.60.1.69913	1.60.1.70170
278118	1.60.1.69913	1.60.1.70170
278119	1.60.1.69913	1.60.1.70170
278120	1.60.1.69913	1.60.1.70170
278121	1.60.1.69913	1.60.1.70170
278122	1.60.1.69913	1.60.1.70170
278157	1.60.1.69913	1.60.1.70170
278158	1.60.1.69913	1.60.1.70170
278159	1.60.1.69913	1.60.1.70170
278160	1.60.1.69913	1.60.1.70170
278161	1.60.1.69913	1.60.1.70170
278162	1.60.1.69913	1.60.1.70170
278186	1.60.1.69913	1.60.1.70170
278191	1.60.1.69913	1.60.1.70170
278194	1.60.1.69913	1.60.1.70170
278201	1.60.1.69913	1.60.1.70170
278225	1.60.1.69913	1.60.1.70170
278242	1.60.1.69913	1.60.1.70170
278243	1.60.1.69913	1.60.1.70170
278244	1.60.1.69913	1.60.1.70170
278265	1.60.1.69913	1.60.1.70170
278398	1.60.1.69913	1.60.1.70170
278402	1.60.1.69913	1.60.1.70170
278403	1.60.1.69913	1.60.1.70170
278404	1.60.1.69913	1.60.1.70170
278423	1.60.1.69913	1.60.1.70170
278462	1.60.1.69913	1.60.1.70170
278468	1.60.1.69913	1.60.1.70170
278469	1.60.1.69913	1.60.1.70170
278515	1.60.1.69913	1.60.1.70170
278543	1.60.1.69913	1.60.1.70170
278569	1.60.1.69913	1.60.1.70170
278744	1.60.1.69913	1.60.1.70170
278796	1.60.1.69913	1.60.1.70170
278797	1.60.1.69913	1.60.1.70170
278836	1.60.1.69913	1.60.1.70170
278868	1.60.1.69913	1.60.1.70170
279020	1.60.1.69913	1.60.1.70170
279023	1.60.1.69913	1.60.1.70170
279024	1.60.1.69913	1.60.1.70170
279025	1.60.1.69913	1.60.1.70170
279026	1.60.1.69913	1.60.1.70170
279028	1.60.1.69913	1.60.1.70170
279029	1.60.1.69913	1.60.1.70170
279030	1.60.1.69913	1.60.1.70170
279031	1.60.1.69913	1.60.1.70170
279032	1.60.1.69913	1.60.1.70170
279033	1.60.1.69913	1.60.1.70170
279034	1.60.1.69913	1.60.1.70170
279035	1.60.1.69913	1.60.1.70170
279036	1.60.1.69913	1.60.1.70170
279037	1.60.1.69913	1.60.1.70170
279038	1.60.1.69913	1.60.1.70170
279039	1.60.1.69913	1.60.1.70170
279040	1.60.1.69913	1.60.1.70170
279041	1.60.1.69913	1.60.1.70170
279042	1.60.1.69913	1.60.1.70170
279045	1.60.1.69913	1.60.1.70170
279046	1.60.1.69913	1.60.1.70170
279048	1.60.1.69913	1.60.1.70170
279082	1.60.1.69913	1.60.1.70170
279171	1.60.1.69913	1.60.1.70170
279173	1.60.1.69913	1.60.1.70170
279174	1.60.1.69913	1.60.1.70170
279175	1.60.1.69913	1.60.1.70170
279176	1.60.1.69913	1.60.1.70170
279177	1.60.1.69913	1.60.1.70170
279178	1.60.1.69913	1.60.1.70170
279179	1.60.1.69913	1.60.1.70170
279180	1.60.1.69913	1.60.1.70170
279181	1.60.1.69913	1.60.1.70170
279182	1.60.1.69913	1.60.1.70170
279186	1.60.1.69913	1.60.1.70170
279215	1.60.1.69913	1.60.1.70170
279225	1.60.1.69913	1.60.1.70170
279229	1.60.1.69913	1.60.1.70170
279246	1.60.1.69913	1.60.1.70170
279247	1.60.1.69913	1.60.1.70170
279248	1.60.1.69913	1.60.1.70170
279249	1.60.1.69913	1.60.1.70170
279250	1.60.1.69913	1.60.1.70170
279251	1.60.1.69913	1.60.1.70170
279252	1.60.1.69913	1.60.1.70170
279253	1.60.1.69913	1.60.1.70170
279254	1.60.1.69913	1.60.1.70170
279255	1.60.1.69913	1.60.1.70170
279256	1.60.1.69913	1.60.1.70170
279257	1.60.1.69913	1.60.1.70170
279258	1.60.1.69913	1.60.1.70170
279259	1.60.1.69913	1.60.1.70170
279260	1.60.1.69913	1.60.1.70170
279261	1.60.1.69913	1.60.1.70170
279262	1.60.1.69913	1.60.1.70170
279263	1.60.1.69913	1.60.1.70170
279264	1.60.1.69913	1.60.1.70170
279265	1.60.1.69913	1.60.1.70170
279266	1.60.1.69913	1.60.1.70170
279267	1.60.1.69913	1.60.1.70170
279268	1.60.1.69913	1.60.1.70170
279269	1.60.1.69913	1.60.1.70170
279270	1.60.1.69913	1.60.1.70170
279271	1.60.1.69913	1.60.1.70170
279272	1.60.1.69913	1.60.1.70170
279273	1.60.1.69913	1.60.1.70170
279274	1.60.1.69913	1.60.1.70170
279275	1.60.1.69913	1.60.1.70170
279276	1.60.1.69913	1.60.1.70170
279277	1.60.1.69913	1.60.1.70170
279279	1.60.1.69913	1.60.1.70170
279291	1.60.1.69913	1.60.1.70170
279295	1.60.1.69913	1.60.1.70170
279296	1.60.1.69913	1.60.1.70170
279297	1.60.1.69913	1.60.1.70170
279298	1.60.1.69913	1.60.1.70170
279299	1.60.1.69913	1.60.1.70170
279300	1.60.1.69913	1.60.1.70170
279301	1.60.1.69913	1.60.1.70170
279302	1.60.1.69913	1.60.1.70170
279303	1.60.1.69913	1.60.1.70170
279304	1.60.1.69913	1.60.1.70170
279305	1.60.1.69913	1.60.1.70170
279306	1.60.1.69913	1.60.1.70170
279307	1.60.1.69913	1.60.1.70170
279308	1.60.1.69913	1.60.1.70170
279309	1.60.1.69913	1.60.1.70170
279310	1.60.1.69913	1.60.1.70170
279311	1.60.1.69913	1.60.1.70170
279312	1.60.1.69913	1.60.1.70170
279313	1.60.1.69913	1.60.1.70170
279314	1.60.1.69913	1.60.1.70170
279315	1.60.1.69913	1.60.1.70170
279316	1.60.1.69913	1.60.1.70170
279317	1.60.1.69913	1.60.1.70170
279318	1.60.1.69913	1.60.1.70170
279319	1.60.1.69913	1.60.1.70170
279320	1.60.1.69913	1.60.1.70170
279321	1.60.1.69913	1.60.1.70170
279322	1.60.1.69913	1.60.1.70170
279331	1.60.1.69913	1.60.1.70170
279378	1.60.1.69913	1.60.1.70170
279379	1.60.1.69913	1.60.1.70170
279380	1.60.1.69913	1.60.1.70170
279383	1.60.1.69913	1.60.1.70170
279385	1.60.1.69913	1.60.1.70170
279386	1.60.1.69913	1.60.1.70170
279388	1.60.1.70170	1.60.1.70170
279389	1.60.1.69913	1.60.1.70170
279390	1.60.1.69913	1.60.1.70170
279391	1.60.1.69913	1.60.1.70170
279392	1.60.1.69913	1.60.1.70170
279393	1.60.1.69913	1.60.1.70170
279394	1.60.1.69913	1.60.1.70170
279395	1.60.1.69913	1.60.1.70170
279415	1.60.1.69913	1.60.1.70170
279450	1.60.1.69913	1.60.1.70170
279464	1.60.1.69913	1.60.1.70170
279465	1.60.1.69913	1.60.1.70170
279466	1.60.1.69913	1.60.1.70170
279467	1.60.1.69913	1.60.1.70170
279468	1.60.1.69913	1.60.1.70170
279469	1.60.1.69913	1.60.1.70170
279470	1.60.1.69913	1.60.1.70170
279472	1.60.1.69913	1.60.1.70170
279481	1.60.1.69913	1.60.1.70170
279505	1.60.1.69913	1.60.1.70170
279507	1.60.1.69913	1.60.1.70170
279537	1.60.1.69913	1.60.1.70170
279589	1.60.1.69913	1.60.1.70170
279591	1.60.1.69913	1.60.1.70170
279595	1.60.1.69913	1.60.1.70170
279598	1.60.1.69913	1.60.1.70170
279601	1.60.1.69913	1.60.1.70170
279821	1.60.1.69913	1.60.1.70170
279822	1.60.1.69913	1.60.1.70170
279835	1.60.1.70170	1.60.1.70170
279836	1.60.1.70170	1.60.1.70170
279837	1.60.1.70170	1.60.1.70170
279838	1.60.1.70170	1.60.1.70170
279839	1.60.1.70170	1.60.1.70170
279840	1.60.1.70170	1.60.1.70170
279841	1.60.1.70170	1.60.1.70170
279847	1.60.1.70170	1.60.1.70170
279848	1.60.1.70170	1.60.1.70170
279849	1.60.1.70170	1.60.1.70170
279864	1.60.1.69913	1.60.1.70170
279865	1.60.1.69913	1.60.1.70170
279867	1.60.1.69913	1.60.1.70170
279868	1.60.1.69913	1.60.1.70170
279869	1.60.1.69913	1.60.1.70170
279870	1.60.1.69913	1.60.1.70170
279874	1.60.1.69913	1.60.1.70170
279875	1.60.1.69913	1.60.1.70170
279876	1.60.1.69913	1.60.1.70170
279877	1.60.1.69913	1.60.1.70170
279894	1.60.1.69913	1.60.1.70170
279895	1.60.1.69913	1.60.1.70170
279896	1.60.1.69913	1.60.1.70170
279897	1.60.1.69913	1.60.1.70170
279898	1.60.1.69913	1.60.1.70170
279899	1.60.1.69913	1.60.1.70170
279900	1.60.1.69913	1.60.1.70170
279913	1.60.1.69913	1.60.1.70170
279915	1.60.1.69913	1.60.1.70170
279924	1.60.1.70009	1.60.1.70170
279934	1.60.1.69913	1.60.1.70170
279935	1.60.1.69913	1.60.1.70170
279936	1.60.1.69913	1.60.1.70170
279937	1.60.1.69913	1.60.1.70170
279938	1.60.1.69913	1.60.1.70170
279939	1.60.1.69913	1.60.1.70170
279940	1.60.1.69913	1.60.1.70170
279941	1.60.1.69913	1.60.1.70170
279943	1.60.1.69913	1.60.1.70170
279944	1.60.1.69913	1.60.1.70170
279945	1.60.1.69913	1.60.1.70170
279947	1.60.1.69913	1.60.1.70170
279948	1.60.1.69913	1.60.1.70170
279949	1.60.1.69913	1.60.1.70170
279950	1.60.1.69913	1.60.1.70170
279951	1.60.1.69913	1.60.1.70170
279952	1.60.1.69913	1.60.1.70170
279955	1.60.1.69913	1.60.1.70170
279956	1.60.1.69913	1.60.1.70170
279957	1.60.1.69913	1.60.1.70170
279959	1.60.1.69913	1.60.1.70170
279960	1.60.1.69913	1.60.1.70170
279961	1.60.1.69913	1.60.1.70170
279962	1.60.1.69913	1.60.1.70170
279964	1.60.1.69913	1.60.1.70170
279965	1.60.1.69913	1.60.1.70170
279966	1.60.1.69913	1.60.1.70170
279967	1.60.1.69913	1.60.1.70170
279968	1.60.1.69913	1.60.1.70170
279969	1.60.1.69913	1.60.1.70170
279970	1.60.1.69913	1.60.1.70170
279972	1.60.1.69913	1.60.1.70170
279973	1.60.1.69913	1.60.1.70170
279974	1.60.1.69913	1.60.1.70170
279976	1.60.1.69913	1.60.1.70170
279978	1.60.1.69913	1.60.1.70170
279979	1.60.1.69913	1.60.1.70170
279981	1.60.1.69913	1.60.1.70170
279982	1.60.1.69913	1.60.1.70170
279985	1.60.1.69913	1.60.1.70170
279987	1.60.1.69913	1.60.1.70170
279988	1.60.1.69913	1.60.1.70170
279989	1.60.1.69913	1.60.1.70170
279990	1.60.1.69913	1.60.1.70170
279991	1.60.1.69913	1.60.1.70170
279993	1.60.1.70009	1.60.1.70170
279996	1.60.1.70009	1.60.1.70170
280042	1.60.1.70009	1.60.1.70170
280087	1.60.1.69913	1.60.1.70170
280088	1.60.1.69913	1.60.1.70170
280092	1.60.1.69913	1.60.1.70170
280095	1.60.1.69913	1.60.1.70170
280096	1.60.1.69913	1.60.1.70170
280099	1.60.1.70009	1.60.1.70170
280103	1.60.1.69913	1.60.1.70170
280132	1.60.1.69913	1.60.1.70170
280179	1.60.1.69913	1.60.1.70170
280180	1.60.1.69913	1.60.1.70170
280181	1.60.1.69913	1.60.1.70170
280203	1.60.1.69913	1.60.1.70170
280304	1.60.1.69913	1.60.1.70170
280306	1.60.1.69913	1.60.1.70170
280307	1.60.1.69913	1.60.1.70170
280308	1.60.1.69913	1.60.1.70170
280310	1.60.1.69913	1.60.1.70170
280311	1.60.1.69913	1.60.1.70170
280312	1.60.1.69913	1.60.1.70170
280313	1.60.1.69913	1.60.1.70170
280317	1.60.1.69913	1.60.1.70170
280319	1.60.1.69913	1.60.1.70170
280321	1.60.1.69913	1.60.1.70170
280322	1.60.1.69913	1.60.1.70170
280323	1.60.1.69913	1.60.1.70170
280324	1.60.1.69913	1.60.1.70170
280325	1.60.1.69913	1.60.1.70170
280326	1.60.1.69913	1.60.1.70170
280327	1.60.1.69913	1.60.1.70170
280328	1.60.1.69913	1.60.1.70170
280330	1.60.1.70009	1.60.1.70170
280331	1.60.1.69913	1.60.1.70170
280347	1.60.1.69913	1.60.1.70170
280363	1.60.1.69913	1.60.1.70170
280369	1.60.1.69913	1.60.1.70170
280375	1.60.1.69913	1.60.1.70170
280390	1.60.1.69913	1.60.1.70170
280391	1.60.1.69913	1.60.1.70170
280392	1.60.1.70009	1.60.1.70170
280394	1.60.1.70009	1.60.1.70170
280395	1.60.1.70009	1.60.1.70170
280396	1.60.1.70009	1.60.1.70170
280397	1.60.1.70009	1.60.1.70170
280398	1.60.1.70009	1.60.1.70170
280399	1.60.1.69913	1.60.1.70170
280400	1.60.1.69913	1.60.1.70170
280402	1.60.1.69913	1.60.1.70170
280403	1.60.1.70009	1.60.1.70170
280404	1.60.1.69913	1.60.1.70170
280413	1.60.1.69913	1.60.1.70170
280417	1.60.1.69913	1.60.1.70170
280426	1.60.1.69913	1.60.1.70170
280430	1.60.1.69913	1.60.1.70170
280438	1.60.1.69913	1.60.1.70170
280449	1.60.1.69913	1.60.1.70170
280456	1.60.1.69913	1.60.1.70170
280459	1.60.1.69913	1.60.1.70170
280502	1.60.1.69913	1.60.1.70170
280504	1.60.1.69913	1.60.1.70170
280544	1.60.1.69913	1.60.1.70170
280567	1.60.1.69913	1.60.1.70170
280604	1.60.1.69913	1.60.1.70170
280605	1.60.1.69913	1.60.1.70170
280607	1.60.1.69913	1.60.1.70170
280608	1.60.1.70009	1.60.1.70170
280610	1.60.1.70009	1.60.1.70170
280611	1.60.1.69913	1.60.1.70170
280612	1.60.1.70009	1.60.1.70170
280614	1.60.1.69913	1.60.1.70170
280615	1.60.1.69913	1.60.1.70170
280623	1.60.1.69913	1.60.1.70170
280679	1.60.1.69913	1.60.1.70170
280680	1.60.1.69913	1.60.1.70170
280686	1.60.1.69913	1.60.1.70170
280696	1.60.1.69913	1.60.1.70170
280697	1.60.1.69913	1.60.1.70170
280699	1.60.1.69913	1.60.1.70170
280703	1.60.1.69913	1.60.1.70170
280729	1.60.1.69913	1.60.1.70170
280740	1.60.1.69913	1.60.1.70170
280766	1.60.1.69913	1.60.1.70170
280794	1.60.1.69913	1.60.1.70170
280795	1.60.1.69913	1.60.1.70170
280797	1.60.1.69913	1.60.1.70170
280801	1.60.1.69913	1.60.1.70170
280803	1.60.1.69913	1.60.1.70170
280805	1.60.1.70170	1.60.1.70170
280806	1.60.1.69913	1.60.1.70170
280831	1.60.1.69913	1.60.1.70170
280832	1.60.1.69913	1.60.1.70170
280834	1.60.1.69913	1.60.1.70170
280839	1.60.1.69913	1.60.1.70170
280841	1.60.1.69913	1.60.1.70170
280911	1.60.1.69913	1.60.1.70170
280943	1.60.1.69913	1.60.1.70170
281014	1.60.1.69913	1.60.1.70170
281015	1.60.1.69913	1.60.1.70170
281016	1.60.1.69913	1.60.1.70170
281017	1.60.1.69913	1.60.1.70170
281018	1.60.1.69913	1.60.1.70170
281019	1.60.1.69913	1.60.1.70170
281020	1.60.1.69913	1.60.1.70170
281023	1.60.1.69913	1.60.1.70170
281030	1.60.1.69913	1.60.1.70170
281031	1.60.1.69913	1.60.1.70170
281035	1.60.1.69913	1.60.1.70170
281036	1.60.1.69913	1.60.1.70170
281037	1.60.1.69913	1.60.1.70170
281038	1.60.1.69913	1.60.1.70170
281039	1.60.1.70009	1.60.1.70170
281040	1.60.1.69913	1.60.1.70170
281041	1.60.1.69913	1.60.1.70170
281042	1.60.1.69913	1.60.1.70170
281043	1.60.1.69913	1.60.1.70170
281044	1.60.1.69913	1.60.1.70170
281046	1.60.1.69913	1.60.1.70170
281048	1.60.1.69913	1.60.1.70170
281052	1.60.1.69913	1.60.1.70170
281059	1.60.1.69913	1.60.1.70170
281060	1.60.1.69913	1.60.1.70170
281139	1.60.1.69913	1.60.1.70170
281142	1.60.1.69913	1.60.1.70170
281143	1.60.1.69913	1.60.1.70170
281145	1.60.1.69913	1.60.1.70170
281146	1.60.1.69913	1.60.1.70170
281147	1.60.1.69913	1.60.1.70170
281149	1.60.1.69913	1.60.1.70170
281166	1.60.1.69913	1.60.1.70170
281167	1.60.1.69913	1.60.1.70170
281168	1.60.1.69913	1.60.1.70170
281228	1.60.1.69913	1.60.1.70170
281229	1.60.1.69913	1.60.1.70170
281234	1.60.1.69913	1.60.1.70170
281240	1.60.1.69913	1.60.1.70170
281241	1.60.1.69913	1.60.1.70170
281242	1.60.1.69913	1.60.1.70170
281243	1.60.1.69913	1.60.1.70170
281246	1.60.1.69913	1.60.1.70170
281250	1.60.1.69913	1.60.1.70170
281251	1.60.1.69913	1.60.1.70170
281252	1.60.1.69913	1.60.1.70170
281253	1.60.1.69913	1.60.1.70170
281254	1.60.1.69913	1.60.1.70170
281256	1.60.1.69913	1.60.1.70170
281257	1.60.1.69913	1.60.1.70170
281258	1.60.1.69913	1.60.1.70170
281259	1.60.1.69913	1.60.1.70170
281260	1.60.1.69913	1.60.1.70170
281261	1.60.1.69913	1.60.1.70170
281262	1.60.1.69913	1.60.1.70170
281263	1.60.1.69913	1.60.1.70170
281264	1.60.1.69913	1.60.1.70170
281265	1.60.1.69913	1.60.1.70170
281266	1.60.1.69913	1.60.1.70170
281267	1.60.1.69913	1.60.1.70170
281268	1.60.1.69913	1.60.1.70170
281269	1.60.1.69913	1.60.1.70170
281270	1.60.1.69913	1.60.1.70170
281271	1.60.1.69913	1.60.1.70170
281272	1.60.1.69913	1.60.1.70170
281273	1.60.1.69913	1.60.1.70170
281274	1.60.1.69913	1.60.1.70170
281275	1.60.1.69913	1.60.1.70170
281276	1.60.1.69913	1.60.1.70170
281277	1.60.1.69913	1.60.1.70170
281278	1.60.1.69913	1.60.1.70170
281279	1.60.1.69913	1.60.1.70170
281280	1.60.1.69913	1.60.1.70170
281281	1.60.1.69913	1.60.1.70170
281282	1.60.1.69913	1.60.1.70170
281283	1.60.1.69913	1.60.1.70170
281284	1.60.1.69913	1.60.1.70170
281285	1.60.1.69913	1.60.1.70170
281286	1.60.1.69913	1.60.1.70170
281287	1.60.1.69913	1.60.1.70170
281288	1.60.1.69913	1.60.1.70170
281289	1.60.1.69913	1.60.1.70170
281290	1.60.1.69913	1.60.1.70170
281291	1.60.1.69913	1.60.1.70170
281292	1.60.1.69913	1.60.1.70170
281293	1.60.1.69913	1.60.1.70170
281294	1.60.1.69913	1.60.1.70170
281295	1.60.1.69913	1.60.1.70170
281296	1.60.1.69913	1.60.1.70170
281297	1.60.1.69913	1.60.1.70170
281298	1.60.1.69913	1.60.1.70170
281299	1.60.1.69913	1.60.1.70170
281300	1.60.1.69913	1.60.1.70170
281301	1.60.1.69913	1.60.1.70170
281302	1.60.1.69913	1.60.1.70170
281303	1.60.1.69913	1.60.1.70170
281304	1.60.1.69913	1.60.1.70170
281305	1.60.1.69913	1.60.1.70170
281306	1.60.1.69913	1.60.1.70170
281307	1.60.1.69913	1.60.1.70170
281308	1.60.1.69913	1.60.1.70170
281309	1.60.1.69913	1.60.1.70170
281310	1.60.1.69913	1.60.1.70170
281312	1.60.1.69913	1.60.1.70170
281313	1.60.1.69913	1.60.1.70170
281314	1.60.1.69913	1.60.1.70170
281315	1.60.1.69913	1.60.1.70170
281316	1.60.1.69913	1.60.1.70170
281317	1.60.1.69913	1.60.1.70170
281318	1.60.1.69913	1.60.1.70170
281319	1.60.1.69913	1.60.1.70170
281320	1.60.1.69913	1.60.1.70170
281321	1.60.1.69913	1.60.1.70170
281322	1.60.1.69913	1.60.1.70170
281323	1.60.1.69913	1.60.1.70170
281324	1.60.1.69913	1.60.1.70170
281327	1.60.1.69913	1.60.1.70170
281328	1.60.1.69913	1.60.1.70170
281330	1.60.1.69913	1.60.1.70170
281331	1.60.1.69913	1.60.1.70170
281347	1.60.1.69913	1.60.1.70170
281348	1.60.1.69913	1.60.1.70170
281349	1.60.1.69913	1.60.1.70170
281350	1.60.1.69913	1.60.1.70170
281352	1.60.1.69913	1.60.1.70170
281356	1.60.1.69913	1.60.1.70170
281358	1.60.1.69913	1.60.1.70170
281359	1.60.1.69913	1.60.1.70170
281371	1.60.1.69913	1.60.1.70170
281473	1.60.1.69913	1.60.1.70170
281538	1.60.1.69913	1.60.1.70170
281539	1.60.1.69913	1.60.1.70170
281586	1.60.1.69913	1.60.1.70170
281587	1.60.1.69913	1.60.1.70170
281588	1.60.1.69913	1.60.1.70170
281600	1.60.1.70124	1.60.1.70170
281628	1.60.1.69913	1.60.1.70170
281629	1.60.1.69913	1.60.1.70170
281630	1.60.1.69913	1.60.1.70170
281631	1.60.1.69913	1.60.1.70170
281634	1.60.1.69913	1.60.1.70170
281635	1.60.1.69913	1.60.1.70170
281636	1.60.1.69913	1.60.1.70170
281637	1.60.1.69913	1.60.1.70170
281648	1.60.1.70009	1.60.1.70170
281657	1.60.1.69913	1.60.1.70170
281660	1.60.1.69913	1.60.1.70170
281665	1.60.1.70009	1.60.1.70170
281673	1.60.1.69913	1.60.1.70170
281675	1.60.1.69913	1.60.1.70170
281680	1.60.1.69913	1.60.1.70170
281685	1.60.1.69913	1.60.1.70170
281686	1.60.1.69913	1.60.1.70170
281687	1.60.1.69913	1.60.1.70170
281688	1.60.1.69913	1.60.1.70170
281689	1.60.1.69913	1.60.1.70170
281690	1.60.1.69913	1.60.1.70170
281691	1.60.1.69913	1.60.1.70170
281692	1.60.1.69913	1.60.1.70170
281693	1.60.1.69913	1.60.1.70170
281694	1.60.1.69913	1.60.1.70170
281695	1.60.1.69913	1.60.1.70170
281696	1.60.1.69913	1.60.1.70170
281697	1.60.1.69913	1.60.1.70170
281698	1.60.1.69913	1.60.1.70170
281699	1.60.1.69913	1.60.1.70170
281700	1.60.1.69913	1.60.1.70170
281701	1.60.1.69913	1.60.1.70170
281702	1.60.1.69913	1.60.1.70170
281703	1.60.1.69913	1.60.1.70170
281704	1.60.1.69913	1.60.1.70170
281705	1.60.1.69913	1.60.1.70170
281706	1.60.1.69913	1.60.1.70170
281707	1.60.1.69913	1.60.1.70170
281708	1.60.1.69913	1.60.1.70170
281709	1.60.1.69913	1.60.1.70170
281710	1.60.1.69913	1.60.1.70170
281711	1.60.1.69913	1.60.1.70170
281712	1.60.1.69913	1.60.1.70170
281713	1.60.1.69913	1.60.1.70170
281714	1.60.1.69913	1.60.1.70170
281715	1.60.1.69913	1.60.1.70170
281716	1.60.1.69913	1.60.1.70170
281717	1.60.1.69913	1.60.1.70170
281718	1.60.1.69913	1.60.1.70170
281719	1.60.1.69913	1.60.1.70170
281720	1.60.1.69913	1.60.1.70170
281721	1.60.1.69913	1.60.1.70170
281722	1.60.1.69913	1.60.1.70170
281723	1.60.1.69913	1.60.1.70170
281724	1.60.1.69913	1.60.1.70170
281725	1.60.1.69913	1.60.1.70170
281727	1.60.1.69913	1.60.1.70170
281728	1.60.1.69913	1.60.1.70170
281729	1.60.1.69913	1.60.1.70170
281730	1.60.1.69913	1.60.1.70170
281731	1.60.1.69913	1.60.1.70170
281732	1.60.1.69913	1.60.1.70170
281733	1.60.1.69913	1.60.1.70170
281750	1.60.1.70124	1.60.1.70170
281891	1.60.1.70124	1.60.1.70170
281925	1.60.1.69913	1.60.1.70170
281926	1.60.1.70009	1.60.1.70170
281927	1.60.1.69913	1.60.1.70170
281993	1.60.1.69913	1.60.1.70170
282003	1.60.1.70170	1.60.1.70170
282006	1.60.1.69913	1.60.1.70170
282007	1.60.1.70009	1.60.1.70170
282008	1.60.1.70009	1.60.1.70170
282011	1.60.1.69913	1.60.1.70170
282012	1.60.1.70009	1.60.1.70170
282013	1.60.1.69913	1.60.1.70170
282015	1.60.1.69913	1.60.1.70170
282016	1.60.1.69913	1.60.1.70170
282017	1.60.1.69913	1.60.1.70170
282018	1.60.1.69913	1.60.1.70170
282019	1.60.1.70009	1.60.1.70170
282023	1.60.1.70009	1.60.1.70170
282026	1.60.1.69913	1.60.1.70170
282028	1.60.1.69913	1.60.1.70170
282029	1.60.1.70009	1.60.1.70170
282046	1.60.1.69913	1.60.1.70170
282047	1.60.1.70009	1.60.1.70170
282064	1.60.1.69913	1.60.1.70170
282065	1.60.1.69913	1.60.1.70170
282070	1.60.1.70009	1.60.1.70170
282074	1.60.1.70124	1.60.1.70170
282080	1.60.1.69913	1.60.1.70170
282283	1.60.1.69913	1.60.1.70170
282284	1.60.1.69913	1.60.1.70170
282285	1.60.1.69913	1.60.1.70170
282286	1.60.1.69913	1.60.1.70170
282294	1.60.1.69913	1.60.1.70170
282338	1.60.1.69913	1.60.1.70170
282346	1.60.1.69913	1.60.1.70170
282380	1.60.1.69913	1.60.1.70170
282400	1.60.1.69913	1.60.1.70170
282406	1.60.1.70009	1.60.1.70170
282416	1.60.1.69913	1.60.1.70170
282418	1.60.1.69913	1.60.1.70170
282419	1.60.1.69913	1.60.1.70170
282420	1.60.1.69913	1.60.1.70170
282421	1.60.1.69913	1.60.1.70170
282422	1.60.1.69913	1.60.1.70170
282423	1.60.1.69913	1.60.1.70170
282431	1.60.1.69913	1.60.1.70170
282551	1.60.1.70009	1.60.1.70170
282557	1.60.1.70009	1.60.1.70170
282558	1.60.1.70124	1.60.1.70170
282559	1.60.1.69913	1.60.1.70170
282560	1.60.1.70009	1.60.1.70170
282561	1.60.1.70009	1.60.1.70170
282636	1.60.1.69913	1.60.1.70170
282637	1.60.1.69913	1.60.1.70170
282639	1.60.1.69913	1.60.1.70170
282642	1.60.1.70009	1.60.1.70170
282653	1.60.1.70124	1.60.1.70170
282654	1.60.1.70009	1.60.1.70170
282655	1.60.1.70009	1.60.1.70170
282658	1.60.1.70009	1.60.1.70170
282703	1.60.1.70124	1.60.1.70170
282710	1.60.1.70170	1.60.1.70170
282711	1.60.1.70009	1.60.1.70170
282713	1.60.1.70124	1.60.1.70170
282716	1.60.1.70170	1.60.1.70170
282717	1.60.1.70009	1.60.1.70170
282719	1.60.1.69913	1.60.1.70170
282720	1.60.1.69913	1.60.1.70170
282721	1.60.1.70009	1.60.1.70170
282778	1.60.1.70009	1.60.1.70170
283253	1.60.1.70124	1.60.1.70170
283254	1.60.1.70009	1.60.1.70170
283255	1.60.1.70009	1.60.1.70170
283259	1.60.1.69913	1.60.1.70170
283361	1.60.1.69913	1.60.1.70170
283389	1.60.1.69913	1.60.1.70170
283460	1.60.1.69913	1.60.1.70170
283462	1.60.1.69913	1.60.1.70170
283471	1.60.1.69913	1.60.1.70170
283473	1.60.1.69913	1.60.1.70170
283480	1.60.1.69913	1.60.1.70170
284041	1.60.1.70124	1.60.1.70170
284067	1.60.1.70009	1.60.1.70170
284092	1.60.1.69913	1.60.1.70170
284093	1.60.1.69913	1.60.1.70170
284146	1.60.1.69913	1.60.1.70170
284150	1.60.1.69913	1.60.1.70170
284151	1.60.1.69913	1.60.1.70170
284154	1.60.1.70124	1.60.1.70170
284165	1.60.1.69913	1.60.1.70170
284166	1.60.1.69913	1.60.1.70170
284167	1.60.1.69913	1.60.1.70170
284173	1.60.1.69913	1.60.1.70170
284174	1.60.1.69913	1.60.1.70170
284176	1.60.1.69913	1.60.1.70170
284177	1.60.1.69913	1.60.1.70170
284185	1.60.1.69913	1.60.1.70170
284187	1.60.1.69913	1.60.1.70170
284192	1.60.1.69913	1.60.1.70170
284193	1.60.1.69913	1.60.1.70170
284214	1.60.1.69913	1.60.1.70170
284230	1.60.1.70009	1.60.1.70170
284253	1.60.1.70124	1.60.1.70170
284257	1.60.1.69913	1.60.1.70170
284261	1.60.1.70009	1.60.1.70170
284262	1.60.1.69913	1.60.1.70170
284266	1.60.1.70009	1.60.1.70170
284268	1.60.1.69913	1.60.1.70170
284271	1.60.1.69913	1.60.1.70170
284272	1.60.1.70124	1.60.1.70170
284282	1.60.1.70009	1.60.1.70170
284286	1.60.1.69913	1.60.1.70170
284287	1.60.1.69913	1.60.1.70170
284320	1.60.1.69913	1.60.1.70170
284321	1.60.1.69913	1.60.1.70170
284322	1.60.1.69913	1.60.1.70170
284323	1.60.1.69913	1.60.1.70170
284361	1.60.1.69913	1.60.1.70170
284382	1.60.1.70124	1.60.1.70170
284383	1.60.1.70124	1.60.1.70170
284386	1.60.1.69913	1.60.1.70170
284399	1.60.1.70009	1.60.1.70170
284400	1.60.1.69913	1.60.1.70170
284401	1.60.1.69913	1.60.1.70170
284403	1.60.1.70009	1.60.1.70170
284459	1.60.1.70170	1.60.1.70170
284573	1.60.1.70124	1.60.1.70170
284574	1.60.1.70124	1.60.1.70170
284583	1.60.1.69913	1.60.1.70170
284584	1.60.1.69913	1.60.1.70170
284585	1.60.1.69913	1.60.1.70170
284586	1.60.1.69913	1.60.1.70170
284597	1.60.1.69913	1.60.1.70170
284664	1.60.1.69913	1.60.1.70170
284666	1.60.1.69913	1.60.1.70170
284667	1.60.1.70170	1.60.1.70170
284668	1.60.1.69913	1.60.1.70170
284696	1.60.1.69913	1.60.1.70170
284697	1.60.1.70124	1.60.1.70170
284699	1.60.1.70124	1.60.1.70170
284700	1.60.1.70009	1.60.1.70170
284702	1.60.1.70009	1.60.1.70170
284704	1.60.1.69913	1.60.1.70170
284705	1.60.1.69913	1.60.1.70170
284707	1.60.1.70170	1.60.1.70170
284715	1.60.1.69913	1.60.1.70170
284716	1.60.1.69913	1.60.1.70170
284717	1.60.1.70124	1.60.1.70170
284844	1.60.1.69913	1.60.1.70170
284845	1.60.1.69913	1.60.1.70170
284868	1.60.1.69913	1.60.1.70170
284869	1.60.1.69913	1.60.1.70170
284870	1.60.1.69913	1.60.1.70170
284871	1.60.1.69913	1.60.1.70170
285043	1.60.1.70009	1.60.1.70170
285104	1.60.1.69913	1.60.1.70170
285168	1.60.1.69913	1.60.1.70170
285169	1.60.1.69913	1.60.1.70170
285170	1.60.1.69913	1.60.1.70170
285171	1.60.1.69913	1.60.1.70170
285172	1.60.1.69913	1.60.1.70170
285173	1.60.1.69913	1.60.1.70170
285190	1.60.1.70124	1.60.1.70170
285191	1.60.1.70009	1.60.1.70170
285192	1.60.1.70009	1.60.1.70170
285212	1.60.1.70009	1.60.1.70170
285228	1.60.1.69913	1.60.1.70170
285236	1.60.1.69913	1.60.1.70170
285238	1.60.1.69913	1.60.1.70170
285239	1.60.1.69913	1.60.1.70170
285242	1.60.1.69913	1.60.1.70170
285253	1.60.1.69913	1.60.1.70170
285254	1.60.1.69913	1.60.1.70170
285255	1.60.1.69913	1.60.1.70170
285264	1.60.1.69913	1.60.1.70170
285268	1.60.1.69913	1.60.1.70170
285269	1.60.1.69913	1.60.1.70170
285272	1.60.1.69913	1.60.1.70170
285273	1.60.1.69913	1.60.1.70170
285274	1.60.1.69913	1.60.1.70170
285275	1.60.1.69913	1.60.1.70170
285276	1.60.1.69913	1.60.1.70170
285277	1.60.1.69913	1.60.1.70170
285278	1.60.1.69913	1.60.1.70170
285279	1.60.1.69913	1.60.1.70170
285280	1.60.1.69913	1.60.1.70170
285281	1.60.1.69913	1.60.1.70170
285282	1.60.1.69913	1.60.1.70170
285283	1.60.1.70009	1.60.1.70170
285285	1.60.1.69913	1.60.1.70170
285286	1.60.1.69913	1.60.1.70170
285287	1.60.1.69913	1.60.1.70170
285288	1.60.1.69913	1.60.1.70170
285289	1.60.1.69913	1.60.1.70170
285290	1.60.1.69913	1.60.1.70170
285291	1.60.1.69913	1.60.1.70170
285292	1.60.1.69913	1.60.1.70170
285326	1.60.1.69913	1.60.1.70124
285327	1.60.1.69913	1.60.1.70170
285328	1.60.1.69913	1.60.1.70170
285329	1.60.1.69913	1.60.1.70170
285330	1.60.1.69913	1.60.1.70170
285331	1.60.1.69913	1.60.1.70170
285332	1.60.1.69913	1.60.1.70170
285338	1.60.1.69913	1.60.1.70170
285339	1.60.1.69913	1.60.1.70170
285344	1.60.1.70009	1.60.1.70170
285345	1.60.1.69913	1.60.1.70170
285346	1.60.1.69913	1.60.1.70170
285347	1.60.1.69913	1.60.1.70170
285348	1.60.1.69913	1.60.1.70170
285350	1.60.1.69913	1.60.1.70170
285351	1.60.1.69913	1.60.1.70170
285356	1.60.1.69913	1.60.1.70170
285357	1.60.1.69913	1.60.1.70170
285359	1.60.1.69913	1.60.1.70170
285362	1.60.1.69913	1.60.1.70170
285366	1.60.1.69913	1.60.1.70170
285808	1.60.1.69913	1.60.1.70170
285868	1.60.1.69913	1.60.1.70170
285872	1.60.1.69913	1.60.1.70170
285873	1.60.1.69913	1.60.1.70170
285949	1.60.1.69913	1.60.1.70170
285951	1.60.1.69913	1.60.1.70170
285952	1.60.1.69913	1.60.1.70170
285953	1.60.1.69913	1.60.1.70170
285960	1.60.1.69913	1.60.1.70170
285962	1.60.1.69913	1.60.1.70170
285963	1.60.1.69913	1.60.1.70170
286008	1.60.1.69913	1.60.1.70170
286009	1.60.1.69913	1.60.1.70170
286010	1.60.1.69913	1.60.1.70170
286011	1.60.1.69913	1.60.1.70170
286012	1.60.1.69913	1.60.1.70170
286017	1.60.1.69913	1.60.1.70170
286069	1.60.1.69913	1.60.1.70170
286075	1.60.1.69913	1.60.1.70170
286076	1.60.1.69913	1.60.1.70170
286077	1.60.1.69913	1.60.1.70170
286078	1.60.1.69913	1.60.1.70170
286079	1.60.1.69913	1.60.1.70170
286080	1.60.1.69913	1.60.1.70170
286081	1.60.1.69913	1.60.1.70170
286082	1.60.1.69913	1.60.1.70170
286083	1.60.1.69913	1.60.1.70170
286084	1.60.1.69913	1.60.1.70170
286085	1.60.1.69913	1.60.1.70170
286086	1.60.1.69913	1.60.1.70170
286087	1.60.1.69913	1.60.1.70170
286104	1.60.1.69913	1.60.1.70170
286139	1.60.1.69913	1.60.1.70170
286140	1.60.1.70170	1.60.1.70170
286152	1.60.1.69913	1.60.1.70170
286153	1.60.1.69913	1.60.1.70170
286176	1.60.1.69913	1.60.1.70170
286200	1.60.1.69913	1.60.1.70170
286201	1.60.1.69913	1.60.1.70170
286202	1.60.1.69913	1.60.1.70170
286204	1.60.1.69913	1.60.1.70170
286205	1.60.1.69913	1.60.1.70170
286209	1.60.1.69913	1.60.1.70170
286210	1.60.1.69913	1.60.1.70170
286214	1.60.1.69913	1.60.1.70170
286215	1.60.1.69913	1.60.1.70170
286259	1.60.1.69913	1.60.1.70170
286263	1.60.1.69913	1.60.1.70170
286264	1.60.1.69913	1.60.1.70170
286265	1.60.1.69913	1.60.1.70170
286266	1.60.1.69913	1.60.1.70170
286267	1.60.1.69913	1.60.1.70170
286268	1.60.1.69913	1.60.1.70170
286269	1.60.1.69913	1.60.1.70170
286270	1.60.1.69913	1.60.1.70170
286271	1.60.1.69913	1.60.1.70170
286272	1.60.1.69913	1.60.1.70170
286273	1.60.1.69913	1.60.1.70170
286274	1.60.1.69913	1.60.1.70170
286275	1.60.1.69913	1.60.1.70170
286279	1.60.1.69913	1.60.1.70170
286280	1.60.1.69913	1.60.1.70170
286281	1.60.1.69913	1.60.1.70170
286283	1.60.1.69913	1.60.1.70170
286284	1.60.1.69913	1.60.1.70170
286287	1.60.1.69913	1.60.1.70170
286288	1.60.1.69913	1.60.1.70170
286290	1.60.1.69913	1.60.1.70170
286291	1.60.1.69913	1.60.1.70170
286292	1.60.1.69913	1.60.1.70170
286293	1.60.1.69913	1.60.1.70170
286294	1.60.1.69913	1.60.1.70170
286298	1.60.1.69913	1.60.1.70170
286299	1.60.1.69913	1.60.1.70170
286300	1.60.1.69913	1.60.1.70170
286302	1.60.1.69913	1.60.1.70170
286304	1.60.1.69913	1.60.1.70170
286306	1.60.1.69913	1.60.1.70170
286307	1.60.1.69913	1.60.1.70170
286308	1.60.1.69913	1.60.1.70170
286309	1.60.1.69913	1.60.1.70170
286310	1.60.1.69913	1.60.1.70170
286311	1.60.1.69913	1.60.1.70170
286312	1.60.1.69913	1.60.1.70170
286313	1.60.1.69913	1.60.1.70170
286314	1.60.1.69913	1.60.1.70170
286315	1.60.1.69913	1.60.1.70170
286316	1.60.1.69913	1.60.1.70170
286317	1.60.1.69913	1.60.1.70170
286318	1.60.1.69913	1.60.1.70170
286325	1.60.1.69913	1.60.1.70170
286326	1.60.1.69913	1.60.1.70170
286327	1.60.1.69913	1.60.1.70170
286328	1.60.1.69913	1.60.1.70170
286339	1.60.1.69913	1.60.1.70170
286355	1.60.1.69913	1.60.1.70170
286358	1.60.1.69913	1.60.1.70170
286359	1.60.1.69913	1.60.1.70170
286360	1.60.1.69913	1.60.1.70170
286405	1.60.1.69913	1.60.1.70170
286411	1.60.1.69913	1.60.1.70170
286415	1.60.1.69913	1.60.1.70170
286424	1.60.1.69913	1.60.1.70170
286425	1.60.1.69913	1.60.1.70170
286426	1.60.1.69913	1.60.1.70170
286427	1.60.1.69913	1.60.1.70170
286533	1.60.1.69913	1.60.1.70170
286534	1.60.1.69913	1.60.1.70170
286535	1.60.1.69913	1.60.1.70170
286536	1.60.1.69913	1.60.1.70170
286537	1.60.1.69913	1.60.1.70170
286540	1.60.1.69913	1.60.1.70170
286541	1.60.1.70009	1.60.1.70170
286554	1.60.1.69913	1.60.1.70170
286556	1.60.1.70124	1.60.1.70170
286568	1.60.1.70170	1.60.1.70170
286639	1.60.1.70124	1.60.1.70170
286647	1.60.1.70009	1.60.1.70170
286648	1.60.1.70009	1.60.1.70170
286728	1.60.1.70009	1.60.1.70170
286729	1.60.1.70009	1.60.1.70170
286730	1.60.1.70009	1.60.1.70170
286731	1.60.1.70009	1.60.1.70170
286732	1.60.1.70009	1.60.1.70170
286733	1.60.1.70009	1.60.1.70170
286734	1.60.1.70009	1.60.1.70170
286735	1.60.1.70009	1.60.1.70170
286737	1.60.1.70009	1.60.1.70170
286740	1.60.1.70009	1.60.1.70170
286741	1.60.1.70009	1.60.1.70170
286742	1.60.1.70009	1.60.1.70170
286743	1.60.1.70009	1.60.1.70170
286744	1.60.1.70009	1.60.1.70170
286745	1.60.1.70009	1.60.1.70170
286746	1.60.1.70009	1.60.1.70170
286748	1.60.1.70009	1.60.1.70170
286749	1.60.1.70009	1.60.1.70170
286750	1.60.1.70009	1.60.1.70170
286751	1.60.1.70009	1.60.1.70170
286752	1.60.1.70009	1.60.1.70170
286753	1.60.1.70009	1.60.1.70170
286754	1.60.1.70009	1.60.1.70170
286755	1.60.1.70009	1.60.1.70170
286977	1.60.1.70170	1.60.1.70170
286978	1.60.1.70009	1.60.1.70170
286979	1.60.1.70009	1.60.1.70170
286980	1.60.1.70009	1.60.1.70170
286981	1.60.1.70170	1.60.1.70170
287090	1.60.1.70009	1.60.1.70170
287416	1.60.1.70170	1.60.1.70170
287505	1.60.1.70170	1.60.1.70170
