# every quest id a Forever build served: id, first build, last build (import english served)
1	1.60.1.69913	1.60.1.70338
2	1.60.1.69913	1.60.1.70338
5	1.60.1.69913	1.60.1.70338
6	1.60.1.69913	1.60.1.70338
7	1.60.1.69913	1.60.1.70338
8	1.60.1.69913	1.60.1.70338
9	1.60.1.69913	1.60.1.70338
10	1.60.1.69913	1.60.1.70338
11	1.60.1.69913	1.60.1.70338
12	1.60.1.69913	1.60.1.70338
13	1.60.1.69913	1.60.1.70338
14	1.60.1.69913	1.60.1.70338
15	1.60.1.69913	1.60.1.70338
16	1.60.1.69913	1.60.1.70338
17	1.60.1.69913	1.60.1.70338
18	1.60.1.69913	1.60.1.70338
19	1.60.1.69913	1.60.1.70338
20	1.60.1.69913	1.60.1.70338
21	1.60.1.69913	1.60.1.70338
22	1.60.1.69913	1.60.1.70338
23	1.60.1.69913	1.60.1.70338
24	1.60.1.69913	1.60.1.70338
25	1.60.1.69913	1.60.1.70338
26	1.60.1.69913	1.60.1.70338
27	1.60.1.69913	1.60.1.70338
28	1.60.1.69913	1.60.1.70338
29	1.60.1.69913	1.60.1.70338
30	1.60.1.69913	1.60.1.70338
31	1.60.1.69913	1.60.1.70338
32	1.60.1.69913	1.60.1.70338
33	1.60.1.69913	1.60.1.70338
34	1.60.1.69913	1.60.1.70338
35	1.60.1.69913	1.60.1.70338
36	1.60.1.69913	1.60.1.70338
37	1.60.1.69913	1.60.1.70338
38	1.60.1.69913	1.60.1.70338
39	1.60.1.69913	1.60.1.70338
40	1.60.1.69913	1.60.1.70338
45	1.60.1.69913	1.60.1.70338
46	1.60.1.69913	1.60.1.70338
47	1.60.1.69913	1.60.1.70338
48	1.60.1.69913	1.60.1.70338
49	1.60.1.69913	1.60.1.70338
50	1.60.1.69913	1.60.1.70338
51	1.60.1.69913	1.60.1.70338
52	1.60.1.69913	1.60.1.70338
53	1.60.1.69913	1.60.1.70338
54	1.60.1.69913	1.60.1.70338
55	1.60.1.69913	1.60.1.70338
56	1.60.1.69913	1.60.1.70338
57	1.60.1.69913	1.60.1.70338
58	1.60.1.69913	1.60.1.70338
59	1.60.1.69913	1.60.1.70338
60	1.60.1.69913	1.60.1.70338
61	1.60.1.69913	1.60.1.70338
62	1.60.1.69913	1.60.1.70338
63	1.60.1.69913	1.60.1.70338
64	1.60.1.69913	1.60.1.70338
65	1.60.1.69913	1.60.1.70338
66	1.60.1.69913	1.60.1.70338
67	1.60.1.69913	1.60.1.70338
68	1.60.1.69913	1.60.1.70338
69	1.60.1.69913	1.60.1.70338
70	1.60.1.69913	1.60.1.70338
71	1.60.1.69913	1.60.1.70338
72	1.60.1.69913	1.60.1.70338
73	1.60.1.69913	1.60.1.70338
74	1.60.1.69913	1.60.1.70338
75	1.60.1.69913	1.60.1.70338
76	1.60.1.69913	1.60.1.70338
77	1.60.1.69913	1.60.1.70338
78	1.60.1.69913	1.60.1.70338
79	1.60.1.69913	1.60.1.70338
80	1.60.1.69913	1.60.1.70338
81	1.60.1.69913	1.60.1.70338
82	1.60.1.69913	1.60.1.70338
83	1.60.1.69913	1.60.1.70338
84	1.60.1.69913	1.60.1.70338
85	1.60.1.69913	1.60.1.70338
86	1.60.1.69913	1.60.1.70338
87	1.60.1.69913	1.60.1.70338
88	1.60.1.69913	1.60.1.70338
89	1.60.1.69913	1.60.1.70338
90	1.60.1.69913	1.60.1.70338
91	1.60.1.69913	1.60.1.70338
92	1.60.1.69913	1.60.1.70338
93	1.60.1.69913	1.60.1.70338
94	1.60.1.69913	1.60.1.70338
95	1.60.1.69913	1.60.1.70338
96	1.60.1.69913	1.60.1.70338
97	1.60.1.69913	1.60.1.70338
98	1.60.1.69913	1.60.1.70338
99	1.60.1.69913	1.60.1.70338
100	1.60.1.69913	1.60.1.70338
101	1.60.1.69913	1.60.1.70338
102	1.60.1.69913	1.60.1.70338
103	1.60.1.69913	1.60.1.70338
104	1.60.1.69913	1.60.1.70338
105	1.60.1.69913	1.60.1.70338
106	1.60.1.69913	1.60.1.70338
107	1.60.1.69913	1.60.1.70338
108	1.60.1.69913	1.60.1.70338
109	1.60.1.69913	1.60.1.70338
110	1.60.1.69913	1.60.1.70338
111	1.60.1.69913	1.60.1.70338
112	1.60.1.69913	1.60.1.70338
113	1.60.1.69913	1.60.1.70338
114	1.60.1.69913	1.60.1.70338
115	1.60.1.69913	1.60.1.70338
116	1.60.1.69913	1.60.1.70338
117	1.60.1.69913	1.60.1.70338
118	1.60.1.69913	1.60.1.70338
119	1.60.1.69913	1.60.1.70338
120	1.60.1.69913	1.60.1.70338
121	1.60.1.69913	1.60.1.70338
122	1.60.1.69913	1.60.1.70338
123	1.60.1.69913	1.60.1.70338
124	1.60.1.69913	1.60.1.70338
125	1.60.1.69913	1.60.1.70338
126	1.60.1.69913	1.60.1.70338
127	1.60.1.69913	1.60.1.70338
128	1.60.1.69913	1.60.1.70338
129	1.60.1.69913	1.60.1.70338
130	1.60.1.69913	1.60.1.70338
131	1.60.1.69913	1.60.1.70338
132	1.60.1.69913	1.60.1.70338
133	1.60.1.69913	1.60.1.70338
134	1.60.1.69913	1.60.1.70338
135	1.60.1.69913	1.60.1.70338
136	1.60.1.69913	1.60.1.70338
137	1.60.1.69913	1.60.1.70338
138	1.60.1.69913	1.60.1.70338
139	1.60.1.69913	1.60.1.70338
140	1.60.1.69913	1.60.1.70338
141	1.60.1.69913	1.60.1.70338
142	1.60.1.69913	1.60.1.70338
143	1.60.1.69913	1.60.1.70338
144	1.60.1.69913	1.60.1.70338
145	1.60.1.69913	1.60.1.70338
146	1.60.1.69913	1.60.1.70338
147	1.60.1.69913	1.60.1.70338
148	1.60.1.69913	1.60.1.70338
149	1.60.1.69913	1.60.1.70338
150	1.60.1.69913	1.60.1.70338
151	1.60.1.69913	1.60.1.70338
152	1.60.1.69913	1.60.1.70338
153	1.60.1.69913	1.60.1.70338
154	1.60.1.69913	1.60.1.70338
155	1.60.1.69913	1.60.1.70338
156	1.60.1.69913	1.60.1.70338
157	1.60.1.69913	1.60.1.70338
158	1.60.1.69913	1.60.1.70338
159	1.60.1.69913	1.60.1.70338
160	1.60.1.69913	1.60.1.70338
161	1.60.1.69913	1.60.1.70338
162	1.60.1.69913	1.60.1.70338
163	1.60.1.69913	1.60.1.70338
164	1.60.1.69913	1.60.1.70338
165	1.60.1.69913	1.60.1.70338
166	1.60.1.69913	1.60.1.70338
167	1.60.1.69913	1.60.1.70338
168	1.60.1.69913	1.60.1.70338
169	1.60.1.69913	1.60.1.70338
170	1.60.1.69913	1.60.1.70338
171	1.60.1.69913	1.60.1.70338
172	1.60.1.69913	1.60.1.70338
173	1.60.1.69913	1.60.1.70338
174	1.60.1.69913	1.60.1.70338
175	1.60.1.69913	1.60.1.70338
176	1.60.1.69913	1.60.1.70338
177	1.60.1.69913	1.60.1.70338
178	1.60.1.69913	1.60.1.70338
179	1.60.1.69913	1.60.1.70338
180	1.60.1.69913	1.60.1.70338
181	1.60.1.69913	1.60.1.70338
182	1.60.1.69913	1.60.1.70338
183	1.60.1.69913	1.60.1.70338
184	1.60.1.69913	1.60.1.70338
185	1.60.1.69913	1.60.1.70338
186	1.60.1.69913	1.60.1.70338
187	1.60.1.69913	1.60.1.70338
188	1.60.1.69913	1.60.1.70338
189	1.60.1.69913	1.60.1.70338
190	1.60.1.69913	1.60.1.70338
191	1.60.1.69913	1.60.1.70338
192	1.60.1.69913	1.60.1.70338
193	1.60.1.69913	1.60.1.70338
194	1.60.1.69913	1.60.1.70338
195	1.60.1.69913	1.60.1.70338
196	1.60.1.69913	1.60.1.70338
197	1.60.1.69913	1.60.1.70338
198	1.60.1.69913	1.60.1.70338
199	1.60.1.69913	1.60.1.70338
200	1.60.1.69913	1.60.1.70338
201	1.60.1.69913	1.60.1.70338
202	1.60.1.69913	1.60.1.70338
203	1.60.1.69913	1.60.1.70338
204	1.60.1.69913	1.60.1.70338
205	1.60.1.69913	1.60.1.70338
206	1.60.1.69913	1.60.1.70338
207	1.60.1.69913	1.60.1.70338
208	1.60.1.69913	1.60.1.70338
209	1.60.1.69913	1.60.1.70338
210	1.60.1.69913	1.60.1.70338
211	1.60.1.69913	1.60.1.70338
212	1.60.1.69913	1.60.1.70338
213	1.60.1.69913	1.60.1.70338
214	1.60.1.69913	1.60.1.70338
215	1.60.1.69913	1.60.1.70338
216	1.60.1.69913	1.60.1.70338
217	1.60.1.69913	1.60.1.70338
218	1.60.1.69913	1.60.1.70338
219	1.60.1.69913	1.60.1.70338
220	1.60.1.69913	1.60.1.70338
221	1.60.1.69913	1.60.1.70338
222	1.60.1.69913	1.60.1.70338
223	1.60.1.69913	1.60.1.70338
224	1.60.1.69913	1.60.1.70338
225	1.60.1.69913	1.60.1.70338
226	1.60.1.69913	1.60.1.70338
227	1.60.1.69913	1.60.1.70338
228	1.60.1.69913	1.60.1.70338
229	1.60.1.69913	1.60.1.70338
230	1.60.1.69913	1.60.1.70338
231	1.60.1.69913	1.60.1.70338
232	1.60.1.69913	1.60.1.70338
233	1.60.1.69913	1.60.1.70338
234	1.60.1.69913	1.60.1.70338
235	1.60.1.69913	1.60.1.70338
237	1.60.1.69913	1.60.1.70338
238	1.60.1.69913	1.60.1.70338
239	1.60.1.69913	1.60.1.70338
240	1.60.1.69913	1.60.1.70338
241	1.60.1.69913	1.60.1.70338
242	1.60.1.69913	1.60.1.70338
243	1.60.1.69913	1.60.1.70338
244	1.60.1.69913	1.60.1.70338
245	1.60.1.69913	1.60.1.70338
246	1.60.1.69913	1.60.1.70338
247	1.60.1.69913	1.60.1.70338
248	1.60.1.69913	1.60.1.70338
249	1.60.1.69913	1.60.1.70338
250	1.60.1.69913	1.60.1.70338
251	1.60.1.69913	1.60.1.70338
252	1.60.1.69913	1.60.1.70338
253	1.60.1.69913	1.60.1.70338
254	1.60.1.70124	1.60.1.70338
255	1.60.1.69913	1.60.1.70338
256	1.60.1.69913	1.60.1.70338
257	1.60.1.69913	1.60.1.70338
258	1.60.1.69913	1.60.1.70338
259	1.60.1.69913	1.60.1.70338
260	1.60.1.69913	1.60.1.70338
261	1.60.1.69913	1.60.1.70338
262	1.60.1.69913	1.60.1.70338
263	1.60.1.69913	1.60.1.70338
264	1.60.1.69913	1.60.1.70338
265	1.60.1.69913	1.60.1.70338
266	1.60.1.69913	1.60.1.70338
267	1.60.1.69913	1.60.1.70338
268	1.60.1.69913	1.60.1.70338
269	1.60.1.69913	1.60.1.70338
270	1.60.1.69913	1.60.1.70338
271	1.60.1.69913	1.60.1.70338
272	1.60.1.69913	1.60.1.70338
273	1.60.1.69913	1.60.1.70338
274	1.60.1.69913	1.60.1.70338
275	1.60.1.69913	1.60.1.70338
276	1.60.1.69913	1.60.1.70338
277	1.60.1.69913	1.60.1.70338
278	1.60.1.69913	1.60.1.70338
279	1.60.1.69913	1.60.1.70338
280	1.60.1.69913	1.60.1.70338
281	1.60.1.69913	1.60.1.70338
282	1.60.1.69913	1.60.1.70338
283	1.60.1.69913	1.60.1.70338
284	1.60.1.69913	1.60.1.70338
285	1.60.1.69913	1.60.1.70338
286	1.60.1.69913	1.60.1.70338
287	1.60.1.69913	1.60.1.70338
288	1.60.1.69913	1.60.1.70338
289	1.60.1.69913	1.60.1.70338
290	1.60.1.69913	1.60.1.70338
291	1.60.1.69913	1.60.1.70338
292	1.60.1.69913	1.60.1.70338
293	1.60.1.69913	1.60.1.70338
294	1.60.1.69913	1.60.1.70338
295	1.60.1.69913	1.60.1.70338
296	1.60.1.69913	1.60.1.70338
297	1.60.1.69913	1.60.1.70338
298	1.60.1.69913	1.60.1.70338
299	1.60.1.69913	1.60.1.70338
301	1.60.1.69913	1.60.1.70338
302	1.60.1.69913	1.60.1.70338
303	1.60.1.69913	1.60.1.70338
304	1.60.1.69913	1.60.1.70338
305	1.60.1.69913	1.60.1.70338
306	1.60.1.69913	1.60.1.70338
307	1.60.1.69913	1.60.1.70338
308	1.60.1.69913	1.60.1.70338
309	1.60.1.69913	1.60.1.70338
310	1.60.1.69913	1.60.1.70338
311	1.60.1.69913	1.60.1.70338
312	1.60.1.69913	1.60.1.70338
313	1.60.1.69913	1.60.1.70338
314	1.60.1.69913	1.60.1.70338
315	1.60.1.69913	1.60.1.70338
316	1.60.1.69913	1.60.1.70338
317	1.60.1.69913	1.60.1.70338
318	1.60.1.69913	1.60.1.70338
319	1.60.1.69913	1.60.1.70338
320	1.60.1.69913	1.60.1.70338
321	1.60.1.69913	1.60.1.70338
322	1.60.1.69913	1.60.1.70338
323	1.60.1.69913	1.60.1.70338
324	1.60.1.69913	1.60.1.70338
325	1.60.1.69913	1.60.1.70338
328	1.60.1.69913	1.60.1.70338
329	1.60.1.69913	1.60.1.70338
330	1.60.1.69913	1.60.1.70338
331	1.60.1.69913	1.60.1.70338
332	1.60.1.69913	1.60.1.70338
333	1.60.1.69913	1.60.1.70338
334	1.60.1.69913	1.60.1.70338
335	1.60.1.69913	1.60.1.70338
336	1.60.1.69913	1.60.1.70338
337	1.60.1.69913	1.60.1.70338
338	1.60.1.69913	1.60.1.70338
339	1.60.1.69913	1.60.1.70338
340	1.60.1.69913	1.60.1.70338
341	1.60.1.69913	1.60.1.70338
342	1.60.1.69913	1.60.1.70338
343	1.60.1.69913	1.60.1.70338
344	1.60.1.69913	1.60.1.70338
345	1.60.1.69913	1.60.1.70338
346	1.60.1.69913	1.60.1.70338
347	1.60.1.69913	1.60.1.70338
348	1.60.1.69913	1.60.1.70338
350	1.60.1.69913	1.60.1.70338
351	1.60.1.69913	1.60.1.70338
352	1.60.1.69913	1.60.1.70338
353	1.60.1.69913	1.60.1.70338
354	1.60.1.69913	1.60.1.70338
355	1.60.1.69913	1.60.1.70338
356	1.60.1.69913	1.60.1.70338
357	1.60.1.69913	1.60.1.70338
358	1.60.1.69913	1.60.1.70338
359	1.60.1.69913	1.60.1.70338
360	1.60.1.69913	1.60.1.70338
361	1.60.1.69913	1.60.1.70338
362	1.60.1.69913	1.60.1.70338
363	1.60.1.69913	1.60.1.70338
364	1.60.1.69913	1.60.1.70338
365	1.60.1.69913	1.60.1.70338
366	1.60.1.69913	1.60.1.70338
367	1.60.1.69913	1.60.1.70338
368	1.60.1.69913	1.60.1.70338
369	1.60.1.69913	1.60.1.70338
370	1.60.1.69913	1.60.1.70338
371	1.60.1.69913	1.60.1.70338
372	1.60.1.69913	1.60.1.70338
373	1.60.1.69913	1.60.1.70338
374	1.60.1.69913	1.60.1.70338
375	1.60.1.69913	1.60.1.70338
376	1.60.1.69913	1.60.1.70338
377	1.60.1.69913	1.60.1.70338
378	1.60.1.69913	1.60.1.70338
379	1.60.1.69913	1.60.1.70338
380	1.60.1.69913	1.60.1.70338
381	1.60.1.69913	1.60.1.70338
382	1.60.1.69913	1.60.1.70338
383	1.60.1.69913	1.60.1.70338
384	1.60.1.69913	1.60.1.70338
385	1.60.1.69913	1.60.1.70338
386	1.60.1.69913	1.60.1.70338
387	1.60.1.69913	1.60.1.70338
388	1.60.1.69913	1.60.1.70338
389	1.60.1.69913	1.60.1.70338
390	1.60.1.69913	1.60.1.70338
391	1.60.1.69913	1.60.1.70338
392	1.60.1.69913	1.60.1.70338
393	1.60.1.69913	1.60.1.70338
394	1.60.1.69913	1.60.1.70338
395	1.60.1.69913	1.60.1.70338
396	1.60.1.69913	1.60.1.70338
397	1.60.1.69913	1.60.1.70338
398	1.60.1.69913	1.60.1.70338
399	1.60.1.69913	1.60.1.70338
400	1.60.1.69913	1.60.1.70338
401	1.60.1.69913	1.60.1.70338
403	1.60.1.69913	1.60.1.70338
404	1.60.1.69913	1.60.1.70338
405	1.60.1.69913	1.60.1.70338
406	1.60.1.69913	1.60.1.70338
407	1.60.1.69913	1.60.1.70338
408	1.60.1.69913	1.60.1.70338
409	1.60.1.69913	1.60.1.70338
410	1.60.1.69913	1.60.1.70338
411	1.60.1.69913	1.60.1.70338
412	1.60.1.69913	1.60.1.70338
413	1.60.1.69913	1.60.1.70338
414	1.60.1.69913	1.60.1.70338
415	1.60.1.69913	1.60.1.70338
416	1.60.1.69913	1.60.1.70338
417	1.60.1.69913	1.60.1.70338
418	1.60.1.69913	1.60.1.70338
419	1.60.1.69913	1.60.1.70338
420	1.60.1.69913	1.60.1.70338
421	1.60.1.69913	1.60.1.70338
422	1.60.1.69913	1.60.1.70338
423	1.60.1.69913	1.60.1.70338
424	1.60.1.69913	1.60.1.70338
425	1.60.1.69913	1.60.1.70338
426	1.60.1.69913	1.60.1.70338
427	1.60.1.69913	1.60.1.70338
428	1.60.1.69913	1.60.1.70338
429	1.60.1.69913	1.60.1.70338
430	1.60.1.69913	1.60.1.70338
431	1.60.1.69913	1.60.1.70338
432	1.60.1.69913	1.60.1.70338
433	1.60.1.69913	1.60.1.70338
434	1.60.1.69913	1.60.1.70338
435	1.60.1.69913	1.60.1.70338
436	1.60.1.69913	1.60.1.70338
437	1.60.1.69913	1.60.1.70338
438	1.60.1.69913	1.60.1.70338
439	1.60.1.69913	1.60.1.70338
440	1.60.1.69913	1.60.1.70338
441	1.60.1.69913	1.60.1.70338
442	1.60.1.69913	1.60.1.70338
443	1.60.1.69913	1.60.1.70338
444	1.60.1.69913	1.60.1.70338
445	1.60.1.69913	1.60.1.70338
446	1.60.1.69913	1.60.1.70338
447	1.60.1.69913	1.60.1.70338
448	1.60.1.69913	1.60.1.70338
449	1.60.1.69913	1.60.1.70338
450	1.60.1.69913	1.60.1.70338
451	1.60.1.69913	1.60.1.70338
452	1.60.1.69913	1.60.1.70338
453	1.60.1.69913	1.60.1.70338
454	1.60.1.69913	1.60.1.70338
455	1.60.1.69913	1.60.1.70338
456	1.60.1.69913	1.60.1.70338
457	1.60.1.69913	1.60.1.70338
458	1.60.1.69913	1.60.1.70338
459	1.60.1.69913	1.60.1.70338
460	1.60.1.69913	1.60.1.70338
461	1.60.1.69913	1.60.1.70338
462	1.60.1.69913	1.60.1.70338
463	1.60.1.69913	1.60.1.70338
464	1.60.1.69913	1.60.1.70338
465	1.60.1.69913	1.60.1.70338
466	1.60.1.69913	1.60.1.70338
467	1.60.1.69913	1.60.1.70338
468	1.60.1.69913	1.60.1.70338
469	1.60.1.69913	1.60.1.70338
470	1.60.1.69913	1.60.1.70338
471	1.60.1.69913	1.60.1.70338
472	1.60.1.69913	1.60.1.70338
473	1.60.1.69913	1.60.1.70338
474	1.60.1.69913	1.60.1.70338
475	1.60.1.69913	1.60.1.70338
476	1.60.1.69913	1.60.1.70338
477	1.60.1.69913	1.60.1.70338
478	1.60.1.69913	1.60.1.70338
479	1.60.1.69913	1.60.1.70338
480	1.60.1.69913	1.60.1.70338
481	1.60.1.69913	1.60.1.70338
482	1.60.1.69913	1.60.1.70338
483	1.60.1.69913	1.60.1.70338
484	1.60.1.69913	1.60.1.70338
485	1.60.1.69913	1.60.1.70338
486	1.60.1.69913	1.60.1.70338
487	1.60.1.69913	1.60.1.70338
488	1.60.1.69913	1.60.1.70338
489	1.60.1.69913	1.60.1.70338
490	1.60.1.69913	1.60.1.70338
491	1.60.1.69913	1.60.1.70338
492	1.60.1.69913	1.60.1.70338
493	1.60.1.69913	1.60.1.70338
494	1.60.1.69913	1.60.1.70338
495	1.60.1.69913	1.60.1.70338
496	1.60.1.69913	1.60.1.70338
497	1.60.1.69913	1.60.1.70338
498	1.60.1.69913	1.60.1.70338
499	1.60.1.69913	1.60.1.70338
500	1.60.1.69913	1.60.1.70338
501	1.60.1.69913	1.60.1.70338
502	1.60.1.69913	1.60.1.70338
503	1.60.1.69913	1.60.1.70338
504	1.60.1.69913	1.60.1.70338
505	1.60.1.69913	1.60.1.70338
506	1.60.1.69913	1.60.1.70338
507	1.60.1.69913	1.60.1.70338
508	1.60.1.69913	1.60.1.70338
509	1.60.1.69913	1.60.1.70338
510	1.60.1.69913	1.60.1.70338
511	1.60.1.69913	1.60.1.70338
512	1.60.1.69913	1.60.1.70338
513	1.60.1.69913	1.60.1.70338
514	1.60.1.69913	1.60.1.70338
515	1.60.1.69913	1.60.1.70338
516	1.60.1.69913	1.60.1.70338
517	1.60.1.69913	1.60.1.70338
518	1.60.1.69913	1.60.1.70338
519	1.60.1.69913	1.60.1.70338
520	1.60.1.69913	1.60.1.70338
521	1.60.1.69913	1.60.1.70338
522	1.60.1.69913	1.60.1.70338
523	1.60.1.69913	1.60.1.70338
524	1.60.1.69913	1.60.1.70338
525	1.60.1.69913	1.60.1.70338
526	1.60.1.69913	1.60.1.70338
527	1.60.1.69913	1.60.1.70338
528	1.60.1.69913	1.60.1.70338
529	1.60.1.69913	1.60.1.70338
530	1.60.1.69913	1.60.1.70338
531	1.60.1.69913	1.60.1.70338
532	1.60.1.69913	1.60.1.70338
533	1.60.1.69913	1.60.1.70338
534	1.60.1.69913	1.60.1.70338
535	1.60.1.69913	1.60.1.70338
536	1.60.1.69913	1.60.1.70338
537	1.60.1.69913	1.60.1.70338
538	1.60.1.69913	1.60.1.70338
539	1.60.1.69913	1.60.1.70338
540	1.60.1.69913	1.60.1.70338
541	1.60.1.69913	1.60.1.70338
542	1.60.1.69913	1.60.1.70338
543	1.60.1.69913	1.60.1.70338
544	1.60.1.69913	1.60.1.70338
545	1.60.1.69913	1.60.1.70338
546	1.60.1.69913	1.60.1.70338
547	1.60.1.69913	1.60.1.70338
548	1.60.1.69913	1.60.1.70338
549	1.60.1.69913	1.60.1.70338
550	1.60.1.69913	1.60.1.70338
551	1.60.1.69913	1.60.1.70338
552	1.60.1.69913	1.60.1.70338
553	1.60.1.69913	1.60.1.70338
554	1.60.1.69913	1.60.1.70338
555	1.60.1.69913	1.60.1.70338
556	1.60.1.69913	1.60.1.70338
557	1.60.1.69913	1.60.1.70338
558	1.60.1.69913	1.60.1.70338
559	1.60.1.69913	1.60.1.70338
560	1.60.1.69913	1.60.1.70338
561	1.60.1.69913	1.60.1.70338
562	1.60.1.69913	1.60.1.70338
563	1.60.1.69913	1.60.1.70338
564	1.60.1.69913	1.60.1.70338
565	1.60.1.69913	1.60.1.70338
566	1.60.1.69913	1.60.1.70338
567	1.60.1.69913	1.60.1.70338
568	1.60.1.69913	1.60.1.70338
569	1.60.1.69913	1.60.1.70338
570	1.60.1.69913	1.60.1.70338
571	1.60.1.69913	1.60.1.70338
572	1.60.1.69913	1.60.1.70338
573	1.60.1.69913	1.60.1.70338
574	1.60.1.69913	1.60.1.70338
575	1.60.1.69913	1.60.1.70338
576	1.60.1.69913	1.60.1.70338
577	1.60.1.69913	1.60.1.70338
578	1.60.1.69913	1.60.1.70338
579	1.60.1.69913	1.60.1.70338
580	1.60.1.69913	1.60.1.70338
581	1.60.1.69913	1.60.1.70338
582	1.60.1.69913	1.60.1.70338
583	1.60.1.69913	1.60.1.70338
584	1.60.1.69913	1.60.1.70338
585	1.60.1.69913	1.60.1.70338
586	1.60.1.69913	1.60.1.70338
587	1.60.1.69913	1.60.1.70338
588	1.60.1.69913	1.60.1.70338
589	1.60.1.69913	1.60.1.70338
590	1.60.1.69913	1.60.1.70338
591	1.60.1.69913	1.60.1.70338
592	1.60.1.69913	1.60.1.70338
594	1.60.1.69913	1.60.1.70338
595	1.60.1.69913	1.60.1.70338
596	1.60.1.69913	1.60.1.70338
597	1.60.1.69913	1.60.1.70338
598	1.60.1.69913	1.60.1.70338
599	1.60.1.69913	1.60.1.70338
600	1.60.1.69913	1.60.1.70338
601	1.60.1.69913	1.60.1.70338
602	1.60.1.69913	1.60.1.70338
603	1.60.1.69913	1.60.1.70338
604	1.60.1.69913	1.60.1.70338
605	1.60.1.69913	1.60.1.70338
606	1.60.1.69913	1.60.1.70338
607	1.60.1.69913	1.60.1.70338
608	1.60.1.69913	1.60.1.70338
609	1.60.1.69913	1.60.1.70338
610	1.60.1.69913	1.60.1.70338
611	1.60.1.69913	1.60.1.70338
612	1.60.1.69913	1.60.1.70338
613	1.60.1.69913	1.60.1.70338
614	1.60.1.69913	1.60.1.70338
615	1.60.1.69913	1.60.1.70338
616	1.60.1.69913	1.60.1.70338
617	1.60.1.69913	1.60.1.70338
618	1.60.1.69913	1.60.1.70338
620	1.60.1.69913	1.60.1.70338
621	1.60.1.69913	1.60.1.70338
622	1.60.1.69913	1.60.1.70338
623	1.60.1.69913	1.60.1.70338
624	1.60.1.69913	1.60.1.70338
625	1.60.1.69913	1.60.1.70338
626	1.60.1.69913	1.60.1.70338
627	1.60.1.69913	1.60.1.70338
628	1.60.1.69913	1.60.1.70338
629	1.60.1.69913	1.60.1.70338
630	1.60.1.69913	1.60.1.70338
631	1.60.1.69913	1.60.1.70338
632	1.60.1.69913	1.60.1.70338
633	1.60.1.69913	1.60.1.70338
634	1.60.1.69913	1.60.1.70338
635	1.60.1.69913	1.60.1.70338
636	1.60.1.69913	1.60.1.70338
637	1.60.1.69913	1.60.1.70338
638	1.60.1.69913	1.60.1.70338
639	1.60.1.69913	1.60.1.70338
640	1.60.1.69913	1.60.1.70338
641	1.60.1.69913	1.60.1.70338
642	1.60.1.69913	1.60.1.70338
643	1.60.1.69913	1.60.1.70338
644	1.60.1.69913	1.60.1.70338
645	1.60.1.69913	1.60.1.70338
646	1.60.1.69913	1.60.1.70338
647	1.60.1.69913	1.60.1.70338
648	1.60.1.69913	1.60.1.70338
649	1.60.1.69913	1.60.1.70338
650	1.60.1.69913	1.60.1.70338
651	1.60.1.69913	1.60.1.70338
652	1.60.1.69913	1.60.1.70338
653	1.60.1.69913	1.60.1.70338
654	1.60.1.69913	1.60.1.70338
655	1.60.1.69913	1.60.1.70338
656	1.60.1.69913	1.60.1.70338
657	1.60.1.69913	1.60.1.70338
658	1.60.1.69913	1.60.1.70338
659	1.60.1.69913	1.60.1.70338
660	1.60.1.69913	1.60.1.70338
661	1.60.1.69913	1.60.1.70338
662	1.60.1.69913	1.60.1.70338
663	1.60.1.69913	1.60.1.70338
664	1.60.1.69913	1.60.1.70338
665	1.60.1.69913	1.60.1.70338
666	1.60.1.69913	1.60.1.70338
667	1.60.1.69913	1.60.1.70338
668	1.60.1.69913	1.60.1.70338
669	1.60.1.69913	1.60.1.70338
670	1.60.1.69913	1.60.1.70338
671	1.60.1.69913	1.60.1.70338
672	1.60.1.69913	1.60.1.70338
673	1.60.1.69913	1.60.1.70338
674	1.60.1.69913	1.60.1.70338
675	1.60.1.69913	1.60.1.70338
676	1.60.1.69913	1.60.1.70338
677	1.60.1.69913	1.60.1.70338
678	1.60.1.69913	1.60.1.70338
679	1.60.1.69913	1.60.1.70338
680	1.60.1.69913	1.60.1.70338
681	1.60.1.69913	1.60.1.70338
682	1.60.1.69913	1.60.1.70338
683	1.60.1.69913	1.60.1.70338
684	1.60.1.69913	1.60.1.70338
685	1.60.1.69913	1.60.1.70338
686	1.60.1.69913	1.60.1.70338
687	1.60.1.69913	1.60.1.70338
688	1.60.1.69913	1.60.1.70338
689	1.60.1.69913	1.60.1.70338
690	1.60.1.69913	1.60.1.70338
691	1.60.1.69913	1.60.1.70338
692	1.60.1.69913	1.60.1.70338
693	1.60.1.69913	1.60.1.70338
694	1.60.1.69913	1.60.1.70338
695	1.60.1.69913	1.60.1.70338
696	1.60.1.69913	1.60.1.70338
697	1.60.1.69913	1.60.1.70338
698	1.60.1.69913	1.60.1.70338
699	1.60.1.69913	1.60.1.70338
700	1.60.1.69913	1.60.1.70338
701	1.60.1.69913	1.60.1.70338
702	1.60.1.69913	1.60.1.70338
703	1.60.1.69913	1.60.1.70338
704	1.60.1.69913	1.60.1.70338
705	1.60.1.69913	1.60.1.70338
706	1.60.1.69913	1.60.1.70338
707	1.60.1.69913	1.60.1.70338
708	1.60.1.69913	1.60.1.70338
709	1.60.1.69913	1.60.1.70338
710	1.60.1.69913	1.60.1.70338
711	1.60.1.69913	1.60.1.70338
712	1.60.1.69913	1.60.1.70338
713	1.60.1.69913	1.60.1.70338
714	1.60.1.69913	1.60.1.70338
715	1.60.1.69913	1.60.1.70338
716	1.60.1.69913	1.60.1.70338
717	1.60.1.69913	1.60.1.70338
718	1.60.1.69913	1.60.1.70338
719	1.60.1.69913	1.60.1.70338
720	1.60.1.69913	1.60.1.70338
721	1.60.1.69913	1.60.1.70338
722	1.60.1.69913	1.60.1.70338
723	1.60.1.69913	1.60.1.70338
724	1.60.1.69913	1.60.1.70338
725	1.60.1.69913	1.60.1.70338
726	1.60.1.69913	1.60.1.70338
727	1.60.1.69913	1.60.1.70338
728	1.60.1.69913	1.60.1.70338
729	1.60.1.69913	1.60.1.70338
730	1.60.1.69913	1.60.1.70338
731	1.60.1.69913	1.60.1.70338
732	1.60.1.69913	1.60.1.70338
733	1.60.1.69913	1.60.1.70338
734	1.60.1.69913	1.60.1.70338
735	1.60.1.69913	1.60.1.70338
736	1.60.1.69913	1.60.1.70338
737	1.60.1.69913	1.60.1.70338
738	1.60.1.69913	1.60.1.70338
739	1.60.1.69913	1.60.1.70338
741	1.60.1.69913	1.60.1.70338
742	1.60.1.69913	1.60.1.70338
743	1.60.1.69913	1.60.1.70338
744	1.60.1.69913	1.60.1.70338
745	1.60.1.69913	1.60.1.70338
746	1.60.1.69913	1.60.1.70338
747	1.60.1.69913	1.60.1.70338
748	1.60.1.69913	1.60.1.70338
749	1.60.1.69913	1.60.1.70338
750	1.60.1.69913	1.60.1.70338
751	1.60.1.69913	1.60.1.70338
752	1.60.1.69913	1.60.1.70338
753	1.60.1.69913	1.60.1.70338
754	1.60.1.69913	1.60.1.70338
755	1.60.1.69913	1.60.1.70338
756	1.60.1.69913	1.60.1.70338
757	1.60.1.69913	1.60.1.70338
758	1.60.1.69913	1.60.1.70338
759	1.60.1.69913	1.60.1.70338
760	1.60.1.69913	1.60.1.70338
761	1.60.1.69913	1.60.1.70338
762	1.60.1.69913	1.60.1.70338
763	1.60.1.69913	1.60.1.70338
764	1.60.1.69913	1.60.1.70338
765	1.60.1.69913	1.60.1.70338
766	1.60.1.69913	1.60.1.70338
767	1.60.1.69913	1.60.1.70338
768	1.60.1.69913	1.60.1.70338
769	1.60.1.69913	1.60.1.70338
770	1.60.1.69913	1.60.1.70338
771	1.60.1.69913	1.60.1.70338
772	1.60.1.69913	1.60.1.70338
773	1.60.1.69913	1.60.1.70338
774	1.60.1.69913	1.60.1.70338
775	1.60.1.69913	1.60.1.70338
776	1.60.1.69913	1.60.1.70338
777	1.60.1.69913	1.60.1.70338
778	1.60.1.69913	1.60.1.70338
780	1.60.1.69913	1.60.1.70338
781	1.60.1.69913	1.60.1.70338
782	1.60.1.69913	1.60.1.70338
783	1.60.1.69913	1.60.1.70338
784	1.60.1.69913	1.60.1.70338
785	1.60.1.69913	1.60.1.70338
786	1.60.1.69913	1.60.1.70338
787	1.60.1.69913	1.60.1.70338
788	1.60.1.69913	1.60.1.70338
789	1.60.1.69913	1.60.1.70338
790	1.60.1.69913	1.60.1.70338
791	1.60.1.69913	1.60.1.70338
792	1.60.1.69913	1.60.1.70338
793	1.60.1.69913	1.60.1.70338
794	1.60.1.69913	1.60.1.70338
796	1.60.1.69913	1.60.1.70338
797	1.60.1.69913	1.60.1.70338
798	1.60.1.69913	1.60.1.70338
799	1.60.1.69913	1.60.1.70338
800	1.60.1.69913	1.60.1.70338
801	1.60.1.69913	1.60.1.70338
802	1.60.1.69913	1.60.1.70338
803	1.60.1.69913	1.60.1.70338
804	1.60.1.69913	1.60.1.70338
805	1.60.1.69913	1.60.1.70338
806	1.60.1.69913	1.60.1.70338
807	1.60.1.69913	1.60.1.70338
808	1.60.1.69913	1.60.1.70338
809	1.60.1.69913	1.60.1.70338
810	1.60.1.69913	1.60.1.70338
811	1.60.1.69913	1.60.1.70338
812	1.60.1.69913	1.60.1.70338
813	1.60.1.69913	1.60.1.70338
814	1.60.1.69913	1.60.1.70338
815	1.60.1.69913	1.60.1.70338
816	1.60.1.69913	1.60.1.70338
817	1.60.1.69913	1.60.1.70338
818	1.60.1.69913	1.60.1.70338
819	1.60.1.69913	1.60.1.70338
820	1.60.1.69913	1.60.1.70338
821	1.60.1.69913	1.60.1.70338
822	1.60.1.69913	1.60.1.70338
823	1.60.1.69913	1.60.1.70338
824	1.60.1.69913	1.60.1.70338
825	1.60.1.69913	1.60.1.70338
826	1.60.1.69913	1.60.1.70338
827	1.60.1.69913	1.60.1.70338
828	1.60.1.69913	1.60.1.70338
829	1.60.1.69913	1.60.1.70338
830	1.60.1.69913	1.60.1.70338
831	1.60.1.69913	1.60.1.70338
832	1.60.1.69913	1.60.1.70338
833	1.60.1.69913	1.60.1.70338
834	1.60.1.69913	1.60.1.70338
835	1.60.1.69913	1.60.1.70338
836	1.60.1.69913	1.60.1.70338
837	1.60.1.69913	1.60.1.70338
838	1.60.1.69913	1.60.1.70338
839	1.60.1.69913	1.60.1.70338
840	1.60.1.69913	1.60.1.70338
842	1.60.1.69913	1.60.1.70338
843	1.60.1.69913	1.60.1.70338
844	1.60.1.69913	1.60.1.70338
845	1.60.1.69913	1.60.1.70338
846	1.60.1.69913	1.60.1.70338
847	1.60.1.69913	1.60.1.70338
848	1.60.1.69913	1.60.1.70338
849	1.60.1.69913	1.60.1.70338
850	1.60.1.69913	1.60.1.70338
851	1.60.1.69913	1.60.1.70338
852	1.60.1.69913	1.60.1.70338
853	1.60.1.69913	1.60.1.70338
854	1.60.1.69913	1.60.1.70338
855	1.60.1.69913	1.60.1.70338
856	1.60.1.69913	1.60.1.70338
857	1.60.1.69913	1.60.1.70338
858	1.60.1.69913	1.60.1.70338
860	1.60.1.69913	1.60.1.70338
861	1.60.1.69913	1.60.1.70338
862	1.60.1.69913	1.60.1.70338
863	1.60.1.69913	1.60.1.70338
864	1.60.1.69913	1.60.1.70338
865	1.60.1.69913	1.60.1.70338
866	1.60.1.69913	1.60.1.70338
867	1.60.1.69913	1.60.1.70338
868	1.60.1.69913	1.60.1.70338
869	1.60.1.69913	1.60.1.70338
870	1.60.1.69913	1.60.1.70338
871	1.60.1.69913	1.60.1.70338
872	1.60.1.69913	1.60.1.70338
873	1.60.1.69913	1.60.1.70338
874	1.60.1.69913	1.60.1.70338
875	1.60.1.69913	1.60.1.70338
876	1.60.1.69913	1.60.1.70338
877	1.60.1.69913	1.60.1.70338
878	1.60.1.69913	1.60.1.70338
879	1.60.1.69913	1.60.1.70338
880	1.60.1.69913	1.60.1.70338
881	1.60.1.69913	1.60.1.70338
882	1.60.1.69913	1.60.1.70338
883	1.60.1.69913	1.60.1.70338
884	1.60.1.69913	1.60.1.70338
885	1.60.1.69913	1.60.1.70338
886	1.60.1.69913	1.60.1.70338
887	1.60.1.69913	1.60.1.70338
888	1.60.1.69913	1.60.1.70338
889	1.60.1.69913	1.60.1.70338
890	1.60.1.69913	1.60.1.70338
891	1.60.1.69913	1.60.1.70338
892	1.60.1.69913	1.60.1.70338
893	1.60.1.69913	1.60.1.70338
894	1.60.1.69913	1.60.1.70338
895	1.60.1.69913	1.60.1.70338
896	1.60.1.69913	1.60.1.70338
897	1.60.1.69913	1.60.1.70338
898	1.60.1.69913	1.60.1.70338
899	1.60.1.69913	1.60.1.70338
900	1.60.1.69913	1.60.1.70338
901	1.60.1.69913	1.60.1.70338
902	1.60.1.69913	1.60.1.70338
903	1.60.1.69913	1.60.1.70338
905	1.60.1.69913	1.60.1.70338
906	1.60.1.69913	1.60.1.70338
907	1.60.1.69913	1.60.1.70338
908	1.60.1.69913	1.60.1.70338
909	1.60.1.69913	1.60.1.70338
910	1.60.1.69913	1.60.1.70338
911	1.60.1.69913	1.60.1.70338
912	1.60.1.69913	1.60.1.70338
913	1.60.1.69913	1.60.1.70338
914	1.60.1.69913	1.60.1.70338
915	1.60.1.69913	1.60.1.70338
916	1.60.1.69913	1.60.1.70338
917	1.60.1.69913	1.60.1.70338
918	1.60.1.69913	1.60.1.70338
919	1.60.1.69913	1.60.1.70338
920	1.60.1.69913	1.60.1.70338
921	1.60.1.69913	1.60.1.70338
922	1.60.1.69913	1.60.1.70338
923	1.60.1.69913	1.60.1.70338
924	1.60.1.69913	1.60.1.70338
925	1.60.1.69913	1.60.1.70338
926	1.60.1.69913	1.60.1.70338
927	1.60.1.69913	1.60.1.70338
928	1.60.1.69913	1.60.1.70338
929	1.60.1.69913	1.60.1.70338
930	1.60.1.69913	1.60.1.70338
931	1.60.1.69913	1.60.1.70338
932	1.60.1.69913	1.60.1.70338
933	1.60.1.69913	1.60.1.70338
934	1.60.1.69913	1.60.1.70338
935	1.60.1.69913	1.60.1.70338
936	1.60.1.69913	1.60.1.70338
937	1.60.1.69913	1.60.1.70338
938	1.60.1.69913	1.60.1.70338
939	1.60.1.69913	1.60.1.70338
940	1.60.1.69913	1.60.1.70338
941	1.60.1.69913	1.60.1.70338
942	1.60.1.69913	1.60.1.70338
943	1.60.1.69913	1.60.1.70338
944	1.60.1.69913	1.60.1.70338
945	1.60.1.69913	1.60.1.70338
946	1.60.1.69913	1.60.1.70338
947	1.60.1.69913	1.60.1.70338
948	1.60.1.69913	1.60.1.70338
949	1.60.1.69913	1.60.1.70338
950	1.60.1.69913	1.60.1.70338
951	1.60.1.69913	1.60.1.70338
952	1.60.1.69913	1.60.1.70338
953	1.60.1.69913	1.60.1.70338
954	1.60.1.69913	1.60.1.70338
955	1.60.1.69913	1.60.1.70338
956	1.60.1.69913	1.60.1.70338
957	1.60.1.69913	1.60.1.70338
958	1.60.1.69913	1.60.1.70338
959	1.60.1.69913	1.60.1.70338
960	1.60.1.70124	1.60.1.70245
961	1.60.1.69913	1.60.1.70338
962	1.60.1.69913	1.60.1.70338
963	1.60.1.69913	1.60.1.70338
964	1.60.1.69913	1.60.1.70338
965	1.60.1.69913	1.60.1.70338
966	1.60.1.69913	1.60.1.70338
967	1.60.1.69913	1.60.1.70338
968	1.60.1.69913	1.60.1.70338
969	1.60.1.69913	1.60.1.70338
970	1.60.1.69913	1.60.1.70338
971	1.60.1.69913	1.60.1.70338
972	1.60.1.70009	1.60.1.70338
973	1.60.1.69913	1.60.1.70338
974	1.60.1.69913	1.60.1.70338
975	1.60.1.69913	1.60.1.70338
976	1.60.1.69913	1.60.1.70338
977	1.60.1.69913	1.60.1.70338
978	1.60.1.69913	1.60.1.70338
979	1.60.1.69913	1.60.1.70338
980	1.60.1.69913	1.60.1.70338
981	1.60.1.69913	1.60.1.70338
982	1.60.1.69913	1.60.1.70338
983	1.60.1.69913	1.60.1.70338
984	1.60.1.69913	1.60.1.70338
985	1.60.1.69913	1.60.1.70338
986	1.60.1.69913	1.60.1.70338
988	1.60.1.69913	1.60.1.70338
989	1.60.1.69913	1.60.1.70338
990	1.60.1.69913	1.60.1.70338
991	1.60.1.69913	1.60.1.70338
992	1.60.1.69913	1.60.1.70338
993	1.60.1.69913	1.60.1.70338
994	1.60.1.69913	1.60.1.70338
995	1.60.1.69913	1.60.1.70338
997	1.60.1.69913	1.60.1.70338
999	1.60.1.70124	1.60.1.70170
1000	1.60.1.69913	1.60.1.70338
1001	1.60.1.69913	1.60.1.70338
1002	1.60.1.69913	1.60.1.70338
1003	1.60.1.69913	1.60.1.70338
1004	1.60.1.69913	1.60.1.70338
1005	1.60.1.70124	1.60.1.70124
1006	1.60.1.70124	1.60.1.70124
1007	1.60.1.69913	1.60.1.70338
1008	1.60.1.69913	1.60.1.70338
1009	1.60.1.69913	1.60.1.70338
1010	1.60.1.69913	1.60.1.70338
1011	1.60.1.69913	1.60.1.70338
1012	1.60.1.69913	1.60.1.70338
1013	1.60.1.69913	1.60.1.70338
1014	1.60.1.69913	1.60.1.70338
1015	1.60.1.69913	1.60.1.70338
1016	1.60.1.69913	1.60.1.70338
1017	1.60.1.69913	1.60.1.70338
1018	1.60.1.69913	1.60.1.70338
1019	1.60.1.69913	1.60.1.70338
1020	1.60.1.69913	1.60.1.70338
1021	1.60.1.69913	1.60.1.70338
1022	1.60.1.69913	1.60.1.70338
1023	1.60.1.69913	1.60.1.70338
1024	1.60.1.69913	1.60.1.70338
1025	1.60.1.69913	1.60.1.70338
1026	1.60.1.69913	1.60.1.70338
1027	1.60.1.69913	1.60.1.70338
1028	1.60.1.69913	1.60.1.70338
1029	1.60.1.69913	1.60.1.70338
1030	1.60.1.69913	1.60.1.70338
1031	1.60.1.69913	1.60.1.70338
1032	1.60.1.69913	1.60.1.70338
1033	1.60.1.69913	1.60.1.70338
1034	1.60.1.69913	1.60.1.70338
1035	1.60.1.69913	1.60.1.70338
1036	1.60.1.69913	1.60.1.70338
1037	1.60.1.69913	1.60.1.70338
1038	1.60.1.69913	1.60.1.70338
1039	1.60.1.69913	1.60.1.70338
1040	1.60.1.69913	1.60.1.70338
1041	1.60.1.69913	1.60.1.70338
1042	1.60.1.69913	1.60.1.70338
1043	1.60.1.69913	1.60.1.70338
1044	1.60.1.69913	1.60.1.70338
1045	1.60.1.69913	1.60.1.70338
1046	1.60.1.69913	1.60.1.70338
1047	1.60.1.69913	1.60.1.70338
1048	1.60.1.69913	1.60.1.70338
1049	1.60.1.69913	1.60.1.70338
1050	1.60.1.69913	1.60.1.70338
1051	1.60.1.69913	1.60.1.70338
1052	1.60.1.69913	1.60.1.70338
1053	1.60.1.69913	1.60.1.70338
1054	1.60.1.69913	1.60.1.70338
1055	1.60.1.69913	1.60.1.70338
1056	1.60.1.69913	1.60.1.70338
1057	1.60.1.69913	1.60.1.70338
1058	1.60.1.69913	1.60.1.70338
1059	1.60.1.69913	1.60.1.70338
1060	1.60.1.69913	1.60.1.70338
1061	1.60.1.69913	1.60.1.70338
1062	1.60.1.69913	1.60.1.70338
1063	1.60.1.69913	1.60.1.70338
1064	1.60.1.69913	1.60.1.70338
1065	1.60.1.69913	1.60.1.70338
1066	1.60.1.69913	1.60.1.70338
1067	1.60.1.69913	1.60.1.70338
1068	1.60.1.69913	1.60.1.70338
1069	1.60.1.69913	1.60.1.70338
1070	1.60.1.69913	1.60.1.70338
1071	1.60.1.69913	1.60.1.70338
1072	1.60.1.69913	1.60.1.70338
1073	1.60.1.69913	1.60.1.70338
1074	1.60.1.69913	1.60.1.70338
1075	1.60.1.69913	1.60.1.70338
1076	1.60.1.69913	1.60.1.70338
1077	1.60.1.69913	1.60.1.70338
1078	1.60.1.69913	1.60.1.70338
1079	1.60.1.69913	1.60.1.70338
1080	1.60.1.69913	1.60.1.70338
1081	1.60.1.69913	1.60.1.70338
1082	1.60.1.69913	1.60.1.70338
1083	1.60.1.69913	1.60.1.70338
1084	1.60.1.69913	1.60.1.70338
1085	1.60.1.69913	1.60.1.70338
1086	1.60.1.69913	1.60.1.70338
1087	1.60.1.69913	1.60.1.70338
1088	1.60.1.69913	1.60.1.70338
1089	1.60.1.69913	1.60.1.70338
1090	1.60.1.69913	1.60.1.70338
1091	1.60.1.69913	1.60.1.70338
1092	1.60.1.69913	1.60.1.70338
1093	1.60.1.69913	1.60.1.70338
1094	1.60.1.69913	1.60.1.70338
1095	1.60.1.69913	1.60.1.70338
1096	1.60.1.69913	1.60.1.70338
1097	1.60.1.69913	1.60.1.70338
1098	1.60.1.69913	1.60.1.70338
1099	1.60.1.69913	1.60.1.70338
1100	1.60.1.69913	1.60.1.70338
1101	1.60.1.69913	1.60.1.70338
1102	1.60.1.69913	1.60.1.70338
1103	1.60.1.70009	1.60.1.70338
1104	1.60.1.69913	1.60.1.70338
1105	1.60.1.69913	1.60.1.70338
1106	1.60.1.69913	1.60.1.70338
1107	1.60.1.69913	1.60.1.70338
1108	1.60.1.69913	1.60.1.70338
1109	1.60.1.69913	1.60.1.70338
1110	1.60.1.69913	1.60.1.70338
1111	1.60.1.69913	1.60.1.70338
1112	1.60.1.69913	1.60.1.70338
1113	1.60.1.69913	1.60.1.70338
1114	1.60.1.69913	1.60.1.70338
1115	1.60.1.69913	1.60.1.70338
1116	1.60.1.69913	1.60.1.70338
1117	1.60.1.69913	1.60.1.70338
1118	1.60.1.69913	1.60.1.70338
1119	1.60.1.69913	1.60.1.70338
1120	1.60.1.69913	1.60.1.70338
1121	1.60.1.69913	1.60.1.70338
1122	1.60.1.69913	1.60.1.70338
1123	1.60.1.69913	1.60.1.70338
1124	1.60.1.69913	1.60.1.70338
1125	1.60.1.69913	1.60.1.70338
1126	1.60.1.69913	1.60.1.70338
1130	1.60.1.69913	1.60.1.70338
1131	1.60.1.69913	1.60.1.70338
1132	1.60.1.69913	1.60.1.70338
1133	1.60.1.69913	1.60.1.70338
1134	1.60.1.69913	1.60.1.70338
1135	1.60.1.69913	1.60.1.70338
1136	1.60.1.69913	1.60.1.70338
1137	1.60.1.69913	1.60.1.70338
1138	1.60.1.69913	1.60.1.70338
1139	1.60.1.69913	1.60.1.70338
1140	1.60.1.69913	1.60.1.70338
1141	1.60.1.69913	1.60.1.70338
1142	1.60.1.69913	1.60.1.70338
1143	1.60.1.69913	1.60.1.70338
1144	1.60.1.69913	1.60.1.70338
1145	1.60.1.69913	1.60.1.70338
1146	1.60.1.69913	1.60.1.70338
1147	1.60.1.69913	1.60.1.70338
1148	1.60.1.69913	1.60.1.70338
1149	1.60.1.69913	1.60.1.70338
1150	1.60.1.69913	1.60.1.70338
1151	1.60.1.69913	1.60.1.70338
1152	1.60.1.69913	1.60.1.70338
1153	1.60.1.69913	1.60.1.70338
1154	1.60.1.69913	1.60.1.70338
1155	1.60.1.69913	1.60.1.70338
1156	1.60.1.69913	1.60.1.70338
1157	1.60.1.69913	1.60.1.70338
1158	1.60.1.69913	1.60.1.70338
1159	1.60.1.69913	1.60.1.70338
1160	1.60.1.69913	1.60.1.70338
1161	1.60.1.69913	1.60.1.70338
1162	1.60.1.69913	1.60.1.70338
1163	1.60.1.69913	1.60.1.70338
1164	1.60.1.69913	1.60.1.70338
1166	1.60.1.69913	1.60.1.70338
1167	1.60.1.69913	1.60.1.70338
1168	1.60.1.69913	1.60.1.70338
1169	1.60.1.69913	1.60.1.70338
1170	1.60.1.69913	1.60.1.70338
1171	1.60.1.69913	1.60.1.70338
1172	1.60.1.69913	1.60.1.70338
1173	1.60.1.69913	1.60.1.70338
1174	1.60.1.69913	1.60.1.70338
1175	1.60.1.69913	1.60.1.70338
1176	1.60.1.69913	1.60.1.70338
1177	1.60.1.69913	1.60.1.70338
1178	1.60.1.69913	1.60.1.70338
1179	1.60.1.69913	1.60.1.70338
1180	1.60.1.69913	1.60.1.70338
1181	1.60.1.69913	1.60.1.70338
1182	1.60.1.69913	1.60.1.70338
1183	1.60.1.69913	1.60.1.70338
1184	1.60.1.69913	1.60.1.70338
1185	1.60.1.69913	1.60.1.70338
1186	1.60.1.69913	1.60.1.70338
1187	1.60.1.69913	1.60.1.70338
1188	1.60.1.69913	1.60.1.70338
1189	1.60.1.69913	1.60.1.70338
1190	1.60.1.69913	1.60.1.70338
1194	1.60.1.69913	1.60.1.70338
1195	1.60.1.69913	1.60.1.70338
1196	1.60.1.69913	1.60.1.70338
1197	1.60.1.69913	1.60.1.70338
1198	1.60.1.69913	1.60.1.70338
1199	1.60.1.69913	1.60.1.70338
1200	1.60.1.69913	1.60.1.70338
1201	1.60.1.69913	1.60.1.70338
1202	1.60.1.69913	1.60.1.70338
1203	1.60.1.69913	1.60.1.70338
1204	1.60.1.69913	1.60.1.70338
1205	1.60.1.69913	1.60.1.70338
1206	1.60.1.69913	1.60.1.70338
1218	1.60.1.69913	1.60.1.70338
1219	1.60.1.69913	1.60.1.70338
1220	1.60.1.69913	1.60.1.70338
1221	1.60.1.69913	1.60.1.70338
1222	1.60.1.69913	1.60.1.70338
1238	1.60.1.69913	1.60.1.70338
1239	1.60.1.69913	1.60.1.70338
1240	1.60.1.69913	1.60.1.70338
1241	1.60.1.69913	1.60.1.70338
1242	1.60.1.69913	1.60.1.70338
1243	1.60.1.69913	1.60.1.70338
1244	1.60.1.69913	1.60.1.70338
1245	1.60.1.69913	1.60.1.70338
1246	1.60.1.69913	1.60.1.70338
1247	1.60.1.69913	1.60.1.70338
1248	1.60.1.69913	1.60.1.70338
1249	1.60.1.69913	1.60.1.70338
1250	1.60.1.69913	1.60.1.70338
1251	1.60.1.69913	1.60.1.70338
1252	1.60.1.69913	1.60.1.70338
1253	1.60.1.69913	1.60.1.70338
1258	1.60.1.69913	1.60.1.70338
1259	1.60.1.69913	1.60.1.70338
1260	1.60.1.69913	1.60.1.70338
1261	1.60.1.69913	1.60.1.70338
1262	1.60.1.69913	1.60.1.70338
1264	1.60.1.69913	1.60.1.70338
1265	1.60.1.69913	1.60.1.70338
1266	1.60.1.69913	1.60.1.70338
1267	1.60.1.69913	1.60.1.70338
1268	1.60.1.69913	1.60.1.70338
1269	1.60.1.69913	1.60.1.70338
1270	1.60.1.69913	1.60.1.70338
1271	1.60.1.69913	1.60.1.70338
1273	1.60.1.69913	1.60.1.70338
1274	1.60.1.69913	1.60.1.70338
1275	1.60.1.69913	1.60.1.70338
1276	1.60.1.69913	1.60.1.70338
1277	1.60.1.69913	1.60.1.70338
1278	1.60.1.69913	1.60.1.70338
1279	1.60.1.69913	1.60.1.70338
1280	1.60.1.69913	1.60.1.70338
1282	1.60.1.69913	1.60.1.70338
1284	1.60.1.69913	1.60.1.70338
1285	1.60.1.69913	1.60.1.70338
1286	1.60.1.69913	1.60.1.70338
1287	1.60.1.69913	1.60.1.70338
1288	1.60.1.69913	1.60.1.70338
1289	1.60.1.69913	1.60.1.70338
1290	1.60.1.69913	1.60.1.70338
1291	1.60.1.69913	1.60.1.70338
1292	1.60.1.69913	1.60.1.70338
1293	1.60.1.69913	1.60.1.70338
1294	1.60.1.69913	1.60.1.70338
1295	1.60.1.69913	1.60.1.70338
1296	1.60.1.69913	1.60.1.70338
1297	1.60.1.69913	1.60.1.70338
1298	1.60.1.69913	1.60.1.70338
1299	1.60.1.69913	1.60.1.70338
1300	1.60.1.69913	1.60.1.70338
1301	1.60.1.69913	1.60.1.70338
1302	1.60.1.69913	1.60.1.70338
1318	1.60.1.69913	1.60.1.70338
1319	1.60.1.69913	1.60.1.70338
1320	1.60.1.69913	1.60.1.70338
1321	1.60.1.69913	1.60.1.70338
1322	1.60.1.69913	1.60.1.70338
1323	1.60.1.69913	1.60.1.70338
1324	1.60.1.69913	1.60.1.70338
1338	1.60.1.69913	1.60.1.70338
1339	1.60.1.69913	1.60.1.70338
1358	1.60.1.69913	1.60.1.70338
1359	1.60.1.69913	1.60.1.70338
1360	1.60.1.69913	1.60.1.70338
1361	1.60.1.69913	1.60.1.70338
1362	1.60.1.69913	1.60.1.70338
1363	1.60.1.69913	1.60.1.70338
1364	1.60.1.69913	1.60.1.70338
1365	1.60.1.69913	1.60.1.70338
1366	1.60.1.69913	1.60.1.70338
1367	1.60.1.69913	1.60.1.70338
1368	1.60.1.69913	1.60.1.70338
1369	1.60.1.69913	1.60.1.70338
1370	1.60.1.69913	1.60.1.70338
1371	1.60.1.69913	1.60.1.70338
1372	1.60.1.69913	1.60.1.70338
1373	1.60.1.69913	1.60.1.70338
1374	1.60.1.69913	1.60.1.70338
1375	1.60.1.69913	1.60.1.70338
1380	1.60.1.69913	1.60.1.70338
1381	1.60.1.69913	1.60.1.70338
1382	1.60.1.69913	1.60.1.70338
1383	1.60.1.69913	1.60.1.70338
1384	1.60.1.69913	1.60.1.70338
1385	1.60.1.69913	1.60.1.70338
1386	1.60.1.69913	1.60.1.70338
1387	1.60.1.69913	1.60.1.70338
1388	1.60.1.69913	1.60.1.70338
1389	1.60.1.69913	1.60.1.70338
1390	1.60.1.69913	1.60.1.70338
1391	1.60.1.69913	1.60.1.70338
1392	1.60.1.69913	1.60.1.70338
1393	1.60.1.69913	1.60.1.70338
1394	1.60.1.69913	1.60.1.70338
1395	1.60.1.69913	1.60.1.70338
1396	1.60.1.69913	1.60.1.70338
1397	1.60.1.69913	1.60.1.70338
1398	1.60.1.69913	1.60.1.70338
1418	1.60.1.69913	1.60.1.70338
1419	1.60.1.69913	1.60.1.70338
1420	1.60.1.69913	1.60.1.70338
1421	1.60.1.69913	1.60.1.70338
1422	1.60.1.69913	1.60.1.70338
1424	1.60.1.69913	1.60.1.70338
1425	1.60.1.69913	1.60.1.70338
1426	1.60.1.69913	1.60.1.70338
1427	1.60.1.69913	1.60.1.70338
1428	1.60.1.69913	1.60.1.70338
1429	1.60.1.69913	1.60.1.70338
1430	1.60.1.69913	1.60.1.70338
1431	1.60.1.69913	1.60.1.70338
1432	1.60.1.69913	1.60.1.70338
1433	1.60.1.69913	1.60.1.70338
1434	1.60.1.69913	1.60.1.70338
1435	1.60.1.69913	1.60.1.70338
1436	1.60.1.69913	1.60.1.70338
1437	1.60.1.69913	1.60.1.70338
1438	1.60.1.69913	1.60.1.70338
1439	1.60.1.69913	1.60.1.70338
1440	1.60.1.69913	1.60.1.70338
1441	1.60.1.69913	1.60.1.70338
1442	1.60.1.70009	1.60.1.70338
1443	1.60.1.69913	1.60.1.70338
1444	1.60.1.69913	1.60.1.70338
1445	1.60.1.69913	1.60.1.70338
1446	1.60.1.69913	1.60.1.70338
1447	1.60.1.69913	1.60.1.70338
1448	1.60.1.69913	1.60.1.70338
1449	1.60.1.69913	1.60.1.70338
1450	1.60.1.69913	1.60.1.70338
1451	1.60.1.69913	1.60.1.70338
1452	1.60.1.69913	1.60.1.70338
1453	1.60.1.69913	1.60.1.70338
1454	1.60.1.69913	1.60.1.70338
1455	1.60.1.69913	1.60.1.70338
1456	1.60.1.69913	1.60.1.70338
1457	1.60.1.69913	1.60.1.70338
1458	1.60.1.69913	1.60.1.70338
1459	1.60.1.69913	1.60.1.70338
1460	1.60.1.69913	1.60.1.70338
1461	1.60.1.69913	1.60.1.70338
1462	1.60.1.69913	1.60.1.70338
1463	1.60.1.69913	1.60.1.70338
1464	1.60.1.69913	1.60.1.70338
1465	1.60.1.69913	1.60.1.70338
1466	1.60.1.69913	1.60.1.70338
1467	1.60.1.69913	1.60.1.70338
1468	1.60.1.69913	1.60.1.70338
1469	1.60.1.69913	1.60.1.70338
1470	1.60.1.69913	1.60.1.70338
1471	1.60.1.69913	1.60.1.70338
1472	1.60.1.69913	1.60.1.70338
1473	1.60.1.69913	1.60.1.70338
1474	1.60.1.69913	1.60.1.70338
1475	1.60.1.69913	1.60.1.70338
1476	1.60.1.69913	1.60.1.70338
1477	1.60.1.69913	1.60.1.70338
1478	1.60.1.69913	1.60.1.70338
1479	1.60.1.69913	1.60.1.70338
1480	1.60.1.69913	1.60.1.70338
1481	1.60.1.69913	1.60.1.70338
1482	1.60.1.69913	1.60.1.70338
1483	1.60.1.69913	1.60.1.70338
1484	1.60.1.69913	1.60.1.70338
1485	1.60.1.69913	1.60.1.70338
1486	1.60.1.69913	1.60.1.70338
1487	1.60.1.69913	1.60.1.70338
1488	1.60.1.69913	1.60.1.70338
1489	1.60.1.69913	1.60.1.70338
1490	1.60.1.69913	1.60.1.70338
1491	1.60.1.69913	1.60.1.70338
1492	1.60.1.69913	1.60.1.70338
1498	1.60.1.69913	1.60.1.70338
1499	1.60.1.69913	1.60.1.70338
1500	1.60.1.70124	1.60.1.70170
1501	1.60.1.69913	1.60.1.70338
1502	1.60.1.69913	1.60.1.70338
1503	1.60.1.69913	1.60.1.70338
1504	1.60.1.69913	1.60.1.70338
1505	1.60.1.69913	1.60.1.70338
1506	1.60.1.69913	1.60.1.70338
1507	1.60.1.69913	1.60.1.70338
1508	1.60.1.69913	1.60.1.70338
1509	1.60.1.69913	1.60.1.70338
1510	1.60.1.69913	1.60.1.70338
1511	1.60.1.69913	1.60.1.70338
1512	1.60.1.69913	1.60.1.70338
1513	1.60.1.69913	1.60.1.70338
1515	1.60.1.69913	1.60.1.70338
1516	1.60.1.69913	1.60.1.70338
1517	1.60.1.69913	1.60.1.70338
1518	1.60.1.69913	1.60.1.70338
1519	1.60.1.69913	1.60.1.70338
1520	1.60.1.69913	1.60.1.70338
1521	1.60.1.69913	1.60.1.70338
1522	1.60.1.69913	1.60.1.70338
1523	1.60.1.69913	1.60.1.70338
1524	1.60.1.69913	1.60.1.70338
1525	1.60.1.69913	1.60.1.70338
1526	1.60.1.69913	1.60.1.70338
1527	1.60.1.69913	1.60.1.70338
1528	1.60.1.69913	1.60.1.70338
1529	1.60.1.69913	1.60.1.70338
1530	1.60.1.69913	1.60.1.70338
1531	1.60.1.69913	1.60.1.70338
1532	1.60.1.69913	1.60.1.70338
1533	1.60.1.69913	1.60.1.70338
1534	1.60.1.69913	1.60.1.70338
1535	1.60.1.69913	1.60.1.70338
1536	1.60.1.69913	1.60.1.70338
1537	1.60.1.69913	1.60.1.70338
1538	1.60.1.69913	1.60.1.70338
1558	1.60.1.69913	1.60.1.70338
1559	1.60.1.69913	1.60.1.70338
1560	1.60.1.69913	1.60.1.70338
1578	1.60.1.69913	1.60.1.70338
1579	1.60.1.69913	1.60.1.70338
1580	1.60.1.69913	1.60.1.70338
1581	1.60.1.69913	1.60.1.70338
1582	1.60.1.69913	1.60.1.70338
1598	1.60.1.69913	1.60.1.70338
1599	1.60.1.69913	1.60.1.70338
1618	1.60.1.69913	1.60.1.70338
1638	1.60.1.69913	1.60.1.70338
1639	1.60.1.69913	1.60.1.70338
1640	1.60.1.69913	1.60.1.70338
1641	1.60.1.69913	1.60.1.70338
1642	1.60.1.69913	1.60.1.70338
1643	1.60.1.69913	1.60.1.70338
1644	1.60.1.69913	1.60.1.70338
1645	1.60.1.69913	1.60.1.70338
1646	1.60.1.69913	1.60.1.70338
1647	1.60.1.69913	1.60.1.70338
1648	1.60.1.69913	1.60.1.70338
1649	1.60.1.69913	1.60.1.70338
1650	1.60.1.69913	1.60.1.70338
1651	1.60.1.69913	1.60.1.70338
1652	1.60.1.69913	1.60.1.70338
1653	1.60.1.69913	1.60.1.70338
1654	1.60.1.69913	1.60.1.70338
1655	1.60.1.69913	1.60.1.70338
1656	1.60.1.69913	1.60.1.70338
1657	1.60.1.69913	1.60.1.70338
1658	1.60.1.69913	1.60.1.70338
1659	1.60.1.69913	1.60.1.70338
1660	1.60.1.69913	1.60.1.70338
1661	1.60.1.69913	1.60.1.70338
1662	1.60.1.69913	1.60.1.70338
1663	1.60.1.69913	1.60.1.70338
1664	1.60.1.69913	1.60.1.70338
1665	1.60.1.69913	1.60.1.70338
1666	1.60.1.69913	1.60.1.70338
1667	1.60.1.69913	1.60.1.70338
1678	1.60.1.69913	1.60.1.70338
1679	1.60.1.69913	1.60.1.70338
1680	1.60.1.69913	1.60.1.70338
1681	1.60.1.69913	1.60.1.70338
1682	1.60.1.69913	1.60.1.70338
1683	1.60.1.69913	1.60.1.70338
1684	1.60.1.69913	1.60.1.70338
1685	1.60.1.69913	1.60.1.70338
1686	1.60.1.69913	1.60.1.70338
1687	1.60.1.69913	1.60.1.70338
1688	1.60.1.69913	1.60.1.70338
1689	1.60.1.69913	1.60.1.70338
1690	1.60.1.69913	1.60.1.70338
1691	1.60.1.69913	1.60.1.70338
1692	1.60.1.69913	1.60.1.70338
1693	1.60.1.69913	1.60.1.70338
1698	1.60.1.69913	1.60.1.70338
1699	1.60.1.69913	1.60.1.70338
1700	1.60.1.69913	1.60.1.70338
1701	1.60.1.69913	1.60.1.70338
1702	1.60.1.69913	1.60.1.70338
1703	1.60.1.69913	1.60.1.70338
1704	1.60.1.69913	1.60.1.70338
1705	1.60.1.69913	1.60.1.70338
1706	1.60.1.69913	1.60.1.70338
1707	1.60.1.69913	1.60.1.70338
1708	1.60.1.69913	1.60.1.70338
1709	1.60.1.69913	1.60.1.70338
1710	1.60.1.69913	1.60.1.70338
1711	1.60.1.69913	1.60.1.70338
1712	1.60.1.69913	1.60.1.70338
1713	1.60.1.69913	1.60.1.70338
1715	1.60.1.69913	1.60.1.70338
1716	1.60.1.69913	1.60.1.70338
1717	1.60.1.69913	1.60.1.70338
1718	1.60.1.69913	1.60.1.70338
1719	1.60.1.69913	1.60.1.70338
1738	1.60.1.69913	1.60.1.70338
1739	1.60.1.69913	1.60.1.70338
1740	1.60.1.69913	1.60.1.70338
1758	1.60.1.69913	1.60.1.70338
1778	1.60.1.69913	1.60.1.70338
1779	1.60.1.69913	1.60.1.70338
1780	1.60.1.69913	1.60.1.70338
1781	1.60.1.69913	1.60.1.70338
1782	1.60.1.69913	1.60.1.70338
1783	1.60.1.69913	1.60.1.70338
1784	1.60.1.69913	1.60.1.70338
1785	1.60.1.69913	1.60.1.70338
1786	1.60.1.69913	1.60.1.70338
1787	1.60.1.69913	1.60.1.70338
1788	1.60.1.69913	1.60.1.70338
1789	1.60.1.69913	1.60.1.70338
1790	1.60.1.69913	1.60.1.70338
1791	1.60.1.69913	1.60.1.70338
1792	1.60.1.69913	1.60.1.70338
1793	1.60.1.69913	1.60.1.70338
1794	1.60.1.69913	1.60.1.70338
1795	1.60.1.69913	1.60.1.70338
1796	1.60.1.69913	1.60.1.70338
1798	1.60.1.69913	1.60.1.70338
1799	1.60.1.69913	1.60.1.70338
1800	1.60.1.69913	1.60.1.70338
1801	1.60.1.69913	1.60.1.70338
1802	1.60.1.69913	1.60.1.70338
1803	1.60.1.69913	1.60.1.70338
1804	1.60.1.69913	1.60.1.70338
1805	1.60.1.69913	1.60.1.70338
1806	1.60.1.69913	1.60.1.70338
1818	1.60.1.69913	1.60.1.70338
1819	1.60.1.69913	1.60.1.70338
1820	1.60.1.69913	1.60.1.70338
1821	1.60.1.69913	1.60.1.70338
1822	1.60.1.69913	1.60.1.70338
1823	1.60.1.69913	1.60.1.70338
1824	1.60.1.69913	1.60.1.70338
1825	1.60.1.69913	1.60.1.70338
1838	1.60.1.69913	1.60.1.70338
1839	1.60.1.69913	1.60.1.70338
1840	1.60.1.69913	1.60.1.70338
1841	1.60.1.69913	1.60.1.70338
1842	1.60.1.69913	1.60.1.70338
1843	1.60.1.69913	1.60.1.70338
1844	1.60.1.69913	1.60.1.70338
1845	1.60.1.69913	1.60.1.70338
1846	1.60.1.69913	1.60.1.70338
1847	1.60.1.69913	1.60.1.70338
1848	1.60.1.69913	1.60.1.70338
1858	1.60.1.69913	1.60.1.70338
1859	1.60.1.69913	1.60.1.70338
1860	1.60.1.69913	1.60.1.70338
1861	1.60.1.69913	1.60.1.70338
1879	1.60.1.69913	1.60.1.70338
1880	1.60.1.69913	1.60.1.70338
1881	1.60.1.69913	1.60.1.70338
1882	1.60.1.69913	1.60.1.70338
1883	1.60.1.69913	1.60.1.70338
1884	1.60.1.69913	1.60.1.70338
1885	1.60.1.69913	1.60.1.70338
1886	1.60.1.69913	1.60.1.70338
1898	1.60.1.69913	1.60.1.70338
1899	1.60.1.69913	1.60.1.70338
1918	1.60.1.69913	1.60.1.70338
1919	1.60.1.69913	1.60.1.70338
1920	1.60.1.69913	1.60.1.70338
1921	1.60.1.69913	1.60.1.70338
1938	1.60.1.69913	1.60.1.70338
1939	1.60.1.69913	1.60.1.70338
1940	1.60.1.69913	1.60.1.70338
1941	1.60.1.69913	1.60.1.70338
1942	1.60.1.69913	1.60.1.70338
1943	1.60.1.69913	1.60.1.70338
1944	1.60.1.69913	1.60.1.70338
1945	1.60.1.69913	1.60.1.70338
1946	1.60.1.69913	1.60.1.70338
1947	1.60.1.69913	1.60.1.70338
1948	1.60.1.69913	1.60.1.70338
1949	1.60.1.69913	1.60.1.70338
1950	1.60.1.69913	1.60.1.70338
1951	1.60.1.69913	1.60.1.70338
1952	1.60.1.69913	1.60.1.70338
1953	1.60.1.69913	1.60.1.70338
1954	1.60.1.69913	1.60.1.70338
1955	1.60.1.69913	1.60.1.70338
1956	1.60.1.69913	1.60.1.70338
1957	1.60.1.69913	1.60.1.70338
1958	1.60.1.69913	1.60.1.70338
1959	1.60.1.69913	1.60.1.70338
1960	1.60.1.69913	1.60.1.70338
1961	1.60.1.69913	1.60.1.70338
1962	1.60.1.69913	1.60.1.70338
1963	1.60.1.69913	1.60.1.70338
1978	1.60.1.69913	1.60.1.70338
1998	1.60.1.69913	1.60.1.70338
1999	1.60.1.69913	1.60.1.70338
2000	1.60.1.69913	1.60.1.70338
2018	1.60.1.69913	1.60.1.70338
2019	1.60.1.69913	1.60.1.70338
2020	1.60.1.69913	1.60.1.70338
2038	1.60.1.69913	1.60.1.70338
2039	1.60.1.69913	1.60.1.70338
2040	1.60.1.69913	1.60.1.70338
2041	1.60.1.69913	1.60.1.70338
2058	1.60.1.69913	1.60.1.70338
2059	1.60.1.69913	1.60.1.70338
2078	1.60.1.69913	1.60.1.70338
2098	1.60.1.69913	1.60.1.70338
2118	1.60.1.69913	1.60.1.70338
2138	1.60.1.69913	1.60.1.70338
2139	1.60.1.69913	1.60.1.70338
2158	1.60.1.69913	1.60.1.70338
2159	1.60.1.69913	1.60.1.70338
2160	1.60.1.69913	1.60.1.70338
2161	1.60.1.69913	1.60.1.70338
2178	1.60.1.69913	1.60.1.70338
2198	1.60.1.69913	1.60.1.70338
2199	1.60.1.69913	1.60.1.70338
2200	1.60.1.69913	1.60.1.70338
2201	1.60.1.69913	1.60.1.70338
2202	1.60.1.69913	1.60.1.70338
2203	1.60.1.69913	1.60.1.70338
2204	1.60.1.69913	1.60.1.70338
2205	1.60.1.69913	1.60.1.70338
2206	1.60.1.69913	1.60.1.70338
2218	1.60.1.69913	1.60.1.70338
2238	1.60.1.69913	1.60.1.70338
2239	1.60.1.69913	1.60.1.70338
2240	1.60.1.69913	1.60.1.70338
2241	1.60.1.69913	1.60.1.70338
2242	1.60.1.69913	1.60.1.70338
2258	1.60.1.69913	1.60.1.70338
2259	1.60.1.69913	1.60.1.70338
2260	1.60.1.69913	1.60.1.70338
2278	1.60.1.69913	1.60.1.70338
2279	1.60.1.69913	1.60.1.70338
2280	1.60.1.69913	1.60.1.70338
2281	1.60.1.69913	1.60.1.70338
2282	1.60.1.69913	1.60.1.70338
2283	1.60.1.69913	1.60.1.70338
2284	1.60.1.69913	1.60.1.70338
2298	1.60.1.69913	1.60.1.70338
2299	1.60.1.69913	1.60.1.70338
2300	1.60.1.69913	1.60.1.70338
2318	1.60.1.69913	1.60.1.70338
2338	1.60.1.69913	1.60.1.70338
2339	1.60.1.69913	1.60.1.70338
2340	1.60.1.69913	1.60.1.70338
2341	1.60.1.69913	1.60.1.70338
2342	1.60.1.69913	1.60.1.70338
2358	1.60.1.69913	1.60.1.70338
2359	1.60.1.69913	1.60.1.70338
2360	1.60.1.69913	1.60.1.70338
2361	1.60.1.69913	1.60.1.70338
2378	1.60.1.69913	1.60.1.70338
2379	1.60.1.69913	1.60.1.70338
2380	1.60.1.69913	1.60.1.70338
2381	1.60.1.69913	1.60.1.70338
2382	1.60.1.69913	1.60.1.70338
2383	1.60.1.69913	1.60.1.70338
2398	1.60.1.69913	1.60.1.70338
2399	1.60.1.69913	1.60.1.70338
2418	1.60.1.69913	1.60.1.70338
2438	1.60.1.69913	1.60.1.70338
2439	1.60.1.69913	1.60.1.70338
2440	1.60.1.69913	1.60.1.70338
2458	1.60.1.69913	1.60.1.70338
2459	1.60.1.69913	1.60.1.70338
2460	1.60.1.69913	1.60.1.70338
2478	1.60.1.69913	1.60.1.70338
2479	1.60.1.69913	1.60.1.70338
2480	1.60.1.69913	1.60.1.70338
2498	1.60.1.69913	1.60.1.70338
2499	1.60.1.69913	1.60.1.70338
2500	1.60.1.69913	1.60.1.70338
2501	1.60.1.69913	1.60.1.70338
2518	1.60.1.69913	1.60.1.70338
2519	1.60.1.69913	1.60.1.70338
2520	1.60.1.69913	1.60.1.70338
2521	1.60.1.69913	1.60.1.70338
2541	1.60.1.69913	1.60.1.70338
2561	1.60.1.69913	1.60.1.70338
2581	1.60.1.69913	1.60.1.70338
2583	1.60.1.69913	1.60.1.70338
2585	1.60.1.69913	1.60.1.70338
2601	1.60.1.69913	1.60.1.70338
2603	1.60.1.69913	1.60.1.70338
2605	1.60.1.69913	1.60.1.70338
2606	1.60.1.69913	1.60.1.70338
2607	1.60.1.69913	1.60.1.70338
2608	1.60.1.69913	1.60.1.70338
2609	1.60.1.69913	1.60.1.70338
2621	1.60.1.69913	1.60.1.70338
2622	1.60.1.69913	1.60.1.70338
2623	1.60.1.69913	1.60.1.70338
2641	1.60.1.69913	1.60.1.70338
2661	1.60.1.69913	1.60.1.70338
2662	1.60.1.69913	1.60.1.70338
2681	1.60.1.69913	1.60.1.70338
2701	1.60.1.69913	1.60.1.70338
2702	1.60.1.69913	1.60.1.70338
2721	1.60.1.69913	1.60.1.70338
2741	1.60.1.69913	1.60.1.70338
2742	1.60.1.69913	1.60.1.70338
2743	1.60.1.69913	1.60.1.70338
2744	1.60.1.69913	1.60.1.70338
2745	1.60.1.69913	1.60.1.70338
2746	1.60.1.69913	1.60.1.70338
2751	1.60.1.69913	1.60.1.70338
2752	1.60.1.69913	1.60.1.70338
2753	1.60.1.69913	1.60.1.70338
2754	1.60.1.69913	1.60.1.70338
2755	1.60.1.69913	1.60.1.70338
2756	1.60.1.69913	1.60.1.70338
2757	1.60.1.69913	1.60.1.70338
2758	1.60.1.69913	1.60.1.70338
2759	1.60.1.69913	1.60.1.70338
2760	1.60.1.69913	1.60.1.70338
2761	1.60.1.69913	1.60.1.70338
2762	1.60.1.69913	1.60.1.70338
2763	1.60.1.69913	1.60.1.70338
2764	1.60.1.69913	1.60.1.70338
2765	1.60.1.69913	1.60.1.70338
2766	1.60.1.69913	1.60.1.70338
2767	1.60.1.69913	1.60.1.70338
2768	1.60.1.69913	1.60.1.70338
2769	1.60.1.69913	1.60.1.70338
2770	1.60.1.69913	1.60.1.70338
2771	1.60.1.69913	1.60.1.70338
2772	1.60.1.69913	1.60.1.70338
2773	1.60.1.69913	1.60.1.70338
2781	1.60.1.69913	1.60.1.70338
2782	1.60.1.69913	1.60.1.70338
2783	1.60.1.69913	1.60.1.70338
2784	1.60.1.69913	1.60.1.70338
2801	1.60.1.69913	1.60.1.70338
2821	1.60.1.69913	1.60.1.70338
2822	1.60.1.69913	1.60.1.70338
2841	1.60.1.69913	1.60.1.70338
2842	1.60.1.69913	1.60.1.70338
2843	1.60.1.69913	1.60.1.70338
2844	1.60.1.69913	1.60.1.70338
2845	1.60.1.69913	1.60.1.70338
2846	1.60.1.69913	1.60.1.70338
2847	1.60.1.69913	1.60.1.70338
2848	1.60.1.69913	1.60.1.70338
2849	1.60.1.69913	1.60.1.70338
2850	1.60.1.69913	1.60.1.70338
2851	1.60.1.69913	1.60.1.70338
2852	1.60.1.69913	1.60.1.70338
2853	1.60.1.69913	1.60.1.70338
2854	1.60.1.69913	1.60.1.70338
2855	1.60.1.69913	1.60.1.70338
2856	1.60.1.69913	1.60.1.70338
2857	1.60.1.69913	1.60.1.70338
2858	1.60.1.69913	1.60.1.70338
2859	1.60.1.69913	1.60.1.70338
2860	1.60.1.69913	1.60.1.70338
2861	1.60.1.69913	1.60.1.70338
2862	1.60.1.69913	1.60.1.70338
2863	1.60.1.69913	1.60.1.70338
2864	1.60.1.69913	1.60.1.70338
2865	1.60.1.69913	1.60.1.70338
2866	1.60.1.69913	1.60.1.70338
2867	1.60.1.69913	1.60.1.70338
2868	1.60.1.69913	1.60.1.70338
2869	1.60.1.69913	1.60.1.70338
2870	1.60.1.69913	1.60.1.70338
2871	1.60.1.69913	1.60.1.70338
2872	1.60.1.69913	1.60.1.70338
2873	1.60.1.69913	1.60.1.70338
2874	1.60.1.69913	1.60.1.70338
2875	1.60.1.69913	1.60.1.70338
2876	1.60.1.69913	1.60.1.70338
2877	1.60.1.69913	1.60.1.70338
2879	1.60.1.69913	1.60.1.70338
2880	1.60.1.69913	1.60.1.70338
2902	1.60.1.69913	1.60.1.70338
2903	1.60.1.69913	1.60.1.70338
2904	1.60.1.69913	1.60.1.70338
2922	1.60.1.69913	1.60.1.70338
2923	1.60.1.69913	1.60.1.70338
2924	1.60.1.69913	1.60.1.70338
2925	1.60.1.69913	1.60.1.70338
2926	1.60.1.69913	1.60.1.70338
2927	1.60.1.69913	1.60.1.70338
2928	1.60.1.69913	1.60.1.70338
2929	1.60.1.69913	1.60.1.70338
2930	1.60.1.69913	1.60.1.70338
2931	1.60.1.69913	1.60.1.70338
2932	1.60.1.69913	1.60.1.70338
2933	1.60.1.69913	1.60.1.70338
2934	1.60.1.69913	1.60.1.70338
2935	1.60.1.69913	1.60.1.70338
2936	1.60.1.69913	1.60.1.70338
2937	1.60.1.69913	1.60.1.70338
2938	1.60.1.69913	1.60.1.70338
2939	1.60.1.69913	1.60.1.70338
2940	1.60.1.69913	1.60.1.70338
2941	1.60.1.69913	1.60.1.70338
2942	1.60.1.69913	1.60.1.70338
2943	1.60.1.69913	1.60.1.70338
2944	1.60.1.69913	1.60.1.70338
2945	1.60.1.69913	1.60.1.70338
2946	1.60.1.69913	1.60.1.70338
2947	1.60.1.69913	1.60.1.70338
2948	1.60.1.69913	1.60.1.70338
2949	1.60.1.69913	1.60.1.70338
2950	1.60.1.69913	1.60.1.70338
2951	1.60.1.69913	1.60.1.70338
2952	1.60.1.69913	1.60.1.70338
2954	1.60.1.69913	1.60.1.70338
2962	1.60.1.69913	1.60.1.70338
2963	1.60.1.69913	1.60.1.70338
2964	1.60.1.69913	1.60.1.70338
2965	1.60.1.69913	1.60.1.70338
2966	1.60.1.69913	1.60.1.70338
2967	1.60.1.69913	1.60.1.70338
2968	1.60.1.69913	1.60.1.70338
2969	1.60.1.69913	1.60.1.70338
2970	1.60.1.69913	1.60.1.70338
2971	1.60.1.69913	1.60.1.70338
2972	1.60.1.69913	1.60.1.70338
2973	1.60.1.69913	1.60.1.70338
2974	1.60.1.69913	1.60.1.70338
2975	1.60.1.69913	1.60.1.70338
2976	1.60.1.69913	1.60.1.70338
2977	1.60.1.69913	1.60.1.70338
2978	1.60.1.69913	1.60.1.70338
2979	1.60.1.69913	1.60.1.70338
2980	1.60.1.69913	1.60.1.70338
2981	1.60.1.69913	1.60.1.70338
2982	1.60.1.69913	1.60.1.70338
2983	1.60.1.69913	1.60.1.70338
2984	1.60.1.69913	1.60.1.70338
2985	1.60.1.69913	1.60.1.70338
2986	1.60.1.69913	1.60.1.70338
2987	1.60.1.69913	1.60.1.70338
2988	1.60.1.69913	1.60.1.70338
2989	1.60.1.69913	1.60.1.70338
2990	1.60.1.69913	1.60.1.70338
2991	1.60.1.69913	1.60.1.70338
2992	1.60.1.69913	1.60.1.70338
2993	1.60.1.69913	1.60.1.70338
2994	1.60.1.69913	1.60.1.70338
2995	1.60.1.69913	1.60.1.70338
2996	1.60.1.69913	1.60.1.70338
2997	1.60.1.69913	1.60.1.70338
2998	1.60.1.69913	1.60.1.70338
2999	1.60.1.69913	1.60.1.70338
3000	1.60.1.69913	1.60.1.70338
3001	1.60.1.69913	1.60.1.70338
3002	1.60.1.69913	1.60.1.70338
3022	1.60.1.69913	1.60.1.70338
3023	1.60.1.69913	1.60.1.70338
3042	1.60.1.69913	1.60.1.70338
3062	1.60.1.69913	1.60.1.70338
3063	1.60.1.69913	1.60.1.70338
3064	1.60.1.69913	1.60.1.70338
3065	1.60.1.69913	1.60.1.70338
3082	1.60.1.69913	1.60.1.70338
3083	1.60.1.69913	1.60.1.70338
3084	1.60.1.69913	1.60.1.70338
3085	1.60.1.69913	1.60.1.70338
3086	1.60.1.69913	1.60.1.70338
3087	1.60.1.69913	1.60.1.70338
3088	1.60.1.69913	1.60.1.70338
3089	1.60.1.69913	1.60.1.70338
3090	1.60.1.69913	1.60.1.70338
3091	1.60.1.69913	1.60.1.70338
3092	1.60.1.69913	1.60.1.70338
3093	1.60.1.69913	1.60.1.70338
3094	1.60.1.69913	1.60.1.70338
3095	1.60.1.69913	1.60.1.70338
3096	1.60.1.69913	1.60.1.70338
3097	1.60.1.69913	1.60.1.70338
3098	1.60.1.69913	1.60.1.70338
3099	1.60.1.69913	1.60.1.70338
3100	1.60.1.69913	1.60.1.70338
3101	1.60.1.69913	1.60.1.70338
3102	1.60.1.69913	1.60.1.70338
3103	1.60.1.69913	1.60.1.70338
3104	1.60.1.69913	1.60.1.70338
3105	1.60.1.69913	1.60.1.70338
3106	1.60.1.69913	1.60.1.70338
3107	1.60.1.69913	1.60.1.70338
3108	1.60.1.69913	1.60.1.70338
3109	1.60.1.69913	1.60.1.70338
3110	1.60.1.69913	1.60.1.70338
3111	1.60.1.69913	1.60.1.70338
3112	1.60.1.69913	1.60.1.70338
3113	1.60.1.69913	1.60.1.70338
3114	1.60.1.69913	1.60.1.70338
3115	1.60.1.69913	1.60.1.70338
3116	1.60.1.69913	1.60.1.70338
3117	1.60.1.69913	1.60.1.70338
3118	1.60.1.69913	1.60.1.70338
3119	1.60.1.69913	1.60.1.70338
3120	1.60.1.69913	1.60.1.70338
3121	1.60.1.69913	1.60.1.70338
3122	1.60.1.69913	1.60.1.70338
3123	1.60.1.69913	1.60.1.70338
3124	1.60.1.69913	1.60.1.70338
3125	1.60.1.69913	1.60.1.70338
3126	1.60.1.69913	1.60.1.70338
3127	1.60.1.69913	1.60.1.70338
3128	1.60.1.69913	1.60.1.70338
3129	1.60.1.69913	1.60.1.70338
3130	1.60.1.69913	1.60.1.70338
3141	1.60.1.69913	1.60.1.70338
3161	1.60.1.69913	1.60.1.70338
3181	1.60.1.69913	1.60.1.70338
3182	1.60.1.69913	1.60.1.70338
3201	1.60.1.69913	1.60.1.70338
3221	1.60.1.69913	1.60.1.70338
3241	1.60.1.69913	1.60.1.70338
3261	1.60.1.69913	1.60.1.70338
3281	1.60.1.69913	1.60.1.70338
3301	1.60.1.69913	1.60.1.70338
3321	1.60.1.69913	1.60.1.70338
3341	1.60.1.69913	1.60.1.70338
3361	1.60.1.69913	1.60.1.70338
3362	1.60.1.69913	1.60.1.70338
3364	1.60.1.69913	1.60.1.70338
3365	1.60.1.69913	1.60.1.70338
3366	1.60.1.69913	1.60.1.70338
3367	1.60.1.69913	1.60.1.70338
3368	1.60.1.69913	1.60.1.70338
3369	1.60.1.69913	1.60.1.70338
3370	1.60.1.69913	1.60.1.70338
3371	1.60.1.69913	1.60.1.70338
3372	1.60.1.69913	1.60.1.70338
3373	1.60.1.69913	1.60.1.70338
3374	1.60.1.69913	1.60.1.70338
3376	1.60.1.69913	1.60.1.70338
3377	1.60.1.69913	1.60.1.70338
3378	1.60.1.69913	1.60.1.70338
3379	1.60.1.69913	1.60.1.70338
3380	1.60.1.69913	1.60.1.70338
3381	1.60.1.69913	1.60.1.70338
3382	1.60.1.69913	1.60.1.70338
3383	1.60.1.69913	1.60.1.70338
3384	1.60.1.69913	1.60.1.70338
3385	1.60.1.69913	1.60.1.70338
3401	1.60.1.69913	1.60.1.70338
3402	1.60.1.69913	1.60.1.70338
3403	1.60.1.69913	1.60.1.70338
3404	1.60.1.69913	1.60.1.70338
3405	1.60.1.69913	1.60.1.70338
3422	1.60.1.69913	1.60.1.70338
3423	1.60.1.69913	1.60.1.70338
3424	1.60.1.69913	1.60.1.70338
3425	1.60.1.69913	1.60.1.70338
3441	1.60.1.69913	1.60.1.70338
3442	1.60.1.69913	1.60.1.70338
3443	1.60.1.69913	1.60.1.70338
3444	1.60.1.69913	1.60.1.70338
3445	1.60.1.69913	1.60.1.70338
3446	1.60.1.69913	1.60.1.70338
3447	1.60.1.69913	1.60.1.70338
3448	1.60.1.69913	1.60.1.70338
3449	1.60.1.69913	1.60.1.70338
3450	1.60.1.69913	1.60.1.70338
3451	1.60.1.69913	1.60.1.70338
3452	1.60.1.69913	1.60.1.70338
3453	1.60.1.69913	1.60.1.70338
3454	1.60.1.69913	1.60.1.70338
3461	1.60.1.69913	1.60.1.70338
3462	1.60.1.69913	1.60.1.70338
3463	1.60.1.69913	1.60.1.70338
3481	1.60.1.69913	1.60.1.70338
3482	1.60.1.69913	1.60.1.70338
3501	1.60.1.69913	1.60.1.70338
3504	1.60.1.69913	1.60.1.70338
3505	1.60.1.69913	1.60.1.70338
3506	1.60.1.69913	1.60.1.70338
3507	1.60.1.69913	1.60.1.70338
3508	1.60.1.69913	1.60.1.70338
3509	1.60.1.69913	1.60.1.70338
3510	1.60.1.69913	1.60.1.70338
3511	1.60.1.69913	1.60.1.70338
3512	1.60.1.69913	1.60.1.70338
3513	1.60.1.69913	1.60.1.70338
3514	1.60.1.69913	1.60.1.70338
3515	1.60.1.69913	1.60.1.70338
3516	1.60.1.69913	1.60.1.70338
3517	1.60.1.69913	1.60.1.70338
3518	1.60.1.69913	1.60.1.70338
3519	1.60.1.69913	1.60.1.70338
3520	1.60.1.69913	1.60.1.70338
3521	1.60.1.69913	1.60.1.70338
3522	1.60.1.69913	1.60.1.70338
3523	1.60.1.69913	1.60.1.70338
3524	1.60.1.69913	1.60.1.70338
3525	1.60.1.69913	1.60.1.70338
3526	1.60.1.69913	1.60.1.70338
3527	1.60.1.69913	1.60.1.70338
3528	1.60.1.69913	1.60.1.70338
3529	1.60.1.69913	1.60.1.70338
3530	1.60.1.69913	1.60.1.70338
3531	1.60.1.69913	1.60.1.70338
3541	1.60.1.69913	1.60.1.70338
3542	1.60.1.69913	1.60.1.70338
3561	1.60.1.69913	1.60.1.70338
3562	1.60.1.69913	1.60.1.70338
3563	1.60.1.69913	1.60.1.70338
3564	1.60.1.69913	1.60.1.70338
3565	1.60.1.69913	1.60.1.70338
3566	1.60.1.69913	1.60.1.70338
3568	1.60.1.69913	1.60.1.70338
3569	1.60.1.69913	1.60.1.70338
3570	1.60.1.69913	1.60.1.70338
3601	1.60.1.69913	1.60.1.70338
3602	1.60.1.69913	1.60.1.70338
3621	1.60.1.69913	1.60.1.70338
3622	1.60.1.69913	1.60.1.70338
3623	1.60.1.69913	1.60.1.70338
3624	1.60.1.69913	1.60.1.70338
3625	1.60.1.69913	1.60.1.70338
3626	1.60.1.69913	1.60.1.70338
3627	1.60.1.69913	1.60.1.70338
3628	1.60.1.69913	1.60.1.70338
3629	1.60.1.69913	1.60.1.70338
3630	1.60.1.69913	1.60.1.70338
3631	1.60.1.69913	1.60.1.70338
3632	1.60.1.69913	1.60.1.70338
3633	1.60.1.69913	1.60.1.70338
3634	1.60.1.69913	1.60.1.70338
3635	1.60.1.69913	1.60.1.70338
3636	1.60.1.69913	1.60.1.70338
3637	1.60.1.69913	1.60.1.70338
3638	1.60.1.69913	1.60.1.70338
3639	1.60.1.69913	1.60.1.70338
3640	1.60.1.69913	1.60.1.70338
3641	1.60.1.69913	1.60.1.70338
3642	1.60.1.69913	1.60.1.70338
3643	1.60.1.69913	1.60.1.70338
3661	1.60.1.69913	1.60.1.70338
3681	1.60.1.69913	1.60.1.70338
3701	1.60.1.69913	1.60.1.70338
3702	1.60.1.69913	1.60.1.70338
3721	1.60.1.69913	1.60.1.70338
3741	1.60.1.69913	1.60.1.70338
3761	1.60.1.69913	1.60.1.70338
3762	1.60.1.69913	1.60.1.70338
3763	1.60.1.69913	1.60.1.70338
3764	1.60.1.69913	1.60.1.70338
3765	1.60.1.69913	1.60.1.70338
3781	1.60.1.69913	1.60.1.70338
3782	1.60.1.69913	1.60.1.70338
3783	1.60.1.69913	1.60.1.70338
3784	1.60.1.69913	1.60.1.70338
3785	1.60.1.69913	1.60.1.70338
3786	1.60.1.69913	1.60.1.70338
3787	1.60.1.69913	1.60.1.70338
3788	1.60.1.69913	1.60.1.70338
3789	1.60.1.69913	1.60.1.70338
3790	1.60.1.69913	1.60.1.70338
3791	1.60.1.69913	1.60.1.70338
3801	1.60.1.69913	1.60.1.70338
3802	1.60.1.69913	1.60.1.70338
3821	1.60.1.69913	1.60.1.70338
3822	1.60.1.69913	1.60.1.70338
3823	1.60.1.69913	1.60.1.70338
3824	1.60.1.69913	1.60.1.70338
3825	1.60.1.69913	1.60.1.70338
3841	1.60.1.69913	1.60.1.70338
3842	1.60.1.69913	1.60.1.70338
3843	1.60.1.69913	1.60.1.70338
3844	1.60.1.69913	1.60.1.70338
3845	1.60.1.69913	1.60.1.70338
3861	1.60.1.69913	1.60.1.70338
3881	1.60.1.69913	1.60.1.70338
3882	1.60.1.69913	1.60.1.70338
3883	1.60.1.69913	1.60.1.70338
3884	1.60.1.69913	1.60.1.70338
3885	1.60.1.69913	1.60.1.70338
3901	1.60.1.69913	1.60.1.70338
3902	1.60.1.69913	1.60.1.70338
3903	1.60.1.69913	1.60.1.70338
3904	1.60.1.69913	1.60.1.70338
3905	1.60.1.69913	1.60.1.70338
3906	1.60.1.69913	1.60.1.70338
3907	1.60.1.69913	1.60.1.70338
3908	1.60.1.69913	1.60.1.70338
3909	1.60.1.69913	1.60.1.70338
3910	1.60.1.69913	1.60.1.70338
3911	1.60.1.69913	1.60.1.70338
3912	1.60.1.69913	1.60.1.70338
3913	1.60.1.69913	1.60.1.70338
3914	1.60.1.69913	1.60.1.70338
3921	1.60.1.69913	1.60.1.70338
3922	1.60.1.69913	1.60.1.70338
3923	1.60.1.69913	1.60.1.70338
3924	1.60.1.69913	1.60.1.70338
3941	1.60.1.69913	1.60.1.70338
3942	1.60.1.69913	1.60.1.70338
3961	1.60.1.69913	1.60.1.70338
3962	1.60.1.69913	1.60.1.70338
3981	1.60.1.69913	1.60.1.70338
3982	1.60.1.69913	1.60.1.70338
4001	1.60.1.69913	1.60.1.70338
4002	1.60.1.69913	1.60.1.70338
4003	1.60.1.69913	1.60.1.70338
4004	1.60.1.69913	1.60.1.70338
4005	1.60.1.69913	1.60.1.70338
4021	1.60.1.69913	1.60.1.70338
4022	1.60.1.69913	1.60.1.70338
4023	1.60.1.69913	1.60.1.70338
4024	1.60.1.69913	1.60.1.70338
4061	1.60.1.69913	1.60.1.70338
4062	1.60.1.69913	1.60.1.70338
4063	1.60.1.69913	1.60.1.70338
4081	1.60.1.69913	1.60.1.70338
4082	1.60.1.69913	1.60.1.70338
4083	1.60.1.69913	1.60.1.70338
4084	1.60.1.69913	1.60.1.70338
4101	1.60.1.69913	1.60.1.70338
4102	1.60.1.69913	1.60.1.70338
4120	1.60.1.69913	1.60.1.70338
4121	1.60.1.69913	1.60.1.70338
4122	1.60.1.69913	1.60.1.70338
4123	1.60.1.69913	1.60.1.70338
4124	1.60.1.69913	1.60.1.70338
4125	1.60.1.69913	1.60.1.70338
4126	1.60.1.69913	1.60.1.70338
4127	1.60.1.69913	1.60.1.70338
4128	1.60.1.69913	1.60.1.70338
4129	1.60.1.69913	1.60.1.70338
4130	1.60.1.69913	1.60.1.70338
4131	1.60.1.69913	1.60.1.70338
4132	1.60.1.69913	1.60.1.70338
4133	1.60.1.69913	1.60.1.70338
4134	1.60.1.69913	1.60.1.70338
4135	1.60.1.69913	1.60.1.70338
4136	1.60.1.69913	1.60.1.70338
4141	1.60.1.69913	1.60.1.70338
4142	1.60.1.69913	1.60.1.70338
4143	1.60.1.69913	1.60.1.70338
4144	1.60.1.69913	1.60.1.70338
4145	1.60.1.69913	1.60.1.70338
4146	1.60.1.69913	1.60.1.70338
4147	1.60.1.69913	1.60.1.70338
4148	1.60.1.69913	1.60.1.70338
4161	1.60.1.69913	1.60.1.70338
4181	1.60.1.69913	1.60.1.70338
4182	1.60.1.69913	1.60.1.70338
4183	1.60.1.69913	1.60.1.70338
4184	1.60.1.69913	1.60.1.70338
4185	1.60.1.69913	1.60.1.70338
4186	1.60.1.69913	1.60.1.70338
4201	1.60.1.69913	1.60.1.70338
4223	1.60.1.69913	1.60.1.70338
4224	1.60.1.69913	1.60.1.70338
4241	1.60.1.69913	1.60.1.70338
4242	1.60.1.69913	1.60.1.70338
4243	1.60.1.69913	1.60.1.70338
4244	1.60.1.69913	1.60.1.70338
4245	1.60.1.69913	1.60.1.70338
4261	1.60.1.69913	1.60.1.70338
4262	1.60.1.69913	1.60.1.70338
4263	1.60.1.69913	1.60.1.70338
4264	1.60.1.69913	1.60.1.70338
4265	1.60.1.69913	1.60.1.70338
4266	1.60.1.69913	1.60.1.70338
4267	1.60.1.69913	1.60.1.70338
4281	1.60.1.69913	1.60.1.70338
4282	1.60.1.69913	1.60.1.70338
4283	1.60.1.69913	1.60.1.70338
4284	1.60.1.69913	1.60.1.70338
4285	1.60.1.69913	1.60.1.70338
4286	1.60.1.69913	1.60.1.70338
4287	1.60.1.69913	1.60.1.70338
4288	1.60.1.69913	1.60.1.70338
4289	1.60.1.69913	1.60.1.70338
4290	1.60.1.69913	1.60.1.70338
4291	1.60.1.69913	1.60.1.70338
4292	1.60.1.69913	1.60.1.70338
4293	1.60.1.69913	1.60.1.70338
4294	1.60.1.69913	1.60.1.70338
4295	1.60.1.69913	1.60.1.70338
4296	1.60.1.69913	1.60.1.70338
4297	1.60.1.69913	1.60.1.70338
4298	1.60.1.69913	1.60.1.70338
4299	1.60.1.69913	1.60.1.70338
4300	1.60.1.69913	1.60.1.70338
4301	1.60.1.69913	1.60.1.70338
4321	1.60.1.69913	1.60.1.70338
4322	1.60.1.69913	1.60.1.70338
4323	1.60.1.69913	1.60.1.70338
4324	1.60.1.69913	1.60.1.70338
4341	1.60.1.69913	1.60.1.70338
4342	1.60.1.69913	1.60.1.70338
4361	1.60.1.69913	1.60.1.70338
4362	1.60.1.69913	1.60.1.70338
4363	1.60.1.69913	1.60.1.70338
4402	1.60.1.69913	1.60.1.70338
4421	1.60.1.69913	1.60.1.70338
4441	1.60.1.69913	1.60.1.70338
4442	1.60.1.69913	1.60.1.70338
4449	1.60.1.69913	1.60.1.70338
4450	1.60.1.69913	1.60.1.70338
4451	1.60.1.69913	1.60.1.70338
4485	1.60.1.69913	1.60.1.70338
4486	1.60.1.69913	1.60.1.70338
4487	1.60.1.69913	1.60.1.70338
4488	1.60.1.69913	1.60.1.70338
4489	1.60.1.69913	1.60.1.70338
4490	1.60.1.69913	1.60.1.70338
4491	1.60.1.69913	1.60.1.70338
4492	1.60.1.69913	1.60.1.70338
4493	1.60.1.69913	1.60.1.70338
4494	1.60.1.69913	1.60.1.70338
4495	1.60.1.69913	1.60.1.70338
4496	1.60.1.69913	1.60.1.70338
4501	1.60.1.69913	1.60.1.70338
4502	1.60.1.69913	1.60.1.70338
4503	1.60.1.69913	1.60.1.70338
4504	1.60.1.69913	1.60.1.70338
4505	1.60.1.69913	1.60.1.70338
4506	1.60.1.69913	1.60.1.70338
4507	1.60.1.69913	1.60.1.70338
4508	1.60.1.69913	1.60.1.70338
4509	1.60.1.69913	1.60.1.70338
4510	1.60.1.69913	1.60.1.70338
4511	1.60.1.69913	1.60.1.70338
4512	1.60.1.69913	1.60.1.70338
4513	1.60.1.69913	1.60.1.70338
4521	1.60.1.69913	1.60.1.70338
4541	1.60.1.69913	1.60.1.70338
4542	1.60.1.69913	1.60.1.70338
4581	1.60.1.69913	1.60.1.70338
4601	1.60.1.69913	1.60.1.70338
4602	1.60.1.69913	1.60.1.70338
4605	1.60.1.69913	1.60.1.70338
4606	1.60.1.69913	1.60.1.70338
4621	1.60.1.69913	1.60.1.70338
4641	1.60.1.69913	1.60.1.70338
4642	1.60.1.69913	1.60.1.70338
4681	1.60.1.69913	1.60.1.70338
4701	1.60.1.69913	1.60.1.70338
4721	1.60.1.69913	1.60.1.70338
4722	1.60.1.69913	1.60.1.70338
4723	1.60.1.69913	1.60.1.70338
4724	1.60.1.69913	1.60.1.70338
4725	1.60.1.69913	1.60.1.70338
4726	1.60.1.69913	1.60.1.70338
4727	1.60.1.69913	1.60.1.70338
4728	1.60.1.69913	1.60.1.70338
4729	1.60.1.69913	1.60.1.70338
4730	1.60.1.69913	1.60.1.70338
4731	1.60.1.69913	1.60.1.70338
4732	1.60.1.69913	1.60.1.70338
4733	1.60.1.69913	1.60.1.70338
4734	1.60.1.69913	1.60.1.70338
4735	1.60.1.69913	1.60.1.70338
4736	1.60.1.69913	1.60.1.70338
4737	1.60.1.69913	1.60.1.70338
4738	1.60.1.69913	1.60.1.70338
4739	1.60.1.69913	1.60.1.70338
4740	1.60.1.69913	1.60.1.70338
4741	1.60.1.69913	1.60.1.70338
4742	1.60.1.69913	1.60.1.70338
4743	1.60.1.69913	1.60.1.70338
4761	1.60.1.69913	1.60.1.70338
4762	1.60.1.69913	1.60.1.70338
4763	1.60.1.69913	1.60.1.70338
4764	1.60.1.69913	1.60.1.70338
4765	1.60.1.69913	1.60.1.70338
4766	1.60.1.69913	1.60.1.70338
4767	1.60.1.69913	1.60.1.70338
4768	1.60.1.69913	1.60.1.70338
4769	1.60.1.69913	1.60.1.70338
4770	1.60.1.69913	1.60.1.70338
4771	1.60.1.69913	1.60.1.70338
4781	1.60.1.69913	1.60.1.70338
4782	1.60.1.69913	1.60.1.70338
4783	1.60.1.69913	1.60.1.70338
4784	1.60.1.69913	1.60.1.70338
4786	1.60.1.69913	1.60.1.70338
4787	1.60.1.69913	1.60.1.70338
4788	1.60.1.69913	1.60.1.70338
4808	1.60.1.69913	1.60.1.70338
4809	1.60.1.69913	1.60.1.70338
4810	1.60.1.69913	1.60.1.70338
4811	1.60.1.69913	1.60.1.70338
4812	1.60.1.69913	1.60.1.70338
4813	1.60.1.69913	1.60.1.70338
4821	1.60.1.69913	1.60.1.70338
4822	1.60.1.69913	1.60.1.70338
4841	1.60.1.69913	1.60.1.70338
4842	1.60.1.69913	1.60.1.70338
4861	1.60.1.69913	1.60.1.70338
4862	1.60.1.69913	1.60.1.70338
4863	1.60.1.69913	1.60.1.70338
4864	1.60.1.69913	1.60.1.70338
4865	1.60.1.69913	1.60.1.70338
4866	1.60.1.69913	1.60.1.70338
4867	1.60.1.69913	1.60.1.70338
4881	1.60.1.69913	1.60.1.70338
4882	1.60.1.69913	1.60.1.70338
4883	1.60.1.69913	1.60.1.70338
4901	1.60.1.69913	1.60.1.70338
4902	1.60.1.69913	1.60.1.70338
4903	1.60.1.69913	1.60.1.70338
4904	1.60.1.69913	1.60.1.70338
4905	1.60.1.69913	1.60.1.70338
4906	1.60.1.69913	1.60.1.70338
4907	1.60.1.69913	1.60.1.70338
4921	1.60.1.69913	1.60.1.70338
4941	1.60.1.69913	1.60.1.70338
4961	1.60.1.69913	1.60.1.70338
4962	1.60.1.69913	1.60.1.70338
4963	1.60.1.69913	1.60.1.70338
4964	1.60.1.69913	1.60.1.70338
4965	1.60.1.69913	1.60.1.70338
4966	1.60.1.69913	1.60.1.70338
4967	1.60.1.69913	1.60.1.70338
4968	1.60.1.69913	1.60.1.70338
4969	1.60.1.69913	1.60.1.70338
4971	1.60.1.69913	1.60.1.70338
4972	1.60.1.69913	1.60.1.70338
4974	1.60.1.69913	1.60.1.70338
4975	1.60.1.69913	1.60.1.70338
4976	1.60.1.69913	1.60.1.70338
4981	1.60.1.69913	1.60.1.70338
4982	1.60.1.69913	1.60.1.70338
4983	1.60.1.69913	1.60.1.70338
4984	1.60.1.69913	1.60.1.70338
4985	1.60.1.69913	1.60.1.70338
4986	1.60.1.69913	1.60.1.70338
4987	1.60.1.69913	1.60.1.70338
5001	1.60.1.69913	1.60.1.70338
5002	1.60.1.69913	1.60.1.70338
5021	1.60.1.69913	1.60.1.70338
5022	1.60.1.69913	1.60.1.70338
5023	1.60.1.69913	1.60.1.70338
5041	1.60.1.69913	1.60.1.70338
5042	1.60.1.69913	1.60.1.70338
5043	1.60.1.69913	1.60.1.70338
5044	1.60.1.69913	1.60.1.70338
5045	1.60.1.69913	1.60.1.70338
5046	1.60.1.69913	1.60.1.70338
5047	1.60.1.69913	1.60.1.70338
5048	1.60.1.69913	1.60.1.70338
5049	1.60.1.69913	1.60.1.70338
5050	1.60.1.69913	1.60.1.70338
5051	1.60.1.69913	1.60.1.70338
5052	1.60.1.69913	1.60.1.70338
5053	1.60.1.69913	1.60.1.70338
5054	1.60.1.69913	1.60.1.70338
5055	1.60.1.69913	1.60.1.70338
5056	1.60.1.69913	1.60.1.70338
5057	1.60.1.69913	1.60.1.70338
5058	1.60.1.69913	1.60.1.70338
5060	1.60.1.69913	1.60.1.70338
5061	1.60.1.69913	1.60.1.70338
5062	1.60.1.69913	1.60.1.70338
5064	1.60.1.69913	1.60.1.70338
5065	1.60.1.69913	1.60.1.70338
5066	1.60.1.69913	1.60.1.70338
5081	1.60.1.69913	1.60.1.70338
5082	1.60.1.69913	1.60.1.70338
5083	1.60.1.69913	1.60.1.70338
5084	1.60.1.69913	1.60.1.70338
5085	1.60.1.69913	1.60.1.70338
5086	1.60.1.69913	1.60.1.70338
5087	1.60.1.69913	1.60.1.70338
5088	1.60.1.69913	1.60.1.70338
5089	1.60.1.69913	1.60.1.70338
5090	1.60.1.69913	1.60.1.70338
5091	1.60.1.69913	1.60.1.70338
5092	1.60.1.69913	1.60.1.70338
5093	1.60.1.69913	1.60.1.70338
5094	1.60.1.69913	1.60.1.70338
5095	1.60.1.69913	1.60.1.70338
5096	1.60.1.69913	1.60.1.70338
5097	1.60.1.69913	1.60.1.70338
5098	1.60.1.69913	1.60.1.70338
5101	1.60.1.69913	1.60.1.70338
5102	1.60.1.69913	1.60.1.70338
5103	1.60.1.69913	1.60.1.70338
5121	1.60.1.69913	1.60.1.70338
5123	1.60.1.69913	1.60.1.70338
5124	1.60.1.69913	1.60.1.70338
5125	1.60.1.69913	1.60.1.70338
5126	1.60.1.69913	1.60.1.70338
5127	1.60.1.69913	1.60.1.70338
5128	1.60.1.69913	1.60.1.70338
5141	1.60.1.69913	1.60.1.70338
5142	1.60.1.69913	1.60.1.70338
5143	1.60.1.69913	1.60.1.70338
5144	1.60.1.69913	1.60.1.70338
5145	1.60.1.69913	1.60.1.70338
5146	1.60.1.69913	1.60.1.70338
5147	1.60.1.69913	1.60.1.70338
5148	1.60.1.69913	1.60.1.70338
5149	1.60.1.69913	1.60.1.70338
5151	1.60.1.69913	1.60.1.70338
5152	1.60.1.69913	1.60.1.70338
5153	1.60.1.69913	1.60.1.70338
5154	1.60.1.69913	1.60.1.70338
5155	1.60.1.69913	1.60.1.70338
5156	1.60.1.69913	1.60.1.70338
5157	1.60.1.69913	1.60.1.70338
5158	1.60.1.69913	1.60.1.70338
5159	1.60.1.69913	1.60.1.70338
5160	1.60.1.69913	1.60.1.70338
5161	1.60.1.69913	1.60.1.70338
5162	1.60.1.69913	1.60.1.70338
5163	1.60.1.69913	1.60.1.70338
5164	1.60.1.69913	1.60.1.70338
5165	1.60.1.69913	1.60.1.70338
5166	1.60.1.69913	1.60.1.70338
5167	1.60.1.69913	1.60.1.70338
5168	1.60.1.69913	1.60.1.70338
5181	1.60.1.69913	1.60.1.70338
5202	1.60.1.69913	1.60.1.70338
5203	1.60.1.69913	1.60.1.70338
5204	1.60.1.69913	1.60.1.70338
5205	1.60.1.69913	1.60.1.70338
5206	1.60.1.69913	1.60.1.70338
5207	1.60.1.69913	1.60.1.70338
5208	1.60.1.69913	1.60.1.70338
5209	1.60.1.69913	1.60.1.70338
5210	1.60.1.69913	1.60.1.70338
5211	1.60.1.69913	1.60.1.70338
5212	1.60.1.69913	1.60.1.70338
5213	1.60.1.69913	1.60.1.70338
5214	1.60.1.69913	1.60.1.70338
5215	1.60.1.69913	1.60.1.70338
5216	1.60.1.69913	1.60.1.70338
5217	1.60.1.69913	1.60.1.70338
5219	1.60.1.69913	1.60.1.70338
5220	1.60.1.69913	1.60.1.70338
5222	1.60.1.69913	1.60.1.70338
5223	1.60.1.69913	1.60.1.70338
5225	1.60.1.69913	1.60.1.70338
5226	1.60.1.69913	1.60.1.70338
5228	1.60.1.69913	1.60.1.70338
5229	1.60.1.69913	1.60.1.70338
5230	1.60.1.69913	1.60.1.70338
5231	1.60.1.69913	1.60.1.70338
5232	1.60.1.69913	1.60.1.70338
5233	1.60.1.69913	1.60.1.70338
5234	1.60.1.69913	1.60.1.70338
5235	1.60.1.69913	1.60.1.70338
5236	1.60.1.69913	1.60.1.70338
5237	1.60.1.69913	1.60.1.70338
5238	1.60.1.69913	1.60.1.70338
5241	1.60.1.69913	1.60.1.70338
5242	1.60.1.69913	1.60.1.70338
5243	1.60.1.69913	1.60.1.70338
5244	1.60.1.69913	1.60.1.70338
5245	1.60.1.69913	1.60.1.70338
5246	1.60.1.69913	1.60.1.70338
5247	1.60.1.69913	1.60.1.70338
5248	1.60.1.69913	1.60.1.70338
5249	1.60.1.69913	1.60.1.70338
5250	1.60.1.69913	1.60.1.70338
5251	1.60.1.69913	1.60.1.70338
5252	1.60.1.69913	1.60.1.70338
5253	1.60.1.69913	1.60.1.70338
5261	1.60.1.69913	1.60.1.70338
5262	1.60.1.69913	1.60.1.70338
5263	1.60.1.69913	1.60.1.70338
5264	1.60.1.69913	1.60.1.70338
5265	1.60.1.69913	1.60.1.70338
5281	1.60.1.69913	1.60.1.70338
5282	1.60.1.69913	1.60.1.70338
5283	1.60.1.69913	1.60.1.70338
5284	1.60.1.69913	1.60.1.70338
5301	1.60.1.69913	1.60.1.70338
5302	1.60.1.69913	1.60.1.70338
5303	1.60.1.69913	1.60.1.70338
5304	1.60.1.69913	1.60.1.70338
5305	1.60.1.69913	1.60.1.70338
5306	1.60.1.69913	1.60.1.70338
5307	1.60.1.69913	1.60.1.70338
5321	1.60.1.69913	1.60.1.70338
5341	1.60.1.69913	1.60.1.70338
5342	1.60.1.69913	1.60.1.70338
5343	1.60.1.69913	1.60.1.70338
5344	1.60.1.69913	1.60.1.70338
5361	1.60.1.69913	1.60.1.70338
5381	1.60.1.69913	1.60.1.70338
5382	1.60.1.69913	1.60.1.70338
5383	1.60.1.69913	1.60.1.70338
5384	1.60.1.69913	1.60.1.70338
5385	1.60.1.69913	1.60.1.70338
5386	1.60.1.69913	1.60.1.70338
5401	1.60.1.69913	1.60.1.70338
5405	1.60.1.69913	1.60.1.70338
5441	1.60.1.69913	1.60.1.70338
5461	1.60.1.69913	1.60.1.70338
5462	1.60.1.69913	1.60.1.70338
5463	1.60.1.69913	1.60.1.70338
5464	1.60.1.69913	1.60.1.70338
5465	1.60.1.69913	1.60.1.70338
5466	1.60.1.69913	1.60.1.70338
5481	1.60.1.69913	1.60.1.70338
5482	1.60.1.69913	1.60.1.70338
5501	1.60.1.69913	1.60.1.70338
5502	1.60.1.69913	1.60.1.70338
5503	1.60.1.69913	1.60.1.70338
5504	1.60.1.69913	1.60.1.70338
5505	1.60.1.69913	1.60.1.70338
5506	1.60.1.69913	1.60.1.70338
5507	1.60.1.69913	1.60.1.70338
5511	1.60.1.69913	1.60.1.70338
5512	1.60.1.69913	1.60.1.70338
5513	1.60.1.69913	1.60.1.70338
5514	1.60.1.69913	1.60.1.70338
5515	1.60.1.69913	1.60.1.70338
5516	1.60.1.69913	1.60.1.70338
5517	1.60.1.69913	1.60.1.70338
5518	1.60.1.69913	1.60.1.70338
5520	1.60.1.69913	1.60.1.70338
5521	1.60.1.69913	1.60.1.70338
5522	1.60.1.69913	1.60.1.70338
5523	1.60.1.69913	1.60.1.70338
5524	1.60.1.69913	1.60.1.70338
5525	1.60.1.69913	1.60.1.70338
5526	1.60.1.69913	1.60.1.70338
5527	1.60.1.69913	1.60.1.70338
5528	1.60.1.69913	1.60.1.70338
5529	1.60.1.69913	1.60.1.70338
5530	1.60.1.69913	1.60.1.70338
5531	1.60.1.69913	1.60.1.70338
5532	1.60.1.69913	1.60.1.70338
5533	1.60.1.69913	1.60.1.70338
5534	1.60.1.69913	1.60.1.70338
5535	1.60.1.69913	1.60.1.70338
5536	1.60.1.69913	1.60.1.70338
5537	1.60.1.69913	1.60.1.70338
5538	1.60.1.69913	1.60.1.70338
5541	1.60.1.69913	1.60.1.70338
5542	1.60.1.69913	1.60.1.70338
5543	1.60.1.69913	1.60.1.70338
5544	1.60.1.69913	1.60.1.70338
5545	1.60.1.69913	1.60.1.70338
5561	1.60.1.69913	1.60.1.70338
5581	1.60.1.69913	1.60.1.70338
5601	1.60.1.69913	1.60.1.70338
5621	1.60.1.69913	1.60.1.70338
5622	1.60.1.69913	1.60.1.70338
5623	1.60.1.69913	1.60.1.70338
5624	1.60.1.69913	1.60.1.70338
5625	1.60.1.69913	1.60.1.70338
5626	1.60.1.69913	1.60.1.70338
5627	1.60.1.69913	1.60.1.70338
5628	1.60.1.69913	1.60.1.70338
5629	1.60.1.69913	1.60.1.70338
5630	1.60.1.69913	1.60.1.70338
5631	1.60.1.69913	1.60.1.70338
5632	1.60.1.69913	1.60.1.70338
5633	1.60.1.69913	1.60.1.70338
5634	1.60.1.69913	1.60.1.70338
5635	1.60.1.69913	1.60.1.70338
5636	1.60.1.69913	1.60.1.70338
5637	1.60.1.69913	1.60.1.70338
5638	1.60.1.69913	1.60.1.70338
5639	1.60.1.69913	1.60.1.70338
5640	1.60.1.69913	1.60.1.70338
5641	1.60.1.69913	1.60.1.70338
5642	1.60.1.69913	1.60.1.70338
5643	1.60.1.69913	1.60.1.70338
5644	1.60.1.69913	1.60.1.70338
5645	1.60.1.69913	1.60.1.70338
5646	1.60.1.69913	1.60.1.70338
5647	1.60.1.69913	1.60.1.70338
5648	1.60.1.69913	1.60.1.70338
5649	1.60.1.69913	1.60.1.70338
5650	1.60.1.69913	1.60.1.70338
5651	1.60.1.69913	1.60.1.70338
5652	1.60.1.69913	1.60.1.70338
5653	1.60.1.69913	1.60.1.70338
5654	1.60.1.69913	1.60.1.70338
5655	1.60.1.69913	1.60.1.70338
5656	1.60.1.69913	1.60.1.70338
5657	1.60.1.69913	1.60.1.70338
5658	1.60.1.69913	1.60.1.70338
5659	1.60.1.69913	1.60.1.70338
5660	1.60.1.69913	1.60.1.70338
5661	1.60.1.69913	1.60.1.70338
5662	1.60.1.69913	1.60.1.70338
5663	1.60.1.69913	1.60.1.70338
5664	1.60.1.69913	1.60.1.70338
5665	1.60.1.69913	1.60.1.70338
5666	1.60.1.69913	1.60.1.70338
5667	1.60.1.69913	1.60.1.70338
5668	1.60.1.69913	1.60.1.70338
5669	1.60.1.69913	1.60.1.70338
5670	1.60.1.69913	1.60.1.70338
5671	1.60.1.69913	1.60.1.70338
5672	1.60.1.69913	1.60.1.70338
5673	1.60.1.69913	1.60.1.70338
5674	1.60.1.69913	1.60.1.70338
5675	1.60.1.69913	1.60.1.70338
5676	1.60.1.69913	1.60.1.70338
5677	1.60.1.69913	1.60.1.70338
5678	1.60.1.69913	1.60.1.70338
5679	1.60.1.69913	1.60.1.70338
5680	1.60.1.69913	1.60.1.70338
5681	1.60.1.69913	1.60.1.70338
5682	1.60.1.69913	1.60.1.70338
5683	1.60.1.69913	1.60.1.70338
5684	1.60.1.69913	1.60.1.70338
5685	1.60.1.69913	1.60.1.70338
5686	1.60.1.69913	1.60.1.70338
5687	1.60.1.69913	1.60.1.70338
5688	1.60.1.69913	1.60.1.70338
5689	1.60.1.69913	1.60.1.70338
5690	1.60.1.69913	1.60.1.70338
5691	1.60.1.69913	1.60.1.70338
5692	1.60.1.69913	1.60.1.70338
5693	1.60.1.69913	1.60.1.70338
5694	1.60.1.69913	1.60.1.70338
5695	1.60.1.69913	1.60.1.70338
5696	1.60.1.69913	1.60.1.70338
5697	1.60.1.69913	1.60.1.70338
5698	1.60.1.69913	1.60.1.70338
5699	1.60.1.69913	1.60.1.70338
5700	1.60.1.69913	1.60.1.70338
5701	1.60.1.69913	1.60.1.70338
5702	1.60.1.69913	1.60.1.70338
5703	1.60.1.69913	1.60.1.70338
5704	1.60.1.69913	1.60.1.70338
5705	1.60.1.69913	1.60.1.70338
5706	1.60.1.69913	1.60.1.70338
5707	1.60.1.69913	1.60.1.70338
5708	1.60.1.69913	1.60.1.70338
5709	1.60.1.69913	1.60.1.70338
5710	1.60.1.69913	1.60.1.70338
5711	1.60.1.69913	1.60.1.70338
5712	1.60.1.69913	1.60.1.70338
5713	1.60.1.69913	1.60.1.70338
5721	1.60.1.69913	1.60.1.70338
5722	1.60.1.69913	1.60.1.70338
5723	1.60.1.69913	1.60.1.70338
5724	1.60.1.69913	1.60.1.70338
5725	1.60.1.69913	1.60.1.70338
5726	1.60.1.69913	1.60.1.70338
5727	1.60.1.69913	1.60.1.70338
5728	1.60.1.69913	1.60.1.70338
5729	1.60.1.69913	1.60.1.70338
5730	1.60.1.69913	1.60.1.70338
5741	1.60.1.69913	1.60.1.70338
5742	1.60.1.69913	1.60.1.70338
5761	1.60.1.69913	1.60.1.70338
5762	1.60.1.69913	1.60.1.70338
5763	1.60.1.69913	1.60.1.70338
5781	1.60.1.69913	1.60.1.70338
5801	1.60.1.69913	1.60.1.70338
5802	1.60.1.69913	1.60.1.70338
5803	1.60.1.69913	1.60.1.70338
5804	1.60.1.69913	1.60.1.70338
5805	1.60.1.69913	1.60.1.70338
5821	1.60.1.69913	1.60.1.70338
5841	1.60.1.69913	1.60.1.70338
5842	1.60.1.69913	1.60.1.70338
5843	1.60.1.69913	1.60.1.70338
5844	1.60.1.69913	1.60.1.70338
5845	1.60.1.69913	1.60.1.70338
5846	1.60.1.69913	1.60.1.70338
5847	1.60.1.69913	1.60.1.70338
5848	1.60.1.69913	1.60.1.70338
5861	1.60.1.69913	1.60.1.70338
5862	1.60.1.69913	1.60.1.70338
5863	1.60.1.69913	1.60.1.70338
5881	1.60.1.69913	1.60.1.70338
5882	1.60.1.69913	1.60.1.70338
5883	1.60.1.69913	1.60.1.70338
5884	1.60.1.69913	1.60.1.70338
5885	1.60.1.69913	1.60.1.70338
5886	1.60.1.69913	1.60.1.70338
5887	1.60.1.69913	1.60.1.70338
5888	1.60.1.69913	1.60.1.70338
5889	1.60.1.69913	1.60.1.70338
5890	1.60.1.69913	1.60.1.70338
5891	1.60.1.69913	1.60.1.70338
5901	1.60.1.69913	1.60.1.70338
5902	1.60.1.69913	1.60.1.70338
5903	1.60.1.69913	1.60.1.70338
5904	1.60.1.69913	1.60.1.70338
5921	1.60.1.69913	1.60.1.70338
5922	1.60.1.69913	1.60.1.70338
5923	1.60.1.69913	1.60.1.70338
5924	1.60.1.69913	1.60.1.70338
5925	1.60.1.69913	1.60.1.70338
5926	1.60.1.69913	1.60.1.70338
5927	1.60.1.69913	1.60.1.70338
5928	1.60.1.69913	1.60.1.70338
5929	1.60.1.69913	1.60.1.70338
5930	1.60.1.69913	1.60.1.70338
5931	1.60.1.69913	1.60.1.70338
5932	1.60.1.69913	1.60.1.70338
5941	1.60.1.69913	1.60.1.70338
5942	1.60.1.69913	1.60.1.70338
5943	1.60.1.69913	1.60.1.70338
5944	1.60.1.69913	1.60.1.70338
5961	1.60.1.69913	1.60.1.70338
6001	1.60.1.69913	1.60.1.70338
6002	1.60.1.69913	1.60.1.70338
6003	1.60.1.69913	1.60.1.70338
6004	1.60.1.69913	1.60.1.70338
6021	1.60.1.69913	1.60.1.70338
6022	1.60.1.69913	1.60.1.70338
6023	1.60.1.69913	1.60.1.70338
6024	1.60.1.69913	1.60.1.70338
6025	1.60.1.69913	1.60.1.70338
6026	1.60.1.69913	1.60.1.70338
6027	1.60.1.69913	1.60.1.70338
6028	1.60.1.69913	1.60.1.70338
6029	1.60.1.69913	1.60.1.70338
6030	1.60.1.69913	1.60.1.70338
6031	1.60.1.69913	1.60.1.70338
6032	1.60.1.69913	1.60.1.70338
6041	1.60.1.69913	1.60.1.70338
6042	1.60.1.69913	1.60.1.70338
6061	1.60.1.69913	1.60.1.70338
6062	1.60.1.69913	1.60.1.70338
6063	1.60.1.69913	1.60.1.70338
6064	1.60.1.69913	1.60.1.70338
6065	1.60.1.69913	1.60.1.70338
6066	1.60.1.69913	1.60.1.70338
6067	1.60.1.69913	1.60.1.70338
6068	1.60.1.69913	1.60.1.70338
6069	1.60.1.69913	1.60.1.70338
6070	1.60.1.69913	1.60.1.70338
6071	1.60.1.69913	1.60.1.70338
6072	1.60.1.69913	1.60.1.70338
6073	1.60.1.69913	1.60.1.70338
6074	1.60.1.69913	1.60.1.70338
6075	1.60.1.69913	1.60.1.70338
6076	1.60.1.69913	1.60.1.70338
6081	1.60.1.69913	1.60.1.70338
6082	1.60.1.69913	1.60.1.70338
6083	1.60.1.69913	1.60.1.70338
6084	1.60.1.69913	1.60.1.70338
6085	1.60.1.69913	1.60.1.70338
6086	1.60.1.69913	1.60.1.70338
6087	1.60.1.69913	1.60.1.70338
6088	1.60.1.69913	1.60.1.70338
6089	1.60.1.69913	1.60.1.70338
6101	1.60.1.69913	1.60.1.70338
6102	1.60.1.69913	1.60.1.70338
6103	1.60.1.69913	1.60.1.70338
6121	1.60.1.69913	1.60.1.70338
6122	1.60.1.69913	1.60.1.70338
6123	1.60.1.69913	1.60.1.70338
6124	1.60.1.69913	1.60.1.70338
6125	1.60.1.69913	1.60.1.70338
6126	1.60.1.69913	1.60.1.70338
6127	1.60.1.69913	1.60.1.70338
6128	1.60.1.69913	1.60.1.70338
6129	1.60.1.69913	1.60.1.70338
6130	1.60.1.69913	1.60.1.70338
6132	1.60.1.69913	1.60.1.70338
6133	1.60.1.69913	1.60.1.70338
6134	1.60.1.69913	1.60.1.70338
6135	1.60.1.69913	1.60.1.70338
6136	1.60.1.69913	1.60.1.70338
6141	1.60.1.69913	1.60.1.70338
6142	1.60.1.69913	1.60.1.70338
6143	1.60.1.69913	1.60.1.70338
6144	1.60.1.69913	1.60.1.70338
6145	1.60.1.69913	1.60.1.70338
6146	1.60.1.69913	1.60.1.70338
6147	1.60.1.69913	1.60.1.70338
6148	1.60.1.69913	1.60.1.70338
6161	1.60.1.69913	1.60.1.70338
6162	1.60.1.69913	1.60.1.70338
6163	1.60.1.69913	1.60.1.70338
6164	1.60.1.69913	1.60.1.70338
6165	1.60.1.69913	1.60.1.70338
6181	1.60.1.69913	1.60.1.70338
6182	1.60.1.69913	1.60.1.70338
6183	1.60.1.69913	1.60.1.70338
6184	1.60.1.69913	1.60.1.70338
6185	1.60.1.69913	1.60.1.70338
6186	1.60.1.69913	1.60.1.70338
6187	1.60.1.69913	1.60.1.70338
6201	1.60.1.69913	1.60.1.70338
6202	1.60.1.69913	1.60.1.70338
6261	1.60.1.69913	1.60.1.70338
6281	1.60.1.69913	1.60.1.70338
6282	1.60.1.69913	1.60.1.70338
6283	1.60.1.69913	1.60.1.70338
6284	1.60.1.69913	1.60.1.70338
6285	1.60.1.69913	1.60.1.70338
6301	1.60.1.69913	1.60.1.70338
6321	1.60.1.69913	1.60.1.70338
6322	1.60.1.69913	1.60.1.70338
6323	1.60.1.69913	1.60.1.70338
6324	1.60.1.69913	1.60.1.70338
6341	1.60.1.69913	1.60.1.70338
6342	1.60.1.69913	1.60.1.70338
6343	1.60.1.69913	1.60.1.70338
6344	1.60.1.69913	1.60.1.70338
6361	1.60.1.69913	1.60.1.70338
6362	1.60.1.69913	1.60.1.70338
6363	1.60.1.69913	1.60.1.70338
6364	1.60.1.69913	1.60.1.70338
6365	1.60.1.69913	1.60.1.70338
6381	1.60.1.69913	1.60.1.70338
6382	1.60.1.69913	1.60.1.70338
6383	1.60.1.69913	1.60.1.70338
6384	1.60.1.69913	1.60.1.70338
6385	1.60.1.69913	1.60.1.70338
6386	1.60.1.69913	1.60.1.70338
6387	1.60.1.69913	1.60.1.70338
6388	1.60.1.69913	1.60.1.70338
6389	1.60.1.69913	1.60.1.70338
6390	1.60.1.69913	1.60.1.70338
6391	1.60.1.69913	1.60.1.70338
6392	1.60.1.69913	1.60.1.70338
6393	1.60.1.69913	1.60.1.70338
6394	1.60.1.69913	1.60.1.70338
6395	1.60.1.69913	1.60.1.70338
6401	1.60.1.69913	1.60.1.70338
6402	1.60.1.69913	1.60.1.70338
6403	1.60.1.69913	1.60.1.70338
6421	1.60.1.69913	1.60.1.70338
6441	1.60.1.69913	1.60.1.70338
6442	1.60.1.69913	1.60.1.70338
6461	1.60.1.69913	1.60.1.70338
6462	1.60.1.69913	1.60.1.70338
6481	1.60.1.69913	1.60.1.70338
6482	1.60.1.69913	1.60.1.70338
6501	1.60.1.69913	1.60.1.70338
6502	1.60.1.69913	1.60.1.70338
6503	1.60.1.69913	1.60.1.70338
6504	1.60.1.69913	1.60.1.70338
6521	1.60.1.69913	1.60.1.70338
6522	1.60.1.69913	1.60.1.70338
6523	1.60.1.69913	1.60.1.70338
6541	1.60.1.69913	1.60.1.70338
6542	1.60.1.69913	1.60.1.70338
6543	1.60.1.69913	1.60.1.70338
6544	1.60.1.69913	1.60.1.70338
6545	1.60.1.69913	1.60.1.70338
6546	1.60.1.69913	1.60.1.70338
6547	1.60.1.69913	1.60.1.70338
6548	1.60.1.69913	1.60.1.70338
6561	1.60.1.69913	1.60.1.70338
6562	1.60.1.69913	1.60.1.70338
6563	1.60.1.69913	1.60.1.70338
6564	1.60.1.69913	1.60.1.70338
6565	1.60.1.69913	1.60.1.70338
6566	1.60.1.69913	1.60.1.70338
6567	1.60.1.69913	1.60.1.70338
6568	1.60.1.69913	1.60.1.70338
6569	1.60.1.69913	1.60.1.70338
6570	1.60.1.69913	1.60.1.70338
6571	1.60.1.69913	1.60.1.70338
6581	1.60.1.70170	1.60.1.70338
6582	1.60.1.69913	1.60.1.70338
6583	1.60.1.69913	1.60.1.70338
6584	1.60.1.69913	1.60.1.70338
6585	1.60.1.69913	1.60.1.70338
6601	1.60.1.69913	1.60.1.70338
6602	1.60.1.69913	1.60.1.70338
6603	1.60.1.69913	1.60.1.70338
6604	1.60.1.69913	1.60.1.70338
6605	1.60.1.69913	1.60.1.70338
6606	1.60.1.69913	1.60.1.70338
6607	1.60.1.69913	1.60.1.70338
6608	1.60.1.69913	1.60.1.70338
6609	1.60.1.69913	1.60.1.70338
6610	1.60.1.69913	1.60.1.70338
6611	1.60.1.69913	1.60.1.70338
6612	1.60.1.69913	1.60.1.70338
6621	1.60.1.69913	1.60.1.70338
6622	1.60.1.69913	1.60.1.70338
6623	1.60.1.69913	1.60.1.70338
6624	1.60.1.69913	1.60.1.70338
6625	1.60.1.69913	1.60.1.70338
6626	1.60.1.69913	1.60.1.70338
6627	1.60.1.69913	1.60.1.70338
6628	1.60.1.69913	1.60.1.70338
6629	1.60.1.69913	1.60.1.70338
6641	1.60.1.69913	1.60.1.70338
6661	1.60.1.69913	1.60.1.70338
6662	1.60.1.69913	1.60.1.70338
6681	1.60.1.69913	1.60.1.70338
6702	1.60.1.69913	1.60.1.70338
6704	1.60.1.69913	1.60.1.70338
6706	1.60.1.69913	1.60.1.70338
6708	1.60.1.69913	1.60.1.70338
6710	1.60.1.69913	1.60.1.70338
6721	1.60.1.69913	1.60.1.70338
6722	1.60.1.69913	1.60.1.70338
6761	1.60.1.69913	1.60.1.70338
6762	1.60.1.69913	1.60.1.70338
6804	1.60.1.69913	1.60.1.70338
6805	1.60.1.69913	1.60.1.70338
6821	1.60.1.69913	1.60.1.70338
6822	1.60.1.69913	1.60.1.70338
6823	1.60.1.69913	1.60.1.70338
6824	1.60.1.69913	1.60.1.70338
6841	1.60.1.69913	1.60.1.70338
6842	1.60.1.69913	1.60.1.70338
6843	1.60.1.69913	1.60.1.70338
6844	1.60.1.69913	1.60.1.70338
6845	1.60.1.69913	1.60.1.70338
6846	1.60.1.69913	1.60.1.70338
6901	1.60.1.69913	1.60.1.70338
6921	1.60.1.69913	1.60.1.70338
6922	1.60.1.69913	1.60.1.70338
6961	1.60.1.69913	1.60.1.70338
6962	1.60.1.69913	1.60.1.70338
6963	1.60.1.69913	1.60.1.70338
6964	1.60.1.69913	1.60.1.70338
6981	1.60.1.69913	1.60.1.70338
6983	1.60.1.69913	1.60.1.70338
6984	1.60.1.69913	1.60.1.70338
7003	1.60.1.69913	1.60.1.70338
7021	1.60.1.69913	1.60.1.70338
7022	1.60.1.69913	1.60.1.70338
7023	1.60.1.69913	1.60.1.70338
7024	1.60.1.69913	1.60.1.70338
7025	1.60.1.69913	1.60.1.70338
7028	1.60.1.69913	1.60.1.70338
7029	1.60.1.69913	1.60.1.70338
7041	1.60.1.69913	1.60.1.70338
7042	1.60.1.69913	1.60.1.70338
7043	1.60.1.69913	1.60.1.70338
7044	1.60.1.69913	1.60.1.70338
7045	1.60.1.69913	1.60.1.70338
7046	1.60.1.69913	1.60.1.70338
7061	1.60.1.69913	1.60.1.70338
7062	1.60.1.69913	1.60.1.70338
7063	1.60.1.69913	1.60.1.70338
7064	1.60.1.69913	1.60.1.70338
7065	1.60.1.69913	1.60.1.70338
7066	1.60.1.69913	1.60.1.70338
7067	1.60.1.69913	1.60.1.70338
7068	1.60.1.69913	1.60.1.70338
7069	1.60.1.69913	1.60.1.70338
7070	1.60.1.69913	1.60.1.70338
7081	1.60.1.69913	1.60.1.70338
7082	1.60.1.69913	1.60.1.70338
7101	1.60.1.69913	1.60.1.70338
7102	1.60.1.69913	1.60.1.70338
7121	1.60.1.69913	1.60.1.70338
7122	1.60.1.69913	1.60.1.70338
7123	1.60.1.69913	1.60.1.70338
7124	1.60.1.69913	1.60.1.70338
7141	1.60.1.69913	1.60.1.70338
7142	1.60.1.69913	1.60.1.70338
7161	1.60.1.69913	1.60.1.70338
7162	1.60.1.69913	1.60.1.70338
7163	1.60.1.69913	1.60.1.70338
7164	1.60.1.69913	1.60.1.70338
7165	1.60.1.69913	1.60.1.70338
7166	1.60.1.69913	1.60.1.70338
7167	1.60.1.69913	1.60.1.70338
7168	1.60.1.69913	1.60.1.70338
7169	1.60.1.69913	1.60.1.70338
7170	1.60.1.69913	1.60.1.70338
7171	1.60.1.69913	1.60.1.70338
7172	1.60.1.69913	1.60.1.70338
7181	1.60.1.69913	1.60.1.70338
7201	1.60.1.69913	1.60.1.70338
7202	1.60.1.69913	1.60.1.70338
7221	1.60.1.69913	1.60.1.70338
7222	1.60.1.69913	1.60.1.70338
7223	1.60.1.69913	1.60.1.70338
7224	1.60.1.69913	1.60.1.70338
7241	1.60.1.69913	1.60.1.70338
7261	1.60.1.69913	1.60.1.70338
7281	1.60.1.69913	1.60.1.70338
7282	1.60.1.69913	1.60.1.70338
7301	1.60.1.69913	1.60.1.70338
7302	1.60.1.69913	1.60.1.70338
7321	1.60.1.69913	1.60.1.70338
7361	1.60.1.69913	1.60.1.70338
7362	1.60.1.69913	1.60.1.70338
7363	1.60.1.69913	1.60.1.70338
7364	1.60.1.69913	1.60.1.70338
7365	1.60.1.69913	1.60.1.70338
7366	1.60.1.69913	1.60.1.70338
7367	1.60.1.69913	1.60.1.70338
7368	1.60.1.69913	1.60.1.70338
7383	1.60.1.69913	1.60.1.70338
7384	1.60.1.69913	1.60.1.70338
7401	1.60.1.69913	1.60.1.70338
7402	1.60.1.69913	1.60.1.70338
7441	1.60.1.69913	1.60.1.70338
7461	1.60.1.69913	1.60.1.70338
7462	1.60.1.69913	1.60.1.70338
7463	1.60.1.69913	1.60.1.70338
7481	1.60.1.69913	1.60.1.70338
7482	1.60.1.69913	1.60.1.70338
7486	1.60.1.69913	1.60.1.70338
7487	1.60.1.69913	1.60.1.70338
7488	1.60.1.69913	1.60.1.70338
7489	1.60.1.69913	1.60.1.70338
7490	1.60.1.69913	1.60.1.70338
7491	1.60.1.69913	1.60.1.70338
7492	1.60.1.69913	1.60.1.70338
7493	1.60.1.69913	1.60.1.70338
7494	1.60.1.69913	1.60.1.70338
7495	1.60.1.69913	1.60.1.70338
7496	1.60.1.69913	1.60.1.70338
7497	1.60.1.69913	1.60.1.70338
7498	1.60.1.69913	1.60.1.70338
7499	1.60.1.69913	1.60.1.70338
7500	1.60.1.69913	1.60.1.70338
7501	1.60.1.69913	1.60.1.70338
7502	1.60.1.69913	1.60.1.70338
7503	1.60.1.69913	1.60.1.70338
7504	1.60.1.69913	1.60.1.70338
7505	1.60.1.69913	1.60.1.70338
7506	1.60.1.69913	1.60.1.70338
7507	1.60.1.69913	1.60.1.70338
7508	1.60.1.69913	1.60.1.70338
7509	1.60.1.69913	1.60.1.70338
7521	1.60.1.69913	1.60.1.70338
7522	1.60.1.69913	1.60.1.70338
7541	1.60.1.69913	1.60.1.70338
7561	1.60.1.69913	1.60.1.70338
7562	1.60.1.69913	1.60.1.70338
7563	1.60.1.69913	1.60.1.70338
7564	1.60.1.69913	1.60.1.70338
7581	1.60.1.69913	1.60.1.70338
7582	1.60.1.69913	1.60.1.70338
7583	1.60.1.69913	1.60.1.70338
7601	1.60.1.69913	1.60.1.70338
7602	1.60.1.69913	1.60.1.70338
7603	1.60.1.69913	1.60.1.70338
7604	1.60.1.69913	1.60.1.70338
7621	1.60.1.69913	1.60.1.70338
7622	1.60.1.69913	1.60.1.70338
7623	1.60.1.69913	1.60.1.70338
7624	1.60.1.69913	1.60.1.70338
7625	1.60.1.69913	1.60.1.70338
7626	1.60.1.69913	1.60.1.70338
7627	1.60.1.69913	1.60.1.70338
7628	1.60.1.69913	1.60.1.70338
7629	1.60.1.69913	1.60.1.70338
7630	1.60.1.69913	1.60.1.70338
7631	1.60.1.69913	1.60.1.70338
7632	1.60.1.69913	1.60.1.70338
7633	1.60.1.69913	1.60.1.70338
7634	1.60.1.69913	1.60.1.70338
7635	1.60.1.69913	1.60.1.70338
7636	1.60.1.69913	1.60.1.70338
7637	1.60.1.69913	1.60.1.70338
7638	1.60.1.69913	1.60.1.70338
7639	1.60.1.69913	1.60.1.70338
7640	1.60.1.69913	1.60.1.70338
7641	1.60.1.69913	1.60.1.70338
7642	1.60.1.69913	1.60.1.70338
7643	1.60.1.69913	1.60.1.70338
7644	1.60.1.69913	1.60.1.70338
7645	1.60.1.69913	1.60.1.70338
7646	1.60.1.69913	1.60.1.70338
7647	1.60.1.69913	1.60.1.70338
7648	1.60.1.69913	1.60.1.70338
7649	1.60.1.69913	1.60.1.70338
7650	1.60.1.69913	1.60.1.70338
7651	1.60.1.69913	1.60.1.70338
7652	1.60.1.69913	1.60.1.70338
7653	1.60.1.69913	1.60.1.70338
7654	1.60.1.69913	1.60.1.70338
7655	1.60.1.69913	1.60.1.70338
7656	1.60.1.69913	1.60.1.70338
7657	1.60.1.69913	1.60.1.70338
7658	1.60.1.69913	1.60.1.70338
7659	1.60.1.69913	1.60.1.70338
7667	1.60.1.69913	1.60.1.70338
7668	1.60.1.69913	1.60.1.70338
7670	1.60.1.69913	1.60.1.70338
7681	1.60.1.69913	1.60.1.70338
7682	1.60.1.69913	1.60.1.70338
7701	1.60.1.69913	1.60.1.70338
7702	1.60.1.69913	1.60.1.70338
7703	1.60.1.69913	1.60.1.70338
7704	1.60.1.69913	1.60.1.70338
7721	1.60.1.69913	1.60.1.70338
7722	1.60.1.69913	1.60.1.70338
7723	1.60.1.69913	1.60.1.70338
7724	1.60.1.69913	1.60.1.70338
7727	1.60.1.69913	1.60.1.70338
7728	1.60.1.69913	1.60.1.70338
7729	1.60.1.69913	1.60.1.70338
7730	1.60.1.69913	1.60.1.70338
7731	1.60.1.69913	1.60.1.70338
7732	1.60.1.69913	1.60.1.70338
7733	1.60.1.69913	1.60.1.70338
7734	1.60.1.69913	1.60.1.70338
7741	1.60.1.69913	1.60.1.70338
7761	1.60.1.69913	1.60.1.70338
7781	1.60.1.69913	1.60.1.70338
7782	1.60.1.69913	1.60.1.70338
7783	1.60.1.69913	1.60.1.70338
7784	1.60.1.69913	1.60.1.70338
7785	1.60.1.69913	1.60.1.70338
7786	1.60.1.69913	1.60.1.70338
7787	1.60.1.69913	1.60.1.70338
7788	1.60.1.69913	1.60.1.70338
7789	1.60.1.69913	1.60.1.70338
7790	1.60.1.69913	1.60.1.70338
7791	1.60.1.69913	1.60.1.70338
7792	1.60.1.69913	1.60.1.70338
7793	1.60.1.69913	1.60.1.70338
7794	1.60.1.69913	1.60.1.70338
7795	1.60.1.69913	1.60.1.70338
7798	1.60.1.69913	1.60.1.70338
7799	1.60.1.69913	1.60.1.70338
7800	1.60.1.69913	1.60.1.70338
7802	1.60.1.69913	1.60.1.70338
7803	1.60.1.69913	1.60.1.70338
7804	1.60.1.69913	1.60.1.70338
7805	1.60.1.69913	1.60.1.70338
7807	1.60.1.69913	1.60.1.70338
7808	1.60.1.69913	1.60.1.70338
7809	1.60.1.69913	1.60.1.70338
7810	1.60.1.69913	1.60.1.70338
7811	1.60.1.69913	1.60.1.70338
7813	1.60.1.69913	1.60.1.70338
7814	1.60.1.69913	1.60.1.70338
7815	1.60.1.69913	1.60.1.70338
7816	1.60.1.69913	1.60.1.70338
7817	1.60.1.69913	1.60.1.70338
7818	1.60.1.69913	1.60.1.70338
7820	1.60.1.69913	1.60.1.70338
7821	1.60.1.69913	1.60.1.70338
7822	1.60.1.69913	1.60.1.70338
7823	1.60.1.69913	1.60.1.70338
7824	1.60.1.69913	1.60.1.70338
7826	1.60.1.69913	1.60.1.70338
7827	1.60.1.69913	1.60.1.70338
7828	1.60.1.69913	1.60.1.70338
7829	1.60.1.69913	1.60.1.70338
7830	1.60.1.69913	1.60.1.70338
7831	1.60.1.69913	1.60.1.70338
7833	1.60.1.69913	1.60.1.70338
7834	1.60.1.69913	1.60.1.70338
7835	1.60.1.69913	1.60.1.70338
7836	1.60.1.69913	1.60.1.70338
7838	1.60.1.69913	1.60.1.70338
7839	1.60.1.69913	1.60.1.70338
7840	1.60.1.69913	1.60.1.70338
7841	1.60.1.69913	1.60.1.70338
7842	1.60.1.69913	1.60.1.70338
7843	1.60.1.69913	1.60.1.70338
7844	1.60.1.69913	1.60.1.70338
7845	1.60.1.69913	1.60.1.70338
7846	1.60.1.69913	1.60.1.70338
7847	1.60.1.69913	1.60.1.70338
7848	1.60.1.69913	1.60.1.70338
7849	1.60.1.69913	1.60.1.70338
7850	1.60.1.69913	1.60.1.70338
7861	1.60.1.69913	1.60.1.70338
7862	1.60.1.69913	1.60.1.70338
7863	1.60.1.69913	1.60.1.70338
7864	1.60.1.69913	1.60.1.70338
7865	1.60.1.69913	1.60.1.70338
7866	1.60.1.69913	1.60.1.70338
7867	1.60.1.69913	1.60.1.70338
7868	1.60.1.69913	1.60.1.70338
7869	1.60.1.69913	1.60.1.70338
7870	1.60.1.69913	1.60.1.70338
7871	1.60.1.69913	1.60.1.70338
7872	1.60.1.69913	1.60.1.70338
7873	1.60.1.69913	1.60.1.70338
7874	1.60.1.69913	1.60.1.70338
7875	1.60.1.69913	1.60.1.70338
7876	1.60.1.69913	1.60.1.70338
7877	1.60.1.69913	1.60.1.70338
7883	1.60.1.70124	1.60.1.70338
7891	1.60.1.70124	1.60.1.70338
7896	1.60.1.70124	1.60.1.70338
7904	1.60.1.69913	1.60.1.70338
7905	1.60.1.69913	1.60.1.70338
7906	1.60.1.69913	1.60.1.70338
7907	1.60.1.69913	1.60.1.70338
7908	1.60.1.69913	1.60.1.70338
7926	1.60.1.69913	1.60.1.70338
7927	1.60.1.69913	1.60.1.70338
7928	1.60.1.69913	1.60.1.70338
7929	1.60.1.69913	1.60.1.70338
7937	1.60.1.70124	1.60.1.70338
7938	1.60.1.70009	1.60.1.70338
7944	1.60.1.70009	1.60.1.70338
7945	1.60.1.70124	1.60.1.70170
7946	1.60.1.69913	1.60.1.70338
7961	1.60.1.69913	1.60.1.70338
7962	1.60.1.69913	1.60.1.70338
8021	1.60.1.69913	1.60.1.70338
8022	1.60.1.69913	1.60.1.70338
8023	1.60.1.69913	1.60.1.70338
8024	1.60.1.69913	1.60.1.70338
8025	1.60.1.69913	1.60.1.70338
8026	1.60.1.69913	1.60.1.70338
8041	1.60.1.69913	1.60.1.70338
8042	1.60.1.69913	1.60.1.70338
8043	1.60.1.69913	1.60.1.70338
8044	1.60.1.69913	1.60.1.70338
8045	1.60.1.69913	1.60.1.70338
8046	1.60.1.69913	1.60.1.70338
8047	1.60.1.69913	1.60.1.70338
8048	1.60.1.69913	1.60.1.70338
8049	1.60.1.69913	1.60.1.70338
8050	1.60.1.69913	1.60.1.70338
8051	1.60.1.69913	1.60.1.70338
8052	1.60.1.69913	1.60.1.70338
8053	1.60.1.69913	1.60.1.70338
8054	1.60.1.69913	1.60.1.70338
8055	1.60.1.69913	1.60.1.70338
8056	1.60.1.69913	1.60.1.70338
8057	1.60.1.69913	1.60.1.70338
8058	1.60.1.69913	1.60.1.70338
8059	1.60.1.69913	1.60.1.70338
8060	1.60.1.69913	1.60.1.70338
8061	1.60.1.69913	1.60.1.70338
8062	1.60.1.69913	1.60.1.70338
8063	1.60.1.69913	1.60.1.70338
8064	1.60.1.69913	1.60.1.70338
8065	1.60.1.69913	1.60.1.70338
8066	1.60.1.69913	1.60.1.70338
8067	1.60.1.69913	1.60.1.70338
8068	1.60.1.69913	1.60.1.70338
8069	1.60.1.69913	1.60.1.70338
8070	1.60.1.69913	1.60.1.70338
8071	1.60.1.69913	1.60.1.70338
8072	1.60.1.69913	1.60.1.70338
8073	1.60.1.69913	1.60.1.70338
8074	1.60.1.69913	1.60.1.70338
8075	1.60.1.69913	1.60.1.70338
8076	1.60.1.69913	1.60.1.70338
8077	1.60.1.69913	1.60.1.70338
8078	1.60.1.69913	1.60.1.70338
8079	1.60.1.69913	1.60.1.70338
8080	1.60.1.69913	1.60.1.70338
8101	1.60.1.69913	1.60.1.70338
8102	1.60.1.69913	1.60.1.70338
8103	1.60.1.69913	1.60.1.70338
8104	1.60.1.69913	1.60.1.70338
8105	1.60.1.69913	1.60.1.70338
8106	1.60.1.69913	1.60.1.70338
8107	1.60.1.69913	1.60.1.70338
8108	1.60.1.69913	1.60.1.70338
8109	1.60.1.69913	1.60.1.70338
8110	1.60.1.69913	1.60.1.70338
8111	1.60.1.69913	1.60.1.70338
8112	1.60.1.69913	1.60.1.70338
8113	1.60.1.69913	1.60.1.70338
8114	1.60.1.69913	1.60.1.70338
8115	1.60.1.69913	1.60.1.70338
8116	1.60.1.69913	1.60.1.70338
8117	1.60.1.69913	1.60.1.70338
8118	1.60.1.69913	1.60.1.70338
8119	1.60.1.69913	1.60.1.70338
8120	1.60.1.69913	1.60.1.70338
8121	1.60.1.69913	1.60.1.70338
8122	1.60.1.69913	1.60.1.70338
8123	1.60.1.69913	1.60.1.70338
8141	1.60.1.69913	1.60.1.70338
8142	1.60.1.69913	1.60.1.70338
8143	1.60.1.69913	1.60.1.70338
8144	1.60.1.69913	1.60.1.70338
8145	1.60.1.69913	1.60.1.70338
8146	1.60.1.69913	1.60.1.70338
8147	1.60.1.69913	1.60.1.70338
8148	1.60.1.69913	1.60.1.70338
8149	1.60.1.69913	1.60.1.70338
8150	1.60.1.69913	1.60.1.70338
8151	1.60.1.69913	1.60.1.70338
8152	1.60.1.69913	1.60.1.70338
8153	1.60.1.69913	1.60.1.70338
8154	1.60.1.69913	1.60.1.70338
8155	1.60.1.69913	1.60.1.70338
8156	1.60.1.69913	1.60.1.70338
8160	1.60.1.69913	1.60.1.70338
8161	1.60.1.69913	1.60.1.70338
8162	1.60.1.69913	1.60.1.70338
8166	1.60.1.69913	1.60.1.70338
8167	1.60.1.69913	1.60.1.70338
8168	1.60.1.69913	1.60.1.70338
8169	1.60.1.69913	1.60.1.70338
8170	1.60.1.69913	1.60.1.70338
8171	1.60.1.69913	1.60.1.70338
8181	1.60.1.69913	1.60.1.70338
8182	1.60.1.69913	1.60.1.70338
8183	1.60.1.69913	1.60.1.70338
8193	1.60.1.69913	1.60.1.70338
8201	1.60.1.69913	1.60.1.70338
8221	1.60.1.69913	1.60.1.70338
8224	1.60.1.69913	1.60.1.70338
8225	1.60.1.69913	1.60.1.70338
8227	1.60.1.69913	1.60.1.70338
8230	1.60.1.69913	1.60.1.70338
8231	1.60.1.69913	1.60.1.70338
8232	1.60.1.69913	1.60.1.70338
8233	1.60.1.69913	1.60.1.70338
8234	1.60.1.69913	1.60.1.70338
8235	1.60.1.69913	1.60.1.70338
8236	1.60.1.69913	1.60.1.70338
8237	1.60.1.69913	1.60.1.70338
8240	1.60.1.69913	1.60.1.70338
8247	1.60.1.69913	1.60.1.70338
8248	1.60.1.69913	1.60.1.70338
8249	1.60.1.69913	1.60.1.70338
8250	1.60.1.69913	1.60.1.70338
8251	1.60.1.69913	1.60.1.70338
8252	1.60.1.69913	1.60.1.70338
8253	1.60.1.69913	1.60.1.70338
8254	1.60.1.69913	1.60.1.70338
8255	1.60.1.69913	1.60.1.70338
8256	1.60.1.69913	1.60.1.70338
8257	1.60.1.69913	1.60.1.70338
8258	1.60.1.69913	1.60.1.70338
8259	1.60.1.69913	1.60.1.70338
8260	1.60.1.69913	1.60.1.70338
8261	1.60.1.69913	1.60.1.70338
8262	1.60.1.69913	1.60.1.70338
8263	1.60.1.69913	1.60.1.70338
8264	1.60.1.69913	1.60.1.70338
8265	1.60.1.69913	1.60.1.70338
8266	1.60.1.69913	1.60.1.70338
8268	1.60.1.69913	1.60.1.70338
8270	1.60.1.69913	1.60.1.70338
8271	1.60.1.69913	1.60.1.70338
8272	1.60.1.69913	1.60.1.70338
8273	1.60.1.69913	1.60.1.70338
8274	1.60.1.69913	1.60.1.70338
8275	1.60.1.69913	1.60.1.70338
8276	1.60.1.69913	1.60.1.70338
8277	1.60.1.69913	1.60.1.70338
8278	1.60.1.69913	1.60.1.70338
8279	1.60.1.69913	1.60.1.70338
8280	1.60.1.69913	1.60.1.70338
8281	1.60.1.69913	1.60.1.70338
8282	1.60.1.69913	1.60.1.70338
8283	1.60.1.69913	1.60.1.70338
8284	1.60.1.69913	1.60.1.70338
8285	1.60.1.69913	1.60.1.70338
8286	1.60.1.69913	1.60.1.70338
8287	1.60.1.69913	1.60.1.70338
8288	1.60.1.69913	1.60.1.70338
8290	1.60.1.69913	1.60.1.70338
8291	1.60.1.69913	1.60.1.70338
8294	1.60.1.69913	1.60.1.70338
8295	1.60.1.69913	1.60.1.70338
8297	1.60.1.69913	1.60.1.70338
8299	1.60.1.69913	1.60.1.70338
8301	1.60.1.69913	1.60.1.70338
8303	1.60.1.69913	1.60.1.70338
8304	1.60.1.69913	1.60.1.70338
8305	1.60.1.69913	1.60.1.70338
8306	1.60.1.69913	1.60.1.70338
8307	1.60.1.69913	1.60.1.70338
8308	1.60.1.69913	1.60.1.70338
8309	1.60.1.69913	1.60.1.70338
8310	1.60.1.69913	1.60.1.70338
8311	1.60.1.69913	1.60.1.70338
8312	1.60.1.69913	1.60.1.70338
8313	1.60.1.69913	1.60.1.70338
8314	1.60.1.69913	1.60.1.70338
8315	1.60.1.69913	1.60.1.70338
8316	1.60.1.69913	1.60.1.70338
8317	1.60.1.69913	1.60.1.70338
8318	1.60.1.69913	1.60.1.70338
8320	1.60.1.69913	1.60.1.70338
8321	1.60.1.69913	1.60.1.70338
8322	1.60.1.69913	1.60.1.70338
8323	1.60.1.69913	1.60.1.70338
8331	1.60.1.69913	1.60.1.70338
8332	1.60.1.69913	1.60.1.70338
8341	1.60.1.69913	1.60.1.70338
8343	1.60.1.69913	1.60.1.70338
8348	1.60.1.69913	1.60.1.70338
8349	1.60.1.69913	1.60.1.70338
8351	1.60.1.69913	1.60.1.70338
8352	1.60.1.69913	1.60.1.70338
8361	1.60.1.69913	1.60.1.70338
8365	1.60.1.69913	1.60.1.70338
8366	1.60.1.69913	1.60.1.70338
8367	1.60.1.69913	1.60.1.70338
8368	1.60.1.69913	1.60.1.70338
8369	1.60.1.69913	1.60.1.70338
8370	1.60.1.69913	1.60.1.70338
8371	1.60.1.69913	1.60.1.70338
8372	1.60.1.69913	1.60.1.70338
8373	1.60.1.69913	1.60.1.70338
8374	1.60.1.69913	1.60.1.70338
8375	1.60.1.69913	1.60.1.70338
8376	1.60.1.69913	1.60.1.70338
8377	1.60.1.69913	1.60.1.70338
8378	1.60.1.69913	1.60.1.70338
8379	1.60.1.69913	1.60.1.70338
8380	1.60.1.69913	1.60.1.70338
8381	1.60.1.69913	1.60.1.70338
8382	1.60.1.69913	1.60.1.70338
8393	1.60.1.69913	1.60.1.70338
8394	1.60.1.69913	1.60.1.70338
8395	1.60.1.69913	1.60.1.70338
8396	1.60.1.69913	1.60.1.70338
8399	1.60.1.69913	1.60.1.70338
8400	1.60.1.69913	1.60.1.70338
8401	1.60.1.69913	1.60.1.70338
8402	1.60.1.69913	1.60.1.70338
8403	1.60.1.69913	1.60.1.70338
8409	1.60.1.69913	1.60.1.70338
8410	1.60.1.69913	1.60.1.70338
8411	1.60.1.69913	1.60.1.70338
8412	1.60.1.69913	1.60.1.70338
8413	1.60.1.69913	1.60.1.70338
8414	1.60.1.69913	1.60.1.70338
8415	1.60.1.69913	1.60.1.70338
8416	1.60.1.69913	1.60.1.70338
8417	1.60.1.69913	1.60.1.70338
8418	1.60.1.69913	1.60.1.70338
8419	1.60.1.69913	1.60.1.70338
8420	1.60.1.69913	1.60.1.70338
8421	1.60.1.69913	1.60.1.70338
8422	1.60.1.69913	1.60.1.70338
8423	1.60.1.69913	1.60.1.70338
8424	1.60.1.69913	1.60.1.70338
8425	1.60.1.69913	1.60.1.70338
8426	1.60.1.69913	1.60.1.70338
8427	1.60.1.69913	1.60.1.70338
8428	1.60.1.69913	1.60.1.70338
8429	1.60.1.69913	1.60.1.70338
8430	1.60.1.69913	1.60.1.70338
8436	1.60.1.69913	1.60.1.70338
8437	1.60.1.69913	1.60.1.70338
8438	1.60.1.69913	1.60.1.70338
8439	1.60.1.69913	1.60.1.70338
8444	1.60.1.69913	1.60.1.70338
8445	1.60.1.69913	1.60.1.70338
8446	1.60.1.69913	1.60.1.70338
8447	1.60.1.69913	1.60.1.70338
8458	1.60.1.69913	1.60.1.70338
8459	1.60.1.69913	1.60.1.70338
8460	1.60.1.69913	1.60.1.70338
8461	1.60.1.69913	1.60.1.70338
8462	1.60.1.69913	1.60.1.70338
8464	1.60.1.69913	1.60.1.70338
8465	1.60.1.69913	1.60.1.70338
8470	1.60.1.69913	1.60.1.70338
8471	1.60.1.69913	1.60.1.70338
8481	1.60.1.69913	1.60.1.70338
8484	1.60.1.69913	1.60.1.70338
8485	1.60.1.69913	1.60.1.70338
8492	1.60.1.69913	1.60.1.70338
8494	1.60.1.69913	1.60.1.70338
8499	1.60.1.69913	1.60.1.70338
8503	1.60.1.69913	1.60.1.70338
8505	1.60.1.69913	1.60.1.70338
8509	1.60.1.69913	1.60.1.70338
8511	1.60.1.69913	1.60.1.70338
8513	1.60.1.69913	1.60.1.70338
8515	1.60.1.69913	1.60.1.70338
8517	1.60.1.69913	1.60.1.70338
8519	1.60.1.69913	1.60.1.70338
8520	1.60.1.69913	1.60.1.70338
8522	1.60.1.69913	1.60.1.70338
8524	1.60.1.69913	1.60.1.70338
8526	1.60.1.69913	1.60.1.70338
8528	1.60.1.69913	1.60.1.70338
8530	1.60.1.69913	1.60.1.70338
8532	1.60.1.69913	1.60.1.70338
8542	1.60.1.69913	1.60.1.70338
8545	1.60.1.69913	1.60.1.70338
8549	1.60.1.69913	1.60.1.70338
8551	1.60.1.69913	1.60.1.70338
8552	1.60.1.69913	1.60.1.70338
8553	1.60.1.69913	1.60.1.70338
8554	1.60.1.69913	1.60.1.70338
8555	1.60.1.69913	1.60.1.70338
8556	1.60.1.69913	1.60.1.70338
8557	1.60.1.69913	1.60.1.70338
8558	1.60.1.69913	1.60.1.70338
8565	1.60.1.69913	1.60.1.70338
8566	1.60.1.69913	1.60.1.70338
8567	1.60.1.69913	1.60.1.70338
8568	1.60.1.69913	1.60.1.70338
8569	1.60.1.69913	1.60.1.70338
8570	1.60.1.69913	1.60.1.70338
8571	1.60.1.69913	1.60.1.70338
8575	1.60.1.69913	1.60.1.70338
8576	1.60.1.69913	1.60.1.70338
8577	1.60.1.69913	1.60.1.70338
8578	1.60.1.69913	1.60.1.70338
8579	1.60.1.69913	1.60.1.70338
8580	1.60.1.69913	1.60.1.70338
8582	1.60.1.69913	1.60.1.70338
8584	1.60.1.69913	1.60.1.70338
8585	1.60.1.69913	1.60.1.70338
8586	1.60.1.69913	1.60.1.70338
8587	1.60.1.69913	1.60.1.70338
8588	1.60.1.69913	1.60.1.70338
8590	1.60.1.69913	1.60.1.70338
8597	1.60.1.69913	1.60.1.70338
8598	1.60.1.69913	1.60.1.70338
8599	1.60.1.69913	1.60.1.70338
8600	1.60.1.69913	1.60.1.70338
8604	1.60.1.69913	1.60.1.70338
8606	1.60.1.69913	1.60.1.70338
8607	1.60.1.69913	1.60.1.70338
8609	1.60.1.69913	1.60.1.70338
8611	1.60.1.69913	1.60.1.70338
8613	1.60.1.69913	1.60.1.70338
8615	1.60.1.69913	1.60.1.70338
8617	1.60.1.69913	1.60.1.70338
8619	1.60.1.69913	1.60.1.70338
8620	1.60.1.69913	1.60.1.70338
8635	1.60.1.69913	1.60.1.70338
8636	1.60.1.69913	1.60.1.70338
8642	1.60.1.69913	1.60.1.70338
8643	1.60.1.69913	1.60.1.70338
8644	1.60.1.69913	1.60.1.70338
8645	1.60.1.69913	1.60.1.70338
8646	1.60.1.69913	1.60.1.70338
8647	1.60.1.69913	1.60.1.70338
8648	1.60.1.69913	1.60.1.70338
8649	1.60.1.69913	1.60.1.70338
8650	1.60.1.69913	1.60.1.70338
8651	1.60.1.69913	1.60.1.70338
8652	1.60.1.69913	1.60.1.70338
8653	1.60.1.69913	1.60.1.70338
8654	1.60.1.69913	1.60.1.70338
8670	1.60.1.69913	1.60.1.70338
8671	1.60.1.69913	1.60.1.70338
8672	1.60.1.69913	1.60.1.70338
8673	1.60.1.69913	1.60.1.70338
8674	1.60.1.69913	1.60.1.70338
8675	1.60.1.69913	1.60.1.70338
8676	1.60.1.69913	1.60.1.70338
8677	1.60.1.69913	1.60.1.70338
8678	1.60.1.69913	1.60.1.70338
8679	1.60.1.69913	1.60.1.70338
8680	1.60.1.69913	1.60.1.70338
8681	1.60.1.69913	1.60.1.70338
8682	1.60.1.69913	1.60.1.70338
8683	1.60.1.69913	1.60.1.70338
8684	1.60.1.69913	1.60.1.70338
8685	1.60.1.69913	1.60.1.70338
8686	1.60.1.69913	1.60.1.70338
8688	1.60.1.69913	1.60.1.70338
8689	1.60.1.69913	1.60.1.70338
8690	1.60.1.69913	1.60.1.70338
8691	1.60.1.69913	1.60.1.70338
8692	1.60.1.69913	1.60.1.70338
8693	1.60.1.69913	1.60.1.70338
8694	1.60.1.69913	1.60.1.70338
8695	1.60.1.69913	1.60.1.70338
8696	1.60.1.69913	1.60.1.70338
8697	1.60.1.69913	1.60.1.70338
8698	1.60.1.69913	1.60.1.70338
8699	1.60.1.69913	1.60.1.70338
8700	1.60.1.69913	1.60.1.70338
8701	1.60.1.69913	1.60.1.70338
8702	1.60.1.69913	1.60.1.70338
8703	1.60.1.69913	1.60.1.70338
8704	1.60.1.69913	1.60.1.70338
8705	1.60.1.69913	1.60.1.70338
8706	1.60.1.69913	1.60.1.70338
8707	1.60.1.69913	1.60.1.70338
8708	1.60.1.69913	1.60.1.70338
8709	1.60.1.69913	1.60.1.70338
8710	1.60.1.69913	1.60.1.70338
8711	1.60.1.69913	1.60.1.70338
8712	1.60.1.69913	1.60.1.70338
8713	1.60.1.69913	1.60.1.70338
8714	1.60.1.69913	1.60.1.70338
8715	1.60.1.69913	1.60.1.70338
8716	1.60.1.69913	1.60.1.70338
8717	1.60.1.69913	1.60.1.70338
8718	1.60.1.69913	1.60.1.70338
8719	1.60.1.69913	1.60.1.70338
8720	1.60.1.69913	1.60.1.70338
8721	1.60.1.69913	1.60.1.70338
8722	1.60.1.69913	1.60.1.70338
8723	1.60.1.69913	1.60.1.70338
8724	1.60.1.69913	1.60.1.70338
8725	1.60.1.69913	1.60.1.70338
8726	1.60.1.69913	1.60.1.70338
8727	1.60.1.69913	1.60.1.70338
8728	1.60.1.69913	1.60.1.70338
8729	1.60.1.69913	1.60.1.70338
8730	1.60.1.69913	1.60.1.70338
8733	1.60.1.69913	1.60.1.70338
8734	1.60.1.69913	1.60.1.70338
8735	1.60.1.69913	1.60.1.70338
8736	1.60.1.69913	1.60.1.70338
8741	1.60.1.69913	1.60.1.70338
8742	1.60.1.69913	1.60.1.70338
8743	1.60.1.69913	1.60.1.70338
8744	1.60.1.69913	1.60.1.70338
8745	1.60.1.69913	1.60.1.70338
8746	1.60.1.69913	1.60.1.70338
8747	1.60.1.69913	1.60.1.70338
8748	1.60.1.69913	1.60.1.70338
8749	1.60.1.69913	1.60.1.70338
8750	1.60.1.69913	1.60.1.70338
8751	1.60.1.69913	1.60.1.70338
8752	1.60.1.69913	1.60.1.70338
8753	1.60.1.69913	1.60.1.70338
8754	1.60.1.69913	1.60.1.70338
8755	1.60.1.69913	1.60.1.70338
8756	1.60.1.69913	1.60.1.70338
8757	1.60.1.69913	1.60.1.70338
8758	1.60.1.69913	1.60.1.70338
8759	1.60.1.69913	1.60.1.70338
8760	1.60.1.69913	1.60.1.70338
8761	1.60.1.69913	1.60.1.70338
8762	1.60.1.69913	1.60.1.70338
8763	1.60.1.69913	1.60.1.70338
8767	1.60.1.69913	1.60.1.70338
8768	1.60.1.69913	1.60.1.70338
8769	1.60.1.69913	1.60.1.70338
8788	1.60.1.69913	1.60.1.70338
8791	1.60.1.69913	1.60.1.70338
8792	1.60.1.69913	1.60.1.70338
8793	1.60.1.69913	1.60.1.70338
8794	1.60.1.69913	1.60.1.70338
8795	1.60.1.69913	1.60.1.70338
8796	1.60.1.69913	1.60.1.70338
8797	1.60.1.69913	1.60.1.70338
8798	1.60.1.69913	1.60.1.70338
8799	1.60.1.69913	1.60.1.70338
8800	1.60.1.69913	1.60.1.70338
8801	1.60.1.69913	1.60.1.70338
8802	1.60.1.69913	1.60.1.70338
8803	1.60.1.69913	1.60.1.70338
8811	1.60.1.69913	1.60.1.70338
8812	1.60.1.69913	1.60.1.70338
8813	1.60.1.69913	1.60.1.70338
8814	1.60.1.69913	1.60.1.70338
8815	1.60.1.69913	1.60.1.70338
8816	1.60.1.69913	1.60.1.70338
8817	1.60.1.69913	1.60.1.70338
8818	1.60.1.69913	1.60.1.70338
8819	1.60.1.69913	1.60.1.70338
8820	1.60.1.69913	1.60.1.70338
8821	1.60.1.69913	1.60.1.70338
8822	1.60.1.69913	1.60.1.70338
8823	1.60.1.69913	1.60.1.70338
8824	1.60.1.69913	1.60.1.70338
8825	1.60.1.69913	1.60.1.70338
8826	1.60.1.69913	1.60.1.70338
8827	1.60.1.69913	1.60.1.70338
8828	1.60.1.69913	1.60.1.70338
8830	1.60.1.69913	1.60.1.70338
8831	1.60.1.69913	1.60.1.70338
8832	1.60.1.69913	1.60.1.70338
8833	1.60.1.69913	1.60.1.70338
8834	1.60.1.69913	1.60.1.70338
8835	1.60.1.69913	1.60.1.70338
8836	1.60.1.69913	1.60.1.70338
8837	1.60.1.69913	1.60.1.70338
8838	1.60.1.69913	1.60.1.70338
8839	1.60.1.69913	1.60.1.70338
8840	1.60.1.69913	1.60.1.70338
8841	1.60.1.69913	1.60.1.70338
8842	1.60.1.69913	1.60.1.70338
8843	1.60.1.69913	1.60.1.70338
8844	1.60.1.69913	1.60.1.70338
8845	1.60.1.69913	1.60.1.70338
8846	1.60.1.70009	1.60.1.70338
8847	1.60.1.70009	1.60.1.70338
8851	1.60.1.70009	1.60.1.70338
8852	1.60.1.70124	1.60.1.70338
8856	1.60.1.69913	1.60.1.70338
8857	1.60.1.69913	1.60.1.70338
8858	1.60.1.69913	1.60.1.70338
8859	1.60.1.69913	1.60.1.70338
8860	1.60.1.69913	1.60.1.70338
8861	1.60.1.69913	1.60.1.70338
8862	1.60.1.69913	1.60.1.70338
8866	1.60.1.69913	1.60.1.70338
8867	1.60.1.69913	1.60.1.70338
8868	1.60.1.69913	1.60.1.70338
8869	1.60.1.69913	1.60.1.70338
8870	1.60.1.69913	1.60.1.70338
8871	1.60.1.69913	1.60.1.70338
8872	1.60.1.69913	1.60.1.70338
8873	1.60.1.69913	1.60.1.70338
8874	1.60.1.69913	1.60.1.70338
8875	1.60.1.69913	1.60.1.70338
8883	1.60.1.69913	1.60.1.70338
8897	1.60.1.69913	1.60.1.70338
8898	1.60.1.69913	1.60.1.70338
8899	1.60.1.69913	1.60.1.70338
8900	1.60.1.69913	1.60.1.70338
8901	1.60.1.69913	1.60.1.70338
8902	1.60.1.69913	1.60.1.70338
8903	1.60.1.69913	1.60.1.70338
8904	1.60.1.69913	1.60.1.70338
8905	1.60.1.69913	1.60.1.70338
8906	1.60.1.69913	1.60.1.70338
8907	1.60.1.69913	1.60.1.70338
8908	1.60.1.69913	1.60.1.70338
8909	1.60.1.69913	1.60.1.70338
8910	1.60.1.69913	1.60.1.70338
8911	1.60.1.69913	1.60.1.70338
8912	1.60.1.69913	1.60.1.70338
8913	1.60.1.69913	1.60.1.70338
8914	1.60.1.69913	1.60.1.70338
8915	1.60.1.69913	1.60.1.70338
8916	1.60.1.69913	1.60.1.70338
8917	1.60.1.69913	1.60.1.70338
8918	1.60.1.69913	1.60.1.70338
8919	1.60.1.69913	1.60.1.70338
8920	1.60.1.69913	1.60.1.70338
8921	1.60.1.69913	1.60.1.70338
8922	1.60.1.69913	1.60.1.70338
8923	1.60.1.69913	1.60.1.70338
8924	1.60.1.69913	1.60.1.70338
8925	1.60.1.69913	1.60.1.70338
8926	1.60.1.69913	1.60.1.70338
8927	1.60.1.69913	1.60.1.70338
8928	1.60.1.69913	1.60.1.70338
8929	1.60.1.69913	1.60.1.70338
8930	1.60.1.69913	1.60.1.70338
8931	1.60.1.69913	1.60.1.70338
8932	1.60.1.69913	1.60.1.70338
8933	1.60.1.69913	1.60.1.70338
8934	1.60.1.69913	1.60.1.70338
8935	1.60.1.69913	1.60.1.70338
8936	1.60.1.69913	1.60.1.70338
8937	1.60.1.69913	1.60.1.70338
8938	1.60.1.69913	1.60.1.70338
8939	1.60.1.69913	1.60.1.70338
8940	1.60.1.69913	1.60.1.70338
8941	1.60.1.69913	1.60.1.70338
8942	1.60.1.69913	1.60.1.70338
8943	1.60.1.69913	1.60.1.70338
8944	1.60.1.69913	1.60.1.70338
8945	1.60.1.69913	1.60.1.70338
8946	1.60.1.69913	1.60.1.70338
8947	1.60.1.69913	1.60.1.70338
8948	1.60.1.69913	1.60.1.70338
8949	1.60.1.69913	1.60.1.70338
8950	1.60.1.69913	1.60.1.70338
8951	1.60.1.69913	1.60.1.70338
8952	1.60.1.69913	1.60.1.70338
8953	1.60.1.69913	1.60.1.70338
8954	1.60.1.69913	1.60.1.70338
8955	1.60.1.69913	1.60.1.70338
8956	1.60.1.69913	1.60.1.70338
8957	1.60.1.69913	1.60.1.70338
8958	1.60.1.69913	1.60.1.70338
8959	1.60.1.69913	1.60.1.70338
8960	1.60.1.69913	1.60.1.70338
8961	1.60.1.69913	1.60.1.70338
8962	1.60.1.69913	1.60.1.70338
8963	1.60.1.69913	1.60.1.70338
8964	1.60.1.69913	1.60.1.70338
8965	1.60.1.69913	1.60.1.70338
8966	1.60.1.69913	1.60.1.70338
8967	1.60.1.69913	1.60.1.70338
8968	1.60.1.69913	1.60.1.70338
8969	1.60.1.69913	1.60.1.70338
8970	1.60.1.69913	1.60.1.70338
8971	1.60.1.69913	1.60.1.70338
8972	1.60.1.69913	1.60.1.70338
8973	1.60.1.69913	1.60.1.70338
8974	1.60.1.69913	1.60.1.70338
8975	1.60.1.69913	1.60.1.70338
8976	1.60.1.69913	1.60.1.70338
8977	1.60.1.69913	1.60.1.70338
8978	1.60.1.69913	1.60.1.70338
8979	1.60.1.69913	1.60.1.70338
8980	1.60.1.69913	1.60.1.70338
8981	1.60.1.70124	1.60.1.70291
8982	1.60.1.69913	1.60.1.70338
8983	1.60.1.69913	1.60.1.70338
8984	1.60.1.69913	1.60.1.70338
8985	1.60.1.69913	1.60.1.70338
8986	1.60.1.69913	1.60.1.70338
8987	1.60.1.69913	1.60.1.70338
8988	1.60.1.69913	1.60.1.70338
8989	1.60.1.69913	1.60.1.70338
8990	1.60.1.69913	1.60.1.70338
8991	1.60.1.69913	1.60.1.70338
8992	1.60.1.69913	1.60.1.70338
8993	1.60.1.69913	1.60.1.70338
8994	1.60.1.69913	1.60.1.70338
8995	1.60.1.69913	1.60.1.70338
8996	1.60.1.69913	1.60.1.70338
8997	1.60.1.69913	1.60.1.70338
8998	1.60.1.69913	1.60.1.70338
8999	1.60.1.69913	1.60.1.70338
9000	1.60.1.69913	1.60.1.70338
9001	1.60.1.69913	1.60.1.70338
9002	1.60.1.69913	1.60.1.70338
9003	1.60.1.69913	1.60.1.70338
9004	1.60.1.69913	1.60.1.70338
9005	1.60.1.69913	1.60.1.70338
9006	1.60.1.69913	1.60.1.70338
9007	1.60.1.69913	1.60.1.70338
9008	1.60.1.69913	1.60.1.70338
9009	1.60.1.69913	1.60.1.70338
9010	1.60.1.69913	1.60.1.70338
9011	1.60.1.69913	1.60.1.70338
9012	1.60.1.69913	1.60.1.70338
9013	1.60.1.69913	1.60.1.70338
9014	1.60.1.69913	1.60.1.70338
9015	1.60.1.69913	1.60.1.70338
9016	1.60.1.69913	1.60.1.70338
9017	1.60.1.69913	1.60.1.70338
9018	1.60.1.69913	1.60.1.70338
9019	1.60.1.69913	1.60.1.70338
9020	1.60.1.69913	1.60.1.70338
9021	1.60.1.69913	1.60.1.70338
9022	1.60.1.69913	1.60.1.70338
9023	1.60.1.69913	1.60.1.70338
9024	1.60.1.69913	1.60.1.70338
9025	1.60.1.69913	1.60.1.70338
9026	1.60.1.69913	1.60.1.70338
9027	1.60.1.69913	1.60.1.70338
9028	1.60.1.69913	1.60.1.70338
9029	1.60.1.69913	1.60.1.70338
9030	1.60.1.69913	1.60.1.70338
9031	1.60.1.69913	1.60.1.70338
9032	1.60.1.69913	1.60.1.70338
9033	1.60.1.69913	1.60.1.70338
9051	1.60.1.69913	1.60.1.70338
9052	1.60.1.69913	1.60.1.70338
9053	1.60.1.69913	1.60.1.70338
9063	1.60.1.69913	1.60.1.70338
9065	1.60.1.69913	1.60.1.70338
9085	1.60.1.69913	1.60.1.70338
9120	1.60.1.69913	1.60.1.70338
9121	1.60.1.69913	1.60.1.70338
9122	1.60.1.69913	1.60.1.70338
9123	1.60.1.69913	1.60.1.70338
9124	1.60.1.69913	1.60.1.70338
9126	1.60.1.69913	1.60.1.70338
9128	1.60.1.69913	1.60.1.70338
9131	1.60.1.69913	1.60.1.70338
9136	1.60.1.69913	1.60.1.70338
9141	1.60.1.69913	1.60.1.70338
9153	1.60.1.69913	1.60.1.70338
9154	1.60.1.69913	1.60.1.70338
9229	1.60.1.69913	1.60.1.70338
9230	1.60.1.69913	1.60.1.70338
9232	1.60.1.69913	1.60.1.70338
9233	1.60.1.69913	1.60.1.70338
9234	1.60.1.69913	1.60.1.70338
9235	1.60.1.69913	1.60.1.70338
9236	1.60.1.69913	1.60.1.70338
9237	1.60.1.69913	1.60.1.70338
9238	1.60.1.69913	1.60.1.70338
9239	1.60.1.69913	1.60.1.70338
9240	1.60.1.69913	1.60.1.70338
9241	1.60.1.69913	1.60.1.70338
9242	1.60.1.69913	1.60.1.70338
9243	1.60.1.69913	1.60.1.70338
9244	1.60.1.69913	1.60.1.70338
9245	1.60.1.69913	1.60.1.70338
9246	1.60.1.69913	1.60.1.70338
9247	1.60.1.69913	1.60.1.70338
9248	1.60.1.69913	1.60.1.70338
9250	1.60.1.69913	1.60.1.70338
9251	1.60.1.69913	1.60.1.70338
9257	1.60.1.69913	1.60.1.70338
9260	1.60.1.69913	1.60.1.70338
9261	1.60.1.69913	1.60.1.70338
9262	1.60.1.69913	1.60.1.70338
9263	1.60.1.69913	1.60.1.70338
9264	1.60.1.69913	1.60.1.70338
9265	1.60.1.69913	1.60.1.70338
9269	1.60.1.69913	1.60.1.70338
9270	1.60.1.69913	1.60.1.70338
9271	1.60.1.69913	1.60.1.70338
9272	1.60.1.69913	1.60.1.70338
9273	1.60.1.69913	1.60.1.70338
9292	1.60.1.69913	1.60.1.70338
9295	1.60.1.69913	1.60.1.70338
9296	1.60.1.69913	1.60.1.70338
9297	1.60.1.69913	1.60.1.70338
9298	1.60.1.69913	1.60.1.70338
9299	1.60.1.69913	1.60.1.70338
9300	1.60.1.69913	1.60.1.70338
9301	1.60.1.69913	1.60.1.70338
9302	1.60.1.69913	1.60.1.70338
9304	1.60.1.69913	1.60.1.70338
9310	1.60.1.69913	1.60.1.70338
9319	1.60.1.69913	1.60.1.70338
9322	1.60.1.69913	1.60.1.70338
9323	1.60.1.69913	1.60.1.70338
9324	1.60.1.69913	1.60.1.70338
9325	1.60.1.69913	1.60.1.70338
9326	1.60.1.69913	1.60.1.70338
9330	1.60.1.69913	1.60.1.70338
9331	1.60.1.69913	1.60.1.70338
9332	1.60.1.69913	1.60.1.70338
9339	1.60.1.69913	1.60.1.70338
9353	1.60.1.69913	1.60.1.70338
9362	1.60.1.69913	1.60.1.70338
9364	1.60.1.69913	1.60.1.70338
9365	1.60.1.69913	1.60.1.70338
9367	1.60.1.69913	1.60.1.70338
9368	1.60.1.69913	1.60.1.70338
9378	1.60.1.69913	1.60.1.70338
9388	1.60.1.69913	1.60.1.70338
9389	1.60.1.69913	1.60.1.70338
9411	1.60.1.69913	1.60.1.70338
9412	1.60.1.69913	1.60.1.70338
9413	1.60.1.69913	1.60.1.70338
9414	1.60.1.69913	1.60.1.70338
9415	1.60.1.69913	1.60.1.70338
9416	1.60.1.69913	1.60.1.70338
9419	1.60.1.69913	1.60.1.70338
9422	1.60.1.69913	1.60.1.70338
9458	1.60.1.69913	1.60.1.70338
9459	1.60.1.69913	1.60.1.70338
9477	1.60.1.69913	1.60.1.70338
9478	1.60.1.69913	1.60.1.70338
9479	1.60.1.69913	1.60.1.70338
9480	1.60.1.69913	1.60.1.70338
9481	1.60.1.69913	1.60.1.70338
9482	1.60.1.69913	1.60.1.70338
9556	1.60.1.69913	1.60.1.70338
9664	1.60.1.69913	1.60.1.70338
9665	1.60.1.69913	1.60.1.70338
55296	1.60.1.69913	1.60.1.70338
60860	1.60.1.69913	1.60.1.70338
60863	1.60.1.69913	1.60.1.70338
60864	1.60.1.69913	1.60.1.70338
60865	1.60.1.69913	1.60.1.70338
60866	1.60.1.69913	1.60.1.70338
60868	1.60.1.69913	1.60.1.70338
60870	1.60.1.69913	1.60.1.70338
61547	1.60.1.69913	1.60.1.70338
63769	1.60.1.69913	1.60.1.70338
65309	1.60.1.69913	1.60.1.70338
65593	1.60.1.69913	1.60.1.70338
65597	1.60.1.69913	1.60.1.70338
65601	1.60.1.69913	1.60.1.70338
65602	1.60.1.69913	1.60.1.70338
65603	1.60.1.69913	1.60.1.70338
65604	1.60.1.69913	1.60.1.70338
65610	1.60.1.69913	1.60.1.70338
65616	1.60.1.69913	1.60.1.70338
66145	1.60.1.69913	1.60.1.70338
66193	1.60.1.69913	1.60.1.70338
66281	1.60.1.69913	1.60.1.70338
66286	1.60.1.69913	1.60.1.70338
66287	1.60.1.69913	1.60.1.70338
66288	1.60.1.69913	1.60.1.70338
66289	1.60.1.69913	1.60.1.70338
66290	1.60.1.69913	1.60.1.70338
66291	1.60.1.69913	1.60.1.70338
66292	1.60.1.69913	1.60.1.70338
66293	1.60.1.69913	1.60.1.70338
66294	1.60.1.69913	1.60.1.70338
66295	1.60.1.69913	1.60.1.70338
66317	1.60.1.69913	1.60.1.70338
66318	1.60.1.69913	1.60.1.70338
73193	1.60.1.69913	1.60.1.70338
74584	1.60.1.69913	1.60.1.70338
75300	1.60.1.69913	1.60.1.70338
75939	1.60.1.69913	1.60.1.70338
75940	1.60.1.69913	1.60.1.70338
75969	1.60.1.69913	1.60.1.70338
76156	1.60.1.69913	1.60.1.70338
76160	1.60.1.69913	1.60.1.70338
76240	1.60.1.69913	1.60.1.70338
77568	1.60.1.69913	1.60.1.70338
77571	1.60.1.69913	1.60.1.70338
77573	1.60.1.69913	1.60.1.70338
77574	1.60.1.69913	1.60.1.70338
77575	1.60.1.69913	1.60.1.70338
77582	1.60.1.69913	1.60.1.70338
77583	1.60.1.69913	1.60.1.70338
77584	1.60.1.69913	1.60.1.70338
77585	1.60.1.69913	1.60.1.70338
77586	1.60.1.69913	1.60.1.70338
77587	1.60.1.69913	1.60.1.70338
77588	1.60.1.69913	1.60.1.70338
77590	1.60.1.69913	1.60.1.70338
77592	1.60.1.69913	1.60.1.70338
77616	1.60.1.69913	1.60.1.70338
77617	1.60.1.69913	1.60.1.70338
77618	1.60.1.69913	1.60.1.70338
77619	1.60.1.69913	1.60.1.70338
77620	1.60.1.69913	1.60.1.70338
77621	1.60.1.69913	1.60.1.70338
77642	1.60.1.69913	1.60.1.70338
77643	1.60.1.69913	1.60.1.70338
77648	1.60.1.69913	1.60.1.70338
77649	1.60.1.69913	1.60.1.70338
77651	1.60.1.69913	1.60.1.70338
77652	1.60.1.69913	1.60.1.70338
77655	1.60.1.69913	1.60.1.70338
77656	1.60.1.69913	1.60.1.70338
77657	1.60.1.69913	1.60.1.70338
77658	1.60.1.69913	1.60.1.70338
77659	1.60.1.69913	1.60.1.70338
77660	1.60.1.69913	1.60.1.70338
77661	1.60.1.69913	1.60.1.70338
77666	1.60.1.69913	1.60.1.70338
77667	1.60.1.69913	1.60.1.70338
77668	1.60.1.69913	1.60.1.70338
77669	1.60.1.69913	1.60.1.70338
77670	1.60.1.69913	1.60.1.70338
77671	1.60.1.69913	1.60.1.70338
77672	1.60.1.69913	1.60.1.70338
77690	1.60.1.69913	1.60.1.70338
78023	1.60.1.69913	1.60.1.70338
78024	1.60.1.69913	1.60.1.70338
78088	1.60.1.69913	1.60.1.70338
78089	1.60.1.69913	1.60.1.70338
78090	1.60.1.69913	1.60.1.70338
78091	1.60.1.69913	1.60.1.70338
78092	1.60.1.69913	1.60.1.70338
78093	1.60.1.69913	1.60.1.70338
78114	1.60.1.69913	1.60.1.70338
78121	1.60.1.69913	1.60.1.70338
78124	1.60.1.69913	1.60.1.70338
78127	1.60.1.69913	1.60.1.70338
78132	1.60.1.69913	1.60.1.70338
78133	1.60.1.69913	1.60.1.70338
78134	1.60.1.69913	1.60.1.70338
78142	1.60.1.69913	1.60.1.70338
78143	1.60.1.69913	1.60.1.70338
78144	1.60.1.69913	1.60.1.70338
78145	1.60.1.69913	1.60.1.70338
78146	1.60.1.69913	1.60.1.70338
78147	1.60.1.69913	1.60.1.70338
78148	1.60.1.69913	1.60.1.70338
78149	1.60.1.69913	1.60.1.70338
78150	1.60.1.69913	1.60.1.70338
78192	1.60.1.69913	1.60.1.70338
78193	1.60.1.69913	1.60.1.70338
78194	1.60.1.69913	1.60.1.70338
78195	1.60.1.69913	1.60.1.70338
78196	1.60.1.69913	1.60.1.70338
78197	1.60.1.69913	1.60.1.70338
78198	1.60.1.69913	1.60.1.70338
78199	1.60.1.69913	1.60.1.70338
78229	1.60.1.69913	1.60.1.70338
78242	1.60.1.69913	1.60.1.70338
78261	1.60.1.69913	1.60.1.70338
78265	1.60.1.69913	1.60.1.70338
78266	1.60.1.69913	1.60.1.70338
78267	1.60.1.69913	1.60.1.70338
78270	1.60.1.70124	1.60.1.70338
78277	1.60.1.69913	1.60.1.70338
78280	1.60.1.69913	1.60.1.70338
78284	1.60.1.69913	1.60.1.70338
78287	1.60.1.69913	1.60.1.70338
78288	1.60.1.69913	1.60.1.70338
78295	1.60.1.69913	1.60.1.70338
78296	1.60.1.69913	1.60.1.70338
78297	1.60.1.69913	1.60.1.70338
78304	1.60.1.69913	1.60.1.70338
78306	1.60.1.69913	1.60.1.70338
78307	1.60.1.69913	1.60.1.70338
78506	1.60.1.69913	1.60.1.70338
78537	1.60.1.69913	1.60.1.70338
78561	1.60.1.69913	1.60.1.70338
78575	1.60.1.69913	1.60.1.70338
78647	1.60.1.69913	1.60.1.70338
78650	1.60.1.69913	1.60.1.70338
78651	1.60.1.69913	1.60.1.70338
78652	1.60.1.69913	1.60.1.70338
78653	1.60.1.69913	1.60.1.70338
78654	1.60.1.69913	1.60.1.70338
78675	1.60.1.69913	1.60.1.70338
78676	1.60.1.69913	1.60.1.70338
78680	1.60.1.69913	1.60.1.70338
78681	1.60.1.69913	1.60.1.70338
78682	1.60.1.69913	1.60.1.70338
78684	1.60.1.69913	1.60.1.70338
78699	1.60.1.69913	1.60.1.70338
78702	1.60.1.69913	1.60.1.70338
78823	1.60.1.69913	1.60.1.70338
78830	1.60.1.69913	1.60.1.70338
78832	1.60.1.69913	1.60.1.70338
78907	1.60.1.69913	1.60.1.70338
78908	1.60.1.69913	1.60.1.70338
78909	1.60.1.69913	1.60.1.70338
78910	1.60.1.69913	1.60.1.70338
78914	1.60.1.69913	1.60.1.70338
78916	1.60.1.69913	1.60.1.70338
78917	1.60.1.69913	1.60.1.70338
78919	1.60.1.69913	1.60.1.70338
78920	1.60.1.69913	1.60.1.70338
78921	1.60.1.69913	1.60.1.70338
78922	1.60.1.69913	1.60.1.70338
78923	1.60.1.69913	1.60.1.70338
78924	1.60.1.69913	1.60.1.70338
78925	1.60.1.69913	1.60.1.70338
78926	1.60.1.69913	1.60.1.70338
78927	1.60.1.69913	1.60.1.70338
78994	1.60.1.69913	1.60.1.70338
79007	1.60.1.69913	1.60.1.70338
79008	1.60.1.69913	1.60.1.70338
79077	1.60.1.69913	1.60.1.70338
79078	1.60.1.69913	1.60.1.70338
79079	1.60.1.69913	1.60.1.70338
79080	1.60.1.69913	1.60.1.70338
79090	1.60.1.69913	1.60.1.70338
79091	1.60.1.69913	1.60.1.70338
79092	1.60.1.69913	1.60.1.70338
79093	1.60.1.69913	1.60.1.70338
79094	1.60.1.69913	1.60.1.70338
79095	1.60.1.69913	1.60.1.70338
79096	1.60.1.69913	1.60.1.70338
79097	1.60.1.69913	1.60.1.70338
79098	1.60.1.69913	1.60.1.70338
79099	1.60.1.69913	1.60.1.70338
79192	1.60.1.69913	1.60.1.70338
79229	1.60.1.69913	1.60.1.70338
79235	1.60.1.69913	1.60.1.70338
79236	1.60.1.69913	1.60.1.70338
79242	1.60.1.69913	1.60.1.70338
79298	1.60.1.69913	1.60.1.70338
79348	1.60.1.69913	1.60.1.70338
79358	1.60.1.69913	1.60.1.70338
79360	1.60.1.69913	1.60.1.70338
79361	1.60.1.69913	1.60.1.70338
79362	1.60.1.69913	1.60.1.70338
79363	1.60.1.69913	1.60.1.70338
79364	1.60.1.69913	1.60.1.70338
79365	1.60.1.69913	1.60.1.70338
79366	1.60.1.69913	1.60.1.70338
79377	1.60.1.69913	1.60.1.70338
79442	1.60.1.69913	1.60.1.70338
79482	1.60.1.69913	1.60.1.70338
79483	1.60.1.69913	1.60.1.70338
79484	1.60.1.69913	1.60.1.70338
79485	1.60.1.69913	1.60.1.70338
79486	1.60.1.69913	1.60.1.70338
79487	1.60.1.69913	1.60.1.70338
79492	1.60.1.69913	1.60.1.70338
79495	1.60.1.69913	1.60.1.70338
79501	1.60.1.69913	1.60.1.70338
79502	1.60.1.69913	1.60.1.70338
79535	1.60.1.69913	1.60.1.70338
79536	1.60.1.69913	1.60.1.70338
79614	1.60.1.69913	1.60.1.70338
79615	1.60.1.69913	1.60.1.70338
79624	1.60.1.69913	1.60.1.70338
79626	1.60.1.69913	1.60.1.70338
79637	1.60.1.69913	1.60.1.70338
79677	1.60.1.69913	1.60.1.70338
79678	1.60.1.69913	1.60.1.70338
79687	1.60.1.69913	1.60.1.70338
79688	1.60.1.69913	1.60.1.70338
79689	1.60.1.69913	1.60.1.70338
79695	1.60.1.69913	1.60.1.70338
79700	1.60.1.69913	1.60.1.70338
79705	1.60.1.69913	1.60.1.70338
79719	1.60.1.69913	1.60.1.70338
79731	1.60.1.69913	1.60.1.70338
79905	1.60.1.69913	1.60.1.70338
79939	1.60.1.69913	1.60.1.70338
79940	1.60.1.69913	1.60.1.70338
79942	1.60.1.69913	1.60.1.70338
79945	1.60.1.69913	1.60.1.70338
79946	1.60.1.69913	1.60.1.70338
79947	1.60.1.69913	1.60.1.70338
79948	1.60.1.69913	1.60.1.70338
79949	1.60.1.69913	1.60.1.70338
79950	1.60.1.69913	1.60.1.70338
79951	1.60.1.69913	1.60.1.70338
79952	1.60.1.69913	1.60.1.70338
79953	1.60.1.69913	1.60.1.70338
79961	1.60.1.69913	1.60.1.70338
79963	1.60.1.69913	1.60.1.70338
79970	1.60.1.69913	1.60.1.70338
79972	1.60.1.69913	1.60.1.70338
79973	1.60.1.69913	1.60.1.70338
79974	1.60.1.69913	1.60.1.70338
79975	1.60.1.69913	1.60.1.70338
79976	1.60.1.69913	1.60.1.70338
79977	1.60.1.69913	1.60.1.70338
79978	1.60.1.69913	1.60.1.70338
79979	1.60.1.69913	1.60.1.70338
79980	1.60.1.69913	1.60.1.70338
79981	1.60.1.69913	1.60.1.70338
79982	1.60.1.69913	1.60.1.70338
79983	1.60.1.69913	1.60.1.70338
79984	1.60.1.69913	1.60.1.70338
79985	1.60.1.69913	1.60.1.70338
79986	1.60.1.69913	1.60.1.70338
79987	1.60.1.69913	1.60.1.70338
80001	1.60.1.69913	1.60.1.70338
80056	1.60.1.69913	1.60.1.70338
80098	1.60.1.69913	1.60.1.70338
80120	1.60.1.69913	1.60.1.70338
80131	1.60.1.69913	1.60.1.70338
80132	1.60.1.69913	1.60.1.70338
80133	1.60.1.69913	1.60.1.70338
80134	1.60.1.69913	1.60.1.70338
80135	1.60.1.69913	1.60.1.70338
80136	1.60.1.69913	1.60.1.70338
80137	1.60.1.69913	1.60.1.70338
80138	1.60.1.69913	1.60.1.70338
80139	1.60.1.69913	1.60.1.70338
80140	1.60.1.69913	1.60.1.70338
80141	1.60.1.69913	1.60.1.70338
80142	1.60.1.69913	1.60.1.70338
80143	1.60.1.69913	1.60.1.70338
80147	1.60.1.69913	1.60.1.70338
80148	1.60.1.69913	1.60.1.70338
80149	1.60.1.69913	1.60.1.70338
80150	1.60.1.69913	1.60.1.70338
80151	1.60.1.69913	1.60.1.70338
80152	1.60.1.69913	1.60.1.70338
80153	1.60.1.69913	1.60.1.70338
80156	1.60.1.69913	1.60.1.70338
80157	1.60.1.69913	1.60.1.70338
80158	1.60.1.69913	1.60.1.70338
80159	1.60.1.69913	1.60.1.70338
80161	1.60.1.69913	1.60.1.70338
80180	1.60.1.69913	1.60.1.70338
80181	1.60.1.69913	1.60.1.70338
80182	1.60.1.69913	1.60.1.70338
80241	1.60.1.69913	1.60.1.70338
80324	1.60.1.69913	1.60.1.70338
80325	1.60.1.69913	1.60.1.70338
80393	1.60.1.69913	1.60.1.70338
80410	1.60.1.69913	1.60.1.70338
80411	1.60.1.69913	1.60.1.70338
80453	1.60.1.69913	1.60.1.70338
80454	1.60.1.69913	1.60.1.70338
80455	1.60.1.69913	1.60.1.70338
80526	1.60.1.69913	1.60.1.70338
81570	1.60.1.69913	1.60.1.70338
81573	1.60.1.69913	1.60.1.70338
81682	1.60.1.69913	1.60.1.70338
81697	1.60.1.69913	1.60.1.70338
81730	1.60.1.69913	1.60.1.70338
81731	1.60.1.69913	1.60.1.70338
81732	1.60.1.69913	1.60.1.70338
81733	1.60.1.69913	1.60.1.70338
81734	1.60.1.69913	1.60.1.70338
81735	1.60.1.69913	1.60.1.70338
81736	1.60.1.69913	1.60.1.70338
81737	1.60.1.69913	1.60.1.70338
81738	1.60.1.69913	1.60.1.70338
81739	1.60.1.69913	1.60.1.70338
81740	1.60.1.69913	1.60.1.70338
81741	1.60.1.69913	1.60.1.70338
81742	1.60.1.69913	1.60.1.70338
81743	1.60.1.69913	1.60.1.70338
81744	1.60.1.69913	1.60.1.70338
81745	1.60.1.69913	1.60.1.70338
81746	1.60.1.69913	1.60.1.70338
81747	1.60.1.69913	1.60.1.70338
81762	1.60.1.69913	1.60.1.70338
81764	1.60.1.69913	1.60.1.70338
81765	1.60.1.69913	1.60.1.70338
81766	1.60.1.69913	1.60.1.70338
81768	1.60.1.69913	1.60.1.70338
81769	1.60.1.69913	1.60.1.70338
81770	1.60.1.69913	1.60.1.70338
81771	1.60.1.69913	1.60.1.70338
81772	1.60.1.69913	1.60.1.70338
81773	1.60.1.69913	1.60.1.70338
81774	1.60.1.69913	1.60.1.70338
81775	1.60.1.69913	1.60.1.70338
81776	1.60.1.69913	1.60.1.70338
81777	1.60.1.69913	1.60.1.70338
81778	1.60.1.69913	1.60.1.70338
81779	1.60.1.69913	1.60.1.70338
81780	1.60.1.69913	1.60.1.70338
81781	1.60.1.69913	1.60.1.70338
81782	1.60.1.69913	1.60.1.70338
81783	1.60.1.69913	1.60.1.70338
81784	1.60.1.69913	1.60.1.70338
81785	1.60.1.69913	1.60.1.70338
81786	1.60.1.69913	1.60.1.70338
81787	1.60.1.69913	1.60.1.70338
81788	1.60.1.69913	1.60.1.70338
81789	1.60.1.69913	1.60.1.70338
81790	1.60.1.69913	1.60.1.70338
81801	1.60.1.69913	1.60.1.70338
81817	1.60.1.69913	1.60.1.70338
81820	1.60.1.69913	1.60.1.70338
81826	1.60.1.69913	1.60.1.70338
81830	1.60.1.69913	1.60.1.70338
81832	1.60.1.69913	1.60.1.70338
81833	1.60.1.69913	1.60.1.70338
81834	1.60.1.69913	1.60.1.70338
81835	1.60.1.69913	1.60.1.70338
81837	1.60.1.69913	1.60.1.70338
81838	1.60.1.69913	1.60.1.70338
81839	1.60.1.69913	1.60.1.70338
81850	1.60.1.69913	1.60.1.70338
81851	1.60.1.69913	1.60.1.70338
81852	1.60.1.69913	1.60.1.70338
81855	1.60.1.69913	1.60.1.70338
81856	1.60.1.69913	1.60.1.70338
81857	1.60.1.69913	1.60.1.70338
81858	1.60.1.69913	1.60.1.70338
81859	1.60.1.69913	1.60.1.70338
81860	1.60.1.69913	1.60.1.70338
81861	1.60.1.69913	1.60.1.70338
81863	1.60.1.69913	1.60.1.70338
81864	1.60.1.69913	1.60.1.70338
81865	1.60.1.69913	1.60.1.70338
81866	1.60.1.69913	1.60.1.70338
81867	1.60.1.69913	1.60.1.70338
81868	1.60.1.69913	1.60.1.70338
81870	1.60.1.69913	1.60.1.70338
81871	1.60.1.69913	1.60.1.70338
81872	1.60.1.69913	1.60.1.70338
81873	1.60.1.69913	1.60.1.70338
81874	1.60.1.69913	1.60.1.70338
81877	1.60.1.69913	1.60.1.70338
81879	1.60.1.69913	1.60.1.70338
81883	1.60.1.69913	1.60.1.70338
81884	1.60.1.69913	1.60.1.70338
81885	1.60.1.69913	1.60.1.70338
81900	1.60.1.69913	1.60.1.70338
81917	1.60.1.69913	1.60.1.70338
81919	1.60.1.69913	1.60.1.70338
81924	1.60.1.69913	1.60.1.70338
81944	1.60.1.69913	1.60.1.70338
81947	1.60.1.69913	1.60.1.70338
81949	1.60.1.69913	1.60.1.70338
81951	1.60.1.69913	1.60.1.70338
81952	1.60.1.69913	1.60.1.70338
81953	1.60.1.69913	1.60.1.70338
81954	1.60.1.69913	1.60.1.70338
81955	1.60.1.69913	1.60.1.70338
81956	1.60.1.69913	1.60.1.70338
81960	1.60.1.69913	1.60.1.70338
81961	1.60.1.69913	1.60.1.70338
81968	1.60.1.69913	1.60.1.70338
81973	1.60.1.69913	1.60.1.70338
81974	1.60.1.69913	1.60.1.70338
81975	1.60.1.69913	1.60.1.70338
81977	1.60.1.69913	1.60.1.70338
81979	1.60.1.69913	1.60.1.70338
81980	1.60.1.69913	1.60.1.70338
81982	1.60.1.69913	1.60.1.70338
81983	1.60.1.69913	1.60.1.70338
81986	1.60.1.69913	1.60.1.70338
81987	1.60.1.69913	1.60.1.70338
82001	1.60.1.69913	1.60.1.70338
82002	1.60.1.69913	1.60.1.70338
82003	1.60.1.69913	1.60.1.70338
82004	1.60.1.69913	1.60.1.70338
82008	1.60.1.69913	1.60.1.70338
82009	1.60.1.69913	1.60.1.70338
82010	1.60.1.69913	1.60.1.70338
82011	1.60.1.69913	1.60.1.70338
82013	1.60.1.69913	1.60.1.70338
82014	1.60.1.69913	1.60.1.70338
82015	1.60.1.69913	1.60.1.70338
82017	1.60.1.69913	1.60.1.70338
82018	1.60.1.69913	1.60.1.70338
82019	1.60.1.69913	1.60.1.70338
82020	1.60.1.69913	1.60.1.70338
82021	1.60.1.69913	1.60.1.70338
82022	1.60.1.69913	1.60.1.70338
82023	1.60.1.69913	1.60.1.70338
82027	1.60.1.69913	1.60.1.70338
82032	1.60.1.69913	1.60.1.70338
82043	1.60.1.69913	1.60.1.70338
82044	1.60.1.69913	1.60.1.70338
82060	1.60.1.69913	1.60.1.70338
82062	1.60.1.69913	1.60.1.70338
82068	1.60.1.69913	1.60.1.70338
82070	1.60.1.69913	1.60.1.70338
82071	1.60.1.69913	1.60.1.70338
82072	1.60.1.69913	1.60.1.70338
82073	1.60.1.69913	1.60.1.70338
82074	1.60.1.69913	1.60.1.70338
82075	1.60.1.69913	1.60.1.70338
82076	1.60.1.69913	1.60.1.70338
82081	1.60.1.69913	1.60.1.70338
82083	1.60.1.69913	1.60.1.70338
82084	1.60.1.69913	1.60.1.70338
82089	1.60.1.69913	1.60.1.70338
82090	1.60.1.69913	1.60.1.70338
82091	1.60.1.69913	1.60.1.70338
82092	1.60.1.69913	1.60.1.70338
82095	1.60.1.69913	1.60.1.70338
82096	1.60.1.69913	1.60.1.70338
82097	1.60.1.69913	1.60.1.70338
82098	1.60.1.69913	1.60.1.70338
82099	1.60.1.69913	1.60.1.70338
82100	1.60.1.69913	1.60.1.70338
82101	1.60.1.69913	1.60.1.70338
82102	1.60.1.69913	1.60.1.70338
82103	1.60.1.69913	1.60.1.70338
82104	1.60.1.69913	1.60.1.70338
82106	1.60.1.69913	1.60.1.70338
82107	1.60.1.69913	1.60.1.70338
82108	1.60.1.69913	1.60.1.70338
82110	1.60.1.69913	1.60.1.70338
82111	1.60.1.69913	1.60.1.70338
82112	1.60.1.69913	1.60.1.70338
82113	1.60.1.69913	1.60.1.70338
82114	1.60.1.69913	1.60.1.70338
82115	1.60.1.69913	1.60.1.70338
82132	1.60.1.69913	1.60.1.70338
82135	1.60.1.69913	1.60.1.70338
82208	1.60.1.69913	1.60.1.70338
82304	1.60.1.69913	1.60.1.70338
82305	1.60.1.69913	1.60.1.70338
82306	1.60.1.69913	1.60.1.70338
82310	1.60.1.69913	1.60.1.70338
82311	1.60.1.69913	1.60.1.70338
82312	1.60.1.69913	1.60.1.70338
82313	1.60.1.69913	1.60.1.70338
82314	1.60.1.69913	1.60.1.70338
82315	1.60.1.69913	1.60.1.70338
82316	1.60.1.69913	1.60.1.70338
82656	1.60.1.69913	1.60.1.70338
82657	1.60.1.69913	1.60.1.70338
82662	1.60.1.69913	1.60.1.70338
82665	1.60.1.69913	1.60.1.70338
82850	1.60.1.69913	1.60.1.70338
82851	1.60.1.69913	1.60.1.70338
82853	1.60.1.69913	1.60.1.70338
83183	1.60.1.69913	1.60.1.70338
83184	1.60.1.69913	1.60.1.70338
83185	1.60.1.69913	1.60.1.70338
83186	1.60.1.69913	1.60.1.70338
83187	1.60.1.69913	1.60.1.70338
83756	1.60.1.69913	1.60.1.70338
83808	1.60.1.69913	1.60.1.70338
83822	1.60.1.69913	1.60.1.70338
83823	1.60.1.69913	1.60.1.70338
83934	1.60.1.69913	1.60.1.70338
83935	1.60.1.69913	1.60.1.70338
83936	1.60.1.69913	1.60.1.70338
83937	1.60.1.69913	1.60.1.70338
83938	1.60.1.69913	1.60.1.70338
83939	1.60.1.69913	1.60.1.70338
83940	1.60.1.69913	1.60.1.70338
83941	1.60.1.69913	1.60.1.70338
83942	1.60.1.69913	1.60.1.70338
83943	1.60.1.69913	1.60.1.70338
83944	1.60.1.69913	1.60.1.70338
83945	1.60.1.69913	1.60.1.70338
83946	1.60.1.69913	1.60.1.70338
83947	1.60.1.69913	1.60.1.70338
83948	1.60.1.69913	1.60.1.70338
83949	1.60.1.69913	1.60.1.70338
83950	1.60.1.69913	1.60.1.70338
83951	1.60.1.69913	1.60.1.70338
83952	1.60.1.69913	1.60.1.70338
83953	1.60.1.69913	1.60.1.70338
83954	1.60.1.69913	1.60.1.70338
83955	1.60.1.69913	1.60.1.70338
83956	1.60.1.69913	1.60.1.70338
83957	1.60.1.69913	1.60.1.70338
83958	1.60.1.69913	1.60.1.70338
83959	1.60.1.69913	1.60.1.70338
83960	1.60.1.69913	1.60.1.70338
83961	1.60.1.69913	1.60.1.70338
83962	1.60.1.69913	1.60.1.70338
83963	1.60.1.69913	1.60.1.70338
83964	1.60.1.69913	1.60.1.70338
83965	1.60.1.69913	1.60.1.70338
83966	1.60.1.69913	1.60.1.70338
83967	1.60.1.69913	1.60.1.70338
83968	1.60.1.69913	1.60.1.70338
83969	1.60.1.69913	1.60.1.70338
83970	1.60.1.69913	1.60.1.70338
83971	1.60.1.69913	1.60.1.70338
83972	1.60.1.69913	1.60.1.70338
83973	1.60.1.69913	1.60.1.70338
83974	1.60.1.69913	1.60.1.70338
83975	1.60.1.69913	1.60.1.70338
83976	1.60.1.69913	1.60.1.70338
83977	1.60.1.69913	1.60.1.70338
83978	1.60.1.69913	1.60.1.70338
83979	1.60.1.69913	1.60.1.70338
83980	1.60.1.69913	1.60.1.70338
83981	1.60.1.69913	1.60.1.70338
83982	1.60.1.69913	1.60.1.70338
83983	1.60.1.69913	1.60.1.70338
83984	1.60.1.69913	1.60.1.70338
83985	1.60.1.69913	1.60.1.70338
83986	1.60.1.69913	1.60.1.70338
83987	1.60.1.69913	1.60.1.70338
83988	1.60.1.69913	1.60.1.70338
83990	1.60.1.69913	1.60.1.70338
83991	1.60.1.69913	1.60.1.70338
83992	1.60.1.69913	1.60.1.70338
83993	1.60.1.69913	1.60.1.70338
83994	1.60.1.69913	1.60.1.70338
83995	1.60.1.69913	1.60.1.70338
83996	1.60.1.69913	1.60.1.70338
83997	1.60.1.69913	1.60.1.70338
83998	1.60.1.69913	1.60.1.70338
84004	1.60.1.69913	1.60.1.70338
84008	1.60.1.69913	1.60.1.70338
84017	1.60.1.69913	1.60.1.70338
84124	1.60.1.69913	1.60.1.70338
84125	1.60.1.69913	1.60.1.70338
84126	1.60.1.69913	1.60.1.70338
84135	1.60.1.69913	1.60.1.70338
84136	1.60.1.69913	1.60.1.70338
84137	1.60.1.69913	1.60.1.70338
84138	1.60.1.69913	1.60.1.70338
84146	1.60.1.69913	1.60.1.70338
84147	1.60.1.69913	1.60.1.70338
84148	1.60.1.69913	1.60.1.70338
84149	1.60.1.69913	1.60.1.70338
84150	1.60.1.69913	1.60.1.70338
84151	1.60.1.69913	1.60.1.70338
84152	1.60.1.69913	1.60.1.70338
84153	1.60.1.69913	1.60.1.70338
84154	1.60.1.69913	1.60.1.70338
84155	1.60.1.69913	1.60.1.70338
84156	1.60.1.69913	1.60.1.70338
84157	1.60.1.69913	1.60.1.70338
84158	1.60.1.69913	1.60.1.70338
84159	1.60.1.69913	1.60.1.70338
84160	1.60.1.69913	1.60.1.70338
84161	1.60.1.69913	1.60.1.70338
84162	1.60.1.69913	1.60.1.70338
84163	1.60.1.69913	1.60.1.70338
84164	1.60.1.69913	1.60.1.70338
84165	1.60.1.69913	1.60.1.70338
84166	1.60.1.69913	1.60.1.70338
84167	1.60.1.69913	1.60.1.70338
84168	1.60.1.69913	1.60.1.70338
84169	1.60.1.69913	1.60.1.70338
84170	1.60.1.69913	1.60.1.70338
84171	1.60.1.69913	1.60.1.70338
84172	1.60.1.69913	1.60.1.70338
84173	1.60.1.69913	1.60.1.70338
84174	1.60.1.69913	1.60.1.70338
84175	1.60.1.69913	1.60.1.70338
84176	1.60.1.69913	1.60.1.70338
84177	1.60.1.69913	1.60.1.70338
84178	1.60.1.69913	1.60.1.70338
84179	1.60.1.69913	1.60.1.70338
84180	1.60.1.69913	1.60.1.70338
84181	1.60.1.69913	1.60.1.70338
84182	1.60.1.69913	1.60.1.70338
84183	1.60.1.69913	1.60.1.70338
84184	1.60.1.69913	1.60.1.70338
84185	1.60.1.69913	1.60.1.70338
84186	1.60.1.69913	1.60.1.70338
84187	1.60.1.69913	1.60.1.70338
84188	1.60.1.69913	1.60.1.70338
84189	1.60.1.69913	1.60.1.70338
84190	1.60.1.69913	1.60.1.70338
84191	1.60.1.69913	1.60.1.70338
84192	1.60.1.69913	1.60.1.70338
84193	1.60.1.69913	1.60.1.70338
84194	1.60.1.69913	1.60.1.70338
84195	1.60.1.69913	1.60.1.70338
84196	1.60.1.69913	1.60.1.70338
84197	1.60.1.69913	1.60.1.70338
84198	1.60.1.69913	1.60.1.70338
84199	1.60.1.69913	1.60.1.70338
84200	1.60.1.69913	1.60.1.70338
84201	1.60.1.69913	1.60.1.70338
84202	1.60.1.69913	1.60.1.70338
84203	1.60.1.69913	1.60.1.70338
84204	1.60.1.69913	1.60.1.70338
84205	1.60.1.69913	1.60.1.70338
84206	1.60.1.69913	1.60.1.70338
84207	1.60.1.69913	1.60.1.70338
84208	1.60.1.69913	1.60.1.70338
84209	1.60.1.69913	1.60.1.70338
84210	1.60.1.69913	1.60.1.70338
84211	1.60.1.69913	1.60.1.70338
84212	1.60.1.69913	1.60.1.70338
84213	1.60.1.69913	1.60.1.70338
84235	1.60.1.69913	1.60.1.70338
84238	1.60.1.69913	1.60.1.70338
84317	1.60.1.69913	1.60.1.70338
84318	1.60.1.69913	1.60.1.70338
84319	1.60.1.69913	1.60.1.70338
84320	1.60.1.69913	1.60.1.70338
84321	1.60.1.69913	1.60.1.70338
84322	1.60.1.69913	1.60.1.70338
84323	1.60.1.69913	1.60.1.70338
84324	1.60.1.69913	1.60.1.70338
84325	1.60.1.69913	1.60.1.70338
84326	1.60.1.69913	1.60.1.70338
84327	1.60.1.69913	1.60.1.70338
84328	1.60.1.69913	1.60.1.70338
84329	1.60.1.69913	1.60.1.70338
84330	1.60.1.69913	1.60.1.70338
84331	1.60.1.69913	1.60.1.70338
84332	1.60.1.69913	1.60.1.70338
84338	1.60.1.69913	1.60.1.70338
84348	1.60.1.69913	1.60.1.70338
84349	1.60.1.69913	1.60.1.70338
84350	1.60.1.69913	1.60.1.70338
84351	1.60.1.69913	1.60.1.70338
84355	1.60.1.69913	1.60.1.70338
84356	1.60.1.69913	1.60.1.70338
84359	1.60.1.69913	1.60.1.70338
84360	1.60.1.69913	1.60.1.70338
84368	1.60.1.69913	1.60.1.70338
84369	1.60.1.69913	1.60.1.70338
84372	1.60.1.69913	1.60.1.70338
84374	1.60.1.69913	1.60.1.70338
84375	1.60.1.69913	1.60.1.70338
84377	1.60.1.69913	1.60.1.70338
84383	1.60.1.69913	1.60.1.70338
84384	1.60.1.69913	1.60.1.70338
84394	1.60.1.69913	1.60.1.70338
84395	1.60.1.69913	1.60.1.70338
84396	1.60.1.69913	1.60.1.70338
84397	1.60.1.69913	1.60.1.70338
84398	1.60.1.69913	1.60.1.70338
84399	1.60.1.69913	1.60.1.70338
84400	1.60.1.69913	1.60.1.70338
84401	1.60.1.69913	1.60.1.70338
84402	1.60.1.69913	1.60.1.70338
84405	1.60.1.69913	1.60.1.70338
84406	1.60.1.69913	1.60.1.70338
84407	1.60.1.69913	1.60.1.70338
84408	1.60.1.69913	1.60.1.70338
84410	1.60.1.69913	1.60.1.70338
84411	1.60.1.69913	1.60.1.70338
84412	1.60.1.69913	1.60.1.70338
84413	1.60.1.69913	1.60.1.70338
84414	1.60.1.69913	1.60.1.70338
84415	1.60.1.69913	1.60.1.70338
84416	1.60.1.69913	1.60.1.70338
84417	1.60.1.69913	1.60.1.70338
84418	1.60.1.69913	1.60.1.70338
84488	1.60.1.69913	1.60.1.70338
84495	1.60.1.69913	1.60.1.70338
84496	1.60.1.69913	1.60.1.70338
84499	1.60.1.69913	1.60.1.70338
84500	1.60.1.69913	1.60.1.70338
84501	1.60.1.69913	1.60.1.70338
84502	1.60.1.69913	1.60.1.70338
84503	1.60.1.69913	1.60.1.70338
84504	1.60.1.69913	1.60.1.70338
84526	1.60.1.69913	1.60.1.70338
84545	1.60.1.69913	1.60.1.70338
84546	1.60.1.69913	1.60.1.70338
84548	1.60.1.69913	1.60.1.70338
84549	1.60.1.69913	1.60.1.70338
84550	1.60.1.69913	1.60.1.70338
84551	1.60.1.69913	1.60.1.70338
84555	1.60.1.69913	1.60.1.70338
84556	1.60.1.69913	1.60.1.70338
84557	1.60.1.69913	1.60.1.70338
84558	1.60.1.69913	1.60.1.70338
84560	1.60.1.69913	1.60.1.70338
84561	1.60.1.69913	1.60.1.70338
84590	1.60.1.69913	1.60.1.70338
84636	1.60.1.69913	1.60.1.70338
84637	1.60.1.69913	1.60.1.70338
84853	1.60.1.69913	1.60.1.70338
84870	1.60.1.69913	1.60.1.70338
84880	1.60.1.69913	1.60.1.70338
84881	1.60.1.69913	1.60.1.70338
84950	1.60.1.69913	1.60.1.70338
84968	1.60.1.69913	1.60.1.70338
84969	1.60.1.69913	1.60.1.70338
85030	1.60.1.69913	1.60.1.70338
85031	1.60.1.69913	1.60.1.70338
85033	1.60.1.69913	1.60.1.70338
85034	1.60.1.69913	1.60.1.70338
85056	1.60.1.69913	1.60.1.70338
85057	1.60.1.69913	1.60.1.70338
85058	1.60.1.69913	1.60.1.70338
85061	1.60.1.69913	1.60.1.70338
85063	1.60.1.69913	1.60.1.70338
85064	1.60.1.69913	1.60.1.70338
85065	1.60.1.69913	1.60.1.70338
85066	1.60.1.69913	1.60.1.70338
85067	1.60.1.69913	1.60.1.70338
85068	1.60.1.69913	1.60.1.70338
85069	1.60.1.69913	1.60.1.70338
85073	1.60.1.69913	1.60.1.70338
85074	1.60.1.69913	1.60.1.70338
85086	1.60.1.69913	1.60.1.70338
85087	1.60.1.69913	1.60.1.70338
85090	1.60.1.69913	1.60.1.70338
85091	1.60.1.69913	1.60.1.70338
85092	1.60.1.69913	1.60.1.70338
85093	1.60.1.69913	1.60.1.70338
85112	1.60.1.69913	1.60.1.70338
85140	1.60.1.69913	1.60.1.70338
85141	1.60.1.69913	1.60.1.70338
85142	1.60.1.69913	1.60.1.70338
85143	1.60.1.69913	1.60.1.70338
85144	1.60.1.69913	1.60.1.70338
85145	1.60.1.69913	1.60.1.70338
85146	1.60.1.69913	1.60.1.70338
85147	1.60.1.69913	1.60.1.70338
85148	1.60.1.69913	1.60.1.70338
85149	1.60.1.69913	1.60.1.70338
85150	1.60.1.69913	1.60.1.70338
85152	1.60.1.69913	1.60.1.70338
85248	1.60.1.69913	1.60.1.70338
85250	1.60.1.69913	1.60.1.70338
85251	1.60.1.69913	1.60.1.70338
85304	1.60.1.69913	1.60.1.70338
85385	1.60.1.69913	1.60.1.70338
85386	1.60.1.69913	1.60.1.70338
85388	1.60.1.69913	1.60.1.70338
85401	1.60.1.69913	1.60.1.70338
85435	1.60.1.69913	1.60.1.70338
85441	1.60.1.69913	1.60.1.70338
85442	1.60.1.69913	1.60.1.70338
85443	1.60.1.69913	1.60.1.70338
85445	1.60.1.69913	1.60.1.70338
85446	1.60.1.69913	1.60.1.70338
85447	1.60.1.69913	1.60.1.70338
85452	1.60.1.69913	1.60.1.70338
85453	1.60.1.69913	1.60.1.70338
85454	1.60.1.69913	1.60.1.70338
85455	1.60.1.69913	1.60.1.70338
85456	1.60.1.69913	1.60.1.70338
85457	1.60.1.69913	1.60.1.70338
85458	1.60.1.69913	1.60.1.70338
85468	1.60.1.69913	1.60.1.70338
85480	1.60.1.69913	1.60.1.70338
85485	1.60.1.69913	1.60.1.70338
85486	1.60.1.69913	1.60.1.70338
85501	1.60.1.69913	1.60.1.70338
85504	1.60.1.69913	1.60.1.70338
85505	1.60.1.69913	1.60.1.70338
85506	1.60.1.69913	1.60.1.70338
85507	1.60.1.69913	1.60.1.70338
85508	1.60.1.69913	1.60.1.70338
85509	1.60.1.69913	1.60.1.70338
85510	1.60.1.69913	1.60.1.70338
85511	1.60.1.69913	1.60.1.70338
85521	1.60.1.69913	1.60.1.70338
85522	1.60.1.69913	1.60.1.70338
85525	1.60.1.69913	1.60.1.70338
85555	1.60.1.69913	1.60.1.70338
85556	1.60.1.69913	1.60.1.70338
85557	1.60.1.69913	1.60.1.70338
85558	1.60.1.69913	1.60.1.70338
85559	1.60.1.69913	1.60.1.70338
85576	1.60.1.69913	1.60.1.70338
85577	1.60.1.69913	1.60.1.70338
85578	1.60.1.69913	1.60.1.70338
85579	1.60.1.69913	1.60.1.70338
85583	1.60.1.69913	1.60.1.70338
85604	1.60.1.69913	1.60.1.70338
85605	1.60.1.69913	1.60.1.70338
85606	1.60.1.69913	1.60.1.70338
85607	1.60.1.69913	1.60.1.70338
85608	1.60.1.69913	1.60.1.70338
85609	1.60.1.69913	1.60.1.70338
85610	1.60.1.69913	1.60.1.70338
85611	1.60.1.69913	1.60.1.70338
85612	1.60.1.69913	1.60.1.70338
85613	1.60.1.69913	1.60.1.70338
85614	1.60.1.69913	1.60.1.70338
85615	1.60.1.69913	1.60.1.70338
85616	1.60.1.69913	1.60.1.70338
85617	1.60.1.69913	1.60.1.70338
85618	1.60.1.69913	1.60.1.70338
85619	1.60.1.69913	1.60.1.70338
85620	1.60.1.69913	1.60.1.70338
85621	1.60.1.69913	1.60.1.70338
85622	1.60.1.69913	1.60.1.70338
85623	1.60.1.69913	1.60.1.70338
85624	1.60.1.69913	1.60.1.70338
85625	1.60.1.69913	1.60.1.70338
85626	1.60.1.69913	1.60.1.70338
85627	1.60.1.69913	1.60.1.70338
85628	1.60.1.69913	1.60.1.70338
85629	1.60.1.69913	1.60.1.70338
85630	1.60.1.69913	1.60.1.70338
85631	1.60.1.69913	1.60.1.70338
85632	1.60.1.69913	1.60.1.70338
85633	1.60.1.69913	1.60.1.70338
85634	1.60.1.69913	1.60.1.70338
85635	1.60.1.69913	1.60.1.70338
85636	1.60.1.69913	1.60.1.70338
85637	1.60.1.69913	1.60.1.70338
85638	1.60.1.69913	1.60.1.70338
85639	1.60.1.69913	1.60.1.70338
85640	1.60.1.69913	1.60.1.70338
85641	1.60.1.69913	1.60.1.70338
85643	1.60.1.69913	1.60.1.70338
85644	1.60.1.69913	1.60.1.70338
85658	1.60.1.69913	1.60.1.70338
85659	1.60.1.69913	1.60.1.70338
85660	1.60.1.69913	1.60.1.70338
85699	1.60.1.69913	1.60.1.70338
85700	1.60.1.69913	1.60.1.70338
85701	1.60.1.69913	1.60.1.70338
85702	1.60.1.69913	1.60.1.70338
85703	1.60.1.69913	1.60.1.70338
85704	1.60.1.69913	1.60.1.70338
85705	1.60.1.69913	1.60.1.70338
85706	1.60.1.69913	1.60.1.70338
85712	1.60.1.69913	1.60.1.70338
85713	1.60.1.69913	1.60.1.70338
85772	1.60.1.69913	1.60.1.70338
85882	1.60.1.69913	1.60.1.70338
85883	1.60.1.69913	1.60.1.70338
86181	1.60.1.69913	1.60.1.70338
86326	1.60.1.69913	1.60.1.70338
86433	1.60.1.69913	1.60.1.70338
86434	1.60.1.69913	1.60.1.70338
86442	1.60.1.69913	1.60.1.70338
86443	1.60.1.69913	1.60.1.70338
86444	1.60.1.69913	1.60.1.70338
86445	1.60.1.69913	1.60.1.70338
86449	1.60.1.69913	1.60.1.70338
86574	1.60.1.69913	1.60.1.70338
86576	1.60.1.69913	1.60.1.70338
86577	1.60.1.69913	1.60.1.70338
86585	1.60.1.69913	1.60.1.70338
86611	1.60.1.69913	1.60.1.70338
86612	1.60.1.69913	1.60.1.70338
86613	1.60.1.69913	1.60.1.70338
86614	1.60.1.69913	1.60.1.70338
86615	1.60.1.69913	1.60.1.70338
86616	1.60.1.69913	1.60.1.70338
86620	1.60.1.69913	1.60.1.70338
86667	1.60.1.69913	1.60.1.70338
86670	1.60.1.69913	1.60.1.70338
86673	1.60.1.69913	1.60.1.70338
86674	1.60.1.69913	1.60.1.70338
86679	1.60.1.69913	1.60.1.70338
86680	1.60.1.69913	1.60.1.70338
86724	1.60.1.69913	1.60.1.70338
86725	1.60.1.69913	1.60.1.70338
86746	1.60.1.69913	1.60.1.70338
86752	1.60.1.69913	1.60.1.70338
86757	1.60.1.69913	1.60.1.70338
86758	1.60.1.69913	1.60.1.70338
86776	1.60.1.69913	1.60.1.70338
86777	1.60.1.69913	1.60.1.70338
86784	1.60.1.69913	1.60.1.70338
86791	1.60.1.69913	1.60.1.70338
86792	1.60.1.69913	1.60.1.70338
86796	1.60.1.69913	1.60.1.70338
86797	1.60.1.69913	1.60.1.70338
86798	1.60.1.69913	1.60.1.70338
86799	1.60.1.69913	1.60.1.70338
86804	1.60.1.69913	1.60.1.70338
86812	1.60.1.69913	1.60.1.70338
86813	1.60.1.69913	1.60.1.70338
86814	1.60.1.69913	1.60.1.70338
86925	1.60.1.69913	1.60.1.70338
86926	1.60.1.69913	1.60.1.70338
86927	1.60.1.69913	1.60.1.70338
86964	1.60.1.69913	1.60.1.70338
86965	1.60.1.69913	1.60.1.70338
86966	1.60.1.69913	1.60.1.70338
86967	1.60.1.69913	1.60.1.70338
86968	1.60.1.69913	1.60.1.70338
86969	1.60.1.69913	1.60.1.70338
86970	1.60.1.69913	1.60.1.70338
86971	1.60.1.69913	1.60.1.70338
87283	1.60.1.69913	1.60.1.70338
87288	1.60.1.69913	1.60.1.70338
87295	1.60.1.69913	1.60.1.70338
87318	1.60.1.69913	1.60.1.70338
87346	1.60.1.69913	1.60.1.70338
87360	1.60.1.69913	1.60.1.70338
87361	1.60.1.69913	1.60.1.70338
87362	1.60.1.69913	1.60.1.70338
87364	1.60.1.69913	1.60.1.70338
87365	1.60.1.69913	1.60.1.70338
87366	1.60.1.69913	1.60.1.70338
87367	1.60.1.69913	1.60.1.70338
87368	1.60.1.69913	1.60.1.70338
87369	1.60.1.69913	1.60.1.70338
87370	1.60.1.69913	1.60.1.70338
87371	1.60.1.69913	1.60.1.70338
87372	1.60.1.69913	1.60.1.70338
87373	1.60.1.69913	1.60.1.70338
87441	1.60.1.69913	1.60.1.70338
87442	1.60.1.69913	1.60.1.70338
87443	1.60.1.69913	1.60.1.70338
87444	1.60.1.69913	1.60.1.70338
87451	1.60.1.69913	1.60.1.70338
87459	1.60.1.69913	1.60.1.70338
87491	1.60.1.69913	1.60.1.70338
87492	1.60.1.69913	1.60.1.70338
87493	1.60.1.69913	1.60.1.70338
87494	1.60.1.69913	1.60.1.70338
87497	1.60.1.69913	1.60.1.70338
87498	1.60.1.69913	1.60.1.70338
87502	1.60.1.69913	1.60.1.70338
87506	1.60.1.69913	1.60.1.70338
87508	1.60.1.69913	1.60.1.70338
87509	1.60.1.69913	1.60.1.70338
87516	1.60.1.69913	1.60.1.70338
87517	1.60.1.69913	1.60.1.70338
87518	1.60.1.69913	1.60.1.70338
87520	1.60.1.69913	1.60.1.70338
87760	1.60.1.69913	1.60.1.70338
88717	1.60.1.69913	1.60.1.70338
88718	1.60.1.69913	1.60.1.70338
88729	1.60.1.69913	1.60.1.70338
88730	1.60.1.69913	1.60.1.70338
88744	1.60.1.69913	1.60.1.70338
88745	1.60.1.69913	1.60.1.70338
88748	1.60.1.69913	1.60.1.70338
88749	1.60.1.69913	1.60.1.70338
88756	1.60.1.69913	1.60.1.70338
88757	1.60.1.69913	1.60.1.70338
88758	1.60.1.69913	1.60.1.70338
88759	1.60.1.69913	1.60.1.70338
88760	1.60.1.69913	1.60.1.70338
88761	1.60.1.69913	1.60.1.70338
88762	1.60.1.69913	1.60.1.70338
88763	1.60.1.69913	1.60.1.70338
88764	1.60.1.69913	1.60.1.70338
88765	1.60.1.69913	1.60.1.70338
88807	1.60.1.69913	1.60.1.70338
88809	1.60.1.69913	1.60.1.70338
88812	1.60.1.69913	1.60.1.70338
88813	1.60.1.69913	1.60.1.70338
88821	1.60.1.69913	1.60.1.70338
88822	1.60.1.69913	1.60.1.70338
88857	1.60.1.69913	1.60.1.70338
88884	1.60.1.69913	1.60.1.70338
88917	1.60.1.69913	1.60.1.70338
88940	1.60.1.69913	1.60.1.70338
88943	1.60.1.69913	1.60.1.70338
88944	1.60.1.69913	1.60.1.70338
88968	1.60.1.69913	1.60.1.70338
88969	1.60.1.69913	1.60.1.70338
89001	1.60.1.69913	1.60.1.70338
89006	1.60.1.69913	1.60.1.70338
89007	1.60.1.69913	1.60.1.70338
89008	1.60.1.69913	1.60.1.70338
89009	1.60.1.69913	1.60.1.70338
89010	1.60.1.69913	1.60.1.70338
89013	1.60.1.69913	1.60.1.70338
89014	1.60.1.69913	1.60.1.70338
89015	1.60.1.69913	1.60.1.70338
89037	1.60.1.69913	1.60.1.70338
89038	1.60.1.69913	1.60.1.70338
89053	1.60.1.69913	1.60.1.70338
89058	1.60.1.69913	1.60.1.70338
89059	1.60.1.69913	1.60.1.70338
89224	1.60.1.69913	1.60.1.70338
89225	1.60.1.69913	1.60.1.70338
89226	1.60.1.69913	1.60.1.70338
89228	1.60.1.69913	1.60.1.70338
89229	1.60.1.69913	1.60.1.70338
89232	1.60.1.69913	1.60.1.70338
89234	1.60.1.69913	1.60.1.70338
89235	1.60.1.69913	1.60.1.70338
89236	1.60.1.69913	1.60.1.70338
89237	1.60.1.69913	1.60.1.70338
89245	1.60.1.69913	1.60.1.70338
89253	1.60.1.69913	1.60.1.70338
89255	1.60.1.69913	1.60.1.70338
89256	1.60.1.69913	1.60.1.70338
89257	1.60.1.69913	1.60.1.70338
89258	1.60.1.69913	1.60.1.70338
89259	1.60.1.69913	1.60.1.70338
89260	1.60.1.69913	1.60.1.70338
89261	1.60.1.69913	1.60.1.70338
89262	1.60.1.69913	1.60.1.70338
89296	1.60.1.69913	1.60.1.70338
89298	1.60.1.69913	1.60.1.70338
89299	1.60.1.69913	1.60.1.70338
89300	1.60.1.69913	1.60.1.70338
89301	1.60.1.69913	1.60.1.70338
89303	1.60.1.69913	1.60.1.70338
89304	1.60.1.69913	1.60.1.70338
89310	1.60.1.69913	1.60.1.70338
89328	1.60.1.69913	1.60.1.70338
89329	1.60.1.69913	1.60.1.70338
89340	1.60.1.69913	1.60.1.70338
89341	1.60.1.69913	1.60.1.70338
89342	1.60.1.69913	1.60.1.70338
89355	1.60.1.69913	1.60.1.70338
89356	1.60.1.69913	1.60.1.70338
89357	1.60.1.69913	1.60.1.70338
89358	1.60.1.69913	1.60.1.70338
89359	1.60.1.69913	1.60.1.70338
89360	1.60.1.69913	1.60.1.70338
89361	1.60.1.69913	1.60.1.70338
89362	1.60.1.69913	1.60.1.70338
89363	1.60.1.69913	1.60.1.70338
89364	1.60.1.69913	1.60.1.70338
89365	1.60.1.69913	1.60.1.70338
89366	1.60.1.69913	1.60.1.70338
89367	1.60.1.69913	1.60.1.70338
89368	1.60.1.69913	1.60.1.70338
89369	1.60.1.69913	1.60.1.70338
89370	1.60.1.69913	1.60.1.70338
89371	1.60.1.69913	1.60.1.70338
89372	1.60.1.69913	1.60.1.70338
89373	1.60.1.69913	1.60.1.70338
89374	1.60.1.69913	1.60.1.70338
89375	1.60.1.69913	1.60.1.70338
89376	1.60.1.69913	1.60.1.70338
89381	1.60.1.69913	1.60.1.70338
89421	1.60.1.69913	1.60.1.70338
89442	1.60.1.69913	1.60.1.70338
89443	1.60.1.69913	1.60.1.70338
89444	1.60.1.69913	1.60.1.70338
89445	1.60.1.69913	1.60.1.70338
89446	1.60.1.69913	1.60.1.70338
89447	1.60.1.69913	1.60.1.70338
89448	1.60.1.69913	1.60.1.70338
89449	1.60.1.69913	1.60.1.70338
89451	1.60.1.69913	1.60.1.70338
89462	1.60.1.69913	1.60.1.70338
89463	1.60.1.69913	1.60.1.70338
89470	1.60.1.69913	1.60.1.70338
89471	1.60.1.69913	1.60.1.70338
89473	1.60.1.69913	1.60.1.70338
89474	1.60.1.69913	1.60.1.70338
89475	1.60.1.69913	1.60.1.70338
89485	1.60.1.69913	1.60.1.70338
89486	1.60.1.69913	1.60.1.70338
89487	1.60.1.69913	1.60.1.70338
89488	1.60.1.69913	1.60.1.70338
89489	1.60.1.69913	1.60.1.70338
89491	1.60.1.69913	1.60.1.70338
89504	1.60.1.69913	1.60.1.70338
89562	1.60.1.69913	1.60.1.70338
89563	1.60.1.69913	1.60.1.70338
89567	1.60.1.69913	1.60.1.70338
89568	1.60.1.69913	1.60.1.70338
89574	1.60.1.69913	1.60.1.70338
89814	1.60.1.69913	1.60.1.70338
90104	1.60.1.69913	1.60.1.70338
90106	1.60.1.69913	1.60.1.70338
90107	1.60.1.69913	1.60.1.70338
90116	1.60.1.69913	1.60.1.70338
90117	1.60.1.69913	1.60.1.70338
90120	1.60.1.69913	1.60.1.70338
90487	1.60.1.69913	1.60.1.70338
90506	1.60.1.69913	1.60.1.70338
90507	1.60.1.69913	1.60.1.70338
90508	1.60.1.69913	1.60.1.70338
90510	1.60.1.69913	1.60.1.70338
90516	1.60.1.69913	1.60.1.70338
90518	1.60.1.69913	1.60.1.70338
90519	1.60.1.69913	1.60.1.70338
90520	1.60.1.69913	1.60.1.70338
90539	1.60.1.69913	1.60.1.70338
90558	1.60.1.69913	1.60.1.70338
90559	1.60.1.69913	1.60.1.70338
90560	1.60.1.69913	1.60.1.70338
90566	1.60.1.69913	1.60.1.70338
90567	1.60.1.69913	1.60.1.70338
90603	1.60.1.69913	1.60.1.70338
90604	1.60.1.69913	1.60.1.70338
90605	1.60.1.69913	1.60.1.70338
90606	1.60.1.69913	1.60.1.70338
90611	1.60.1.69913	1.60.1.70338
90612	1.60.1.69913	1.60.1.70338
90613	1.60.1.69913	1.60.1.70338
90624	1.60.1.69913	1.60.1.70338
90625	1.60.1.69913	1.60.1.70338
90626	1.60.1.69913	1.60.1.70338
90627	1.60.1.69913	1.60.1.70338
90629	1.60.1.69913	1.60.1.70338
90647	1.60.1.69913	1.60.1.70338
90702	1.60.1.69913	1.60.1.70338
90750	1.60.1.69913	1.60.1.70338
90756	1.60.1.69913	1.60.1.70338
90758	1.60.1.69913	1.60.1.70338
90789	1.60.1.69913	1.60.1.70338
90813	1.60.1.69913	1.60.1.70338
90817	1.60.1.69913	1.60.1.70338
90854	1.60.1.69913	1.60.1.70338
90865	1.60.1.69913	1.60.1.70338
90902	1.60.1.69913	1.60.1.70338
91208	1.60.1.69913	1.60.1.70338
91209	1.60.1.69913	1.60.1.70338
91282	1.60.1.69913	1.60.1.70338
91285	1.60.1.69913	1.60.1.70338
91294	1.60.1.69913	1.60.1.70338
91316	1.60.1.69913	1.60.1.70338
91317	1.60.1.69913	1.60.1.70338
91354	1.60.1.69913	1.60.1.70338
91488	1.60.1.69913	1.60.1.70338
91497	1.60.1.69913	1.60.1.70338
91498	1.60.1.69913	1.60.1.70338
91499	1.60.1.69913	1.60.1.70338
91500	1.60.1.69913	1.60.1.70338
91531	1.60.1.69913	1.60.1.70338
91538	1.60.1.69913	1.60.1.70338
91547	1.60.1.69913	1.60.1.70338
91548	1.60.1.69913	1.60.1.70338
91564	1.60.1.69913	1.60.1.70338
91568	1.60.1.69913	1.60.1.70338
91569	1.60.1.69913	1.60.1.70338
91607	1.60.1.69913	1.60.1.70338
91608	1.60.1.69913	1.60.1.70338
91609	1.60.1.69913	1.60.1.70338
91610	1.60.1.69913	1.60.1.70338
91611	1.60.1.69913	1.60.1.70338
91685	1.60.1.69913	1.60.1.70338
91688	1.60.1.69913	1.60.1.70338
91696	1.60.1.69913	1.60.1.70338
91697	1.60.1.69913	1.60.1.70338
91698	1.60.1.69913	1.60.1.70338
91723	1.60.1.69913	1.60.1.70338
91724	1.60.1.69913	1.60.1.70338
91725	1.60.1.69913	1.60.1.70338
91732	1.60.1.69913	1.60.1.70338
91733	1.60.1.69913	1.60.1.70338
91734	1.60.1.69913	1.60.1.70338
91735	1.60.1.69913	1.60.1.70338
91736	1.60.1.69913	1.60.1.70338
91737	1.60.1.69913	1.60.1.70338
91738	1.60.1.69913	1.60.1.70338
91740	1.60.1.69913	1.60.1.70338
91741	1.60.1.69913	1.60.1.70338
91743	1.60.1.69913	1.60.1.70338
91745	1.60.1.69913	1.60.1.70338
91746	1.60.1.69913	1.60.1.70338
91751	1.60.1.69913	1.60.1.70338
91752	1.60.1.69913	1.60.1.70338
91753	1.60.1.69913	1.60.1.70338
91754	1.60.1.69913	1.60.1.70338
91755	1.60.1.69913	1.60.1.70338
91758	1.60.1.69913	1.60.1.70338
91760	1.60.1.69913	1.60.1.70338
91762	1.60.1.69913	1.60.1.70338
91770	1.60.1.69913	1.60.1.70338
91772	1.60.1.69913	1.60.1.70338
91775	1.60.1.69913	1.60.1.70338
91777	1.60.1.69913	1.60.1.70338
91794	1.60.1.69913	1.60.1.70338
91858	1.60.1.69913	1.60.1.70338
91859	1.60.1.69913	1.60.1.70338
91860	1.60.1.69913	1.60.1.70338
91861	1.60.1.69913	1.60.1.70338
91862	1.60.1.69913	1.60.1.70338
91877	1.60.1.69913	1.60.1.70338
91881	1.60.1.69913	1.60.1.70338
91882	1.60.1.69913	1.60.1.70338
91883	1.60.1.69913	1.60.1.70338
91899	1.60.1.69913	1.60.1.70338
91900	1.60.1.69913	1.60.1.70338
91901	1.60.1.70124	1.60.1.70338
91904	1.60.1.69913	1.60.1.70338
91905	1.60.1.70124	1.60.1.70338
91906	1.60.1.70124	1.60.1.70338
91917	1.60.1.69913	1.60.1.70338
91920	1.60.1.69913	1.60.1.70338
91921	1.60.1.69913	1.60.1.70338
91923	1.60.1.69913	1.60.1.70338
91952	1.60.1.69913	1.60.1.70338
92008	1.60.1.69913	1.60.1.70338
92009	1.60.1.69913	1.60.1.70338
92011	1.60.1.69913	1.60.1.70338
92014	1.60.1.69913	1.60.1.70338
92015	1.60.1.69913	1.60.1.70338
92016	1.60.1.69913	1.60.1.70338
92017	1.60.1.69913	1.60.1.70338
92020	1.60.1.69913	1.60.1.70338
92064	1.60.1.69913	1.60.1.70338
92065	1.60.1.69913	1.60.1.70338
92066	1.60.1.69913	1.60.1.70338
92068	1.60.1.69913	1.60.1.70338
92069	1.60.1.69913	1.60.1.70338
92070	1.60.1.69913	1.60.1.70338
92094	1.60.1.69913	1.60.1.70338
92100	1.60.1.69913	1.60.1.70338
92101	1.60.1.69913	1.60.1.70338
92102	1.60.1.69913	1.60.1.70338
92109	1.60.1.69913	1.60.1.70338
92110	1.60.1.69913	1.60.1.70338
92111	1.60.1.69913	1.60.1.70338
92124	1.60.1.69913	1.60.1.70338
92147	1.60.1.69913	1.60.1.70338
92169	1.60.1.69913	1.60.1.70338
92171	1.60.1.69913	1.60.1.70338
92189	1.60.1.69913	1.60.1.70338
92317	1.60.1.69913	1.60.1.70338
92328	1.60.1.69913	1.60.1.70338
92329	1.60.1.69913	1.60.1.70338
92335	1.60.1.69913	1.60.1.70338
92343	1.60.1.69913	1.60.1.70338
92344	1.60.1.69913	1.60.1.70338
92345	1.60.1.69913	1.60.1.70338
92346	1.60.1.69913	1.60.1.70338
92401	1.60.1.69913	1.60.1.70338
92415	1.60.1.69913	1.60.1.70338
92421	1.60.1.69913	1.60.1.70338
92422	1.60.1.69913	1.60.1.70338
92432	1.60.1.69913	1.60.1.70338
92433	1.60.1.69913	1.60.1.70338
92434	1.60.1.69913	1.60.1.70338
92446	1.60.1.69913	1.60.1.70338
92449	1.60.1.69913	1.60.1.70338
92454	1.60.1.69913	1.60.1.70338
92456	1.60.1.69913	1.60.1.70338
92457	1.60.1.69913	1.60.1.70338
92458	1.60.1.69913	1.60.1.70338
92459	1.60.1.69913	1.60.1.70338
92460	1.60.1.69913	1.60.1.70338
92461	1.60.1.69913	1.60.1.70338
92462	1.60.1.69913	1.60.1.70338
92463	1.60.1.69913	1.60.1.70338
92464	1.60.1.69913	1.60.1.70338
92465	1.60.1.69913	1.60.1.70338
92466	1.60.1.69913	1.60.1.70338
92467	1.60.1.69913	1.60.1.70338
92468	1.60.1.69913	1.60.1.70338
92469	1.60.1.69913	1.60.1.70338
92470	1.60.1.69913	1.60.1.70338
92471	1.60.1.69913	1.60.1.70338
92472	1.60.1.69913	1.60.1.70338
92473	1.60.1.69913	1.60.1.70338
92474	1.60.1.69913	1.60.1.70338
92479	1.60.1.69913	1.60.1.70338
92480	1.60.1.69913	1.60.1.70338
92481	1.60.1.69913	1.60.1.70338
92482	1.60.1.69913	1.60.1.70338
92483	1.60.1.69913	1.60.1.70338
92484	1.60.1.69913	1.60.1.70338
92485	1.60.1.69913	1.60.1.70338
92489	1.60.1.69913	1.60.1.70338
92490	1.60.1.69913	1.60.1.70338
92500	1.60.1.69913	1.60.1.70338
92514	1.60.1.69913	1.60.1.70338
92515	1.60.1.69913	1.60.1.70338
92516	1.60.1.69913	1.60.1.70338
92517	1.60.1.69913	1.60.1.70338
92519	1.60.1.69913	1.60.1.70338
92521	1.60.1.69913	1.60.1.70338
92525	1.60.1.69913	1.60.1.70338
92526	1.60.1.69913	1.60.1.70338
92527	1.60.1.69913	1.60.1.70338
92528	1.60.1.69913	1.60.1.70338
92529	1.60.1.69913	1.60.1.70338
92532	1.60.1.69913	1.60.1.70338
92533	1.60.1.69913	1.60.1.70338
92534	1.60.1.69913	1.60.1.70338
92542	1.60.1.69913	1.60.1.70338
92543	1.60.1.69913	1.60.1.70338
92544	1.60.1.69913	1.60.1.70338
92545	1.60.1.69913	1.60.1.70338
92548	1.60.1.69913	1.60.1.70338
92550	1.60.1.69913	1.60.1.70338
92551	1.60.1.69913	1.60.1.70338
92552	1.60.1.69913	1.60.1.70338
92553	1.60.1.69913	1.60.1.70338
92561	1.60.1.69913	1.60.1.70338
92562	1.60.1.69913	1.60.1.70338
92575	1.60.1.69913	1.60.1.70338
92579	1.60.1.69913	1.60.1.70338
92590	1.60.1.69913	1.60.1.70338
92591	1.60.1.69913	1.60.1.70338
92592	1.60.1.69913	1.60.1.70338
92593	1.60.1.69913	1.60.1.70338
92594	1.60.1.69913	1.60.1.70338
92595	1.60.1.69913	1.60.1.70338
92596	1.60.1.69913	1.60.1.70338
92597	1.60.1.69913	1.60.1.70338
92598	1.60.1.69913	1.60.1.70338
92609	1.60.1.69913	1.60.1.70338
92612	1.60.1.69913	1.60.1.70338
92639	1.60.1.69913	1.60.1.70338
92640	1.60.1.69913	1.60.1.70338
92642	1.60.1.69913	1.60.1.70338
92643	1.60.1.69913	1.60.1.70338
92644	1.60.1.69913	1.60.1.70338
92645	1.60.1.69913	1.60.1.70338
92646	1.60.1.69913	1.60.1.70338
92679	1.60.1.69913	1.60.1.70338
92682	1.60.1.69913	1.60.1.70338
92683	1.60.1.69913	1.60.1.70338
92684	1.60.1.69913	1.60.1.70338
92685	1.60.1.69913	1.60.1.70338
92693	1.60.1.69913	1.60.1.70338
92698	1.60.1.69913	1.60.1.70338
92699	1.60.1.69913	1.60.1.70338
92700	1.60.1.69913	1.60.1.70338
92701	1.60.1.69913	1.60.1.70338
92702	1.60.1.69913	1.60.1.70338
92703	1.60.1.69913	1.60.1.70338
92706	1.60.1.69913	1.60.1.70338
92707	1.60.1.69913	1.60.1.70338
92708	1.60.1.69913	1.60.1.70338
92709	1.60.1.69913	1.60.1.70338
92726	1.60.1.69913	1.60.1.70338
92727	1.60.1.69913	1.60.1.70338
92741	1.60.1.69913	1.60.1.70338
92742	1.60.1.69913	1.60.1.70338
92743	1.60.1.69913	1.60.1.70338
92744	1.60.1.69913	1.60.1.70338
92745	1.60.1.69913	1.60.1.70338
92747	1.60.1.69913	1.60.1.70338
92748	1.60.1.69913	1.60.1.70338
92749	1.60.1.69913	1.60.1.70338
92750	1.60.1.69913	1.60.1.70338
92751	1.60.1.69913	1.60.1.70338
92752	1.60.1.69913	1.60.1.70338
92753	1.60.1.69913	1.60.1.70338
92754	1.60.1.69913	1.60.1.70338
92755	1.60.1.69913	1.60.1.70338
92814	1.60.1.69913	1.60.1.70338
92817	1.60.1.69913	1.60.1.70338
92818	1.60.1.69913	1.60.1.70338
92819	1.60.1.69913	1.60.1.70338
92822	1.60.1.69913	1.60.1.70338
92823	1.60.1.69913	1.60.1.70338
92833	1.60.1.69913	1.60.1.70338
92834	1.60.1.69913	1.60.1.70338
92840	1.60.1.69913	1.60.1.70338
92841	1.60.1.69913	1.60.1.70338
92842	1.60.1.69913	1.60.1.70338
92844	1.60.1.69913	1.60.1.70338
92846	1.60.1.69913	1.60.1.70338
92847	1.60.1.69913	1.60.1.70338
92849	1.60.1.69913	1.60.1.70338
92850	1.60.1.69913	1.60.1.70338
92858	1.60.1.69913	1.60.1.70338
92859	1.60.1.69913	1.60.1.70338
92860	1.60.1.69913	1.60.1.70338
92867	1.60.1.69913	1.60.1.70338
92871	1.60.1.69913	1.60.1.70338
92872	1.60.1.69913	1.60.1.70338
92873	1.60.1.69913	1.60.1.70338
92878	1.60.1.69913	1.60.1.70338
92880	1.60.1.69913	1.60.1.70338
92881	1.60.1.69913	1.60.1.70338
92893	1.60.1.69913	1.60.1.70338
92894	1.60.1.69913	1.60.1.70338
92908	1.60.1.69913	1.60.1.70338
92909	1.60.1.69913	1.60.1.70338
92910	1.60.1.69913	1.60.1.70338
92911	1.60.1.69913	1.60.1.70338
92912	1.60.1.69913	1.60.1.70338
92913	1.60.1.69913	1.60.1.70338
92914	1.60.1.69913	1.60.1.70338
92941	1.60.1.69913	1.60.1.70338
92942	1.60.1.69913	1.60.1.70338
92947	1.60.1.69913	1.60.1.70338
92956	1.60.1.69913	1.60.1.70338
92959	1.60.1.69913	1.60.1.70338
92960	1.60.1.69913	1.60.1.70338
93014	1.60.1.69913	1.60.1.70338
93015	1.60.1.69913	1.60.1.70338
93016	1.60.1.69913	1.60.1.70338
93030	1.60.1.69913	1.60.1.70338
93034	1.60.1.69913	1.60.1.70338
93035	1.60.1.69913	1.60.1.70338
93036	1.60.1.69913	1.60.1.70338
93037	1.60.1.69913	1.60.1.70338
93041	1.60.1.69913	1.60.1.70338
93044	1.60.1.69913	1.60.1.70338
93045	1.60.1.69913	1.60.1.70338
93054	1.60.1.69913	1.60.1.70338
93058	1.60.1.69913	1.60.1.70338
93062	1.60.1.69913	1.60.1.70338
93065	1.60.1.69913	1.60.1.70338
93066	1.60.1.69913	1.60.1.70338
93072	1.60.1.69913	1.60.1.70338
93089	1.60.1.69913	1.60.1.70338
93090	1.60.1.69913	1.60.1.70338
93122	1.60.1.69913	1.60.1.70338
93123	1.60.1.69913	1.60.1.70338
93125	1.60.1.69913	1.60.1.70338
93126	1.60.1.69913	1.60.1.70338
93127	1.60.1.69913	1.60.1.70338
93128	1.60.1.69913	1.60.1.70338
93129	1.60.1.69913	1.60.1.70338
93156	1.60.1.69913	1.60.1.70338
93159	1.60.1.69913	1.60.1.70338
93160	1.60.1.69913	1.60.1.70338
93163	1.60.1.69913	1.60.1.70338
93165	1.60.1.69913	1.60.1.70338
93166	1.60.1.69913	1.60.1.70338
93167	1.60.1.69913	1.60.1.70338
93172	1.60.1.69913	1.60.1.70338
93173	1.60.1.69913	1.60.1.70338
93174	1.60.1.69913	1.60.1.70338
93175	1.60.1.69913	1.60.1.70338
93176	1.60.1.69913	1.60.1.70338
93188	1.60.1.69913	1.60.1.70338
93196	1.60.1.69913	1.60.1.70338
93197	1.60.1.69913	1.60.1.70338
93224	1.60.1.69913	1.60.1.70338
93225	1.60.1.69913	1.60.1.70338
93226	1.60.1.69913	1.60.1.70338
93227	1.60.1.69913	1.60.1.70338
93269	1.60.1.69913	1.60.1.70338
93314	1.60.1.69913	1.60.1.70338
93316	1.60.1.69913	1.60.1.70338
93317	1.60.1.69913	1.60.1.70338
93318	1.60.1.69913	1.60.1.70338
93319	1.60.1.69913	1.60.1.70338
93320	1.60.1.69913	1.60.1.70338
93341	1.60.1.69913	1.60.1.70338
93362	1.60.1.69913	1.60.1.70338
93383	1.60.1.69913	1.60.1.70338
93394	1.60.1.69913	1.60.1.70338
93404	1.60.1.69913	1.60.1.70338
93406	1.60.1.69913	1.60.1.70338
93407	1.60.1.69913	1.60.1.70338
93422	1.60.1.69913	1.60.1.70338
93429	1.60.1.69913	1.60.1.70338
93430	1.60.1.69913	1.60.1.70338
93443	1.60.1.69913	1.60.1.70338
93444	1.60.1.69913	1.60.1.70338
93450	1.60.1.69913	1.60.1.70338
93451	1.60.1.69913	1.60.1.70338
93458	1.60.1.69913	1.60.1.70338
93459	1.60.1.69913	1.60.1.70338
93460	1.60.1.69913	1.60.1.70338
93461	1.60.1.69913	1.60.1.70338
93462	1.60.1.69913	1.60.1.70338
93463	1.60.1.69913	1.60.1.70338
93464	1.60.1.69913	1.60.1.70338
93465	1.60.1.69913	1.60.1.70338
93510	1.60.1.69913	1.60.1.70338
93521	1.60.1.69913	1.60.1.70338
93546	1.60.1.69913	1.60.1.70338
93547	1.60.1.69913	1.60.1.70338
93551	1.60.1.69913	1.60.1.70338
93552	1.60.1.69913	1.60.1.70338
93567	1.60.1.69913	1.60.1.70338
93568	1.60.1.69913	1.60.1.70338
93572	1.60.1.69913	1.60.1.70338
93574	1.60.1.69913	1.60.1.70338
93580	1.60.1.69913	1.60.1.70338
93584	1.60.1.69913	1.60.1.70338
93585	1.60.1.69913	1.60.1.70338
93594	1.60.1.69913	1.60.1.70338
93601	1.60.1.69913	1.60.1.70338
93604	1.60.1.69913	1.60.1.70338
93606	1.60.1.69913	1.60.1.70338
93609	1.60.1.69913	1.60.1.70338
93615	1.60.1.69913	1.60.1.70338
93617	1.60.1.69913	1.60.1.70338
93644	1.60.1.69913	1.60.1.70338
93653	1.60.1.69913	1.60.1.70338
93654	1.60.1.69913	1.60.1.70338
93655	1.60.1.69913	1.60.1.70338
93656	1.60.1.69913	1.60.1.70338
93657	1.60.1.69913	1.60.1.70338
93658	1.60.1.69913	1.60.1.70338
93659	1.60.1.69913	1.60.1.70338
93660	1.60.1.69913	1.60.1.70338
93661	1.60.1.69913	1.60.1.70338
93662	1.60.1.69913	1.60.1.70338
93663	1.60.1.69913	1.60.1.70338
93678	1.60.1.69913	1.60.1.70338
93679	1.60.1.69913	1.60.1.70338
93680	1.60.1.69913	1.60.1.70338
93684	1.60.1.69913	1.60.1.70338
93685	1.60.1.69913	1.60.1.70338
93689	1.60.1.69913	1.60.1.70338
93732	1.60.1.69913	1.60.1.70338
93733	1.60.1.69913	1.60.1.70338
93735	1.60.1.69913	1.60.1.70338
93736	1.60.1.69913	1.60.1.70338
93737	1.60.1.69913	1.60.1.70338
93738	1.60.1.69913	1.60.1.70338
93739	1.60.1.69913	1.60.1.70338
93740	1.60.1.69913	1.60.1.70338
93746	1.60.1.69913	1.60.1.70338
93747	1.60.1.69913	1.60.1.70338
93759	1.60.1.69913	1.60.1.70338
93773	1.60.1.69913	1.60.1.70338
93786	1.60.1.69913	1.60.1.70338
93787	1.60.1.69913	1.60.1.70338
93788	1.60.1.69913	1.60.1.70338
93791	1.60.1.69913	1.60.1.70338
93797	1.60.1.69913	1.60.1.70338
93825	1.60.1.69913	1.60.1.70338
93826	1.60.1.69913	1.60.1.70338
93827	1.60.1.69913	1.60.1.70338
93828	1.60.1.69913	1.60.1.70338
93830	1.60.1.69913	1.60.1.70338
93831	1.60.1.69913	1.60.1.70338
93832	1.60.1.69913	1.60.1.70338
93833	1.60.1.69913	1.60.1.70338
93834	1.60.1.69913	1.60.1.70338
93835	1.60.1.69913	1.60.1.70338
93836	1.60.1.69913	1.60.1.70338
93844	1.60.1.69913	1.60.1.70338
93845	1.60.1.69913	1.60.1.70338
93846	1.60.1.69913	1.60.1.70338
93847	1.60.1.69913	1.60.1.70338
93848	1.60.1.69913	1.60.1.70338
93854	1.60.1.69913	1.60.1.70338
93862	1.60.1.70124	1.60.1.70338
93894	1.60.1.69913	1.60.1.70338
93900	1.60.1.69913	1.60.1.70338
93926	1.60.1.69913	1.60.1.70338
93927	1.60.1.69913	1.60.1.70338
93928	1.60.1.69913	1.60.1.70338
93948	1.60.1.69913	1.60.1.70338
93949	1.60.1.69913	1.60.1.70338
93951	1.60.1.69913	1.60.1.70338
93952	1.60.1.69913	1.60.1.70338
93958	1.60.1.69913	1.60.1.70338
93963	1.60.1.69913	1.60.1.70338
93971	1.60.1.69913	1.60.1.70338
93976	1.60.1.69913	1.60.1.70338
94003	1.60.1.69913	1.60.1.70338
94004	1.60.1.69913	1.60.1.70338
94006	1.60.1.69913	1.60.1.70338
94007	1.60.1.69913	1.60.1.70338
94013	1.60.1.69913	1.60.1.70338
94049	1.60.1.69913	1.60.1.70338
94050	1.60.1.69913	1.60.1.70338
94212	1.60.1.69913	1.60.1.70338
94213	1.60.1.69913	1.60.1.70338
94214	1.60.1.69913	1.60.1.70338
94215	1.60.1.69913	1.60.1.70338
94216	1.60.1.69913	1.60.1.70338
94217	1.60.1.69913	1.60.1.70338
94218	1.60.1.69913	1.60.1.70338
94219	1.60.1.69913	1.60.1.70338
94220	1.60.1.69913	1.60.1.70338
94221	1.60.1.69913	1.60.1.70338
94222	1.60.1.69913	1.60.1.70338
94223	1.60.1.69913	1.60.1.70338
94224	1.60.1.69913	1.60.1.70338
94225	1.60.1.69913	1.60.1.70338
94226	1.60.1.69913	1.60.1.70338
94227	1.60.1.69913	1.60.1.70338
94228	1.60.1.69913	1.60.1.70338
94229	1.60.1.69913	1.60.1.70338
94230	1.60.1.69913	1.60.1.70338
94231	1.60.1.69913	1.60.1.70338
94232	1.60.1.69913	1.60.1.70338
94233	1.60.1.69913	1.60.1.70338
94234	1.60.1.69913	1.60.1.70338
94235	1.60.1.69913	1.60.1.70338
94236	1.60.1.69913	1.60.1.70338
94237	1.60.1.69913	1.60.1.70338
94238	1.60.1.69913	1.60.1.70338
94239	1.60.1.69913	1.60.1.70338
94240	1.60.1.69913	1.60.1.70338
94241	1.60.1.69913	1.60.1.70338
94242	1.60.1.69913	1.60.1.70338
94243	1.60.1.69913	1.60.1.70338
94244	1.60.1.69913	1.60.1.70338
94245	1.60.1.69913	1.60.1.70338
94246	1.60.1.69913	1.60.1.70338
94247	1.60.1.69913	1.60.1.70338
94248	1.60.1.69913	1.60.1.70338
94249	1.60.1.69913	1.60.1.70338
94250	1.60.1.69913	1.60.1.70338
94251	1.60.1.69913	1.60.1.70338
94252	1.60.1.69913	1.60.1.70338
94253	1.60.1.69913	1.60.1.70338
94254	1.60.1.69913	1.60.1.70338
94255	1.60.1.69913	1.60.1.70338
94256	1.60.1.69913	1.60.1.70338
94257	1.60.1.69913	1.60.1.70338
94258	1.60.1.69913	1.60.1.70338
94259	1.60.1.69913	1.60.1.70338
94260	1.60.1.69913	1.60.1.70338
94261	1.60.1.69913	1.60.1.70338
94262	1.60.1.69913	1.60.1.70338
94263	1.60.1.69913	1.60.1.70338
94264	1.60.1.69913	1.60.1.70338
94265	1.60.1.69913	1.60.1.70338
94266	1.60.1.69913	1.60.1.70338
94267	1.60.1.69913	1.60.1.70338
94268	1.60.1.69913	1.60.1.70338
94269	1.60.1.69913	1.60.1.70338
94270	1.60.1.69913	1.60.1.70338
94271	1.60.1.69913	1.60.1.70338
94272	1.60.1.69913	1.60.1.70338
94273	1.60.1.69913	1.60.1.70338
94274	1.60.1.69913	1.60.1.70338
94275	1.60.1.69913	1.60.1.70338
94276	1.60.1.69913	1.60.1.70338
94277	1.60.1.69913	1.60.1.70338
94278	1.60.1.69913	1.60.1.70338
94279	1.60.1.69913	1.60.1.70338
94280	1.60.1.69913	1.60.1.70338
94281	1.60.1.69913	1.60.1.70338
94282	1.60.1.69913	1.60.1.70338
94283	1.60.1.69913	1.60.1.70338
94284	1.60.1.69913	1.60.1.70338
94285	1.60.1.69913	1.60.1.70338
94286	1.60.1.69913	1.60.1.70338
94287	1.60.1.69913	1.60.1.70338
94288	1.60.1.69913	1.60.1.70338
94289	1.60.1.69913	1.60.1.70338
94290	1.60.1.69913	1.60.1.70338
94291	1.60.1.69913	1.60.1.70338
94292	1.60.1.69913	1.60.1.70338
94293	1.60.1.69913	1.60.1.70338
94294	1.60.1.69913	1.60.1.70338
94295	1.60.1.69913	1.60.1.70338
94296	1.60.1.69913	1.60.1.70338
94297	1.60.1.69913	1.60.1.70338
94298	1.60.1.69913	1.60.1.70338
94299	1.60.1.69913	1.60.1.70338
94300	1.60.1.69913	1.60.1.70338
94301	1.60.1.69913	1.60.1.70338
94302	1.60.1.69913	1.60.1.70338
94303	1.60.1.69913	1.60.1.70338
94304	1.60.1.69913	1.60.1.70338
94305	1.60.1.69913	1.60.1.70338
94306	1.60.1.69913	1.60.1.70338
94307	1.60.1.69913	1.60.1.70338
94308	1.60.1.69913	1.60.1.70338
94309	1.60.1.69913	1.60.1.70338
94310	1.60.1.69913	1.60.1.70338
94311	1.60.1.69913	1.60.1.70338
94312	1.60.1.69913	1.60.1.70338
94313	1.60.1.69913	1.60.1.70338
94314	1.60.1.69913	1.60.1.70338
94315	1.60.1.69913	1.60.1.70338
94316	1.60.1.69913	1.60.1.70338
94317	1.60.1.69913	1.60.1.70338
94318	1.60.1.69913	1.60.1.70338
94319	1.60.1.69913	1.60.1.70338
94320	1.60.1.69913	1.60.1.70338
94321	1.60.1.69913	1.60.1.70338
94322	1.60.1.69913	1.60.1.70338
94323	1.60.1.69913	1.60.1.70338
94324	1.60.1.69913	1.60.1.70338
94325	1.60.1.69913	1.60.1.70338
94326	1.60.1.69913	1.60.1.70338
94327	1.60.1.69913	1.60.1.70338
94328	1.60.1.69913	1.60.1.70338
94329	1.60.1.69913	1.60.1.70338
94330	1.60.1.69913	1.60.1.70338
94331	1.60.1.69913	1.60.1.70338
94332	1.60.1.69913	1.60.1.70338
94333	1.60.1.69913	1.60.1.70338
94334	1.60.1.69913	1.60.1.70338
94335	1.60.1.69913	1.60.1.70338
94336	1.60.1.69913	1.60.1.70338
94337	1.60.1.69913	1.60.1.70338
94338	1.60.1.69913	1.60.1.70338
94339	1.60.1.69913	1.60.1.70338
94340	1.60.1.69913	1.60.1.70338
94341	1.60.1.69913	1.60.1.70338
94342	1.60.1.69913	1.60.1.70338
94343	1.60.1.69913	1.60.1.70338
94344	1.60.1.69913	1.60.1.70338
94345	1.60.1.69913	1.60.1.70338
94346	1.60.1.69913	1.60.1.70338
94347	1.60.1.69913	1.60.1.70338
94348	1.60.1.69913	1.60.1.70338
94349	1.60.1.69913	1.60.1.70338
94350	1.60.1.69913	1.60.1.70338
94351	1.60.1.69913	1.60.1.70338
94352	1.60.1.69913	1.60.1.70338
94353	1.60.1.69913	1.60.1.70338
94354	1.60.1.69913	1.60.1.70338
94355	1.60.1.69913	1.60.1.70338
94356	1.60.1.69913	1.60.1.70338
94357	1.60.1.69913	1.60.1.70338
94358	1.60.1.69913	1.60.1.70338
94359	1.60.1.69913	1.60.1.70338
94360	1.60.1.69913	1.60.1.70338
94369	1.60.1.69913	1.60.1.70338
94373	1.60.1.69913	1.60.1.70338
94374	1.60.1.69913	1.60.1.70338
94375	1.60.1.69913	1.60.1.70338
94405	1.60.1.69913	1.60.1.70338
94406	1.60.1.69913	1.60.1.70338
94407	1.60.1.69913	1.60.1.70338
94411	1.60.1.69913	1.60.1.70338
94413	1.60.1.69913	1.60.1.70338
94414	1.60.1.69913	1.60.1.70338
94427	1.60.1.69913	1.60.1.70338
94434	1.60.1.69913	1.60.1.70338
94435	1.60.1.69913	1.60.1.70338
94436	1.60.1.69913	1.60.1.70338
94438	1.60.1.69913	1.60.1.70338
94440	1.60.1.69913	1.60.1.70338
94441	1.60.1.69913	1.60.1.70338
94449	1.60.1.69913	1.60.1.70338
94465	1.60.1.69913	1.60.1.70338
94466	1.60.1.69913	1.60.1.70338
94467	1.60.1.69913	1.60.1.70338
94468	1.60.1.69913	1.60.1.70338
94472	1.60.1.69913	1.60.1.70338
94473	1.60.1.69913	1.60.1.70338
94479	1.60.1.69913	1.60.1.70338
94480	1.60.1.69913	1.60.1.70338
94481	1.60.1.69913	1.60.1.70338
94483	1.60.1.69913	1.60.1.70338
94484	1.60.1.69913	1.60.1.70338
94485	1.60.1.69913	1.60.1.70338
94486	1.60.1.69913	1.60.1.70338
94487	1.60.1.69913	1.60.1.70338
94488	1.60.1.69913	1.60.1.70338
94489	1.60.1.69913	1.60.1.70338
94490	1.60.1.69913	1.60.1.70338
94491	1.60.1.69913	1.60.1.70338
94493	1.60.1.69913	1.60.1.70338
94494	1.60.1.69913	1.60.1.70338
94495	1.60.1.69913	1.60.1.70338
94497	1.60.1.69913	1.60.1.70338
94499	1.60.1.69913	1.60.1.70338
94500	1.60.1.69913	1.60.1.70338
94501	1.60.1.69913	1.60.1.70338
94502	1.60.1.69913	1.60.1.70338
94503	1.60.1.69913	1.60.1.70338
94504	1.60.1.69913	1.60.1.70338
94505	1.60.1.69913	1.60.1.70338
94532	1.60.1.69913	1.60.1.70338
94533	1.60.1.69913	1.60.1.70338
94535	1.60.1.69913	1.60.1.70338
94556	1.60.1.69913	1.60.1.70338
94559	1.60.1.69913	1.60.1.70338
94568	1.60.1.69913	1.60.1.70338
94613	1.60.1.69913	1.60.1.70338
94614	1.60.1.69913	1.60.1.70338
94615	1.60.1.69913	1.60.1.70338
94616	1.60.1.70124	1.60.1.70338
94617	1.60.1.69913	1.60.1.70338
94618	1.60.1.69913	1.60.1.70338
94634	1.60.1.69913	1.60.1.70338
94638	1.60.1.69913	1.60.1.70338
94668	1.60.1.69913	1.60.1.70338
94669	1.60.1.69913	1.60.1.70338
94670	1.60.1.69913	1.60.1.70338
94672	1.60.1.69913	1.60.1.70338
94678	1.60.1.69913	1.60.1.70338
94679	1.60.1.69913	1.60.1.70338
94680	1.60.1.69913	1.60.1.70338
94727	1.60.1.69913	1.60.1.70338
94733	1.60.1.69913	1.60.1.70338
94734	1.60.1.69913	1.60.1.70338
94737	1.60.1.69913	1.60.1.70338
94739	1.60.1.69913	1.60.1.70338
94744	1.60.1.69913	1.60.1.70338
94745	1.60.1.69913	1.60.1.70338
94748	1.60.1.69913	1.60.1.70338
94768	1.60.1.69913	1.60.1.70338
94773	1.60.1.69913	1.60.1.70338
94774	1.60.1.69913	1.60.1.70338
94775	1.60.1.69913	1.60.1.70338
94776	1.60.1.69913	1.60.1.70338
94777	1.60.1.69913	1.60.1.70338
94778	1.60.1.69913	1.60.1.70338
94779	1.60.1.69913	1.60.1.70338
94782	1.60.1.69913	1.60.1.70338
94789	1.60.1.69913	1.60.1.70338
94792	1.60.1.69913	1.60.1.70338
94793	1.60.1.69913	1.60.1.70338
94817	1.60.1.69913	1.60.1.70338
94818	1.60.1.69913	1.60.1.70338
94819	1.60.1.69913	1.60.1.70338
94820	1.60.1.69913	1.60.1.70338
94821	1.60.1.69913	1.60.1.70338
94822	1.60.1.69913	1.60.1.70338
94823	1.60.1.69913	1.60.1.70338
94824	1.60.1.69913	1.60.1.70338
94825	1.60.1.69913	1.60.1.70338
94826	1.60.1.69913	1.60.1.70338
94829	1.60.1.69913	1.60.1.70338
94832	1.60.1.69913	1.60.1.70338
94841	1.60.1.69913	1.60.1.70338
94842	1.60.1.69913	1.60.1.70338
94843	1.60.1.69913	1.60.1.70338
94857	1.60.1.69913	1.60.1.70338
94858	1.60.1.69913	1.60.1.70338
94861	1.60.1.69913	1.60.1.70338
94863	1.60.1.69913	1.60.1.70338
94864	1.60.1.69913	1.60.1.70338
94872	1.60.1.69913	1.60.1.70338
94873	1.60.1.69913	1.60.1.70338
94877	1.60.1.69913	1.60.1.70338
94879	1.60.1.69913	1.60.1.70338
94881	1.60.1.69913	1.60.1.70338
94884	1.60.1.69913	1.60.1.70338
94885	1.60.1.69913	1.60.1.70338
94886	1.60.1.69913	1.60.1.70338
94887	1.60.1.69913	1.60.1.70338
94888	1.60.1.69913	1.60.1.70338
94889	1.60.1.69913	1.60.1.70338
94890	1.60.1.69913	1.60.1.70338
94891	1.60.1.69913	1.60.1.70338
94892	1.60.1.69913	1.60.1.70338
94893	1.60.1.69913	1.60.1.70338
94894	1.60.1.69913	1.60.1.70338
94895	1.60.1.69913	1.60.1.70338
94896	1.60.1.69913	1.60.1.70338
94897	1.60.1.69913	1.60.1.70338
94898	1.60.1.69913	1.60.1.70338
94901	1.60.1.69913	1.60.1.70338
94902	1.60.1.69913	1.60.1.70338
94907	1.60.1.69913	1.60.1.70338
94911	1.60.1.69913	1.60.1.70338
94912	1.60.1.69913	1.60.1.70338
94913	1.60.1.69913	1.60.1.70338
94914	1.60.1.69913	1.60.1.70338
94923	1.60.1.69913	1.60.1.70338
94924	1.60.1.69913	1.60.1.70338
94925	1.60.1.69913	1.60.1.70338
94926	1.60.1.69913	1.60.1.70338
94927	1.60.1.69913	1.60.1.70338
94928	1.60.1.69913	1.60.1.70338
94929	1.60.1.69913	1.60.1.70338
94930	1.60.1.69913	1.60.1.70338
94931	1.60.1.69913	1.60.1.70338
94946	1.60.1.69913	1.60.1.70338
94947	1.60.1.69913	1.60.1.70338
94948	1.60.1.69913	1.60.1.70338
94961	1.60.1.69913	1.60.1.70338
94962	1.60.1.69913	1.60.1.70338
94963	1.60.1.69913	1.60.1.70338
94964	1.60.1.69913	1.60.1.70338
94965	1.60.1.69913	1.60.1.70338
94968	1.60.1.69913	1.60.1.70338
94969	1.60.1.69913	1.60.1.70338
94971	1.60.1.69913	1.60.1.70338
94972	1.60.1.69913	1.60.1.70338
94973	1.60.1.69913	1.60.1.70338
94974	1.60.1.69913	1.60.1.70338
94975	1.60.1.69913	1.60.1.70338
94978	1.60.1.69913	1.60.1.70338
94979	1.60.1.69913	1.60.1.70338
94980	1.60.1.69913	1.60.1.70338
94981	1.60.1.69913	1.60.1.70338
94982	1.60.1.69913	1.60.1.70338
94983	1.60.1.69913	1.60.1.70338
94984	1.60.1.69913	1.60.1.70338
94992	1.60.1.69913	1.60.1.70338
94997	1.60.1.69913	1.60.1.70338
94998	1.60.1.69913	1.60.1.70338
94999	1.60.1.69913	1.60.1.70338
95006	1.60.1.69913	1.60.1.70338
95025	1.60.1.69913	1.60.1.70338
95026	1.60.1.69913	1.60.1.70338
95027	1.60.1.69913	1.60.1.70338
95032	1.60.1.69913	1.60.1.70338
95033	1.60.1.69913	1.60.1.70338
95034	1.60.1.69913	1.60.1.70338
95036	1.60.1.69913	1.60.1.70338
95041	1.60.1.69913	1.60.1.70338
95042	1.60.1.70124	1.60.1.70338
95056	1.60.1.69913	1.60.1.70338
95059	1.60.1.69913	1.60.1.70338
95062	1.60.1.69913	1.60.1.70338
95063	1.60.1.69913	1.60.1.70338
95064	1.60.1.69913	1.60.1.70338
95065	1.60.1.69913	1.60.1.70338
95066	1.60.1.69913	1.60.1.70338
95107	1.60.1.69913	1.60.1.70338
95108	1.60.1.69913	1.60.1.70338
95111	1.60.1.69913	1.60.1.70338
95118	1.60.1.69913	1.60.1.70338
95119	1.60.1.69913	1.60.1.70338
95120	1.60.1.69913	1.60.1.70338
95121	1.60.1.69913	1.60.1.70338
95122	1.60.1.69913	1.60.1.70338
95123	1.60.1.69913	1.60.1.70338
95124	1.60.1.69913	1.60.1.70338
95125	1.60.1.69913	1.60.1.70338
95126	1.60.1.69913	1.60.1.70338
95140	1.60.1.69913	1.60.1.70338
95141	1.60.1.69913	1.60.1.70338
95143	1.60.1.69913	1.60.1.70338
95144	1.60.1.69913	1.60.1.70338
95147	1.60.1.69913	1.60.1.70338
95148	1.60.1.69913	1.60.1.70338
95156	1.60.1.69913	1.60.1.70338
95161	1.60.1.69913	1.60.1.70338
95162	1.60.1.69913	1.60.1.70338
95163	1.60.1.69913	1.60.1.70338
95165	1.60.1.69913	1.60.1.70338
95181	1.60.1.69913	1.60.1.70338
95183	1.60.1.69913	1.60.1.70338
95184	1.60.1.69913	1.60.1.70338
95189	1.60.1.69913	1.60.1.70338
95194	1.60.1.69913	1.60.1.70338
95195	1.60.1.69913	1.60.1.70338
95196	1.60.1.69913	1.60.1.70338
95198	1.60.1.69913	1.60.1.70338
95204	1.60.1.69913	1.60.1.70338
95212	1.60.1.69913	1.60.1.70338
95213	1.60.1.69913	1.60.1.70338
95214	1.60.1.69913	1.60.1.70338
95216	1.60.1.69913	1.60.1.70338
95217	1.60.1.69913	1.60.1.70338
95218	1.60.1.69913	1.60.1.70338
95219	1.60.1.69913	1.60.1.70338
95248	1.60.1.69913	1.60.1.70338
95250	1.60.1.69913	1.60.1.70338
95254	1.60.1.69913	1.60.1.70338
95260	1.60.1.69913	1.60.1.70338
95261	1.60.1.69913	1.60.1.70338
95262	1.60.1.69913	1.60.1.70338
95263	1.60.1.69913	1.60.1.70338
95264	1.60.1.69913	1.60.1.70338
95267	1.60.1.69913	1.60.1.70338
95273	1.60.1.69913	1.60.1.70338
95278	1.60.1.69913	1.60.1.70338
95283	1.60.1.69913	1.60.1.70338
95284	1.60.1.69913	1.60.1.70338
95285	1.60.1.69913	1.60.1.70338
95288	1.60.1.69913	1.60.1.70338
95293	1.60.1.69913	1.60.1.70338
95294	1.60.1.69913	1.60.1.70338
95295	1.60.1.69913	1.60.1.70338
95296	1.60.1.69913	1.60.1.70338
95309	1.60.1.69913	1.60.1.70338
95312	1.60.1.69913	1.60.1.70338
95314	1.60.1.69913	1.60.1.70338
95315	1.60.1.69913	1.60.1.70338
95316	1.60.1.69913	1.60.1.70338
95317	1.60.1.69913	1.60.1.70338
95318	1.60.1.69913	1.60.1.70338
95319	1.60.1.69913	1.60.1.70338
95320	1.60.1.69913	1.60.1.70338
95321	1.60.1.69913	1.60.1.70338
95322	1.60.1.69913	1.60.1.70338
95325	1.60.1.69913	1.60.1.70338
95326	1.60.1.69913	1.60.1.70338
95327	1.60.1.69913	1.60.1.70338
95328	1.60.1.69913	1.60.1.70338
95329	1.60.1.69913	1.60.1.70338
95330	1.60.1.69913	1.60.1.70338
95331	1.60.1.69913	1.60.1.70338
95349	1.60.1.69913	1.60.1.70338
95350	1.60.1.69913	1.60.1.70338
95351	1.60.1.69913	1.60.1.70338
95365	1.60.1.69913	1.60.1.70338
95377	1.60.1.69913	1.60.1.70338
95378	1.60.1.69913	1.60.1.70338
95379	1.60.1.69913	1.60.1.70338
95380	1.60.1.69913	1.60.1.70338
95383	1.60.1.69913	1.60.1.70338
95384	1.60.1.69913	1.60.1.70338
95385	1.60.1.69913	1.60.1.70338
95417	1.60.1.69913	1.60.1.70338
95418	1.60.1.69913	1.60.1.70338
95419	1.60.1.69913	1.60.1.70338
95420	1.60.1.69913	1.60.1.70338
95424	1.60.1.69913	1.60.1.70338
95425	1.60.1.69913	1.60.1.70338
95426	1.60.1.69913	1.60.1.70338
95427	1.60.1.69913	1.60.1.70338
95428	1.60.1.69913	1.60.1.70338
95431	1.60.1.69913	1.60.1.70338
95432	1.60.1.69913	1.60.1.70338
95433	1.60.1.69913	1.60.1.70338
95454	1.60.1.69913	1.60.1.70338
95472	1.60.1.69913	1.60.1.70338
95483	1.60.1.69913	1.60.1.70338
95494	1.60.1.69913	1.60.1.70338
95495	1.60.1.69913	1.60.1.70338
95497	1.60.1.69913	1.60.1.70338
95498	1.60.1.69913	1.60.1.70338
95499	1.60.1.69913	1.60.1.70338
95500	1.60.1.69913	1.60.1.70338
95501	1.60.1.69913	1.60.1.70338
95502	1.60.1.69913	1.60.1.70338
95503	1.60.1.69913	1.60.1.70338
95504	1.60.1.69913	1.60.1.70338
95505	1.60.1.69913	1.60.1.70338
95506	1.60.1.69913	1.60.1.70338
95507	1.60.1.69913	1.60.1.70338
95508	1.60.1.69913	1.60.1.70338
95511	1.60.1.69913	1.60.1.70338
95512	1.60.1.69913	1.60.1.70338
95534	1.60.1.69913	1.60.1.70338
95544	1.60.1.69913	1.60.1.70338
95555	1.60.1.69913	1.60.1.70338
95556	1.60.1.69913	1.60.1.70338
95557	1.60.1.69913	1.60.1.70338
95560	1.60.1.69913	1.60.1.70338
95561	1.60.1.69913	1.60.1.70338
95562	1.60.1.69913	1.60.1.70338
95568	1.60.1.69913	1.60.1.70338
95569	1.60.1.69913	1.60.1.70338
95570	1.60.1.69913	1.60.1.70338
95586	1.60.1.69913	1.60.1.70338
95588	1.60.1.69913	1.60.1.70338
95599	1.60.1.69913	1.60.1.70338
95600	1.60.1.69913	1.60.1.70338
95601	1.60.1.69913	1.60.1.70338
95602	1.60.1.69913	1.60.1.70338
95603	1.60.1.69913	1.60.1.70338
95611	1.60.1.69913	1.60.1.70338
95613	1.60.1.69913	1.60.1.70338
95615	1.60.1.69913	1.60.1.70338
95621	1.60.1.69913	1.60.1.70338
95642	1.60.1.69913	1.60.1.70338
95643	1.60.1.69913	1.60.1.70338
95646	1.60.1.69913	1.60.1.70338
95647	1.60.1.69913	1.60.1.70338
95663	1.60.1.69913	1.60.1.70338
95664	1.60.1.69913	1.60.1.70338
95682	1.60.1.69913	1.60.1.70338
95697	1.60.1.69913	1.60.1.70338
95726	1.60.1.69913	1.60.1.70338
95730	1.60.1.69913	1.60.1.70338
95736	1.60.1.69913	1.60.1.70338
95737	1.60.1.69913	1.60.1.70338
95738	1.60.1.69913	1.60.1.70338
95739	1.60.1.69913	1.60.1.70338
95748	1.60.1.69913	1.60.1.70338
95751	1.60.1.69913	1.60.1.70338
95753	1.60.1.69913	1.60.1.70338
95766	1.60.1.69913	1.60.1.70338
95769	1.60.1.69913	1.60.1.70338
95770	1.60.1.69913	1.60.1.70338
95771	1.60.1.69913	1.60.1.70338
95772	1.60.1.69913	1.60.1.70338
95773	1.60.1.69913	1.60.1.70338
95774	1.60.1.69913	1.60.1.70338
95775	1.60.1.69913	1.60.1.70338
95776	1.60.1.69913	1.60.1.70338
95786	1.60.1.69913	1.60.1.70338
95787	1.60.1.69913	1.60.1.70338
95788	1.60.1.69913	1.60.1.70338
95789	1.60.1.69913	1.60.1.70338
95790	1.60.1.69913	1.60.1.70338
95791	1.60.1.69913	1.60.1.70338
95792	1.60.1.69913	1.60.1.70338
95793	1.60.1.69913	1.60.1.70338
95795	1.60.1.69913	1.60.1.70338
95798	1.60.1.69913	1.60.1.70338
95799	1.60.1.69913	1.60.1.70338
95803	1.60.1.69913	1.60.1.70338
95805	1.60.1.69913	1.60.1.70338
95809	1.60.1.69913	1.60.1.70338
95810	1.60.1.69913	1.60.1.70338
95816	1.60.1.69913	1.60.1.70338
95817	1.60.1.69913	1.60.1.70338
95818	1.60.1.69913	1.60.1.70338
95819	1.60.1.69913	1.60.1.70338
95820	1.60.1.69913	1.60.1.70338
95821	1.60.1.69913	1.60.1.70338
95882	1.60.1.69913	1.60.1.70338
95883	1.60.1.69913	1.60.1.70338
95884	1.60.1.69913	1.60.1.70338
95885	1.60.1.69913	1.60.1.70338
95912	1.60.1.69913	1.60.1.70338
95913	1.60.1.69913	1.60.1.70338
95924	1.60.1.69913	1.60.1.70338
95925	1.60.1.69913	1.60.1.70338
95926	1.60.1.69913	1.60.1.70338
95928	1.60.1.69913	1.60.1.70338
95934	1.60.1.69913	1.60.1.70338
95935	1.60.1.69913	1.60.1.70338
95936	1.60.1.69913	1.60.1.70338
95943	1.60.1.69913	1.60.1.70338
95944	1.60.1.69913	1.60.1.70338
95945	1.60.1.69913	1.60.1.70338
95946	1.60.1.69913	1.60.1.70338
95947	1.60.1.69913	1.60.1.70338
95948	1.60.1.69913	1.60.1.70338
95949	1.60.1.69913	1.60.1.70338
95950	1.60.1.69913	1.60.1.70338
95951	1.60.1.69913	1.60.1.70338
95955	1.60.1.69913	1.60.1.70338
95957	1.60.1.69913	1.60.1.70338
95961	1.60.1.69913	1.60.1.70338
95975	1.60.1.69913	1.60.1.70338
95977	1.60.1.69913	1.60.1.70338
95978	1.60.1.69913	1.60.1.70338
95979	1.60.1.69913	1.60.1.70338
95980	1.60.1.69913	1.60.1.70338
95981	1.60.1.69913	1.60.1.70338
95982	1.60.1.69913	1.60.1.70338
95983	1.60.1.69913	1.60.1.70338
95984	1.60.1.69913	1.60.1.70338
95986	1.60.1.69913	1.60.1.70338
95988	1.60.1.69913	1.60.1.70338
95991	1.60.1.69913	1.60.1.70338
95992	1.60.1.69913	1.60.1.70338
95993	1.60.1.69913	1.60.1.70338
95998	1.60.1.69913	1.60.1.70338
95999	1.60.1.69913	1.60.1.70338
96003	1.60.1.69913	1.60.1.70338
96009	1.60.1.69913	1.60.1.70338
96010	1.60.1.69913	1.60.1.70338
96015	1.60.1.69913	1.60.1.70338
96016	1.60.1.69913	1.60.1.70338
96018	1.60.1.69913	1.60.1.70338
96020	1.60.1.69913	1.60.1.70338
96025	1.60.1.69913	1.60.1.70338
96026	1.60.1.69913	1.60.1.70338
96027	1.60.1.69913	1.60.1.70338
96028	1.60.1.69913	1.60.1.70338
96031	1.60.1.69913	1.60.1.70338
96044	1.60.1.69913	1.60.1.70338
96045	1.60.1.69913	1.60.1.70338
96046	1.60.1.69913	1.60.1.70338
96047	1.60.1.69913	1.60.1.70338
96050	1.60.1.69913	1.60.1.70338
96055	1.60.1.69913	1.60.1.70338
96056	1.60.1.69913	1.60.1.70338
96057	1.60.1.69913	1.60.1.70338
96058	1.60.1.69913	1.60.1.70338
96059	1.60.1.69913	1.60.1.70338
96060	1.60.1.69913	1.60.1.70338
96062	1.60.1.69913	1.60.1.70338
96063	1.60.1.69913	1.60.1.70338
96064	1.60.1.69913	1.60.1.70338
96065	1.60.1.69913	1.60.1.70338
96067	1.60.1.69913	1.60.1.70338
96075	1.60.1.69913	1.60.1.70338
96076	1.60.1.69913	1.60.1.70338
96077	1.60.1.69913	1.60.1.70338
96078	1.60.1.69913	1.60.1.70338
96079	1.60.1.69913	1.60.1.70338
96081	1.60.1.69913	1.60.1.70338
96082	1.60.1.69913	1.60.1.70338
96083	1.60.1.69913	1.60.1.70338
96084	1.60.1.69913	1.60.1.70338
96085	1.60.1.69913	1.60.1.70338
96087	1.60.1.69913	1.60.1.70338
96088	1.60.1.69913	1.60.1.70338
96101	1.60.1.69913	1.60.1.70338
96102	1.60.1.69913	1.60.1.70338
96103	1.60.1.69913	1.60.1.70338
96104	1.60.1.69913	1.60.1.70338
96105	1.60.1.69913	1.60.1.70338
96107	1.60.1.69913	1.60.1.70338
96108	1.60.1.69913	1.60.1.70338
96109	1.60.1.69913	1.60.1.70338
96125	1.60.1.69913	1.60.1.70338
96126	1.60.1.69913	1.60.1.70338
96130	1.60.1.69913	1.60.1.70338
96131	1.60.1.69913	1.60.1.70338
96132	1.60.1.69913	1.60.1.70338
96133	1.60.1.69913	1.60.1.70338
96134	1.60.1.69913	1.60.1.70338
96135	1.60.1.69913	1.60.1.70338
96136	1.60.1.69913	1.60.1.70338
96137	1.60.1.69913	1.60.1.70338
96138	1.60.1.69913	1.60.1.70338
96139	1.60.1.69913	1.60.1.70338
96145	1.60.1.69913	1.60.1.70338
96185	1.60.1.69913	1.60.1.70338
96186	1.60.1.69913	1.60.1.70338
96187	1.60.1.69913	1.60.1.70338
96188	1.60.1.69913	1.60.1.70338
96189	1.60.1.69913	1.60.1.70338
96190	1.60.1.69913	1.60.1.70338
96191	1.60.1.69913	1.60.1.70338
96192	1.60.1.69913	1.60.1.70338
96193	1.60.1.69913	1.60.1.70338
96194	1.60.1.69913	1.60.1.70338
96195	1.60.1.69913	1.60.1.70338
96196	1.60.1.69913	1.60.1.70338
96197	1.60.1.69913	1.60.1.70338
96198	1.60.1.69913	1.60.1.70338
96199	1.60.1.69913	1.60.1.70338
96200	1.60.1.69913	1.60.1.70338
96201	1.60.1.69913	1.60.1.70338
96202	1.60.1.69913	1.60.1.70338
96203	1.60.1.69913	1.60.1.70338
96204	1.60.1.69913	1.60.1.70338
96209	1.60.1.69913	1.60.1.70338
96222	1.60.1.69913	1.60.1.70338
96241	1.60.1.69913	1.60.1.70338
96243	1.60.1.69913	1.60.1.70338
96247	1.60.1.69913	1.60.1.70338
96248	1.60.1.69913	1.60.1.70338
96249	1.60.1.69913	1.60.1.70338
96250	1.60.1.69913	1.60.1.70338
96251	1.60.1.69913	1.60.1.70338
96252	1.60.1.69913	1.60.1.70338
96255	1.60.1.69913	1.60.1.70338
96256	1.60.1.69913	1.60.1.70338
96257	1.60.1.69913	1.60.1.70338
96258	1.60.1.69913	1.60.1.70338
96259	1.60.1.69913	1.60.1.70338
96260	1.60.1.69913	1.60.1.70338
96261	1.60.1.69913	1.60.1.70338
96262	1.60.1.69913	1.60.1.70338
96263	1.60.1.69913	1.60.1.70338
96264	1.60.1.69913	1.60.1.70338
96265	1.60.1.69913	1.60.1.70338
96266	1.60.1.69913	1.60.1.70338
96294	1.60.1.69913	1.60.1.70338
96296	1.60.1.69913	1.60.1.70338
96301	1.60.1.69913	1.60.1.70338
96302	1.60.1.69913	1.60.1.70338
96303	1.60.1.69913	1.60.1.70338
96321	1.60.1.69913	1.60.1.70338
96322	1.60.1.69913	1.60.1.70338
96328	1.60.1.69913	1.60.1.70338
96332	1.60.1.69913	1.60.1.70338
96334	1.60.1.69913	1.60.1.70338
96335	1.60.1.69913	1.60.1.70338
96337	1.60.1.69913	1.60.1.70338
96339	1.60.1.69913	1.60.1.70338
96340	1.60.1.69913	1.60.1.70338
96341	1.60.1.69913	1.60.1.70338
96342	1.60.1.69913	1.60.1.70338
96343	1.60.1.69913	1.60.1.70338
96344	1.60.1.69913	1.60.1.70338
96351	1.60.1.69913	1.60.1.70338
96366	1.60.1.69913	1.60.1.70338
96367	1.60.1.69913	1.60.1.70338
96368	1.60.1.69913	1.60.1.70338
96369	1.60.1.69913	1.60.1.70338
96376	1.60.1.69913	1.60.1.70338
96377	1.60.1.69913	1.60.1.70338
96379	1.60.1.69913	1.60.1.70338
96381	1.60.1.69913	1.60.1.70338
96383	1.60.1.69913	1.60.1.70338
96384	1.60.1.69913	1.60.1.70338
96385	1.60.1.69913	1.60.1.70338
96386	1.60.1.69913	1.60.1.70338
96387	1.60.1.69913	1.60.1.70338
96390	1.60.1.69913	1.60.1.70338
96391	1.60.1.69913	1.60.1.70338
96392	1.60.1.69913	1.60.1.70338
96393	1.60.1.69913	1.60.1.70338
96394	1.60.1.69913	1.60.1.70338
96395	1.60.1.69913	1.60.1.70338
96396	1.60.1.69913	1.60.1.70338
96397	1.60.1.69913	1.60.1.70338
96398	1.60.1.69913	1.60.1.70338
96399	1.60.1.69913	1.60.1.70338
96403	1.60.1.69913	1.60.1.70338
96404	1.60.1.69913	1.60.1.70338
96405	1.60.1.69913	1.60.1.70338
96406	1.60.1.69913	1.60.1.70338
96407	1.60.1.69913	1.60.1.70338
96408	1.60.1.69913	1.60.1.70338
96411	1.60.1.69913	1.60.1.70338
96412	1.60.1.69913	1.60.1.70338
96413	1.60.1.69913	1.60.1.70338
96414	1.60.1.69913	1.60.1.70338
96415	1.60.1.69913	1.60.1.70338
96418	1.60.1.69913	1.60.1.70338
96419	1.60.1.69913	1.60.1.70338
96420	1.60.1.69913	1.60.1.70338
96421	1.60.1.69913	1.60.1.70338
96422	1.60.1.69913	1.60.1.70338
96423	1.60.1.69913	1.60.1.70338
96424	1.60.1.69913	1.60.1.70338
96425	1.60.1.69913	1.60.1.70338
96435	1.60.1.69913	1.60.1.70338
96437	1.60.1.69913	1.60.1.70338
96438	1.60.1.69913	1.60.1.70338
96449	1.60.1.69913	1.60.1.70338
96452	1.60.1.69913	1.60.1.70338
96476	1.60.1.69913	1.60.1.70338
96477	1.60.1.69913	1.60.1.70338
96494	1.60.1.69913	1.60.1.70338
96524	1.60.1.69913	1.60.1.70338
96526	1.60.1.69913	1.60.1.70338
96529	1.60.1.69913	1.60.1.70338
96530	1.60.1.69913	1.60.1.70338
96531	1.60.1.69913	1.60.1.70338
96550	1.60.1.69913	1.60.1.70338
96558	1.60.1.69913	1.60.1.70338
96559	1.60.1.69913	1.60.1.70338
96561	1.60.1.69913	1.60.1.70338
96603	1.60.1.69913	1.60.1.70338
96604	1.60.1.69913	1.60.1.70338
96605	1.60.1.69913	1.60.1.70338
96606	1.60.1.69913	1.60.1.70338
96607	1.60.1.69913	1.60.1.70338
96608	1.60.1.69913	1.60.1.70338
96609	1.60.1.69913	1.60.1.70338
96616	1.60.1.69913	1.60.1.70338
96622	1.60.1.69913	1.60.1.70338
96626	1.60.1.69913	1.60.1.70338
96627	1.60.1.69913	1.60.1.70338
96628	1.60.1.69913	1.60.1.70338
96629	1.60.1.69913	1.60.1.70338
96630	1.60.1.69913	1.60.1.70338
96634	1.60.1.69913	1.60.1.70338
96638	1.60.1.69913	1.60.1.70338
96646	1.60.1.69913	1.60.1.70338
96652	1.60.1.69913	1.60.1.70338
96653	1.60.1.69913	1.60.1.70338
96654	1.60.1.69913	1.60.1.70338
96655	1.60.1.69913	1.60.1.70338
96656	1.60.1.69913	1.60.1.70338
96658	1.60.1.69913	1.60.1.70338
96659	1.60.1.69913	1.60.1.70338
96661	1.60.1.69913	1.60.1.70338
96666	1.60.1.69913	1.60.1.70338
96674	1.60.1.69913	1.60.1.70338
96676	1.60.1.69913	1.60.1.70338
96735	1.60.1.69913	1.60.1.70338
96769	1.60.1.69913	1.60.1.70338
96770	1.60.1.69913	1.60.1.70338
96771	1.60.1.69913	1.60.1.70338
96772	1.60.1.69913	1.60.1.70338
96773	1.60.1.69913	1.60.1.70338
96774	1.60.1.69913	1.60.1.70338
96775	1.60.1.69913	1.60.1.70338
96776	1.60.1.69913	1.60.1.70338
96779	1.60.1.69913	1.60.1.70338
96781	1.60.1.69913	1.60.1.70338
96782	1.60.1.69913	1.60.1.70338
96783	1.60.1.69913	1.60.1.70338
96784	1.60.1.69913	1.60.1.70338
96785	1.60.1.69913	1.60.1.70338
96786	1.60.1.69913	1.60.1.70338
96796	1.60.1.69913	1.60.1.70338
96797	1.60.1.69913	1.60.1.70338
96798	1.60.1.69913	1.60.1.70338
96799	1.60.1.69913	1.60.1.70338
96800	1.60.1.69913	1.60.1.70338
96811	1.60.1.69913	1.60.1.70338
96812	1.60.1.69913	1.60.1.70338
96821	1.60.1.69913	1.60.1.70338
96822	1.60.1.69913	1.60.1.70338
96825	1.60.1.69913	1.60.1.70338
96828	1.60.1.69913	1.60.1.70338
96830	1.60.1.69913	1.60.1.70338
96833	1.60.1.69913	1.60.1.70338
96873	1.60.1.69913	1.60.1.70338
96874	1.60.1.69913	1.60.1.70338
96875	1.60.1.69913	1.60.1.70338
96876	1.60.1.69913	1.60.1.70338
96877	1.60.1.69913	1.60.1.70338
96895	1.60.1.69913	1.60.1.70338
96896	1.60.1.69913	1.60.1.70338
96897	1.60.1.69913	1.60.1.70338
96898	1.60.1.69913	1.60.1.70338
96899	1.60.1.69913	1.60.1.70338
96912	1.60.1.69913	1.60.1.70338
96913	1.60.1.69913	1.60.1.70338
96914	1.60.1.69913	1.60.1.70338
96915	1.60.1.69913	1.60.1.70338
96916	1.60.1.69913	1.60.1.70338
96917	1.60.1.69913	1.60.1.70338
96918	1.60.1.69913	1.60.1.70338
96919	1.60.1.69913	1.60.1.70338
96920	1.60.1.69913	1.60.1.70338
96921	1.60.1.69913	1.60.1.70338
96930	1.60.1.69913	1.60.1.70338
96931	1.60.1.69913	1.60.1.70338
96939	1.60.1.69913	1.60.1.70338
96957	1.60.1.69913	1.60.1.70338
96959	1.60.1.69913	1.60.1.70338
96964	1.60.1.69913	1.60.1.70338
96971	1.60.1.69913	1.60.1.70338
96978	1.60.1.69913	1.60.1.70338
96979	1.60.1.69913	1.60.1.70338
96982	1.60.1.69913	1.60.1.70338
96983	1.60.1.69913	1.60.1.70338
96984	1.60.1.69913	1.60.1.70338
96986	1.60.1.69913	1.60.1.70338
96987	1.60.1.69913	1.60.1.70338
96988	1.60.1.69913	1.60.1.70338
96989	1.60.1.69913	1.60.1.70338
96991	1.60.1.69913	1.60.1.70338
96992	1.60.1.69913	1.60.1.70338
96994	1.60.1.69913	1.60.1.70338
96996	1.60.1.69913	1.60.1.70338
96997	1.60.1.69913	1.60.1.70338
96998	1.60.1.69913	1.60.1.70338
96999	1.60.1.69913	1.60.1.70338
97000	1.60.1.69913	1.60.1.70338
97001	1.60.1.69913	1.60.1.70338
97003	1.60.1.69913	1.60.1.70338
97005	1.60.1.69913	1.60.1.70338
97006	1.60.1.69913	1.60.1.70338
97007	1.60.1.69913	1.60.1.70338
97009	1.60.1.69913	1.60.1.70338
97010	1.60.1.69913	1.60.1.70338
97017	1.60.1.69913	1.60.1.70338
97018	1.60.1.69913	1.60.1.70338
97022	1.60.1.69913	1.60.1.70338
97045	1.60.1.69913	1.60.1.70338
97046	1.60.1.69913	1.60.1.70338
97047	1.60.1.69913	1.60.1.70338
97048	1.60.1.69913	1.60.1.70338
97049	1.60.1.69913	1.60.1.70338
97065	1.60.1.69913	1.60.1.70338
97066	1.60.1.69913	1.60.1.70338
97067	1.60.1.69913	1.60.1.70338
97074	1.60.1.69913	1.60.1.70338
97078	1.60.1.69913	1.60.1.70338
97119	1.60.1.69913	1.60.1.70338
97130	1.60.1.69913	1.60.1.70338
97168	1.60.1.69913	1.60.1.70338
97169	1.60.1.69913	1.60.1.70338
97170	1.60.1.69913	1.60.1.70338
97171	1.60.1.69913	1.60.1.70338
97173	1.60.1.69913	1.60.1.70338
97174	1.60.1.69913	1.60.1.70338
97175	1.60.1.69913	1.60.1.70338
97176	1.60.1.69913	1.60.1.70338
97177	1.60.1.69913	1.60.1.70338
97178	1.60.1.69913	1.60.1.70338
97179	1.60.1.69913	1.60.1.70338
97180	1.60.1.69913	1.60.1.70338
97182	1.60.1.69913	1.60.1.70338
97183	1.60.1.69913	1.60.1.70338
97184	1.60.1.69913	1.60.1.70338
97185	1.60.1.69913	1.60.1.70338
97186	1.60.1.69913	1.60.1.70338
97188	1.60.1.69913	1.60.1.70338
97194	1.60.1.69913	1.60.1.70338
97196	1.60.1.69913	1.60.1.70338
97197	1.60.1.69913	1.60.1.70338
97198	1.60.1.69913	1.60.1.70338
97200	1.60.1.69913	1.60.1.70338
97203	1.60.1.69913	1.60.1.70338
97204	1.60.1.69913	1.60.1.70338
97205	1.60.1.69913	1.60.1.70338
97220	1.60.1.69913	1.60.1.70338
97222	1.60.1.69913	1.60.1.70338
97223	1.60.1.69913	1.60.1.70338
97225	1.60.1.69913	1.60.1.70338
97234	1.60.1.69913	1.60.1.70338
97235	1.60.1.69913	1.60.1.70338
97236	1.60.1.69913	1.60.1.70338
97237	1.60.1.69913	1.60.1.70338
97242	1.60.1.69913	1.60.1.70338
97243	1.60.1.69913	1.60.1.70338
97244	1.60.1.69913	1.60.1.70338
97245	1.60.1.69913	1.60.1.70338
97246	1.60.1.69913	1.60.1.70338
97249	1.60.1.69913	1.60.1.70338
97250	1.60.1.69913	1.60.1.70338
97252	1.60.1.69913	1.60.1.70338
97253	1.60.1.69913	1.60.1.70338
97257	1.60.1.69913	1.60.1.70338
97263	1.60.1.69913	1.60.1.70338
97264	1.60.1.69913	1.60.1.70338
97265	1.60.1.69913	1.60.1.70338
97266	1.60.1.69913	1.60.1.70338
97268	1.60.1.69913	1.60.1.70338
97269	1.60.1.69913	1.60.1.70338
97270	1.60.1.69913	1.60.1.70338
97272	1.60.1.69913	1.60.1.70338
97273	1.60.1.69913	1.60.1.70338
97275	1.60.1.69913	1.60.1.70338
97277	1.60.1.69913	1.60.1.70338
97279	1.60.1.69913	1.60.1.70338
97281	1.60.1.69913	1.60.1.70338
97282	1.60.1.69913	1.60.1.70338
97284	1.60.1.69913	1.60.1.70338
97286	1.60.1.69913	1.60.1.70338
97287	1.60.1.69913	1.60.1.70338
97288	1.60.1.69913	1.60.1.70338
97289	1.60.1.69913	1.60.1.70338
97290	1.60.1.69913	1.60.1.70338
97291	1.60.1.69913	1.60.1.70338
97292	1.60.1.69913	1.60.1.70338
97319	1.60.1.69913	1.60.1.70338
97326	1.60.1.69913	1.60.1.70338
97327	1.60.1.69913	1.60.1.70338
97328	1.60.1.69913	1.60.1.70338
97329	1.60.1.69913	1.60.1.70338
97331	1.60.1.69913	1.60.1.70338
97332	1.60.1.69913	1.60.1.70338
97378	1.60.1.69913	1.60.1.70338
97386	1.60.1.69913	1.60.1.70338
97403	1.60.1.69913	1.60.1.70338
97404	1.60.1.69913	1.60.1.70338
97405	1.60.1.69913	1.60.1.70338
97411	1.60.1.69913	1.60.1.70338
97412	1.60.1.69913	1.60.1.70338
97413	1.60.1.69913	1.60.1.70338
97414	1.60.1.69913	1.60.1.70338
97420	1.60.1.69913	1.60.1.70338
97446	1.60.1.69913	1.60.1.70338
97447	1.60.1.69913	1.60.1.70338
97448	1.60.1.69913	1.60.1.70338
97449	1.60.1.69913	1.60.1.70338
97450	1.60.1.69913	1.60.1.70338
97453	1.60.1.69913	1.60.1.70338
97485	1.60.1.69913	1.60.1.70338
97486	1.60.1.69913	1.60.1.70338
97487	1.60.1.69913	1.60.1.70338
97488	1.60.1.69913	1.60.1.70338
97489	1.60.1.69913	1.60.1.70338
97490	1.60.1.69913	1.60.1.70338
97530	1.60.1.69913	1.60.1.70338
97534	1.60.1.69913	1.60.1.70338
97536	1.60.1.69913	1.60.1.70338
97538	1.60.1.69913	1.60.1.70338
97539	1.60.1.69913	1.60.1.70338
97540	1.60.1.69913	1.60.1.70338
97558	1.60.1.69913	1.60.1.70338
97583	1.60.1.70124	1.60.1.70338
97617	1.60.1.69913	1.60.1.70338
97663	1.60.1.69913	1.60.1.70338
97821	1.60.1.69913	1.60.1.70338
97883	1.60.1.69913	1.60.1.70338
97884	1.60.1.69913	1.60.1.70338
97891	1.60.1.69913	1.60.1.70338
97894	1.60.1.69913	1.60.1.70338
97899	1.60.1.69913	1.60.1.70338
97900	1.60.1.69913	1.60.1.70338
97901	1.60.1.69913	1.60.1.70338
97902	1.60.1.69913	1.60.1.70338
97903	1.60.1.69913	1.60.1.70338
97904	1.60.1.69913	1.60.1.70338
97905	1.60.1.69913	1.60.1.70338
97906	1.60.1.69913	1.60.1.70338
97907	1.60.1.69913	1.60.1.70338
97908	1.60.1.69913	1.60.1.70338
97914	1.60.1.69913	1.60.1.70338
97915	1.60.1.69913	1.60.1.70338
97916	1.60.1.69913	1.60.1.70338
97917	1.60.1.69913	1.60.1.70338
97918	1.60.1.69913	1.60.1.70338
97919	1.60.1.69913	1.60.1.70338
97920	1.60.1.69913	1.60.1.70338
97921	1.60.1.69913	1.60.1.70338
97922	1.60.1.69913	1.60.1.70338
97923	1.60.1.69913	1.60.1.70338
97924	1.60.1.69913	1.60.1.70338
97925	1.60.1.69913	1.60.1.70338
97926	1.60.1.69913	1.60.1.70338
97927	1.60.1.69913	1.60.1.70338
97928	1.60.1.69913	1.60.1.70338
97929	1.60.1.69913	1.60.1.70338
97930	1.60.1.69913	1.60.1.70338
97931	1.60.1.69913	1.60.1.70338
97932	1.60.1.69913	1.60.1.70338
97933	1.60.1.69913	1.60.1.70338
97934	1.60.1.69913	1.60.1.70338
97935	1.60.1.69913	1.60.1.70338
97936	1.60.1.69913	1.60.1.70338
97937	1.60.1.69913	1.60.1.70338
97938	1.60.1.69913	1.60.1.70338
97939	1.60.1.69913	1.60.1.70338
97940	1.60.1.69913	1.60.1.70338
97941	1.60.1.69913	1.60.1.70338
97942	1.60.1.69913	1.60.1.70338
97943	1.60.1.69913	1.60.1.70338
97944	1.60.1.69913	1.60.1.70338
97946	1.60.1.69913	1.60.1.70338
97948	1.60.1.69913	1.60.1.70338
97949	1.60.1.69913	1.60.1.70338
97950	1.60.1.69913	1.60.1.70338
97951	1.60.1.69913	1.60.1.70338
97952	1.60.1.69913	1.60.1.70338
97953	1.60.1.69913	1.60.1.70338
97954	1.60.1.69913	1.60.1.70338
97955	1.60.1.69913	1.60.1.70338
97956	1.60.1.69913	1.60.1.70338
97957	1.60.1.69913	1.60.1.70338
97958	1.60.1.69913	1.60.1.70338
97959	1.60.1.69913	1.60.1.70338
97960	1.60.1.69913	1.60.1.70338
97961	1.60.1.69913	1.60.1.70338
97963	1.60.1.69913	1.60.1.70338
97964	1.60.1.69913	1.60.1.70338
97965	1.60.1.69913	1.60.1.70338
97967	1.60.1.69913	1.60.1.70338
97968	1.60.1.69913	1.60.1.70338
97969	1.60.1.69913	1.60.1.70338
97970	1.60.1.69913	1.60.1.70338
97971	1.60.1.69913	1.60.1.70338
97972	1.60.1.69913	1.60.1.70338
97973	1.60.1.69913	1.60.1.70338
97977	1.60.1.69913	1.60.1.70338
97979	1.60.1.69913	1.60.1.70338
97984	1.60.1.69913	1.60.1.70338
97985	1.60.1.69913	1.60.1.70338
97986	1.60.1.69913	1.60.1.70338
97987	1.60.1.69913	1.60.1.70338
97988	1.60.1.69913	1.60.1.70338
98013	1.60.1.69913	1.60.1.70338
98021	1.60.1.69913	1.60.1.70338
98024	1.60.1.69913	1.60.1.70338
98025	1.60.1.69913	1.60.1.70338
98027	1.60.1.69913	1.60.1.70338
98028	1.60.1.69913	1.60.1.70338
98042	1.60.1.69913	1.60.1.70338
98046	1.60.1.69913	1.60.1.70338
98059	1.60.1.69913	1.60.1.70338
98065	1.60.1.69913	1.60.1.70338
98067	1.60.1.69913	1.60.1.70338
98069	1.60.1.69913	1.60.1.70338
98070	1.60.1.69913	1.60.1.70338
98071	1.60.1.69913	1.60.1.70338
98072	1.60.1.69913	1.60.1.70338
98093	1.60.1.69913	1.60.1.70338
98094	1.60.1.69913	1.60.1.70338
98095	1.60.1.69913	1.60.1.70338
98096	1.60.1.69913	1.60.1.70338
98109	1.60.1.69913	1.60.1.70338
98155	1.60.1.69913	1.60.1.70338
98156	1.60.1.69913	1.60.1.70338
98166	1.60.1.69913	1.60.1.70338
98189	1.60.1.69913	1.60.1.70338
98190	1.60.1.69913	1.60.1.70338
98191	1.60.1.69913	1.60.1.70338
98192	1.60.1.69913	1.60.1.70338
98197	1.60.1.69913	1.60.1.70338
98203	1.60.1.69913	1.60.1.70338
98205	1.60.1.69913	1.60.1.70338
98208	1.60.1.69913	1.60.1.70338
98209	1.60.1.69913	1.60.1.70338
98215	1.60.1.69913	1.60.1.70338
98216	1.60.1.69913	1.60.1.70338
98219	1.60.1.69913	1.60.1.70338
98221	1.60.1.69913	1.60.1.70338
98223	1.60.1.69913	1.60.1.70338
98224	1.60.1.69913	1.60.1.70338
98225	1.60.1.69913	1.60.1.70338
98230	1.60.1.69913	1.60.1.70338
98231	1.60.1.69913	1.60.1.70338
98233	1.60.1.69913	1.60.1.70338
98240	1.60.1.69913	1.60.1.70338
98245	1.60.1.69913	1.60.1.70338
98246	1.60.1.69913	1.60.1.70338
98247	1.60.1.69913	1.60.1.70338
98248	1.60.1.69913	1.60.1.70338
98251	1.60.1.69913	1.60.1.70338
98252	1.60.1.69913	1.60.1.70338
98282	1.60.1.69913	1.60.1.70338
98283	1.60.1.69913	1.60.1.70338
98284	1.60.1.69913	1.60.1.70338
98285	1.60.1.69913	1.60.1.70338
98286	1.60.1.69913	1.60.1.70338
98287	1.60.1.69913	1.60.1.70338
98289	1.60.1.69913	1.60.1.70338
98291	1.60.1.69913	1.60.1.70338
98293	1.60.1.69913	1.60.1.70338
98294	1.60.1.69913	1.60.1.70338
98297	1.60.1.69913	1.60.1.70338
98298	1.60.1.69913	1.60.1.70338
98299	1.60.1.69913	1.60.1.70338
98300	1.60.1.69913	1.60.1.70338
98310	1.60.1.69913	1.60.1.70338
98313	1.60.1.69913	1.60.1.70338
98319	1.60.1.69913	1.60.1.70338
98321	1.60.1.69913	1.60.1.70338
98322	1.60.1.69913	1.60.1.70338
98323	1.60.1.69913	1.60.1.70338
98325	1.60.1.69913	1.60.1.70338
98326	1.60.1.69913	1.60.1.70338
98338	1.60.1.69913	1.60.1.70338
98340	1.60.1.69913	1.60.1.70338
98341	1.60.1.69913	1.60.1.70338
98342	1.60.1.69913	1.60.1.70338
98362	1.60.1.69913	1.60.1.70338
98372	1.60.1.70009	1.60.1.70338
98386	1.60.1.69913	1.60.1.70338
98387	1.60.1.69913	1.60.1.70338
98389	1.60.1.69913	1.60.1.70338
98391	1.60.1.69913	1.60.1.70338
98392	1.60.1.69913	1.60.1.70338
98393	1.60.1.69913	1.60.1.70338
98394	1.60.1.69913	1.60.1.70338
98395	1.60.1.69913	1.60.1.70338
98396	1.60.1.69913	1.60.1.70338
98397	1.60.1.69913	1.60.1.70338
98398	1.60.1.69913	1.60.1.70338
98403	1.60.1.69913	1.60.1.70338
98404	1.60.1.69913	1.60.1.70338
98405	1.60.1.69913	1.60.1.70338
98407	1.60.1.69913	1.60.1.70338
98417	1.60.1.69913	1.60.1.70338
98418	1.60.1.69913	1.60.1.70338
98423	1.60.1.69913	1.60.1.70338
98424	1.60.1.69913	1.60.1.70338
98426	1.60.1.69913	1.60.1.70338
98427	1.60.1.69913	1.60.1.70338
98430	1.60.1.69913	1.60.1.70338
98435	1.60.1.69913	1.60.1.70338
98447	1.60.1.69913	1.60.1.70338
98459	1.60.1.69913	1.60.1.70338
98461	1.60.1.69913	1.60.1.70338
98463	1.60.1.69913	1.60.1.70338
98465	1.60.1.69913	1.60.1.70338
98466	1.60.1.69913	1.60.1.70338
98467	1.60.1.69913	1.60.1.70338
98468	1.60.1.69913	1.60.1.70338
98469	1.60.1.69913	1.60.1.70338
98470	1.60.1.69913	1.60.1.70338
98471	1.60.1.69913	1.60.1.70338
98472	1.60.1.69913	1.60.1.70338
98477	1.60.1.69913	1.60.1.70338
98512	1.60.1.69913	1.60.1.70338
98517	1.60.1.69913	1.60.1.70338
98520	1.60.1.69913	1.60.1.70338
98545	1.60.1.69913	1.60.1.70338
98574	1.60.1.69913	1.60.1.70338
98575	1.60.1.69913	1.60.1.70338
98576	1.60.1.69913	1.60.1.70338
98581	1.60.1.69913	1.60.1.70338
98601	1.60.1.69913	1.60.1.70338
98731	1.60.1.69913	1.60.1.70338
98738	1.60.1.69913	1.60.1.70338
98739	1.60.1.69913	1.60.1.70338
98815	1.60.1.69913	1.60.1.70338
98823	1.60.1.69913	1.60.1.70338
98824	1.60.1.69913	1.60.1.70338
98830	1.60.1.69913	1.60.1.70338
98887	1.60.1.69913	1.60.1.70338
98889	1.60.1.69913	1.60.1.70338
98891	1.60.1.69913	1.60.1.70338
98893	1.60.1.69913	1.60.1.70338
98895	1.60.1.69913	1.60.1.70338
98897	1.60.1.69913	1.60.1.70338
98899	1.60.1.69913	1.60.1.70338
98901	1.60.1.69913	1.60.1.70338
98903	1.60.1.69913	1.60.1.70338
98904	1.60.1.69913	1.60.1.70338
98905	1.60.1.69913	1.60.1.70338
98906	1.60.1.69913	1.60.1.70338
98907	1.60.1.69913	1.60.1.70338
98908	1.60.1.69913	1.60.1.70338
98910	1.60.1.69913	1.60.1.70338
98911	1.60.1.69913	1.60.1.70338
98912	1.60.1.69913	1.60.1.70338
98913	1.60.1.69913	1.60.1.70338
98914	1.60.1.69913	1.60.1.70338
98915	1.60.1.69913	1.60.1.70338
98916	1.60.1.69913	1.60.1.70338
98917	1.60.1.69913	1.60.1.70338
98918	1.60.1.69913	1.60.1.70338
98919	1.60.1.69913	1.60.1.70338
98977	1.60.1.69913	1.60.1.70338
98983	1.60.1.69913	1.60.1.70338
99043	1.60.1.69913	1.60.1.70338
99045	1.60.1.69913	1.60.1.70338
99046	1.60.1.69913	1.60.1.70338
99047	1.60.1.69913	1.60.1.70338
99048	1.60.1.69913	1.60.1.70338
99049	1.60.1.69913	1.60.1.70338
99050	1.60.1.69913	1.60.1.70338
99051	1.60.1.69913	1.60.1.70338
99052	1.60.1.69913	1.60.1.70338
99053	1.60.1.69913	1.60.1.70338
99054	1.60.1.69913	1.60.1.70338
99055	1.60.1.69913	1.60.1.70338
99056	1.60.1.69913	1.60.1.70338
99063	1.60.1.69913	1.60.1.70338
99064	1.60.1.69913	1.60.1.70338
99065	1.60.1.69913	1.60.1.70338
99066	1.60.1.69913	1.60.1.70338
99067	1.60.1.69913	1.60.1.70338
99068	1.60.1.69913	1.60.1.70338
99073	1.60.1.69913	1.60.1.70338
99079	1.60.1.69913	1.60.1.70338
99080	1.60.1.69913	1.60.1.70338
99081	1.60.1.69913	1.60.1.70338
99082	1.60.1.69913	1.60.1.70338
99101	1.60.1.69913	1.60.1.70338
99108	1.60.1.69913	1.60.1.70338
99123	1.60.1.69913	1.60.1.70338
99127	1.60.1.69913	1.60.1.70338
99128	1.60.1.69913	1.60.1.70338
99129	1.60.1.69913	1.60.1.70338
99130	1.60.1.69913	1.60.1.70338
99131	1.60.1.69913	1.60.1.70338
99134	1.60.1.69913	1.60.1.70338
99141	1.60.1.69913	1.60.1.70338
99142	1.60.1.69913	1.60.1.70338
99143	1.60.1.69913	1.60.1.70338
99144	1.60.1.69913	1.60.1.70338
99145	1.60.1.69913	1.60.1.70338
99152	1.60.1.69913	1.60.1.70338
99153	1.60.1.69913	1.60.1.70338
99156	1.60.1.69913	1.60.1.70338
99158	1.60.1.69913	1.60.1.70338
99159	1.60.1.69913	1.60.1.70338
99160	1.60.1.69913	1.60.1.70338
99161	1.60.1.69913	1.60.1.70338
99162	1.60.1.69913	1.60.1.70338
99187	1.60.1.69913	1.60.1.70338
99191	1.60.1.69913	1.60.1.70338
99192	1.60.1.69913	1.60.1.70338
99193	1.60.1.69913	1.60.1.70338
99194	1.60.1.69913	1.60.1.70338
99196	1.60.1.69913	1.60.1.70338
99197	1.60.1.69913	1.60.1.70338
99198	1.60.1.69913	1.60.1.70338
99199	1.60.1.69913	1.60.1.70338
99201	1.60.1.69913	1.60.1.70338
99202	1.60.1.69913	1.60.1.70338
99203	1.60.1.69913	1.60.1.70338
99204	1.60.1.69913	1.60.1.70338
99205	1.60.1.69913	1.60.1.70338
99206	1.60.1.69913	1.60.1.70338
99207	1.60.1.69913	1.60.1.70338
99208	1.60.1.69913	1.60.1.70338
99209	1.60.1.69913	1.60.1.70338
99210	1.60.1.69913	1.60.1.70338
99211	1.60.1.69913	1.60.1.70338
99212	1.60.1.69913	1.60.1.70338
99213	1.60.1.69913	1.60.1.70338
99214	1.60.1.69913	1.60.1.70338
99215	1.60.1.69913	1.60.1.70338
99216	1.60.1.69913	1.60.1.70338
99217	1.60.1.69913	1.60.1.70338
99218	1.60.1.69913	1.60.1.70338
99233	1.60.1.69913	1.60.1.70338
99234	1.60.1.69913	1.60.1.70338
99257	1.60.1.70009	1.60.1.70338
99258	1.60.1.70009	1.60.1.70338
99260	1.60.1.70009	1.60.1.70338
99267	1.60.1.70124	1.60.1.70338
99326	1.60.1.70009	1.60.1.70338
99344	1.60.1.70170	1.60.1.70338
99366	1.60.1.70170	1.60.1.70338
99367	1.60.1.70170	1.60.1.70338
99411	1.60.1.70170	1.60.1.70338
99435	1.60.1.70291	1.60.1.70338
