# every ui id a Forever build served: id, first build, last build (import english served)
ABANDON_QUEST	1.60.1.69913	1.60.1.70245
ABANDON_QUEST_ABBREV	1.60.1.69913	1.60.1.70245
ABANDON_QUEST_CONFIRM	1.60.1.69913	1.60.1.70245
ABANDON_QUEST_CONFIRM_WITH_ITEMS	1.60.1.69913	1.60.1.70245
ABSORB	1.60.1.69913	1.60.1.70245
ABSORB_TRAILER	1.60.1.69913	1.60.1.70245
ACCEPT	1.60.1.69913	1.60.1.70245
ACCEPTING_INVITE_WILL_REMOVE_QUEUE	1.60.1.69913	1.60.1.70245
ACCEPT_ALT	1.60.1.69913	1.60.1.70245
ACCESSIBILITY_AUDIO_LABEL	1.60.1.69913	1.60.1.70245
ACCESSIBILITY_FONT_SIZE_EXTRA_LARGE_LABEL	1.60.1.69913	1.60.1.70245
ACCESSIBILITY_FONT_SIZE_GIGANTIC_LABEL	1.60.1.69913	1.60.1.70245
ACCESSIBILITY_FONT_SIZE_HUGE_LABEL	1.60.1.69913	1.60.1.70245
ACCESSIBILITY_FONT_SIZE_LABEL	1.60.1.69913	1.60.1.70245
ACCESSIBILITY_FONT_SIZE_LARGE_LABEL	1.60.1.69913	1.60.1.70245
ACCESSIBILITY_FONT_SIZE_MEDIUM_LABEL	1.60.1.69913	1.60.1.70245
ACCESSIBILITY_FONT_SIZE_SMALL_LABEL	1.60.1.69913	1.60.1.70245
ACCESSIBILITY_GENERAL_LABEL	1.60.1.69913	1.60.1.70245
ACCESSIBILITY_INTERFACE_LABEL	1.60.1.69913	1.60.1.70245
ACCESSIBILITY_INTERFACE_SECTION_DISPLAY	1.60.1.69913	1.60.1.70245
ACCOUNT_COMPLETED_QUESTS_FILTER_DESCRIPTION	1.60.1.69913	1.60.1.70245
ACCOUNT_COMPLETED_QUESTS_FILTER_TUTORIAL	1.60.1.69913	1.60.1.70245
ACCOUNT_LEVEL_CURRENCY	1.60.1.69913	1.60.1.70245
ACCOUNT_TRANSFERABLE_CURRENCIES_TUTORIAL	1.60.1.69913	1.60.1.70245
ACCOUNT_TRANSFERRABLE_CURRENCY	1.60.1.69913	1.60.1.70245
ACCOUNT_WIDE_ACHIEVEMENT	1.60.1.69913	1.60.1.70245
ACCOUNT_WIDE_ACHIEVEMENT_COMPLETED	1.60.1.69913	1.60.1.70245
ACCOUNT_WIDE_REPUTATION_TUTORIAL	1.60.1.69913	1.60.1.70245
ACHIEVEMENT	1.60.1.69913	1.60.1.70245
ACHIEVEMENTFRAME_FILTER_ALL	1.60.1.69913	1.60.1.70245
ACHIEVEMENTFRAME_FILTER_COMPLETED	1.60.1.69913	1.60.1.70245
ACHIEVEMENTFRAME_FILTER_INCOMPLETE	1.60.1.69913	1.60.1.70245
ACHIEVEMENTS	1.60.1.69913	1.60.1.70245
ACHIEVEMENTS_COMPLETED	1.60.1.69913	1.60.1.70245
ACHIEVEMENTS_COMPLETED_CATEGORY	1.60.1.69913	1.60.1.70245
ACHIEVEMENTS_GUILD_TAB	1.60.1.69913	1.60.1.70245
ACHIEVEMENT_BROADCAST	1.60.1.69913	1.60.1.70245
ACHIEVEMENT_BROADCAST_SELF	1.60.1.69913	1.60.1.70245
ACHIEVEMENT_CATEGORY_PROGRESS	1.60.1.69913	1.60.1.70245
ACHIEVEMENT_FILTER_ALL_EXPLANATION	1.60.1.69913	1.60.1.70245
ACHIEVEMENT_FILTER_COMPLETE_EXPLANATION	1.60.1.69913	1.60.1.70245
ACHIEVEMENT_FILTER_INCOMPLETE_EXPLANATION	1.60.1.69913	1.60.1.70245
ACHIEVEMENT_FILTER_TITLE	1.60.1.69913	1.60.1.70245
ACHIEVEMENT_META_COMPLETED_DATE	1.60.1.69913	1.60.1.70245
ACHIEVEMENT_PROGRESSED	1.60.1.69913	1.60.1.70245
ACHIEVEMENT_SUMMARY_CATEGORY	1.60.1.69913	1.60.1.70245
ACHIEVEMENT_TITLE	1.60.1.69913	1.60.1.70245
ACHIEVEMENT_TOOLTIP_COMPLETE	1.60.1.70170	1.60.1.70245
ACHIEVEMENT_UNLOCKED	1.60.1.69913	1.60.1.70245
ACHIEVEMENT_WATCH_TOO_MANY	1.60.1.69913	1.60.1.70245
ACTIONBARS_LABEL	1.60.1.69913	1.60.1.70245
ACTION_LABEL_ADJUST_BRIGHTNESS	1.60.1.70009	1.60.1.70245
ACTION_LABEL_ADJUST_COLOR	1.60.1.70009	1.60.1.70245
ACTION_LABEL_BIND_SET	1.60.1.70009	1.60.1.70245
ACTION_LABEL_CHANGE_NAME_AND_ICON_FOR_SET	1.60.1.70009	1.60.1.70245
ACTION_LABEL_CHAT_CHANNELS	1.60.1.70009	1.60.1.70245
ACTION_LABEL_DELETE_SET	1.60.1.70009	1.60.1.70245
ACTION_LABEL_EQUIP_SET	1.60.1.70009	1.60.1.70245
ACTION_LABEL_RANDOMIZE_APPEARANCE	1.60.1.70170	1.60.1.70245
ACTION_LABEL_RANDOMIZE_NAME	1.60.1.70170	1.60.1.70245
ACTION_LABEL_RESET_VIEW	1.60.1.70009	1.60.1.70245
ACTION_LABEL_ROTATE	1.60.1.70170	1.60.1.70245
ACTION_LABEL_SAVE_SET	1.60.1.70009	1.60.1.70245
ACTION_LABEL_SELECT	1.60.1.70009	1.60.1.70245
ACTION_LABEL_SEND	1.60.1.70009	1.60.1.70245
ACTION_LABEL_TAB_SETTINGS	1.60.1.70009	1.60.1.70245
ACTION_LABEL_ZOOM_SLASH_ROTATE	1.60.1.70009	1.60.1.70245
ACTION_TARGETING_OPTION	1.60.1.69913	1.60.1.70245
ACTION_WILL_BIND_ITEM	1.60.1.69913	1.60.1.70245
ACTIVATE	1.60.1.69913	1.60.1.70245
ADD	1.60.1.69913	1.60.1.70245
ADDITIONAL_FILTERS	1.60.1.69913	1.60.1.70245
ADDMEMBER	1.60.1.69913	1.60.1.69913
ADDONS	1.60.1.69913	1.60.1.70245
ADDON_ACTION_FORBIDDEN	1.60.1.69913	1.60.1.70245
ADDON_BANNED	1.60.1.69913	1.60.1.70245
ADDON_BANNED_TOOLTIP	1.60.1.69913	1.60.1.70245
ADDON_CORRUPT	1.60.1.69913	1.60.1.70245
ADDON_DEMAND_LOADED	1.60.1.69913	1.60.1.70245
ADDON_DEPENDENCIES	1.60.1.69913	1.60.1.70245
ADDON_DEP_BANNED	1.60.1.69913	1.60.1.70245
ADDON_DEP_CORRUPT	1.60.1.69913	1.60.1.70245
ADDON_DEP_DEMAND_LOADED	1.60.1.69913	1.60.1.70245
ADDON_DEP_DISABLED	1.60.1.69913	1.60.1.70245
ADDON_DEP_EXCLUDED_FROM_BUILD	1.60.1.69913	1.60.1.70245
ADDON_DEP_INCOMPATIBLE	1.60.1.69913	1.60.1.70245
ADDON_DEP_INSECURE	1.60.1.69913	1.60.1.70245
ADDON_DEP_INTERFACE_VERSION	1.60.1.69913	1.60.1.70245
ADDON_DEP_MISSING	1.60.1.69913	1.60.1.70245
ADDON_DEP_NOT_AVAILABLE	1.60.1.69913	1.60.1.70245
ADDON_DEP_NO_ACTIVE_INTERFACE	1.60.1.69913	1.60.1.70245
ADDON_DEP_WRONG_ACTIVE_INTERFACE	1.60.1.69913	1.60.1.70245
ADDON_DEP_WRONG_GAME_TYPE	1.60.1.69913	1.60.1.70245
ADDON_DEP_WRONG_LOAD_PHASE	1.60.1.69913	1.60.1.70245
ADDON_DISABLED	1.60.1.69913	1.60.1.70245
ADDON_EXCLUDED_FROM_BUILD	1.60.1.69913	1.60.1.70245
ADDON_FORCE_LOAD	1.60.1.69913	1.60.1.70245
ADDON_INCOMPATIBLE	1.60.1.69913	1.60.1.70245
ADDON_INSECURE	1.60.1.69913	1.60.1.70245
ADDON_INTERFACE_VERSION	1.60.1.69913	1.60.1.70245
ADDON_LIST	1.60.1.69913	1.60.1.70245
ADDON_LIST_DISABLE_CATEGORY	1.60.1.69913	1.60.1.70245
ADDON_LIST_DISABLE_GROUP	1.60.1.69913	1.60.1.70245
ADDON_LIST_ENABLE_CATEGORY	1.60.1.69913	1.60.1.70245
ADDON_LIST_ENABLE_DEPENDENCIES	1.60.1.69913	1.60.1.70245
ADDON_LIST_ENABLE_GROUP	1.60.1.69913	1.60.1.70245
ADDON_LIST_PERFORMANCE_AVERAGE_CPU	1.60.1.69913	1.60.1.70245
ADDON_LIST_PERFORMANCE_CURRENT_CPU	1.60.1.69913	1.60.1.70245
ADDON_LIST_PERFORMANCE_ENCOUNTER_CPU	1.60.1.69913	1.60.1.70245
ADDON_LIST_PERFORMANCE_HEADER	1.60.1.69913	1.60.1.70245
ADDON_LIST_PERFORMANCE_MEMORY_KB	1.60.1.69913	1.60.1.70245
ADDON_LIST_PERFORMANCE_MEMORY_MB	1.60.1.69913	1.60.1.70245
ADDON_LIST_PERFORMANCE_PEAK_CPU	1.60.1.69913	1.60.1.70245
ADDON_LIST_PERFORMANCE_WARNING_TOOLTIP	1.60.1.69913	1.60.1.70245
ADDON_LIST_RESET_ALL_TO_DEFAULT	1.60.1.69913	1.60.1.70245
ADDON_LIST_RESET_TO_DEFAULT	1.60.1.69913	1.60.1.70245
ADDON_LOAD_FAILED	1.60.1.70170	1.60.1.70245
ADDON_MISSING	1.60.1.69913	1.60.1.70245
ADDON_NOT_AVAILABLE	1.60.1.69913	1.60.1.70245
ADDON_NO_ACTIVE_INTERFACE	1.60.1.69913	1.60.1.70245
ADDON_PERFORMANCE_OVERALL_ERROR_TEXT	1.60.1.69913	1.60.1.70245
ADDON_PERFORMANCE_SPECIFIC_ERROR_TEXT	1.60.1.69913	1.60.1.70245
ADDON_PERFORMANCE_SPECIFIC_WARNING_TEXT	1.60.1.70170	1.60.1.70245
ADDON_UNKNOWN_ERROR	1.60.1.69913	1.60.1.70245
ADDON_USER_ADDONS_DISABLED	1.60.1.69913	1.60.1.70245
ADDON_WRONG_ACTIVE_INTERFACE	1.60.1.69913	1.60.1.70245
ADDON_WRONG_GAME_TYPE	1.60.1.69913	1.60.1.70245
ADDON_WRONG_LOAD_PHASE	1.60.1.69913	1.60.1.70245
ADD_BINDING	1.60.1.69913	1.60.1.70245
ADD_CHANNEL	1.60.1.69913	1.60.1.70245
ADD_CHARACTER_FRIEND	1.60.1.69913	1.60.1.70245
ADD_FAVORITE_STATUS	1.60.1.69913	1.60.1.70245
ADD_FILTER	1.60.1.69913	1.60.1.70245
ADD_FRIEND	1.60.1.69913	1.60.1.70245
ADD_FRIEND_LABEL	1.60.1.69913	1.60.1.70245
ADD_GUILDMEMBER_LABEL	1.60.1.69913	1.60.1.70245
ADD_IGNORE_LABEL	1.60.1.69913	1.60.1.70245
ADD_NEW_FRIEND	1.60.1.69913	1.60.1.70245
ADD_WOW_FRIEND	1.60.1.69913	1.60.1.70245
ADJUST_MOTION_SICKNESS_SHAKE	1.60.1.69913	1.60.1.70245
ADVANCED_ANTIALIASING_MSAA_FORMAT	1.60.1.69913	1.60.1.70245
ADVANCED_COMBAT_LOGGING	1.60.1.69913	1.60.1.70245
ADVANCED_LABEL	1.60.1.69913	1.60.1.70245
ADVANCED_OPTIONS_LABEL	1.60.1.69913	1.60.1.70245
ADVENTURE_JOURNAL	1.60.1.69913	1.60.1.70245
ADVENTURE_TRACKING_MODULE_HEADER_TEXT	1.60.1.69913	1.60.1.70245
ADVENTURE_TRACKING_OPEN_PROFESSION_ERROR_TEXT	1.60.1.69913	1.60.1.70245
AFK	1.60.1.69913	1.60.1.70245
AGE_RESTRICTED_CHAT_MINOR	1.60.1.70170	1.60.1.70245
AGE_RESTRICTED_CHAT_MINOR_TOOLTIP	1.60.1.70009	1.60.1.70245
AGE_RESTRICTED_CHAT_UNVERIFIED	1.60.1.70170	1.60.1.70245
AGE_RESTRICTED_CHAT_UNVERIFIED_TOOLTIP	1.60.1.70009	1.60.1.70245
AGE_RESTRICTED_VOICE_CHAT_MINOR_TOOLTIP	1.60.1.70009	1.60.1.70245
AGE_RESTRICTED_VOICE_CHAT_UNVERIFIED_TOOLTIP	1.60.1.70009	1.60.1.70245
AGE_VERIFICATION_REQUIRED	1.60.1.70009	1.60.1.70245
AGE_VERIFICATION_REQUIRED_DESCRIPTION	1.60.1.70009	1.60.1.70245
AIM_DOWN	1.60.1.69913	1.60.1.70245
AIM_UP	1.60.1.69913	1.60.1.70245
ALL	1.60.1.69913	1.60.1.70245
ALL_ASSIST_DESCRIPTION	1.60.1.69913	1.60.1.70245
ALL_ASSIST_LABEL	1.60.1.69913	1.60.1.70245
ALL_ASSIST_LABEL_SHORT	1.60.1.70170	1.60.1.70245
ALL_ASSIST_NOT_LEADER_ERROR	1.60.1.69913	1.60.1.70245
ALL_BOSSES_ALIVE	1.60.1.70170	1.60.1.70245
ALL_CLASSES	1.60.1.70170	1.60.1.70245
ALL_SETTINGS	1.60.1.69913	1.60.1.70245
ALL_SPECS	1.60.1.69913	1.60.1.70245
ALREADY_FRIEND_FMT	1.60.1.69913	1.60.1.70245
ALTERED_FORMS_COUNT_FORMAT	1.60.1.70170	1.60.1.70245
ALTERNATE_SCREEN_EFFECTS	1.60.1.69913	1.60.1.70245
ALT_KEY	1.60.1.69913	1.60.1.70245
AMBIENCE_VOLUME	1.60.1.69913	1.60.1.70245
AMMOSLOT	1.60.1.69913	1.60.1.70245
AMMO_DAMAGE_TEMPLATE	1.60.1.69913	1.60.1.70245
AMMO_SCHOOL_DAMAGE_TEMPLATE	1.60.1.69913	1.60.1.70245
AMOUNT_PAID_COLON	1.60.1.69913	1.60.1.70245
AMOUNT_RECEIVED_COLON	1.60.1.69913	1.60.1.70245
AMOUNT_TO_PICKUP	1.60.1.69913	1.60.1.70245
AMOUNT_TO_SEND	1.60.1.69913	1.60.1.70245
ANIMA_DIVERSION_CONFIRM_CHANNEL	1.60.1.69913	1.60.1.70245
ANIMA_DIVERSION_CONFIRM_REINFORCE	1.60.1.69913	1.60.1.70245
ANISOTROPIC	1.60.1.69913	1.60.1.70245
ANTIALIASING	1.60.1.69913	1.60.1.70245
ANTIALIASING_FXAA_HIGH	1.60.1.69913	1.60.1.70245
ANTIALIASING_FXAA_LOW	1.60.1.69913	1.60.1.70245
APPLY	1.60.1.69913	1.60.1.70245
APPRENTICE	1.60.1.69913	1.60.1.70245
ARACHNOPHOBIA_MODE_CHECKBOX	1.60.1.69913	1.60.1.70245
ARACHNOPHOBIA_MODE_CHECKBOX_TOOLTIP	1.60.1.69913	1.60.1.70245
ARCHAEOLOGY_DIGSITE_COMPLETE_TOAST_FRAME_TITLE	1.60.1.69913	1.60.1.70245
AREA_SPIRIT_HEAL	1.60.1.69913	1.60.1.70245
ARENA	1.60.1.70170	1.60.1.70245
ARENA_2V2	1.60.1.70170	1.60.1.70245
ARENA_3V3	1.60.1.70170	1.60.1.70245
ARENA_COMPLETE_MESSAGE	1.60.1.69913	1.60.1.70245
ARENA_IS_READY	1.60.1.69913	1.60.1.70245
ARENA_SPECTATOR	1.60.1.69913	1.60.1.70245
ARMOR	1.60.1.69913	1.60.1.70245
ARMOR_MAX_EFFECTIVENESS_TOOLTIP	1.60.1.69913	1.60.1.70245
ARMOR_PENETRATION_TOOLTIP	1.60.1.69913	1.60.1.70245
ARMOR_TEMPLATE	1.60.1.69913	1.60.1.70245
ARMOR_TOOLTIP	1.60.1.69913	1.60.1.69913
ARTIFACT_RESPEC	1.60.1.69913	1.60.1.70245
ARTIFACT_RESPEC_NOT_ENOUGH_POWER	1.60.1.69913	1.60.1.70245
ARTISAN	1.60.1.69913	1.60.1.70245
ASSIGN_LOOT	1.60.1.69913	1.60.1.70245
ASSISTED_COMBAT_HIGHLIGHT_DIALOG_WARNING	1.60.1.69913	1.60.1.70245
ASSISTED_COMBAT_HIGHLIGHT_LABEL	1.60.1.69913	1.60.1.70245
ASSISTED_COMBAT_HIGHLIGHT_SPELL_INCLUDED	1.60.1.70170	1.60.1.70245
ASSISTED_COMBAT_LABEL	1.60.1.69913	1.60.1.70245
ASSISTED_COMBAT_ROTATION_ACTION_BUTTON_HELPTIP	1.60.1.69913	1.60.1.70245
ASSISTED_COMBAT_ROTATION_REDUCE_HIGHLIGHTS	1.60.1.69913	1.60.1.70245
ASSISTED_COMBAT_ROTATION_SPELL_INCLUDED	1.60.1.70170	1.60.1.70245
ASSISTED_COMBAT_ROTATION_VIEW_SPELLBOOK	1.60.1.69913	1.60.1.70245
ASSISTED_COMBAT_SPELL_INCLUDED	1.60.1.70170	1.60.1.70245
ATTACHMENT_TEXT	1.60.1.69913	1.60.1.70245
ATTACK_COLON	1.60.1.69913	1.60.1.69913
ATTACK_SPEED	1.60.1.69913	1.60.1.70245
ATTACK_SPEED_SECONDS	1.60.1.69913	1.60.1.70245
ATTACK_TOOLTIP	1.60.1.69913	1.60.1.69913
ATTACK_TOOLTIP_SUBTEXT	1.60.1.69913	1.60.1.69913
AT_WAR	1.60.1.69913	1.60.1.70245
AUCTION_BUYOUT_ERROR	1.60.1.69913	1.60.1.70245
AUCTION_CATEGORY_ARMOR	1.60.1.69913	1.60.1.70245
AUCTION_CATEGORY_CONSUMABLES	1.60.1.69913	1.60.1.70245
AUCTION_CATEGORY_CONTAINERS	1.60.1.69913	1.60.1.70245
AUCTION_CATEGORY_MISCELLANEOUS	1.60.1.69913	1.60.1.70245
AUCTION_CATEGORY_PROJECTILE	1.60.1.69913	1.60.1.70245
AUCTION_CATEGORY_QUEST_ITEMS	1.60.1.69913	1.60.1.70245
AUCTION_CATEGORY_RECIPES	1.60.1.69913	1.60.1.70245
AUCTION_CATEGORY_TRADE_GOODS	1.60.1.69913	1.60.1.70245
AUCTION_CATEGORY_WEAPONS	1.60.1.69913	1.60.1.70245
AUCTION_CREATING	1.60.1.69913	1.60.1.70245
AUCTION_CREATOR	1.60.1.69913	1.60.1.70245
AUCTION_DURATION_ONE	1.60.1.69913	1.60.1.70245
AUCTION_DURATION_THREE	1.60.1.69913	1.60.1.70245
AUCTION_DURATION_TWO	1.60.1.69913	1.60.1.70245
AUCTION_HOUSE_ALL_AUCTIONS	1.60.1.69913	1.60.1.70245
AUCTION_HOUSE_ALL_BIDS	1.60.1.69913	1.60.1.70245
AUCTION_HOUSE_AUCTIONS_SUB_TAB	1.60.1.69913	1.60.1.70245
AUCTION_HOUSE_AUCTION_SOLD_PREFIX	1.60.1.69913	1.60.1.70245
AUCTION_HOUSE_BACK_BUTTON	1.60.1.69913	1.60.1.70245
AUCTION_HOUSE_BIDS_SUB_TAB	1.60.1.69913	1.60.1.70245
AUCTION_HOUSE_BID_AMOUNT_IS_TOO_LOW	1.60.1.69913	1.60.1.70245
AUCTION_HOUSE_BID_BUTTON	1.60.1.69913	1.60.1.70245
AUCTION_HOUSE_BID_LABEL	1.60.1.69913	1.60.1.70245
AUCTION_HOUSE_BROWSE_FAVORITES_TIP	1.60.1.69913	1.60.1.70245
AUCTION_HOUSE_BROWSE_HEADER_CONTAINER_SLOTS	1.60.1.69913	1.60.1.70245
AUCTION_HOUSE_BROWSE_HEADER_NAME	1.60.1.69913	1.60.1.70245
AUCTION_HOUSE_BROWSE_HEADER_PRICE	1.60.1.69913	1.60.1.70245
AUCTION_HOUSE_BROWSE_HEADER_QUANTITY	1.60.1.69913	1.60.1.70245
AUCTION_HOUSE_BROWSE_HEADER_RECIPE_SKILL	1.60.1.69913	1.60.1.70245
AUCTION_HOUSE_BROWSE_HEADER_REQUIRED_LEVEL	1.60.1.69913	1.60.1.70245
AUCTION_HOUSE_BUYER_FORMAT	1.60.1.69913	1.60.1.70245
AUCTION_HOUSE_BUYOUT_BUTTON	1.60.1.69913	1.60.1.70245
AUCTION_HOUSE_BUYOUT_LABEL	1.60.1.69913	1.60.1.70245
AUCTION_HOUSE_BUYOUT_MODE_CHECK_BOX	1.60.1.69913	1.60.1.70245
AUCTION_HOUSE_BUYOUT_MODE_TOOLTIP	1.60.1.69913	1.60.1.70245
AUCTION_HOUSE_BUYOUT_OPTIONAL_LABEL	1.60.1.69913	1.60.1.70245
AUCTION_HOUSE_BUY_BUTTON	1.60.1.69913	1.60.1.70245
AUCTION_HOUSE_BUY_TAB	1.60.1.69913	1.60.1.70245
AUCTION_HOUSE_CANCEL_AUCTION_BUTTON	1.60.1.69913	1.60.1.70245
AUCTION_HOUSE_CUT_COLON	1.60.1.69913	1.60.1.70245
AUCTION_HOUSE_DEPOSIT_LABEL	1.60.1.69913	1.60.1.70245
AUCTION_HOUSE_DEPRECATED	1.60.1.69913	1.60.1.70245
AUCTION_HOUSE_DIALOG_BUY_NOW	1.60.1.69913	1.60.1.70245
AUCTION_HOUSE_DIALOG_PER_UNIT_INCREASE	1.60.1.69913	1.60.1.70245
AUCTION_HOUSE_DIALOG_PRICE_UNAVAILABLE	1.60.1.69913	1.60.1.70245
AUCTION_HOUSE_DIALOG_PRICE_UPDATED	1.60.1.69913	1.60.1.70245
AUCTION_HOUSE_DIALOG_TOTAL_INCREASE	1.60.1.69913	1.60.1.70245
AUCTION_HOUSE_DROPDOWN_REMOVE_FAVORITE	1.60.1.69913	1.60.1.70245
AUCTION_HOUSE_DROPDOWN_SET_FAVORITE	1.60.1.69913	1.60.1.70245
AUCTION_HOUSE_DURATION_LABEL	1.60.1.69913	1.60.1.70245
AUCTION_HOUSE_FAVORITES_MAXED_TOOLTIP	1.60.1.69913	1.60.1.70245
AUCTION_HOUSE_FAVORITES_SEARCH_TOOLTIP_NO_FAVORITES	1.60.1.69913	1.60.1.70245
AUCTION_HOUSE_FAVORITES_SEARCH_TOOLTIP_TITLE	1.60.1.69913	1.60.1.70245
AUCTION_HOUSE_FILTER_CATEGORY_EQUIPMENT	1.60.1.69913	1.60.1.70245
AUCTION_HOUSE_FILTER_CATEGORY_RARITY	1.60.1.69913	1.60.1.70245
AUCTION_HOUSE_FILTER_CURRENTEXPANSION_ONLY	1.60.1.69913	1.60.1.70245
AUCTION_HOUSE_FILTER_DROP_DOWN_LEVEL_RANGE	1.60.1.69913	1.60.1.70245
AUCTION_HOUSE_FILTER_RUNECARVING	1.60.1.69913	1.60.1.70245
AUCTION_HOUSE_FILTER_UNCOLLECTED_ONLY	1.60.1.69913	1.60.1.70245
AUCTION_HOUSE_FILTER_UPGRADES_ONLY	1.60.1.69913	1.60.1.70245
AUCTION_HOUSE_FILTER_USABLE_ONLY	1.60.1.69913	1.60.1.70245
AUCTION_HOUSE_FRAME_TITLE_BUY	1.60.1.69913	1.60.1.70245
AUCTION_HOUSE_FRAME_TITLE_SELL	1.60.1.69913	1.60.1.70245
AUCTION_HOUSE_HEADER_BID_PRICE	1.60.1.69913	1.60.1.70245
AUCTION_HOUSE_HEADER_BUYOUT_PRICE	1.60.1.69913	1.60.1.70245
AUCTION_HOUSE_HEADER_CURRENT_BID	1.60.1.69913	1.60.1.70245
AUCTION_HOUSE_HEADER_ITEM	1.60.1.69913	1.60.1.70245
AUCTION_HOUSE_HEADER_SELLER	1.60.1.69913	1.60.1.70245
AUCTION_HOUSE_HEADER_UNIT_PRICE	1.60.1.69913	1.60.1.70245
AUCTION_HOUSE_HIGHEST_BIDDER	1.60.1.69913	1.60.1.70245
AUCTION_HOUSE_HIGH_BIDDER_FORMAT	1.60.1.69913	1.60.1.70245
AUCTION_HOUSE_INCOMING_AMOUNT	1.60.1.69913	1.60.1.70245
AUCTION_HOUSE_MAIL_MULTIPLE_BUYERS	1.60.1.69913	1.60.1.70245
AUCTION_HOUSE_MAIL_MULTIPLE_SELLERS	1.60.1.69913	1.60.1.70245
AUCTION_HOUSE_MAX_QUANTITY_BUTTON	1.60.1.69913	1.60.1.70245
AUCTION_HOUSE_NONE_AVAILABLE	1.60.1.69913	1.60.1.70245
AUCTION_HOUSE_NONE_AVAILABLE_FORMAT	1.60.1.69913	1.60.1.70245
AUCTION_HOUSE_NUM_SELLERS	1.60.1.69913	1.60.1.70245
AUCTION_HOUSE_OUTBID	1.60.1.69913	1.60.1.70245
AUCTION_HOUSE_OWNED_COMMODITIES_LINE_TOOLTIP_TEXT	1.60.1.69913	1.60.1.70245
AUCTION_HOUSE_OWNED_COMMODITIES_LINE_TOOLTIP_TITLE	1.60.1.69913	1.60.1.70245
AUCTION_HOUSE_PER_ITEM_LABEL	1.60.1.69913	1.60.1.70245
AUCTION_HOUSE_POST_BUTTON	1.60.1.69913	1.60.1.70245
AUCTION_HOUSE_QUANTITY_AVAILABLE_FORMAT	1.60.1.69913	1.60.1.70245
AUCTION_HOUSE_QUANTITY_LABEL	1.60.1.69913	1.60.1.70245
AUCTION_HOUSE_REFRESH_BUTTON_TOOLTIP	1.60.1.69913	1.60.1.70245
AUCTION_HOUSE_SEARCH_BUTTON	1.60.1.69913	1.60.1.70245
AUCTION_HOUSE_SELLER_YOU	1.60.1.69913	1.60.1.70245
AUCTION_HOUSE_SELL_FRAME_ERROR_BUYOUT	1.60.1.69913	1.60.1.70245
AUCTION_HOUSE_SELL_FRAME_ERROR_DEPOSIT	1.60.1.69913	1.60.1.70245
AUCTION_HOUSE_SELL_FRAME_ERROR_ITEM	1.60.1.69913	1.60.1.70245
AUCTION_HOUSE_SELL_FRAME_ERROR_PRICE	1.60.1.69913	1.60.1.70245
AUCTION_HOUSE_SELL_FRAME_ERROR_QUANTITY	1.60.1.69913	1.60.1.70245
AUCTION_HOUSE_SELL_TAB	1.60.1.69913	1.60.1.70245
AUCTION_HOUSE_TIME_LEFT_FORMAT_ACTIVE	1.60.1.69913	1.60.1.70245
AUCTION_HOUSE_TOOLTIP_DURATION_FORMAT	1.60.1.69913	1.60.1.70245
AUCTION_HOUSE_TOOLTIP_MULTIPLE_SELLERS_FORMAT	1.60.1.69913	1.60.1.70245
AUCTION_HOUSE_TOOLTIP_OVERFLOW_SELLERS_FORMAT	1.60.1.69913	1.60.1.70245
AUCTION_HOUSE_TOOLTIP_SELLER_FORMAT	1.60.1.69913	1.60.1.70245
AUCTION_HOUSE_TOOLTIP_TIME_LEFT_LONG	1.60.1.69913	1.60.1.70245
AUCTION_HOUSE_TOOLTIP_TIME_LEFT_MEDIUM	1.60.1.69913	1.60.1.70245
AUCTION_HOUSE_TOOLTIP_TIME_LEFT_SHORT	1.60.1.69913	1.60.1.70245
AUCTION_HOUSE_TOOLTIP_TIME_LEFT_VERY_LONG	1.60.1.69913	1.60.1.70245
AUCTION_HOUSE_TOOLTIP_TITLE_NONE_AVAILABLE	1.60.1.69913	1.60.1.70245
AUCTION_HOUSE_TOOLTIP_TITLE_NOT_ENOUGH_MONEY	1.60.1.69913	1.60.1.70245
AUCTION_HOUSE_TOOLTIP_TITLE_OWN_AUCTION	1.60.1.69913	1.60.1.70245
AUCTION_HOUSE_TOTAL_PRICE_LABEL	1.60.1.69913	1.60.1.70245
AUCTION_HOUSE_UNDERCUT_TUTORIAL	1.60.1.69913	1.60.1.70245
AUCTION_HOUSE_UNIT_PRICE_LABEL	1.60.1.69913	1.60.1.70245
AUCTION_INVOICE_FUNDS_DELAY	1.60.1.69913	1.60.1.70245
AUCTION_INVOICE_FUNDS_NOT_YET_SENT	1.60.1.69913	1.60.1.70245
AUCTION_INVOICE_PENDING_FUNDS_COLON	1.60.1.69913	1.60.1.70245
AUCTION_POSTING_ERROR_TEXT	1.60.1.69913	1.60.1.70245
AUCTION_SUBCATEGORY_AMMO_CONTAINER	1.60.1.69913	1.60.1.70245
AUCTION_SUBCATEGORY_CLOAK	1.60.1.69913	1.60.1.70245
AUCTION_SUBCATEGORY_ITEM_ENHANCEMENT	1.60.1.69913	1.60.1.70245
AUCTION_SUBCATEGORY_MISCELLANEOUS	1.60.1.69913	1.60.1.70245
AUCTION_SUBCATEGORY_ONE_HANDED	1.60.1.69913	1.60.1.70245
AUCTION_SUBCATEGORY_OTHER	1.60.1.69913	1.60.1.70245
AUCTION_SUBCATEGORY_RANGED	1.60.1.69913	1.60.1.70245
AUCTION_SUBCATEGORY_REAGENT_CONTAINER	1.60.1.69913	1.60.1.70245
AUCTION_SUBCATEGORY_RELIC	1.60.1.69913	1.60.1.70245
AUCTION_SUBCATEGORY_STANDARD_CONTAINER	1.60.1.69913	1.60.1.70245
AUCTION_SUBCATEGORY_TWO_HANDED	1.60.1.69913	1.60.1.70245
AUCTION_TIME_LEFT0	1.60.1.69913	1.60.1.70245
AUCTION_TIME_LEFT0_DETAIL	1.60.1.69913	1.60.1.70245
AUCTION_TIME_LEFT1	1.60.1.69913	1.60.1.70245
AUCTION_TIME_LEFT1_DETAIL	1.60.1.69913	1.60.1.70245
AUCTION_TIME_LEFT2	1.60.1.69913	1.60.1.70245
AUCTION_TIME_LEFT2_DETAIL	1.60.1.69913	1.60.1.70245
AUCTION_TIME_LEFT3	1.60.1.69913	1.60.1.70245
AUCTION_TIME_LEFT3_DETAIL	1.60.1.69913	1.60.1.70245
AUCTION_TIME_LEFT4	1.60.1.69913	1.60.1.70245
AUCTION_TIME_LEFT4_DETAIL	1.60.1.69913	1.60.1.70245
AUDIO_CACHE_SIZE	1.60.1.69913	1.60.1.70245
AUDIO_CACHE_SIZE_LARGE	1.60.1.69913	1.60.1.70245
AUDIO_CACHE_SIZE_SMALL	1.60.1.69913	1.60.1.70245
AUDIO_CHANNELS	1.60.1.69913	1.60.1.70245
AUDIO_LABEL	1.60.1.69913	1.60.1.70245
AUDIO_OUTPUT_DEVICE	1.60.1.69913	1.60.1.70245
AURAS	1.60.1.69913	1.60.1.70245
AURAS_COMBATLOG_TOOLTIP	1.60.1.69913	1.60.1.70245
AURA_END	1.60.1.69913	1.60.1.70245
AUTHENTICATOR_GUILD_RANK_CHANGE	1.60.1.69913	1.60.1.70245
AUTHENTICATOR_GUILD_RANK_IN_USE	1.60.1.69913	1.60.1.70245
AUTHENTICATOR_GUILD_RANK_LAST	1.60.1.69913	1.60.1.70245
AUTOCOMPLETE_LABEL_FRIEND	1.60.1.70170	1.60.1.70245
AUTOCOMPLETE_LABEL_GROUP	1.60.1.70170	1.60.1.70245
AUTOCOMPLETE_LABEL_GUILD	1.60.1.70170	1.60.1.70245
AUTOCOMPLETE_LABEL_INTERACTED	1.60.1.70170	1.60.1.70245
AUTOFOLLOWSTART	1.60.1.69913	1.60.1.70245
AUTOFOLLOWSTOP	1.60.1.69913	1.60.1.70245
AUTO_ACCEPT_QUICK_JOIN_TEXT	1.60.1.69913	1.60.1.70245
AUTO_FOLLOW_SPEED	1.60.1.69913	1.60.1.70245
AUTO_LOOT_DEFAULT_TEXT	1.60.1.69913	1.60.1.70245
AUTO_LOOT_KEY_TEXT	1.60.1.69913	1.60.1.70245
AUTO_RESET_DAMAGE_METER	1.60.1.69913	1.60.1.70245
AUTO_RESET_DAMAGE_METER_TOOLTIP	1.60.1.69913	1.60.1.70245
AUTO_SELF_CAST_KEY_TEXT	1.60.1.69913	1.60.1.70245
AVAILABLE	1.60.1.69913	1.60.1.70245
AVAILABLE_QUESTS	1.60.1.69913	1.60.1.70245
AVAILABLE_SERVICES	1.60.1.69913	1.60.1.70245
AZERITE_EMPOWERED_BIND_NO_DROP	1.60.1.69913	1.60.1.70245
AZERITE_EMPOWERED_ITEM_LOOT_LABEL	1.60.1.69913	1.60.1.70245
AZERITE_EMPOWERED_SELECT_POWER	1.60.1.69913	1.60.1.70245
AchievementCategory:1	1.60.1.70009	1.60.1.70245
AchievementCategory:122	1.60.1.70009	1.60.1.70245
AchievementCategory:124	1.60.1.70009	1.60.1.70245
AchievementCategory:125	1.60.1.70009	1.60.1.70245
AchievementCategory:126	1.60.1.70009	1.60.1.70245
AchievementCategory:127	1.60.1.70009	1.60.1.70245
AchievementCategory:128	1.60.1.70009	1.60.1.70245
AchievementCategory:130	1.60.1.70009	1.60.1.70245
AchievementCategory:131	1.60.1.70009	1.60.1.70245
AchievementCategory:132	1.60.1.70009	1.60.1.70245
AchievementCategory:133	1.60.1.70009	1.60.1.70245
AchievementCategory:134	1.60.1.70009	1.60.1.70245
AchievementCategory:135	1.60.1.70009	1.60.1.70245
AchievementCategory:136	1.60.1.70009	1.60.1.70245
AchievementCategory:137	1.60.1.70009	1.60.1.70245
AchievementCategory:140	1.60.1.70009	1.60.1.70245
AchievementCategory:141	1.60.1.70009	1.60.1.70245
AchievementCategory:145	1.60.1.70009	1.60.1.70245
AchievementCategory:147	1.60.1.70009	1.60.1.70245
AchievementCategory:14807	1.60.1.70009	1.60.1.70245
AchievementCategory:14821	1.60.1.70009	1.60.1.70245
AchievementCategory:15568	1.60.1.70009	1.60.1.70245
AchievementCategory:15586	1.60.1.70009	1.60.1.70245
AchievementCategory:15593	1.60.1.70009	1.60.1.70245
AchievementCategory:15594	1.60.1.70009	1.60.1.70245
AchievementCategory:15596	1.60.1.70009	1.60.1.70245
AchievementCategory:15597	1.60.1.70009	1.60.1.70245
AchievementCategory:15598	1.60.1.70009	1.60.1.70245
AchievementCategory:15607	1.60.1.70009	1.60.1.70245
AchievementCategory:15620	1.60.1.70009	1.60.1.70245
AchievementCategory:15626	1.60.1.70009	1.60.1.70245
AchievementCategory:173	1.60.1.70009	1.60.1.70245
AchievementCategory:178	1.60.1.70009	1.60.1.70245
AchievementCategory:191	1.60.1.70009	1.60.1.70245
AchievementCategory:21	1.60.1.70009	1.60.1.70245
AchievementDescription:1042	1.60.1.70009	1.60.1.70245
AchievementDescription:1043	1.60.1.70009	1.60.1.70245
AchievementDescription:1044	1.60.1.70009	1.60.1.70245
AchievementDescription:1045	1.60.1.70009	1.60.1.70245
AchievementDescription:1047	1.60.1.70009	1.60.1.70245
AchievementDescription:105	1.60.1.70009	1.60.1.70245
AchievementDescription:1065	1.60.1.70009	1.60.1.70245
AchievementDescription:1066	1.60.1.70009	1.60.1.70245
AchievementDescription:1067	1.60.1.70009	1.60.1.70245
AchievementDescription:107	1.60.1.70009	1.60.1.70245
AchievementDescription:108	1.60.1.70009	1.60.1.70245
AchievementDescription:1092	1.60.1.70009	1.60.1.70245
AchievementDescription:1093	1.60.1.70009	1.60.1.70245
AchievementDescription:1094	1.60.1.70009	1.60.1.70245
AchievementDescription:1095	1.60.1.70009	1.60.1.70245
AchievementDescription:1096	1.60.1.70009	1.60.1.70245
AchievementDescription:1097	1.60.1.70009	1.60.1.70245
AchievementDescription:1098	1.60.1.70009	1.60.1.70245
AchievementDescription:1113	1.60.1.70009	1.60.1.70245
AchievementDescription:1114	1.60.1.70009	1.60.1.70245
AchievementDescription:1115	1.60.1.70009	1.60.1.70245
AchievementDescription:112	1.60.1.70009	1.60.1.70245
AchievementDescription:1125	1.60.1.70009	1.60.1.70245
AchievementDescription:113	1.60.1.70009	1.60.1.70245
AchievementDescription:114	1.60.1.70009	1.60.1.70245
AchievementDescription:1146	1.60.1.70009	1.60.1.70245
AchievementDescription:1147	1.60.1.70009	1.60.1.70245
AchievementDescription:1148	1.60.1.70009	1.60.1.70245
AchievementDescription:1149	1.60.1.70009	1.60.1.70245
AchievementDescription:115	1.60.1.70009	1.60.1.70245
AchievementDescription:1150	1.60.1.70009	1.60.1.70245
AchievementDescription:1197	1.60.1.70009	1.60.1.70245
AchievementDescription:1198	1.60.1.70009	1.60.1.70245
AchievementDescription:1199	1.60.1.70009	1.60.1.70245
AchievementDescription:1200	1.60.1.70009	1.60.1.70245
AchievementDescription:1201	1.60.1.70009	1.60.1.70245
AchievementDescription:1202	1.60.1.70009	1.60.1.70245
AchievementDescription:1229	1.60.1.70009	1.60.1.70245
AchievementDescription:1336	1.60.1.70009	1.60.1.70245
AchievementDescription:1337	1.60.1.70009	1.60.1.70245
AchievementDescription:1339	1.60.1.70009	1.60.1.70245
AchievementDescription:1456	1.60.1.70009	1.60.1.70245
AchievementDescription:1458	1.60.1.70009	1.60.1.70245
AchievementDescription:1466	1.60.1.70009	1.60.1.70245
AchievementDescription:1487	1.60.1.70009	1.60.1.70245
AchievementDescription:1489	1.60.1.70009	1.60.1.70245
AchievementDescription:1491	1.60.1.70009	1.60.1.70245
AchievementDescription:1495	1.60.1.70009	1.60.1.70245
AchievementDescription:1496	1.60.1.70009	1.60.1.70245
AchievementDescription:1497	1.60.1.70009	1.60.1.70245
AchievementDescription:1501	1.60.1.70009	1.60.1.70245
AchievementDescription:15027	1.60.1.70009	1.60.1.70245
AchievementDescription:15028	1.60.1.70009	1.60.1.70245
AchievementDescription:15029	1.60.1.70009	1.60.1.70245
AchievementDescription:15030	1.60.1.70009	1.60.1.70245
AchievementDescription:1518	1.60.1.70009	1.60.1.70245
AchievementDescription:1519	1.60.1.70009	1.60.1.70245
AchievementDescription:1524	1.60.1.70009	1.60.1.70245
AchievementDescription:1525	1.60.1.70009	1.60.1.70245
AchievementDescription:1526	1.60.1.70009	1.60.1.70245
AchievementDescription:1527	1.60.1.70009	1.60.1.70245
AchievementDescription:1532	1.60.1.70009	1.60.1.70245
AchievementDescription:1535	1.60.1.70009	1.60.1.70245
AchievementDescription:1536	1.60.1.70009	1.60.1.70245
AchievementDescription:1537	1.60.1.70009	1.60.1.70245
AchievementDescription:1538	1.60.1.70009	1.60.1.70245
AchievementDescription:1539	1.60.1.70009	1.60.1.70245
AchievementDescription:1541	1.60.1.70009	1.60.1.70245
AchievementDescription:1542	1.60.1.70009	1.60.1.70245
AchievementDescription:1544	1.60.1.70009	1.60.1.70245
AchievementDescription:1716	1.60.1.70009	1.60.1.70245
AchievementDescription:1719	1.60.1.70009	1.60.1.70245
AchievementDescription:1729	1.60.1.70009	1.60.1.70245
AchievementDescription:1730	1.60.1.70009	1.60.1.70245
AchievementDescription:1734	1.60.1.70009	1.60.1.70245
AchievementDescription:1735	1.60.1.70009	1.60.1.70245
AchievementDescription:1740	1.60.1.70009	1.60.1.70245
AchievementDescription:1741	1.60.1.70009	1.60.1.70245
AchievementDescription:1745	1.60.1.70009	1.60.1.70245
AchievementDescription:1748	1.60.1.70009	1.60.1.70245
AchievementDescription:178	1.60.1.70009	1.60.1.70245
AchievementDescription:181	1.60.1.70009	1.60.1.70245
AchievementDescription:183	1.60.1.70009	1.60.1.70245
AchievementDescription:189	1.60.1.70009	1.60.1.70245
AchievementDescription:193	1.60.1.70009	1.60.1.70245
AchievementDescription:197	1.60.1.70009	1.60.1.70245
AchievementDescription:1976	1.60.1.70009	1.60.1.70245
AchievementDescription:198	1.60.1.70009	1.60.1.70245
AchievementDescription:2277	1.60.1.70009	1.60.1.70245
AchievementDescription:2396	1.60.1.70009	1.60.1.70245
AchievementDescription:2397	1.60.1.70009	1.60.1.70245
AchievementDescription:281	1.60.1.70009	1.60.1.70245
AchievementDescription:319	1.60.1.70009	1.60.1.70245
AchievementDescription:320	1.60.1.70009	1.60.1.70245
AchievementDescription:321	1.60.1.70009	1.60.1.70245
AchievementDescription:3216	1.60.1.70009	1.60.1.70245
AchievementDescription:326	1.60.1.70009	1.60.1.70245
AchievementDescription:328	1.60.1.70009	1.60.1.70245
AchievementDescription:329	1.60.1.70009	1.60.1.70245
AchievementDescription:330	1.60.1.70009	1.60.1.70245
AchievementDescription:331	1.60.1.70009	1.60.1.70245
AchievementDescription:332	1.60.1.70009	1.60.1.70245
AchievementDescription:333	1.60.1.70009	1.60.1.70245
AchievementDescription:334	1.60.1.70009	1.60.1.70245
AchievementDescription:336	1.60.1.70009	1.60.1.70245
AchievementDescription:338	1.60.1.70009	1.60.1.70245
AchievementDescription:339	1.60.1.70009	1.60.1.70245
AchievementDescription:341	1.60.1.70009	1.60.1.70245
AchievementDescription:342	1.60.1.70009	1.60.1.70245
AchievementDescription:344	1.60.1.70009	1.60.1.70245
AchievementDescription:345	1.60.1.70009	1.60.1.70245
AchievementDescription:346	1.60.1.70009	1.60.1.70245
AchievementDescription:347	1.60.1.70009	1.60.1.70245
AchievementDescription:349	1.60.1.70009	1.60.1.70245
AchievementDescription:350	1.60.1.70009	1.60.1.70245
AchievementDescription:353	1.60.1.70009	1.60.1.70245
AchievementDescription:377	1.60.1.70009	1.60.1.70245
AchievementDescription:378	1.60.1.70009	1.60.1.70245
AchievementDescription:381	1.60.1.70009	1.60.1.70245
AchievementDescription:382	1.60.1.70009	1.60.1.70245
AchievementDescription:393	1.60.1.70009	1.60.1.70245
AchievementDescription:394	1.60.1.70009	1.60.1.70245
AchievementDescription:395	1.60.1.70009	1.60.1.70245
AchievementDescription:49	1.60.1.70009	1.60.1.70245
AchievementDescription:51	1.60.1.70009	1.60.1.70245
AchievementDescription:52	1.60.1.70009	1.60.1.70245
AchievementDescription:527	1.60.1.70009	1.60.1.70245
AchievementDescription:528	1.60.1.70009	1.60.1.70245
AchievementDescription:529	1.60.1.70009	1.60.1.70245
AchievementDescription:53	1.60.1.70009	1.60.1.70245
AchievementDescription:55	1.60.1.70009	1.60.1.70245
AchievementDescription:56	1.60.1.70009	1.60.1.70245
AchievementDescription:57	1.60.1.70009	1.60.1.70245
AchievementDescription:58	1.60.1.70009	1.60.1.70245
AchievementDescription:586	1.60.1.70009	1.60.1.70245
AchievementDescription:588	1.60.1.70009	1.60.1.70245
AchievementDescription:59	1.60.1.70009	1.60.1.70245
AchievementDescription:593	1.60.1.70009	1.60.1.70245
AchievementDescription:594	1.60.1.70009	1.60.1.70245
AchievementDescription:60	1.60.1.70009	1.60.1.70245
AchievementDescription:6137	1.60.1.70009	1.60.1.70245
AchievementDescription:6139	1.60.1.70009	1.60.1.70245
AchievementDescription:6140	1.60.1.70009	1.60.1.70245
AchievementDescription:6141	1.60.1.70009	1.60.1.70245
AchievementDescription:6142	1.60.1.70009	1.60.1.70245
AchievementDescription:6143	1.60.1.70009	1.60.1.70245
AchievementDescription:6144	1.60.1.70009	1.60.1.70245
AchievementDescription:6145	1.60.1.70009	1.60.1.70245
AchievementDescription:6146	1.60.1.70009	1.60.1.70245
AchievementDescription:61499	1.60.1.70009	1.60.1.70245
AchievementDescription:61500	1.60.1.70009	1.60.1.70245
AchievementDescription:61501	1.60.1.70009	1.60.1.70245
AchievementDescription:61502	1.60.1.70009	1.60.1.70245
AchievementDescription:61503	1.60.1.70009	1.60.1.70245
AchievementDescription:61504	1.60.1.70009	1.60.1.70245
AchievementDescription:61989	1.60.1.70009	1.60.1.70245
AchievementDescription:61992	1.60.1.70009	1.60.1.70245
AchievementDescription:61993	1.60.1.70009	1.60.1.70245
AchievementDescription:61994	1.60.1.70009	1.60.1.70245
AchievementDescription:61995	1.60.1.70009	1.60.1.70245
AchievementDescription:61996	1.60.1.70009	1.60.1.70245
AchievementDescription:61997	1.60.1.70009	1.60.1.70245
AchievementDescription:61998	1.60.1.70009	1.60.1.70245
AchievementDescription:61999	1.60.1.70009	1.60.1.70245
AchievementDescription:62000	1.60.1.70009	1.60.1.70245
AchievementDescription:62001	1.60.1.70009	1.60.1.70245
AchievementDescription:62002	1.60.1.70009	1.60.1.70245
AchievementDescription:62003	1.60.1.70009	1.60.1.70245
AchievementDescription:62004	1.60.1.70009	1.60.1.70245
AchievementDescription:62005	1.60.1.70009	1.60.1.70245
AchievementDescription:62006	1.60.1.70009	1.60.1.70245
AchievementDescription:62007	1.60.1.70009	1.60.1.70245
AchievementDescription:62008	1.60.1.70009	1.60.1.70245
AchievementDescription:62009	1.60.1.70009	1.60.1.70245
AchievementDescription:62010	1.60.1.70009	1.60.1.70245
AchievementDescription:62011	1.60.1.70009	1.60.1.70245
AchievementDescription:62012	1.60.1.70009	1.60.1.70245
AchievementDescription:62013	1.60.1.70009	1.60.1.70245
AchievementDescription:62014	1.60.1.70009	1.60.1.70245
AchievementDescription:62015	1.60.1.70009	1.60.1.70245
AchievementDescription:62016	1.60.1.70009	1.60.1.70245
AchievementDescription:62017	1.60.1.70009	1.60.1.70245
AchievementDescription:62018	1.60.1.70009	1.60.1.70245
AchievementDescription:62019	1.60.1.70009	1.60.1.70245
AchievementDescription:62020	1.60.1.70009	1.60.1.70245
AchievementDescription:62021	1.60.1.70009	1.60.1.70245
AchievementDescription:62022	1.60.1.70009	1.60.1.70245
AchievementDescription:62023	1.60.1.70009	1.60.1.70245
AchievementDescription:62024	1.60.1.70009	1.60.1.70245
AchievementDescription:62025	1.60.1.70009	1.60.1.70245
AchievementDescription:62026	1.60.1.70009	1.60.1.70245
AchievementDescription:62028	1.60.1.70009	1.60.1.70245
AchievementDescription:62029	1.60.1.70009	1.60.1.70245
AchievementDescription:62030	1.60.1.70009	1.60.1.70245
AchievementDescription:62031	1.60.1.70009	1.60.1.70245
AchievementDescription:62034	1.60.1.70009	1.60.1.70245
AchievementDescription:62035	1.60.1.70009	1.60.1.70245
AchievementDescription:62041	1.60.1.70009	1.60.1.70245
AchievementDescription:62042	1.60.1.70009	1.60.1.70245
AchievementDescription:62043	1.60.1.70009	1.60.1.70245
AchievementDescription:62044	1.60.1.70009	1.60.1.70245
AchievementDescription:62045	1.60.1.70009	1.60.1.70245
AchievementDescription:62046	1.60.1.70009	1.60.1.70245
AchievementDescription:62047	1.60.1.70009	1.60.1.70245
AchievementDescription:62048	1.60.1.70009	1.60.1.70245
AchievementDescription:62049	1.60.1.70009	1.60.1.70245
AchievementDescription:62053	1.60.1.70009	1.60.1.70245
AchievementDescription:62054	1.60.1.70009	1.60.1.70245
AchievementDescription:62353	1.60.1.70009	1.60.1.70245
AchievementDescription:62354	1.60.1.70009	1.60.1.70245
AchievementDescription:62355	1.60.1.70009	1.60.1.70245
AchievementDescription:62356	1.60.1.70009	1.60.1.70245
AchievementDescription:62382	1.60.1.70009	1.60.1.70245
AchievementDescription:627	1.60.1.70009	1.60.1.70245
AchievementDescription:63340	1.60.1.70009	1.60.1.70245
AchievementDescription:63341	1.60.1.70009	1.60.1.70245
AchievementDescription:63342	1.60.1.70009	1.60.1.70245
AchievementDescription:63570	1.60.1.70009	1.60.1.70245
AchievementDescription:63571	1.60.1.70009	1.60.1.70245
AchievementDescription:63572	1.60.1.70009	1.60.1.70245
AchievementDescription:63573	1.60.1.70009	1.60.1.70245
AchievementDescription:63574	1.60.1.70009	1.60.1.70245
AchievementDescription:63575	1.60.1.70009	1.60.1.70245
AchievementDescription:63580	1.60.1.70009	1.60.1.70245
AchievementDescription:63581	1.60.1.70009	1.60.1.70245
AchievementDescription:63589	1.60.1.70009	1.60.1.70245
AchievementDescription:63590	1.60.1.70009	1.60.1.70245
AchievementDescription:63592	1.60.1.70009	1.60.1.70245
AchievementDescription:63593	1.60.1.70009	1.60.1.70245
AchievementDescription:63684	1.60.1.70009	1.60.1.70245
AchievementDescription:64053	1.60.1.70009	1.60.1.70245
AchievementDescription:64054	1.60.1.70009	1.60.1.70245
AchievementDescription:64055	1.60.1.70009	1.60.1.70245
AchievementDescription:64056	1.60.1.70009	1.60.1.70245
AchievementDescription:64057	1.60.1.70009	1.60.1.70245
AchievementDescription:64058	1.60.1.70009	1.60.1.70245
AchievementDescription:64059	1.60.1.70009	1.60.1.70245
AchievementDescription:64060	1.60.1.70009	1.60.1.70245
AchievementDescription:64061	1.60.1.70009	1.60.1.70245
AchievementDescription:64176	1.60.1.70009	1.60.1.70245
AchievementDescription:64179	1.60.1.70009	1.60.1.70245
AchievementDescription:64180	1.60.1.70009	1.60.1.70245
AchievementDescription:64181	1.60.1.70009	1.60.1.70245
AchievementDescription:64182	1.60.1.70009	1.60.1.70245
AchievementDescription:64183	1.60.1.70009	1.60.1.70245
AchievementDescription:64184	1.60.1.70009	1.60.1.70245
AchievementDescription:64185	1.60.1.70009	1.60.1.70245
AchievementDescription:6786	1.60.1.70009	1.60.1.70245
AchievementDescription:684	1.60.1.70009	1.60.1.70245
AchievementDescription:728	1.60.1.70009	1.60.1.70245
AchievementDescription:736	1.60.1.70009	1.60.1.70245
AchievementDescription:750	1.60.1.70009	1.60.1.70245
AchievementDescription:753	1.60.1.70009	1.60.1.70245
AchievementDescription:760	1.60.1.70009	1.60.1.70245
AchievementDescription:761	1.60.1.70009	1.60.1.70245
AchievementDescription:765	1.60.1.70009	1.60.1.70245
AchievementDescription:766	1.60.1.70009	1.60.1.70245
AchievementDescription:768	1.60.1.70009	1.60.1.70245
AchievementDescription:769	1.60.1.70009	1.60.1.70245
AchievementDescription:770	1.60.1.70009	1.60.1.70245
AchievementDescription:771	1.60.1.70009	1.60.1.70245
AchievementDescription:772	1.60.1.70009	1.60.1.70245
AchievementDescription:773	1.60.1.70009	1.60.1.70245
AchievementDescription:774	1.60.1.70009	1.60.1.70245
AchievementDescription:775	1.60.1.70009	1.60.1.70245
AchievementDescription:776	1.60.1.70009	1.60.1.70245
AchievementDescription:777	1.60.1.70009	1.60.1.70245
AchievementDescription:778	1.60.1.70009	1.60.1.70245
AchievementDescription:779	1.60.1.70009	1.60.1.70245
AchievementDescription:780	1.60.1.70009	1.60.1.70245
AchievementDescription:781	1.60.1.70009	1.60.1.70245
AchievementDescription:782	1.60.1.70009	1.60.1.70245
AchievementDescription:796	1.60.1.70009	1.60.1.70245
AchievementDescription:798	1.60.1.70009	1.60.1.70245
AchievementDescription:799	1.60.1.70009	1.60.1.70245
AchievementDescription:800	1.60.1.70009	1.60.1.70245
AchievementDescription:801	1.60.1.70009	1.60.1.70245
AchievementDescription:802	1.60.1.70009	1.60.1.70245
AchievementDescription:811	1.60.1.70009	1.60.1.70245
AchievementDescription:812	1.60.1.70009	1.60.1.70245
AchievementDescription:829	1.60.1.70009	1.60.1.70245
AchievementDescription:830	1.60.1.70009	1.60.1.70245
AchievementDescription:839	1.60.1.70009	1.60.1.70245
AchievementDescription:840	1.60.1.70009	1.60.1.70245
AchievementDescription:841	1.60.1.70009	1.60.1.70245
AchievementDescription:842	1.60.1.70009	1.60.1.70245
AchievementDescription:844	1.60.1.70009	1.60.1.70245
AchievementDescription:845	1.60.1.70009	1.60.1.70245
AchievementDescription:846	1.60.1.70009	1.60.1.70245
AchievementDescription:847	1.60.1.70009	1.60.1.70245
AchievementDescription:848	1.60.1.70009	1.60.1.70245
AchievementDescription:849	1.60.1.70009	1.60.1.70245
AchievementDescription:850	1.60.1.70009	1.60.1.70245
AchievementDescription:851	1.60.1.70009	1.60.1.70245
AchievementDescription:852	1.60.1.70009	1.60.1.70245
AchievementDescription:853	1.60.1.70009	1.60.1.70245
AchievementDescription:854	1.60.1.70009	1.60.1.70245
AchievementDescription:855	1.60.1.70009	1.60.1.70245
AchievementDescription:856	1.60.1.70009	1.60.1.70245
AchievementDescription:857	1.60.1.70009	1.60.1.70245
AchievementDescription:917	1.60.1.70009	1.60.1.70245
AchievementDescription:918	1.60.1.70009	1.60.1.70245
AchievementDescription:919	1.60.1.70009	1.60.1.70245
AchievementDescription:921	1.60.1.70009	1.60.1.70245
AchievementDescription:922	1.60.1.70009	1.60.1.70245
AchievementDescription:923	1.60.1.70009	1.60.1.70245
AchievementDescription:926	1.60.1.70009	1.60.1.70245
AchievementDescription:927	1.60.1.70009	1.60.1.70245
AchievementDescription:928	1.60.1.70009	1.60.1.70245
AchievementDescription:931	1.60.1.70009	1.60.1.70245
AchievementDescription:932	1.60.1.70009	1.60.1.70245
AchievementDescription:933	1.60.1.70009	1.60.1.70245
AchievementDescription:934	1.60.1.70009	1.60.1.70245
AchievementDescription:94	1.60.1.70009	1.60.1.70245
AchievementDescription:95	1.60.1.70009	1.60.1.70245
AchievementDescription:98	1.60.1.70009	1.60.1.70245
AchievementReward:684	1.60.1.70009	1.60.1.70245
AchievementTitle:1042	1.60.1.70009	1.60.1.70245
AchievementTitle:1043	1.60.1.70009	1.60.1.70245
AchievementTitle:1044	1.60.1.70009	1.60.1.70245
AchievementTitle:1045	1.60.1.70009	1.60.1.70245
AchievementTitle:1047	1.60.1.70009	1.60.1.70245
AchievementTitle:105	1.60.1.70009	1.60.1.70245
AchievementTitle:1065	1.60.1.70009	1.60.1.70245
AchievementTitle:1066	1.60.1.70009	1.60.1.70245
AchievementTitle:1067	1.60.1.70009	1.60.1.70245
AchievementTitle:107	1.60.1.70009	1.60.1.70245
AchievementTitle:108	1.60.1.70009	1.60.1.70245
AchievementTitle:1092	1.60.1.70009	1.60.1.70245
AchievementTitle:1093	1.60.1.70009	1.60.1.70245
AchievementTitle:1094	1.60.1.70009	1.60.1.70245
AchievementTitle:1095	1.60.1.70009	1.60.1.70245
AchievementTitle:1096	1.60.1.70009	1.60.1.70245
AchievementTitle:1097	1.60.1.70009	1.60.1.70245
AchievementTitle:1098	1.60.1.70009	1.60.1.70245
AchievementTitle:1113	1.60.1.70009	1.60.1.70245
AchievementTitle:1114	1.60.1.70009	1.60.1.70245
AchievementTitle:1115	1.60.1.70009	1.60.1.70245
AchievementTitle:112	1.60.1.70009	1.60.1.70245
AchievementTitle:1125	1.60.1.70009	1.60.1.70245
AchievementTitle:113	1.60.1.70009	1.60.1.70245
AchievementTitle:114	1.60.1.70009	1.60.1.70245
AchievementTitle:1146	1.60.1.70009	1.60.1.70245
AchievementTitle:1147	1.60.1.70009	1.60.1.70245
AchievementTitle:1148	1.60.1.70009	1.60.1.70245
AchievementTitle:1149	1.60.1.70009	1.60.1.70245
AchievementTitle:115	1.60.1.70009	1.60.1.70245
AchievementTitle:1150	1.60.1.70009	1.60.1.70245
AchievementTitle:1197	1.60.1.70009	1.60.1.70245
AchievementTitle:1198	1.60.1.70009	1.60.1.70245
AchievementTitle:1199	1.60.1.70009	1.60.1.70245
AchievementTitle:1200	1.60.1.70009	1.60.1.70245
AchievementTitle:1201	1.60.1.70009	1.60.1.70245
AchievementTitle:1202	1.60.1.70009	1.60.1.70245
AchievementTitle:1229	1.60.1.70009	1.60.1.70245
AchievementTitle:1336	1.60.1.70009	1.60.1.70245
AchievementTitle:1337	1.60.1.70009	1.60.1.70245
AchievementTitle:1339	1.60.1.70009	1.60.1.70245
AchievementTitle:1456	1.60.1.70009	1.60.1.70245
AchievementTitle:1458	1.60.1.70009	1.60.1.70245
AchievementTitle:1466	1.60.1.70009	1.60.1.70245
AchievementTitle:1487	1.60.1.70009	1.60.1.70245
AchievementTitle:1488	1.60.1.70009	1.60.1.70245
AchievementTitle:1489	1.60.1.70009	1.60.1.70245
AchievementTitle:1491	1.60.1.70009	1.60.1.70245
AchievementTitle:1495	1.60.1.70009	1.60.1.70245
AchievementTitle:1496	1.60.1.70009	1.60.1.70245
AchievementTitle:1497	1.60.1.70009	1.60.1.70245
AchievementTitle:1501	1.60.1.70009	1.60.1.70245
AchievementTitle:15027	1.60.1.70009	1.60.1.70245
AchievementTitle:15028	1.60.1.70009	1.60.1.70245
AchievementTitle:15029	1.60.1.70009	1.60.1.70245
AchievementTitle:15030	1.60.1.70009	1.60.1.70245
AchievementTitle:1518	1.60.1.70009	1.60.1.70245
AchievementTitle:1519	1.60.1.70009	1.60.1.70245
AchievementTitle:1524	1.60.1.70009	1.60.1.70245
AchievementTitle:1525	1.60.1.70009	1.60.1.70245
AchievementTitle:1526	1.60.1.70009	1.60.1.70245
AchievementTitle:1527	1.60.1.70009	1.60.1.70245
AchievementTitle:1532	1.60.1.70009	1.60.1.70245
AchievementTitle:15329	1.60.1.70009	1.60.1.70245
AchievementTitle:15330	1.60.1.70009	1.60.1.70245
AchievementTitle:15332	1.60.1.70009	1.60.1.70245
AchievementTitle:15333	1.60.1.70009	1.60.1.70245
AchievementTitle:15334	1.60.1.70009	1.60.1.70245
AchievementTitle:15335	1.60.1.70009	1.60.1.70245
AchievementTitle:1535	1.60.1.70009	1.60.1.70245
AchievementTitle:1536	1.60.1.70009	1.60.1.70245
AchievementTitle:1537	1.60.1.70009	1.60.1.70245
AchievementTitle:1538	1.60.1.70009	1.60.1.70245
AchievementTitle:1539	1.60.1.70009	1.60.1.70245
AchievementTitle:1541	1.60.1.70009	1.60.1.70245
AchievementTitle:1542	1.60.1.70009	1.60.1.70245
AchievementTitle:1544	1.60.1.70009	1.60.1.70245
AchievementTitle:15637	1.60.1.70009	1.60.1.70245
AchievementTitle:1716	1.60.1.70009	1.60.1.70245
AchievementTitle:1719	1.60.1.70009	1.60.1.70245
AchievementTitle:1729	1.60.1.70009	1.60.1.70245
AchievementTitle:1730	1.60.1.70009	1.60.1.70245
AchievementTitle:1734	1.60.1.70009	1.60.1.70245
AchievementTitle:1735	1.60.1.70009	1.60.1.70245
AchievementTitle:1740	1.60.1.70009	1.60.1.70245
AchievementTitle:1741	1.60.1.70009	1.60.1.70245
AchievementTitle:1745	1.60.1.70009	1.60.1.70245
AchievementTitle:1748	1.60.1.70009	1.60.1.70245
AchievementTitle:178	1.60.1.70009	1.60.1.70245
AchievementTitle:181	1.60.1.70009	1.60.1.70245
AchievementTitle:183	1.60.1.70009	1.60.1.70245
AchievementTitle:189	1.60.1.70009	1.60.1.70245
AchievementTitle:193	1.60.1.70009	1.60.1.70245
AchievementTitle:197	1.60.1.70009	1.60.1.70245
AchievementTitle:1976	1.60.1.70009	1.60.1.70245
AchievementTitle:198	1.60.1.70009	1.60.1.70245
AchievementTitle:2277	1.60.1.70009	1.60.1.70245
AchievementTitle:2396	1.60.1.70009	1.60.1.70245
AchievementTitle:2397	1.60.1.70009	1.60.1.70245
AchievementTitle:281	1.60.1.70009	1.60.1.70245
AchievementTitle:318	1.60.1.70009	1.60.1.70245
AchievementTitle:319	1.60.1.70009	1.60.1.70245
AchievementTitle:320	1.60.1.70009	1.60.1.70245
AchievementTitle:321	1.60.1.70009	1.60.1.70245
AchievementTitle:3216	1.60.1.70009	1.60.1.70245
AchievementTitle:326	1.60.1.70009	1.60.1.70245
AchievementTitle:328	1.60.1.70009	1.60.1.70245
AchievementTitle:329	1.60.1.70009	1.60.1.70245
AchievementTitle:330	1.60.1.70009	1.60.1.70245
AchievementTitle:331	1.60.1.70009	1.60.1.70245
AchievementTitle:332	1.60.1.70009	1.60.1.70245
AchievementTitle:333	1.60.1.70009	1.60.1.70245
AchievementTitle:334	1.60.1.70009	1.60.1.70245
AchievementTitle:336	1.60.1.70009	1.60.1.70245
AchievementTitle:338	1.60.1.70009	1.60.1.70245
AchievementTitle:339	1.60.1.70009	1.60.1.70245
AchievementTitle:341	1.60.1.70009	1.60.1.70245
AchievementTitle:342	1.60.1.70009	1.60.1.70245
AchievementTitle:344	1.60.1.70009	1.60.1.70245
AchievementTitle:345	1.60.1.70009	1.60.1.70245
AchievementTitle:346	1.60.1.70009	1.60.1.70245
AchievementTitle:347	1.60.1.70009	1.60.1.70245
AchievementTitle:349	1.60.1.70009	1.60.1.70245
AchievementTitle:350	1.60.1.70009	1.60.1.70245
AchievementTitle:353	1.60.1.70009	1.60.1.70245
AchievementTitle:377	1.60.1.70009	1.60.1.70245
AchievementTitle:378	1.60.1.70009	1.60.1.70245
AchievementTitle:381	1.60.1.70009	1.60.1.70245
AchievementTitle:382	1.60.1.70009	1.60.1.70245
AchievementTitle:393	1.60.1.70009	1.60.1.70245
AchievementTitle:394	1.60.1.70009	1.60.1.70245
AchievementTitle:395	1.60.1.70009	1.60.1.70245
AchievementTitle:49	1.60.1.70009	1.60.1.70245
AchievementTitle:51	1.60.1.70009	1.60.1.70245
AchievementTitle:52	1.60.1.70009	1.60.1.70245
AchievementTitle:527	1.60.1.70009	1.60.1.70245
AchievementTitle:528	1.60.1.70009	1.60.1.70245
AchievementTitle:529	1.60.1.70009	1.60.1.70245
AchievementTitle:53	1.60.1.70009	1.60.1.70245
AchievementTitle:55	1.60.1.70009	1.60.1.70245
AchievementTitle:56	1.60.1.70009	1.60.1.70245
AchievementTitle:57	1.60.1.70009	1.60.1.70245
AchievementTitle:58	1.60.1.70009	1.60.1.70245
AchievementTitle:586	1.60.1.70009	1.60.1.70245
AchievementTitle:588	1.60.1.70009	1.60.1.70245
AchievementTitle:59	1.60.1.70009	1.60.1.70245
AchievementTitle:593	1.60.1.70009	1.60.1.70245
AchievementTitle:594	1.60.1.70009	1.60.1.70245
AchievementTitle:60	1.60.1.70009	1.60.1.70245
AchievementTitle:6137	1.60.1.70009	1.60.1.70245
AchievementTitle:6139	1.60.1.70009	1.60.1.70245
AchievementTitle:6140	1.60.1.70009	1.60.1.70245
AchievementTitle:6141	1.60.1.70009	1.60.1.70245
AchievementTitle:6142	1.60.1.70009	1.60.1.70245
AchievementTitle:6143	1.60.1.70009	1.60.1.70245
AchievementTitle:6144	1.60.1.70009	1.60.1.70245
AchievementTitle:6145	1.60.1.70009	1.60.1.70245
AchievementTitle:6146	1.60.1.70009	1.60.1.70245
AchievementTitle:61499	1.60.1.70009	1.60.1.70245
AchievementTitle:61500	1.60.1.70009	1.60.1.70245
AchievementTitle:61501	1.60.1.70009	1.60.1.70245
AchievementTitle:61502	1.60.1.70009	1.60.1.70245
AchievementTitle:61503	1.60.1.70009	1.60.1.70245
AchievementTitle:61504	1.60.1.70009	1.60.1.70245
AchievementTitle:61989	1.60.1.70009	1.60.1.70245
AchievementTitle:61992	1.60.1.70009	1.60.1.70245
AchievementTitle:61993	1.60.1.70009	1.60.1.70245
AchievementTitle:61994	1.60.1.70009	1.60.1.70245
AchievementTitle:61995	1.60.1.70009	1.60.1.70245
AchievementTitle:61996	1.60.1.70009	1.60.1.70245
AchievementTitle:61997	1.60.1.70009	1.60.1.70245
AchievementTitle:61998	1.60.1.70009	1.60.1.70245
AchievementTitle:61999	1.60.1.70009	1.60.1.70245
AchievementTitle:62000	1.60.1.70009	1.60.1.70245
AchievementTitle:62001	1.60.1.70009	1.60.1.70245
AchievementTitle:62002	1.60.1.70009	1.60.1.70245
AchievementTitle:62003	1.60.1.70009	1.60.1.70245
AchievementTitle:62004	1.60.1.70009	1.60.1.70245
AchievementTitle:62005	1.60.1.70009	1.60.1.70245
AchievementTitle:62006	1.60.1.70009	1.60.1.70245
AchievementTitle:62007	1.60.1.70009	1.60.1.70245
AchievementTitle:62008	1.60.1.70009	1.60.1.70245
AchievementTitle:62009	1.60.1.70009	1.60.1.70245
AchievementTitle:62010	1.60.1.70009	1.60.1.70245
AchievementTitle:62011	1.60.1.70009	1.60.1.70245
AchievementTitle:62012	1.60.1.70009	1.60.1.70245
AchievementTitle:62013	1.60.1.70009	1.60.1.70245
AchievementTitle:62014	1.60.1.70009	1.60.1.70245
AchievementTitle:62015	1.60.1.70009	1.60.1.70245
AchievementTitle:62016	1.60.1.70009	1.60.1.70245
AchievementTitle:62017	1.60.1.70009	1.60.1.70245
AchievementTitle:62018	1.60.1.70009	1.60.1.70245
AchievementTitle:62019	1.60.1.70009	1.60.1.70245
AchievementTitle:62020	1.60.1.70009	1.60.1.70245
AchievementTitle:62021	1.60.1.70009	1.60.1.70245
AchievementTitle:62022	1.60.1.70009	1.60.1.70245
AchievementTitle:62023	1.60.1.70009	1.60.1.70245
AchievementTitle:62024	1.60.1.70009	1.60.1.70245
AchievementTitle:62025	1.60.1.70009	1.60.1.70245
AchievementTitle:62026	1.60.1.70009	1.60.1.70245
AchievementTitle:62028	1.60.1.70009	1.60.1.70245
AchievementTitle:62029	1.60.1.70009	1.60.1.70245
AchievementTitle:62030	1.60.1.70009	1.60.1.70245
AchievementTitle:62031	1.60.1.70009	1.60.1.70245
AchievementTitle:62032	1.60.1.70009	1.60.1.70245
AchievementTitle:62033	1.60.1.70009	1.60.1.70245
AchievementTitle:62034	1.60.1.70009	1.60.1.70245
AchievementTitle:62035	1.60.1.70009	1.60.1.70245
AchievementTitle:62046	1.60.1.70009	1.60.1.70245
AchievementTitle:62047	1.60.1.70009	1.60.1.70245
AchievementTitle:62048	1.60.1.70009	1.60.1.70245
AchievementTitle:62049	1.60.1.70009	1.60.1.70245
AchievementTitle:62053	1.60.1.70009	1.60.1.70245
AchievementTitle:62054	1.60.1.70009	1.60.1.70245
AchievementTitle:62353	1.60.1.70009	1.60.1.70245
AchievementTitle:62354	1.60.1.70009	1.60.1.70245
AchievementTitle:62355	1.60.1.70009	1.60.1.70245
AchievementTitle:62356	1.60.1.70009	1.60.1.70245
AchievementTitle:62382	1.60.1.70009	1.60.1.70245
AchievementTitle:627	1.60.1.70009	1.60.1.70245
AchievementTitle:63340	1.60.1.70009	1.60.1.70245
AchievementTitle:63341	1.60.1.70009	1.60.1.70245
AchievementTitle:63342	1.60.1.70009	1.60.1.70245
AchievementTitle:63570	1.60.1.70009	1.60.1.70245
AchievementTitle:63571	1.60.1.70009	1.60.1.70245
AchievementTitle:63572	1.60.1.70009	1.60.1.70245
AchievementTitle:63573	1.60.1.70009	1.60.1.70245
AchievementTitle:63574	1.60.1.70009	1.60.1.70245
AchievementTitle:63575	1.60.1.70009	1.60.1.70245
AchievementTitle:63580	1.60.1.70009	1.60.1.70245
AchievementTitle:63581	1.60.1.70009	1.60.1.70245
AchievementTitle:63589	1.60.1.70009	1.60.1.70245
AchievementTitle:63590	1.60.1.70009	1.60.1.70245
AchievementTitle:63592	1.60.1.70009	1.60.1.70245
AchievementTitle:63593	1.60.1.70009	1.60.1.70245
AchievementTitle:63684	1.60.1.70009	1.60.1.70245
AchievementTitle:64176	1.60.1.70009	1.60.1.70245
AchievementTitle:64179	1.60.1.70009	1.60.1.70245
AchievementTitle:64180	1.60.1.70009	1.60.1.70245
AchievementTitle:64181	1.60.1.70009	1.60.1.70245
AchievementTitle:64182	1.60.1.70009	1.60.1.70245
AchievementTitle:64183	1.60.1.70009	1.60.1.70245
AchievementTitle:64184	1.60.1.70009	1.60.1.70245
AchievementTitle:64185	1.60.1.70009	1.60.1.70245
AchievementTitle:6786	1.60.1.70009	1.60.1.70245
AchievementTitle:684	1.60.1.70009	1.60.1.70245
AchievementTitle:728	1.60.1.70009	1.60.1.70245
AchievementTitle:736	1.60.1.70009	1.60.1.70245
AchievementTitle:750	1.60.1.70009	1.60.1.70245
AchievementTitle:753	1.60.1.70009	1.60.1.70245
AchievementTitle:760	1.60.1.70009	1.60.1.70245
AchievementTitle:761	1.60.1.70009	1.60.1.70245
AchievementTitle:765	1.60.1.70009	1.60.1.70245
AchievementTitle:766	1.60.1.70009	1.60.1.70245
AchievementTitle:768	1.60.1.70009	1.60.1.70245
AchievementTitle:769	1.60.1.70009	1.60.1.70245
AchievementTitle:770	1.60.1.70009	1.60.1.70245
AchievementTitle:771	1.60.1.70009	1.60.1.70245
AchievementTitle:772	1.60.1.70009	1.60.1.70245
AchievementTitle:773	1.60.1.70009	1.60.1.70245
AchievementTitle:774	1.60.1.70009	1.60.1.70245
AchievementTitle:775	1.60.1.70009	1.60.1.70245
AchievementTitle:776	1.60.1.70009	1.60.1.70245
AchievementTitle:777	1.60.1.70009	1.60.1.70245
AchievementTitle:778	1.60.1.70009	1.60.1.70245
AchievementTitle:779	1.60.1.70009	1.60.1.70245
AchievementTitle:780	1.60.1.70009	1.60.1.70245
AchievementTitle:781	1.60.1.70009	1.60.1.70245
AchievementTitle:782	1.60.1.70009	1.60.1.70245
AchievementTitle:796	1.60.1.70009	1.60.1.70245
AchievementTitle:798	1.60.1.70009	1.60.1.70245
AchievementTitle:799	1.60.1.70009	1.60.1.70245
AchievementTitle:800	1.60.1.70009	1.60.1.70245
AchievementTitle:801	1.60.1.70009	1.60.1.70245
AchievementTitle:802	1.60.1.70009	1.60.1.70245
AchievementTitle:811	1.60.1.70009	1.60.1.70245
AchievementTitle:812	1.60.1.70009	1.60.1.70245
AchievementTitle:829	1.60.1.70009	1.60.1.70245
AchievementTitle:830	1.60.1.70009	1.60.1.70245
AchievementTitle:839	1.60.1.70009	1.60.1.70245
AchievementTitle:840	1.60.1.70009	1.60.1.70245
AchievementTitle:841	1.60.1.70009	1.60.1.70245
AchievementTitle:842	1.60.1.70009	1.60.1.70245
AchievementTitle:844	1.60.1.70009	1.60.1.70245
AchievementTitle:845	1.60.1.70009	1.60.1.70245
AchievementTitle:846	1.60.1.70009	1.60.1.70245
AchievementTitle:847	1.60.1.70009	1.60.1.70245
AchievementTitle:848	1.60.1.70009	1.60.1.70245
AchievementTitle:849	1.60.1.70009	1.60.1.70245
AchievementTitle:850	1.60.1.70009	1.60.1.70245
AchievementTitle:851	1.60.1.70009	1.60.1.70245
AchievementTitle:852	1.60.1.70009	1.60.1.70245
AchievementTitle:853	1.60.1.70009	1.60.1.70245
AchievementTitle:854	1.60.1.70009	1.60.1.70245
AchievementTitle:855	1.60.1.70009	1.60.1.70245
AchievementTitle:856	1.60.1.70009	1.60.1.70245
AchievementTitle:857	1.60.1.70009	1.60.1.70245
AchievementTitle:917	1.60.1.70009	1.60.1.70245
AchievementTitle:918	1.60.1.70009	1.60.1.70245
AchievementTitle:919	1.60.1.70009	1.60.1.70245
AchievementTitle:921	1.60.1.70009	1.60.1.70245
AchievementTitle:922	1.60.1.70009	1.60.1.70245
AchievementTitle:923	1.60.1.70009	1.60.1.70245
AchievementTitle:926	1.60.1.70009	1.60.1.70245
AchievementTitle:927	1.60.1.70009	1.60.1.70245
AchievementTitle:928	1.60.1.70009	1.60.1.70245
AchievementTitle:931	1.60.1.70009	1.60.1.70245
AchievementTitle:932	1.60.1.70009	1.60.1.70245
AchievementTitle:933	1.60.1.70009	1.60.1.70245
AchievementTitle:934	1.60.1.70009	1.60.1.70245
AchievementTitle:94	1.60.1.70009	1.60.1.70245
AchievementTitle:95	1.60.1.70009	1.60.1.70245
AchievementTitle:98	1.60.1.70009	1.60.1.70245
AreaPoiDescription:1099	1.60.1.70170	1.60.1.70245
AreaPoiDescription:1102	1.60.1.70170	1.60.1.70245
AreaPoiDescription:1352	1.60.1.70170	1.60.1.70245
AreaPoiDescription:1353	1.60.1.70170	1.60.1.70245
AreaPoiDescription:1359	1.60.1.70170	1.60.1.70245
AreaPoiDescription:1384	1.60.1.70170	1.60.1.70245
AreaPoiDescription:1609	1.60.1.70170	1.60.1.70245
AreaPoiDescription:1700	1.60.1.70170	1.60.1.70245
AreaPoiDescription:1724	1.60.1.70170	1.60.1.70245
AreaPoiDescription:1750	1.60.1.70170	1.60.1.70245
AreaPoiDescription:1751	1.60.1.70170	1.60.1.70245
AreaPoiDescription:1752	1.60.1.70170	1.60.1.70245
AreaPoiDescription:1753	1.60.1.70170	1.60.1.70245
AreaPoiDescription:1757	1.60.1.70170	1.60.1.70245
AreaPoiDescription:1759	1.60.1.70170	1.60.1.70245
AreaPoiDescription:1760	1.60.1.70170	1.60.1.70245
AreaPoiDescription:1766	1.60.1.70170	1.60.1.70245
AreaPoiDescription:7640	1.60.1.70170	1.60.1.70245
AreaPoiDescription:7641	1.60.1.70170	1.60.1.70245
AreaPoiDescription:7642	1.60.1.70170	1.60.1.70245
AreaPoiDescription:7643	1.60.1.70170	1.60.1.70245
AreaPoiDescription:7644	1.60.1.70170	1.60.1.70245
AreaPoiDescription:7645	1.60.1.70170	1.60.1.70245
AreaPoiDescription:7646	1.60.1.70170	1.60.1.70245
AreaPoiDescription:7647	1.60.1.70170	1.60.1.70245
AreaPoiDescription:7648	1.60.1.70170	1.60.1.70245
AreaPoiDescription:7649	1.60.1.70170	1.60.1.70245
AreaPoiDescription:7650	1.60.1.70170	1.60.1.70245
AreaPoiDescription:7651	1.60.1.70170	1.60.1.70245
AreaPoiDescription:7652	1.60.1.70170	1.60.1.70245
AreaPoiDescription:7653	1.60.1.70170	1.60.1.70245
AreaPoiDescription:7713	1.60.1.70170	1.60.1.70245
AreaPoiDescription:8768	1.60.1.70170	1.60.1.70245
AreaPoiState:3611	1.60.1.70170	1.60.1.70245
AreaPoiState:3613	1.60.1.70170	1.60.1.70245
AreaPoiState:3614	1.60.1.70170	1.60.1.70245
AreaPoiState:3816	1.60.1.70170	1.60.1.70245
BACK	1.60.1.69913	1.60.1.70245
BACKGROUND	1.60.1.69913	1.60.1.70245
BACKPACK_AUTHENTICATOR_DIALOG_DESCRIPTION	1.60.1.69913	1.60.1.70245
BACKPACK_AUTHENTICATOR_FULL_INVENTORY	1.60.1.69913	1.60.1.70245
BACKPACK_AUTHENTICATOR_INCREASE_SIZE	1.60.1.69913	1.60.1.70245
BACKPACK_TOOLTIP	1.60.1.69913	1.60.1.70245
BACKSLOT	1.60.1.69913	1.60.1.70245
BAGSLOTTEXT	1.60.1.69913	1.60.1.70245
BAGSLOTTEXT_COLON	1.60.1.69913	1.60.1.70245
BAG_CLEANUP_BAGS	1.60.1.69913	1.60.1.70245
BAG_CLEANUP_BAGS_DESCRIPTION	1.60.1.69913	1.60.1.70245
BAG_CLEANUP_BANK	1.60.1.69913	1.60.1.70245
BAG_COMMAND_CONVERT_TO_COMBINED	1.60.1.69913	1.60.1.70245
BAG_COMMAND_CONVERT_TO_INDIVIDUAL	1.60.1.69913	1.60.1.70245
BAG_FILTER_ASSIGNED_TO	1.60.1.69913	1.60.1.70245
BAG_FILTER_ASSIGN_TO	1.60.1.69913	1.60.1.70245
BAG_FILTER_CLEANUP	1.60.1.69913	1.60.1.70245
BAG_FILTER_CONSUMABLES	1.60.1.69913	1.60.1.70245
BAG_FILTER_EQUIPMENT	1.60.1.69913	1.60.1.70245
BAG_FILTER_IGNORE	1.60.1.69913	1.60.1.70245
BAG_FILTER_JUNK	1.60.1.69913	1.60.1.70245
BAG_FILTER_PROFESSION_GOODS	1.60.1.69913	1.60.1.70245
BAG_FILTER_QUEST_ITEMS	1.60.1.69913	1.60.1.70245
BAG_FILTER_REAGENTS	1.60.1.69913	1.60.1.70245
BAG_FILTER_TITLE_SORTING	1.60.1.69913	1.60.1.70245
BAG_NAME_BAG_1	1.60.1.69913	1.60.1.70245
BAG_NAME_BAG_2	1.60.1.69913	1.60.1.70245
BAG_NAME_BAG_3	1.60.1.69913	1.60.1.70245
BAG_NAME_BAG_4	1.60.1.69913	1.60.1.70245
BANKSLOTPURCHASE	1.60.1.69913	1.60.1.70245
BANKSLOTPURCHASE_LABEL	1.60.1.69913	1.60.1.69913
BANK_BAG	1.60.1.69913	1.60.1.70245
BANK_BAG_PURCHASE	1.60.1.69913	1.60.1.70245
BANK_CONFIRM_CLEANUP_PROMPT	1.60.1.69913	1.60.1.70245
BANK_DEPOSIT_MONEY_BUTTON_LABEL	1.60.1.69913	1.60.1.70245
BANK_LOCKED_REASON_BANK_CONVERSION_FAILED	1.60.1.69913	1.60.1.70245
BANK_LOCKED_REASON_BANK_DISABLED	1.60.1.69913	1.60.1.70245
BANK_MONEY_DEPOSIT_PROMPT	1.60.1.69913	1.60.1.70245
BANK_MONEY_WITHDRAW_PROMPT	1.60.1.69913	1.60.1.70245
BANK_TAB_ASSIGN_CONSUMABLES_CHECKBOX	1.60.1.69913	1.60.1.70245
BANK_TAB_ASSIGN_EQUIPMENT_CHECKBOX	1.60.1.69913	1.60.1.70245
BANK_TAB_ASSIGN_EXPANSION_HEADER	1.60.1.69913	1.60.1.70245
BANK_TAB_ASSIGN_JUNK_CHECKBOX	1.60.1.69913	1.60.1.70245
BANK_TAB_ASSIGN_PROFESSION_GOODS_CHECKBOX	1.60.1.69913	1.60.1.70245
BANK_TAB_ASSIGN_REAGENTS_CHECKBOX	1.60.1.69913	1.60.1.70245
BANK_TAB_CLEANUP_SETTINGS_HEADER	1.60.1.69913	1.60.1.70245
BANK_TAB_DEPOSIT_ASSIGNMENTS	1.60.1.69913	1.60.1.70245
BANK_TAB_DEPOSIT_SETTINGS_HEADER	1.60.1.69913	1.60.1.70245
BANK_TAB_EXPANSION_ASSIGNMENT	1.60.1.69913	1.60.1.70245
BANK_TAB_EXPANSION_FILTER_ALL	1.60.1.69913	1.60.1.70245
BANK_TAB_EXPANSION_FILTER_CURRENT	1.60.1.69913	1.60.1.70245
BANK_TAB_EXPANSION_FILTER_LEGACY	1.60.1.69913	1.60.1.70245
BANK_TAB_IGNORE_IN_CLEANUP_CHECKBOX	1.60.1.69913	1.60.1.70245
BANK_TAB_TOOLTIP_CLICK_INSTRUCTION	1.60.1.69913	1.60.1.70245
BANK_WITHDRAW_MONEY_BUTTON_LABEL	1.60.1.69913	1.60.1.70245
BARBERSHOP_CUSTOMIZATION_SOURCE_FORMAT	1.60.1.70009	1.60.1.70245
BASE_GRAPHICS_QUALITY	1.60.1.69913	1.60.1.70245
BASE_SETTINGS_TAB	1.60.1.69913	1.60.1.70245
BATTLEFIELDMINIMAP_OPACITY_LABEL	1.60.1.69913	1.60.1.70245
BATTLEFIELD_BORDER_WARNING	1.60.1.70170	1.60.1.70245
BATTLEFIELD_MINIMAP	1.60.1.69913	1.60.1.70245
BATTLEGROUNDS	1.60.1.70170	1.60.1.70245
BATTLEGROUND_10V10	1.60.1.70170	1.60.1.70245
BATTLEGROUND_COMPLETE_MESSAGE	1.60.1.69913	1.60.1.70245
BATTLEGROUND_ENEMY_AVERAGE_RATING	1.60.1.69913	1.60.1.70245
BATTLEGROUND_IS_READY	1.60.1.69913	1.60.1.70245
BATTLEGROUND_MATCHMAKING_VALUE	1.60.1.69913	1.60.1.70245
BATTLEGROUND_MATCHMAKING_VALUE_TOOLTIP	1.60.1.69913	1.60.1.70245
BATTLEGROUND_MATCHMAKING_VALUE_TOOLTIP_TITLE	1.60.1.69913	1.60.1.70245
BATTLEGROUND_NEW_RATING	1.60.1.69913	1.60.1.70245
BATTLEGROUND_NEW_RATING_TOOLTIP	1.60.1.69913	1.60.1.70245
BATTLEGROUND_NEW_RATING_TOOLTIP_TITLE	1.60.1.69913	1.60.1.70245
BATTLEGROUND_RATING	1.60.1.69913	1.60.1.70245
BATTLEGROUND_RATING_TOOLTIP_TITLE	1.60.1.69913	1.60.1.70245
BATTLEGROUND_ROLE_AVERAGE_MMV	1.60.1.69913	1.60.1.70245
BATTLEGROUND_YOUR_AVERAGE_RATING	1.60.1.69913	1.60.1.70245
BATTLEGROUND_YOUR_PERSONAL_RATING	1.60.1.69913	1.60.1.70245
BATTLENET_BROADCAST	1.60.1.69913	1.60.1.70245
BATTLENET_FRIEND_REQUEST_RECEIVED	1.60.1.69913	1.60.1.70245
BATTLENET_UNAVAILABLE	1.60.1.69913	1.60.1.70245
BATTLENET_UNAVAILABLE_ALERT	1.60.1.69913	1.60.1.70245
BATTLETAG_AND_REAL_ID_DESCRIPTION	1.60.1.69913	1.60.1.70245
BATTLETAG_FRIEND_LABEL	1.60.1.69913	1.60.1.70245
BATTLE_PETS_SUMMON_TOOLTIP	1.60.1.69913	1.60.1.70245
BATTLE_PETS_TOTAL_PETS	1.60.1.69913	1.60.1.70245
BATTLE_PETS_TOTAL_PETS_TOOLTIP	1.60.1.69913	1.60.1.70245
BATTLE_PETS_UNWRAP_TOOLTIP	1.60.1.69913	1.60.1.70245
BATTLE_PET_FAVORITE	1.60.1.69913	1.60.1.70245
BATTLE_PET_NOT_TRADABLE	1.60.1.69913	1.60.1.70245
BATTLE_PET_SUMMON	1.60.1.69913	1.60.1.70245
BATTLE_PET_UNFAVORITE	1.60.1.69913	1.60.1.70245
BATTLE_TAG_REQUEST	1.60.1.69913	1.60.1.70245
BATTLE_TAG_REQUEST_INFO	1.60.1.69913	1.60.1.70245
BEHAVIORAL_DETAILS_CLOSE_BUTTON	1.60.1.69913	1.60.1.70245
BEHAVIORAL_DETAILS_SOCIAL_MESSAGE	1.60.1.69913	1.60.1.70245
BEHAVIORAL_DETAILS_SOCIAL_TITLE	1.60.1.69913	1.60.1.70245
BEHAVIORAL_DETAILS_TITLE_BAR	1.60.1.69913	1.60.1.70245
BEHAVIORAL_DETAILS_TY_MESSAGE	1.60.1.69913	1.60.1.70245
BEHAVIORAL_DETAILS_TY_TITLE	1.60.1.69913	1.60.1.70245
BEHAVIORAL_NOTIFICATION_OPEN	1.60.1.69913	1.60.1.70245
BEHAVIORAL_NOTIFICATION_TY	1.60.1.69913	1.60.1.70245
BEHAVIORAL_NOTIFICATION_WARNING	1.60.1.69913	1.60.1.70245
BENCHMARK_TAXI_MODE_OFF	1.60.1.69913	1.60.1.70245
BENCHMARK_TAXI_MODE_ON	1.60.1.69913	1.60.1.70245
BENEFICIAL	1.60.1.69913	1.60.1.70245
BENEFICIAL_AURA_COMBATLOG_TOOLTIP	1.60.1.69913	1.60.1.70245
BG_SYSTEM_ALLIANCE	1.60.1.69913	1.60.1.70245
BG_SYSTEM_HORDE	1.60.1.69913	1.60.1.70245
BG_SYSTEM_NEUTRAL	1.60.1.69913	1.60.1.70245
BID	1.60.1.69913	1.60.1.70245
BID_AUCTION_CONFIRMATION	1.60.1.69913	1.60.1.70245
BILLING_NAG_DIALOG	1.60.1.69913	1.60.1.70245
BINDING_HEADER_ACTIONBAR	1.60.1.69913	1.60.1.70245
BINDING_HEADER_ACTIONBAR2	1.60.1.69913	1.60.1.70245
BINDING_HEADER_ACTIONBAR3	1.60.1.69913	1.60.1.70245
BINDING_HEADER_ACTIONBAR4	1.60.1.69913	1.60.1.70245
BINDING_HEADER_ACTIONBAR5	1.60.1.69913	1.60.1.70245
BINDING_HEADER_ACTIONBAR6	1.60.1.69913	1.60.1.70245
BINDING_HEADER_ACTIONBAR7	1.60.1.69913	1.60.1.70245
BINDING_HEADER_ACTIONBAR8	1.60.1.69913	1.60.1.70245
BINDING_HEADER_CAMERA	1.60.1.69913	1.60.1.70245
BINDING_HEADER_CHAT	1.60.1.69913	1.60.1.70245
BINDING_HEADER_DEBUG	1.60.1.69913	1.60.1.70245
BINDING_HEADER_HOUSING_SYSTEM	1.60.1.69913	1.60.1.70245
BINDING_HEADER_INTERFACE	1.60.1.69913	1.60.1.70245
BINDING_HEADER_MISC	1.60.1.69913	1.60.1.70245
BINDING_HEADER_MOVEMENT	1.60.1.69913	1.60.1.70245
BINDING_HEADER_MULTIACTIONBAR	1.60.1.69913	1.60.1.70245
BINDING_HEADER_OTHER	1.60.1.69913	1.60.1.70245
BINDING_HEADER_PING_SYSTEM	1.60.1.69913	1.60.1.70245
BINDING_HEADER_RAID_TARGET	1.60.1.69913	1.60.1.70245
BINDING_HEADER_TARGETING	1.60.1.69913	1.60.1.70245
BINDING_HEADER_VEHICLE	1.60.1.69913	1.60.1.70245
BINDING_NAME_ACTIONBUTTON1	1.60.1.69913	1.60.1.70245
BINDING_NAME_ACTIONBUTTON10	1.60.1.69913	1.60.1.70245
BINDING_NAME_ACTIONBUTTON11	1.60.1.69913	1.60.1.70245
BINDING_NAME_ACTIONBUTTON12	1.60.1.69913	1.60.1.70245
BINDING_NAME_ACTIONBUTTON2	1.60.1.69913	1.60.1.70245
BINDING_NAME_ACTIONBUTTON3	1.60.1.69913	1.60.1.70245
BINDING_NAME_ACTIONBUTTON4	1.60.1.69913	1.60.1.70245
BINDING_NAME_ACTIONBUTTON5	1.60.1.69913	1.60.1.70245
BINDING_NAME_ACTIONBUTTON6	1.60.1.69913	1.60.1.70245
BINDING_NAME_ACTIONBUTTON7	1.60.1.69913	1.60.1.70245
BINDING_NAME_ACTIONBUTTON8	1.60.1.69913	1.60.1.70245
BINDING_NAME_ACTIONBUTTON9	1.60.1.69913	1.60.1.70245
BINDING_NAME_ACTIONPAGE1	1.60.1.69913	1.60.1.70245
BINDING_NAME_ACTIONPAGE2	1.60.1.69913	1.60.1.70245
BINDING_NAME_ACTIONPAGE3	1.60.1.69913	1.60.1.70245
BINDING_NAME_ACTIONPAGE4	1.60.1.69913	1.60.1.70245
BINDING_NAME_ACTIONPAGE5	1.60.1.69913	1.60.1.70245
BINDING_NAME_ACTIONPAGE6	1.60.1.69913	1.60.1.70245
BINDING_NAME_ALLNAMEPLATES	1.60.1.69913	1.60.1.70245
BINDING_NAME_ASSISTTARGET	1.60.1.70009	1.60.1.70245
BINDING_NAME_ATTACKTARGET	1.60.1.69913	1.60.1.70245
BINDING_NAME_BONUSACTIONBUTTON1	1.60.1.69913	1.60.1.70245
BINDING_NAME_BONUSACTIONBUTTON10	1.60.1.69913	1.60.1.70245
BINDING_NAME_BONUSACTIONBUTTON2	1.60.1.69913	1.60.1.70245
BINDING_NAME_BONUSACTIONBUTTON3	1.60.1.69913	1.60.1.70245
BINDING_NAME_BONUSACTIONBUTTON4	1.60.1.69913	1.60.1.70245
BINDING_NAME_BONUSACTIONBUTTON5	1.60.1.69913	1.60.1.70245
BINDING_NAME_BONUSACTIONBUTTON6	1.60.1.69913	1.60.1.70245
BINDING_NAME_BONUSACTIONBUTTON7	1.60.1.69913	1.60.1.70245
BINDING_NAME_BONUSACTIONBUTTON8	1.60.1.69913	1.60.1.70245
BINDING_NAME_BONUSACTIONBUTTON9	1.60.1.69913	1.60.1.70245
BINDING_NAME_CAMERAZOOMIN	1.60.1.69913	1.60.1.70245
BINDING_NAME_CAMERAZOOMOUT	1.60.1.69913	1.60.1.70245
BINDING_NAME_CENTERCAMERA	1.60.1.69913	1.60.1.70245
BINDING_NAME_CHATBOTTOM	1.60.1.69913	1.60.1.70245
BINDING_NAME_CHATPAGEDOWN	1.60.1.69913	1.60.1.70245
BINDING_NAME_CHATPAGEUP	1.60.1.69913	1.60.1.70245
BINDING_NAME_COMBATLOGBOTTOM	1.60.1.69913	1.60.1.70245
BINDING_NAME_COMBATLOGPAGEDOWN	1.60.1.69913	1.60.1.70245
BINDING_NAME_COMBATLOGPAGEUP	1.60.1.69913	1.60.1.70245
BINDING_NAME_DISMOUNT	1.60.1.69913	1.60.1.70245
BINDING_NAME_EXTRAACTIONBUTTON1	1.60.1.69913	1.60.1.70245
BINDING_NAME_FLIPCAMERAYAW	1.60.1.69913	1.60.1.70245
BINDING_NAME_FOCUSTARGET	1.60.1.69913	1.60.1.70245
BINDING_NAME_FOLLOWTARGET	1.60.1.69913	1.60.1.70245
BINDING_NAME_FRIENDNAMEPLATES	1.60.1.69913	1.60.1.70245
BINDING_NAME_INTERACTMOUSEOVER	1.60.1.69913	1.60.1.70245
BINDING_NAME_INTERACTTARGET	1.60.1.69913	1.60.1.70245
BINDING_NAME_ITEMCOMPARISONCYCLING	1.60.1.69913	1.60.1.70245
BINDING_NAME_JUMP	1.60.1.69913	1.60.1.70245
BINDING_NAME_MASTERVOLUMEDOWN	1.60.1.69913	1.60.1.70245
BINDING_NAME_MASTERVOLUMEUP	1.60.1.69913	1.60.1.70245
BINDING_NAME_MINIMAPZOOMIN	1.60.1.69913	1.60.1.70245
BINDING_NAME_MINIMAPZOOMOUT	1.60.1.69913	1.60.1.70245
BINDING_NAME_MOVEANDSTEER	1.60.1.69913	1.60.1.70245
BINDING_NAME_MOVEBACKWARD	1.60.1.69913	1.60.1.70245
BINDING_NAME_MOVEFORWARD	1.60.1.69913	1.60.1.70245
BINDING_NAME_MULTIACTIONBAR1BUTTON1	1.60.1.69913	1.60.1.70245
BINDING_NAME_MULTIACTIONBAR1BUTTON10	1.60.1.69913	1.60.1.70245
BINDING_NAME_MULTIACTIONBAR1BUTTON11	1.60.1.69913	1.60.1.70245
BINDING_NAME_MULTIACTIONBAR1BUTTON12	1.60.1.69913	1.60.1.70245
BINDING_NAME_MULTIACTIONBAR1BUTTON2	1.60.1.69913	1.60.1.70245
BINDING_NAME_MULTIACTIONBAR1BUTTON3	1.60.1.69913	1.60.1.70245
BINDING_NAME_MULTIACTIONBAR1BUTTON4	1.60.1.69913	1.60.1.70245
BINDING_NAME_MULTIACTIONBAR1BUTTON5	1.60.1.69913	1.60.1.70245
BINDING_NAME_MULTIACTIONBAR1BUTTON6	1.60.1.69913	1.60.1.70245
BINDING_NAME_MULTIACTIONBAR1BUTTON7	1.60.1.69913	1.60.1.70245
BINDING_NAME_MULTIACTIONBAR1BUTTON8	1.60.1.69913	1.60.1.70245
BINDING_NAME_MULTIACTIONBAR1BUTTON9	1.60.1.69913	1.60.1.70245
BINDING_NAME_MULTIACTIONBAR2BUTTON1	1.60.1.69913	1.60.1.70245
BINDING_NAME_MULTIACTIONBAR2BUTTON10	1.60.1.69913	1.60.1.70245
BINDING_NAME_MULTIACTIONBAR2BUTTON11	1.60.1.69913	1.60.1.70245
BINDING_NAME_MULTIACTIONBAR2BUTTON12	1.60.1.69913	1.60.1.70245
BINDING_NAME_MULTIACTIONBAR2BUTTON2	1.60.1.69913	1.60.1.70245
BINDING_NAME_MULTIACTIONBAR2BUTTON3	1.60.1.69913	1.60.1.70245
BINDING_NAME_MULTIACTIONBAR2BUTTON4	1.60.1.69913	1.60.1.70245
BINDING_NAME_MULTIACTIONBAR2BUTTON5	1.60.1.69913	1.60.1.70245
BINDING_NAME_MULTIACTIONBAR2BUTTON6	1.60.1.69913	1.60.1.70245
BINDING_NAME_MULTIACTIONBAR2BUTTON7	1.60.1.69913	1.60.1.70245
BINDING_NAME_MULTIACTIONBAR2BUTTON8	1.60.1.69913	1.60.1.70245
BINDING_NAME_MULTIACTIONBAR2BUTTON9	1.60.1.69913	1.60.1.70245
BINDING_NAME_MULTIACTIONBAR3BUTTON1	1.60.1.69913	1.60.1.70245
BINDING_NAME_MULTIACTIONBAR3BUTTON10	1.60.1.69913	1.60.1.70245
BINDING_NAME_MULTIACTIONBAR3BUTTON11	1.60.1.69913	1.60.1.70245
BINDING_NAME_MULTIACTIONBAR3BUTTON12	1.60.1.69913	1.60.1.70245
BINDING_NAME_MULTIACTIONBAR3BUTTON2	1.60.1.69913	1.60.1.70245
BINDING_NAME_MULTIACTIONBAR3BUTTON3	1.60.1.69913	1.60.1.70245
BINDING_NAME_MULTIACTIONBAR3BUTTON4	1.60.1.69913	1.60.1.70245
BINDING_NAME_MULTIACTIONBAR3BUTTON5	1.60.1.69913	1.60.1.70245
BINDING_NAME_MULTIACTIONBAR3BUTTON6	1.60.1.69913	1.60.1.70245
BINDING_NAME_MULTIACTIONBAR3BUTTON7	1.60.1.69913	1.60.1.70245
BINDING_NAME_MULTIACTIONBAR3BUTTON8	1.60.1.69913	1.60.1.70245
BINDING_NAME_MULTIACTIONBAR3BUTTON9	1.60.1.69913	1.60.1.70245
BINDING_NAME_MULTIACTIONBAR4BUTTON1	1.60.1.69913	1.60.1.70245
BINDING_NAME_MULTIACTIONBAR4BUTTON10	1.60.1.69913	1.60.1.70245
BINDING_NAME_MULTIACTIONBAR4BUTTON11	1.60.1.69913	1.60.1.70245
BINDING_NAME_MULTIACTIONBAR4BUTTON12	1.60.1.69913	1.60.1.70245
BINDING_NAME_MULTIACTIONBAR4BUTTON2	1.60.1.69913	1.60.1.70245
BINDING_NAME_MULTIACTIONBAR4BUTTON3	1.60.1.69913	1.60.1.70245
BINDING_NAME_MULTIACTIONBAR4BUTTON4	1.60.1.69913	1.60.1.70245
BINDING_NAME_MULTIACTIONBAR4BUTTON5	1.60.1.69913	1.60.1.70245
BINDING_NAME_MULTIACTIONBAR4BUTTON6	1.60.1.69913	1.60.1.70245
BINDING_NAME_MULTIACTIONBAR4BUTTON7	1.60.1.69913	1.60.1.70245
BINDING_NAME_MULTIACTIONBAR4BUTTON8	1.60.1.69913	1.60.1.70245
BINDING_NAME_MULTIACTIONBAR4BUTTON9	1.60.1.69913	1.60.1.70245
BINDING_NAME_MULTIACTIONBAR5BUTTON1	1.60.1.69913	1.60.1.70245
BINDING_NAME_MULTIACTIONBAR5BUTTON10	1.60.1.69913	1.60.1.70245
BINDING_NAME_MULTIACTIONBAR5BUTTON11	1.60.1.69913	1.60.1.70245
BINDING_NAME_MULTIACTIONBAR5BUTTON12	1.60.1.69913	1.60.1.70245
BINDING_NAME_MULTIACTIONBAR5BUTTON2	1.60.1.69913	1.60.1.70245
BINDING_NAME_MULTIACTIONBAR5BUTTON3	1.60.1.69913	1.60.1.70245
BINDING_NAME_MULTIACTIONBAR5BUTTON4	1.60.1.69913	1.60.1.70245
BINDING_NAME_MULTIACTIONBAR5BUTTON5	1.60.1.69913	1.60.1.70245
BINDING_NAME_MULTIACTIONBAR5BUTTON6	1.60.1.69913	1.60.1.70245
BINDING_NAME_MULTIACTIONBAR5BUTTON7	1.60.1.69913	1.60.1.70245
BINDING_NAME_MULTIACTIONBAR5BUTTON8	1.60.1.69913	1.60.1.70245
BINDING_NAME_MULTIACTIONBAR5BUTTON9	1.60.1.69913	1.60.1.70245
BINDING_NAME_MULTIACTIONBAR6BUTTON1	1.60.1.69913	1.60.1.70245
BINDING_NAME_MULTIACTIONBAR6BUTTON10	1.60.1.69913	1.60.1.70245
BINDING_NAME_MULTIACTIONBAR6BUTTON11	1.60.1.69913	1.60.1.70245
BINDING_NAME_MULTIACTIONBAR6BUTTON12	1.60.1.69913	1.60.1.70245
BINDING_NAME_MULTIACTIONBAR6BUTTON2	1.60.1.69913	1.60.1.70245
BINDING_NAME_MULTIACTIONBAR6BUTTON3	1.60.1.69913	1.60.1.70245
BINDING_NAME_MULTIACTIONBAR6BUTTON4	1.60.1.69913	1.60.1.70245
BINDING_NAME_MULTIACTIONBAR6BUTTON5	1.60.1.69913	1.60.1.70245
BINDING_NAME_MULTIACTIONBAR6BUTTON6	1.60.1.69913	1.60.1.70245
BINDING_NAME_MULTIACTIONBAR6BUTTON7	1.60.1.69913	1.60.1.70245
BINDING_NAME_MULTIACTIONBAR6BUTTON8	1.60.1.69913	1.60.1.70245
BINDING_NAME_MULTIACTIONBAR6BUTTON9	1.60.1.69913	1.60.1.70245
BINDING_NAME_MULTIACTIONBAR7BUTTON1	1.60.1.69913	1.60.1.70245
BINDING_NAME_MULTIACTIONBAR7BUTTON10	1.60.1.69913	1.60.1.70245
BINDING_NAME_MULTIACTIONBAR7BUTTON11	1.60.1.69913	1.60.1.70245
BINDING_NAME_MULTIACTIONBAR7BUTTON12	1.60.1.69913	1.60.1.70245
BINDING_NAME_MULTIACTIONBAR7BUTTON2	1.60.1.69913	1.60.1.70245
BINDING_NAME_MULTIACTIONBAR7BUTTON3	1.60.1.69913	1.60.1.70245
BINDING_NAME_MULTIACTIONBAR7BUTTON4	1.60.1.69913	1.60.1.70245
BINDING_NAME_MULTIACTIONBAR7BUTTON5	1.60.1.69913	1.60.1.70245
BINDING_NAME_MULTIACTIONBAR7BUTTON6	1.60.1.69913	1.60.1.70245
BINDING_NAME_MULTIACTIONBAR7BUTTON7	1.60.1.69913	1.60.1.70245
BINDING_NAME_MULTIACTIONBAR7BUTTON8	1.60.1.69913	1.60.1.70245
BINDING_NAME_MULTIACTIONBAR7BUTTON9	1.60.1.69913	1.60.1.70245
BINDING_NAME_NAMEPLATES	1.60.1.69913	1.60.1.70245
BINDING_NAME_NEXTACTIONPAGE	1.60.1.69913	1.60.1.70245
BINDING_NAME_NEXTVIEW	1.60.1.69913	1.60.1.70245
BINDING_NAME_OPENALLBAGS	1.60.1.69913	1.60.1.70245
BINDING_NAME_OPENCHAT	1.60.1.69913	1.60.1.70245
BINDING_NAME_OPENCHATSLASH	1.60.1.69913	1.60.1.70245
BINDING_NAME_PETATTACK	1.60.1.69913	1.60.1.70245
BINDING_NAME_PINGASSIST	1.60.1.69913	1.60.1.70245
BINDING_NAME_PINGATTACK	1.60.1.69913	1.60.1.70245
BINDING_NAME_PINGONMYWAY	1.60.1.69913	1.60.1.70245
BINDING_NAME_PINGWARNING	1.60.1.69913	1.60.1.70245
BINDING_NAME_PITCHDOWN	1.60.1.69913	1.60.1.70245
BINDING_NAME_PITCHUP	1.60.1.69913	1.60.1.70245
BINDING_NAME_PREVIOUSACTIONPAGE	1.60.1.69913	1.60.1.70245
BINDING_NAME_PREVVIEW	1.60.1.69913	1.60.1.70245
BINDING_NAME_RAIDTARGET1	1.60.1.69913	1.60.1.70245
BINDING_NAME_RAIDTARGET2	1.60.1.69913	1.60.1.70245
BINDING_NAME_RAIDTARGET3	1.60.1.69913	1.60.1.70245
BINDING_NAME_RAIDTARGET4	1.60.1.69913	1.60.1.70245
BINDING_NAME_RAIDTARGET5	1.60.1.69913	1.60.1.70245
BINDING_NAME_RAIDTARGET6	1.60.1.69913	1.60.1.70245
BINDING_NAME_RAIDTARGET7	1.60.1.69913	1.60.1.70245
BINDING_NAME_RAIDTARGET8	1.60.1.69913	1.60.1.70245
BINDING_NAME_RAIDTARGETNONE	1.60.1.69913	1.60.1.70245
BINDING_NAME_REPLY	1.60.1.69913	1.60.1.70245
BINDING_NAME_REPLY2	1.60.1.69913	1.60.1.70245
BINDING_NAME_RESETVIEW1	1.60.1.69913	1.60.1.70245
BINDING_NAME_RESETVIEW2	1.60.1.69913	1.60.1.70245
BINDING_NAME_RESETVIEW3	1.60.1.69913	1.60.1.70245
BINDING_NAME_RESETVIEW4	1.60.1.69913	1.60.1.70245
BINDING_NAME_RESETVIEW5	1.60.1.69913	1.60.1.70245
BINDING_NAME_SAVEVIEW1	1.60.1.69913	1.60.1.70245
BINDING_NAME_SAVEVIEW2	1.60.1.69913	1.60.1.70245
BINDING_NAME_SAVEVIEW3	1.60.1.69913	1.60.1.70245
BINDING_NAME_SAVEVIEW4	1.60.1.69913	1.60.1.70245
BINDING_NAME_SAVEVIEW5	1.60.1.69913	1.60.1.70245
BINDING_NAME_SCREENSHOT	1.60.1.69913	1.60.1.70245
BINDING_NAME_SETVIEW1	1.60.1.69913	1.60.1.70245
BINDING_NAME_SETVIEW2	1.60.1.69913	1.60.1.70245
BINDING_NAME_SETVIEW3	1.60.1.69913	1.60.1.70245
BINDING_NAME_SETVIEW4	1.60.1.69913	1.60.1.70245
BINDING_NAME_SETVIEW5	1.60.1.69913	1.60.1.70245
BINDING_NAME_SHAPESHIFTBUTTON1	1.60.1.69913	1.60.1.70245
BINDING_NAME_SHAPESHIFTBUTTON10	1.60.1.69913	1.60.1.70245
BINDING_NAME_SHAPESHIFTBUTTON2	1.60.1.69913	1.60.1.70245
BINDING_NAME_SHAPESHIFTBUTTON3	1.60.1.69913	1.60.1.70245
BINDING_NAME_SHAPESHIFTBUTTON4	1.60.1.69913	1.60.1.70245
BINDING_NAME_SHAPESHIFTBUTTON5	1.60.1.69913	1.60.1.70245
BINDING_NAME_SHAPESHIFTBUTTON6	1.60.1.69913	1.60.1.70245
BINDING_NAME_SHAPESHIFTBUTTON7	1.60.1.69913	1.60.1.70245
BINDING_NAME_SHAPESHIFTBUTTON8	1.60.1.69913	1.60.1.70245
BINDING_NAME_SHAPESHIFTBUTTON9	1.60.1.69913	1.60.1.70245
BINDING_NAME_SITORSTAND	1.60.1.69913	1.60.1.70245
BINDING_NAME_STARTATTACK	1.60.1.69913	1.60.1.70245
BINDING_NAME_STARTAUTORUN	1.60.1.69913	1.60.1.70245
BINDING_NAME_STOPATTACK	1.60.1.69913	1.60.1.70245
BINDING_NAME_STOPAUTORUN	1.60.1.69913	1.60.1.70245
BINDING_NAME_STOPCASTING	1.60.1.69913	1.60.1.70245
BINDING_NAME_STRAFELEFT	1.60.1.69913	1.60.1.70245
BINDING_NAME_STRAFERIGHT	1.60.1.69913	1.60.1.70245
BINDING_NAME_TARGETFOCUS	1.60.1.69913	1.60.1.70245
BINDING_NAME_TARGETLASTHOSTILE	1.60.1.70009	1.60.1.70245
BINDING_NAME_TARGETLASTTARGET	1.60.1.69913	1.60.1.70245
BINDING_NAME_TARGETMOUSEOVER	1.60.1.69913	1.60.1.70245
BINDING_NAME_TARGETNEARESTENEMY	1.60.1.69913	1.60.1.70245
BINDING_NAME_TARGETNEARESTENEMYPLAYER	1.60.1.69913	1.60.1.70245
BINDING_NAME_TARGETNEARESTFRIEND	1.60.1.69913	1.60.1.70245
BINDING_NAME_TARGETNEARESTFRIENDPLAYER	1.60.1.69913	1.60.1.70245
BINDING_NAME_TARGETPARTYMEMBER1	1.60.1.69913	1.60.1.70245
BINDING_NAME_TARGETPARTYMEMBER2	1.60.1.69913	1.60.1.70245
BINDING_NAME_TARGETPARTYMEMBER3	1.60.1.69913	1.60.1.70245
BINDING_NAME_TARGETPARTYMEMBER4	1.60.1.69913	1.60.1.70245
BINDING_NAME_TARGETPARTYPET1	1.60.1.69913	1.60.1.70245
BINDING_NAME_TARGETPARTYPET2	1.60.1.69913	1.60.1.70245
BINDING_NAME_TARGETPARTYPET3	1.60.1.69913	1.60.1.70245
BINDING_NAME_TARGETPARTYPET4	1.60.1.69913	1.60.1.70245
BINDING_NAME_TARGETPET	1.60.1.69913	1.60.1.70245
BINDING_NAME_TARGETPREVIOUSENEMY	1.60.1.69913	1.60.1.70245
BINDING_NAME_TARGETPREVIOUSENEMYPLAYER	1.60.1.69913	1.60.1.70245
BINDING_NAME_TARGETPREVIOUSFRIEND	1.60.1.69913	1.60.1.70245
BINDING_NAME_TARGETPREVIOUSFRIENDPLAYER	1.60.1.69913	1.60.1.70245
BINDING_NAME_TARGETSCANENEMY	1.60.1.69913	1.60.1.70245
BINDING_NAME_TARGETSELF	1.60.1.69913	1.60.1.70245
BINDING_NAME_TARGETTALKER	1.60.1.69913	1.60.1.70245
BINDING_NAME_TEXT_TO_SPEECH_STOP	1.60.1.69913	1.60.1.70245
BINDING_NAME_TOGGLEACTIONBARLOCK	1.60.1.69913	1.60.1.70245
BINDING_NAME_TOGGLEAUTORUN	1.60.1.69913	1.60.1.70245
BINDING_NAME_TOGGLEAUTOSELFCAST	1.60.1.69913	1.60.1.70245
BINDING_NAME_TOGGLEBACKPACK	1.60.1.69913	1.60.1.70245
BINDING_NAME_TOGGLEBAG1	1.60.1.69913	1.60.1.70245
BINDING_NAME_TOGGLEBAG2	1.60.1.69913	1.60.1.70245
BINDING_NAME_TOGGLEBAG3	1.60.1.69913	1.60.1.70245
BINDING_NAME_TOGGLEBAG4	1.60.1.69913	1.60.1.70245
BINDING_NAME_TOGGLEBATTLEFIELDMINIMAP	1.60.1.69913	1.60.1.70245
BINDING_NAME_TOGGLECHARACTER0	1.60.1.69913	1.60.1.70245
BINDING_NAME_TOGGLECHARACTER2	1.60.1.69913	1.60.1.70245
BINDING_NAME_TOGGLECHARACTER4	1.60.1.69913	1.60.1.70245
BINDING_NAME_TOGGLECHATTAB	1.60.1.69913	1.60.1.70245
BINDING_NAME_TOGGLECOLLECTIONS	1.60.1.69913	1.60.1.70245
BINDING_NAME_TOGGLECOLLECTIONSHEIRLOOM	1.60.1.69913	1.60.1.70170
BINDING_NAME_TOGGLECOLLECTIONSMOUNTJOURNAL	1.60.1.69913	1.60.1.70245
BINDING_NAME_TOGGLECOLLECTIONSPETJOURNAL	1.60.1.69913	1.60.1.70245
BINDING_NAME_TOGGLECOLLECTIONSTOYBOX	1.60.1.69913	1.60.1.70245
BINDING_NAME_TOGGLECOLLECTIONSWARDROBE	1.60.1.69913	1.60.1.70245
BINDING_NAME_TOGGLECOOLDOWNVIEWERSETTINGS	1.60.1.70009	1.60.1.70245
BINDING_NAME_TOGGLECURRENCY	1.60.1.69913	1.60.1.70245
BINDING_NAME_TOGGLEFPS	1.60.1.69913	1.60.1.70245
BINDING_NAME_TOGGLEFRIENDSTAB	1.60.1.69913	1.60.1.70245
BINDING_NAME_TOGGLEGAMEMENU	1.60.1.69913	1.60.1.70245
BINDING_NAME_TOGGLEGRAPHICSSETTINGS	1.60.1.69913	1.60.1.70245
BINDING_NAME_TOGGLEGROUPFINDER	1.60.1.69913	1.60.1.70245
BINDING_NAME_TOGGLEGUILDTAB	1.60.1.69913	1.60.1.70245
BINDING_NAME_TOGGLELEGACYSYSTEM	1.60.1.69913	1.60.1.70245
BINDING_NAME_TOGGLEMINIMAP	1.60.1.69913	1.60.1.70245
BINDING_NAME_TOGGLEMUSIC	1.60.1.69913	1.60.1.70245
BINDING_NAME_TOGGLEPETBOOK	1.60.1.69913	1.60.1.70245
BINDING_NAME_TOGGLEPINGLISTENER	1.60.1.69913	1.60.1.70245
BINDING_NAME_TOGGLEPINGTARGET	1.60.1.69913	1.60.1.70245
BINDING_NAME_TOGGLEPROFESSIONBOOK	1.60.1.69913	1.60.1.70245
BINDING_NAME_TOGGLEQUESTLOG	1.60.1.69913	1.60.1.70245
BINDING_NAME_TOGGLERAIDTAB	1.60.1.69913	1.60.1.70245
BINDING_NAME_TOGGLEREAGENTBAG1	1.60.1.69913	1.60.1.70245
BINDING_NAME_TOGGLERUN	1.60.1.69913	1.60.1.70245
BINDING_NAME_TOGGLESELFHIGHLIGHT	1.60.1.69913	1.60.1.70245
BINDING_NAME_TOGGLESHEATH	1.60.1.69913	1.60.1.70245
BINDING_NAME_TOGGLESOCIAL	1.60.1.69913	1.60.1.70245
BINDING_NAME_TOGGLESOUND	1.60.1.69913	1.60.1.70245
BINDING_NAME_TOGGLESPELLBOOK	1.60.1.69913	1.60.1.70245
BINDING_NAME_TOGGLETALENTS	1.60.1.69913	1.60.1.70245
BINDING_NAME_TOGGLETEXTTOSPEECH	1.60.1.69913	1.60.1.70245
BINDING_NAME_TOGGLEUI	1.60.1.69913	1.60.1.70245
BINDING_NAME_TOGGLEWHOTAB	1.60.1.69913	1.60.1.70245
BINDING_NAME_TOGGLEWINDOWED	1.60.1.69913	1.60.1.70245
BINDING_NAME_TOGGLEWORLDMAP	1.60.1.69913	1.60.1.70245
BINDING_NAME_TOGGLEWORLDMAPSIZE	1.60.1.69913	1.60.1.70245
BINDING_NAME_TOGGLEWORLDSTATESCORES	1.60.1.69913	1.60.1.70245
BINDING_NAME_TOGGLE_VOICE_PUSH_TO_TALK	1.60.1.69913	1.60.1.70245
BINDING_NAME_TOGGLE_VOICE_SELF_DEAFEN	1.60.1.69913	1.60.1.70245
BINDING_NAME_TOGGLE_VOICE_SELF_MUTE	1.60.1.69913	1.60.1.70245
BINDING_NAME_TURNLEFT	1.60.1.69913	1.60.1.70245
BINDING_NAME_TURNRIGHT	1.60.1.69913	1.60.1.70245
BINDING_NAME_VEHICLEEXIT	1.60.1.69913	1.60.1.70245
BIND_ENCHANT	1.60.1.69913	1.60.1.70245
BIND_TRADE_TIME_REMAINING	1.60.1.70170	1.60.1.70245
BLACK_MARKET_AUCTION_CONFIRMATION	1.60.1.69913	1.60.1.70245
BLACK_MARKET_HOT_ITEM_CURRENT_BID	1.60.1.69913	1.60.1.70245
BLACK_MARKET_HOT_ITEM_TIME_LEFT	1.60.1.69913	1.60.1.70245
BLACK_MARKET_NO_ITEMS	1.60.1.69913	1.60.1.70245
BLACK_MARKET_YOUR_BID	1.60.1.69913	1.60.1.70245
BLIZZARD_COMBAT_LOG_MENU_BOTH	1.60.1.69913	1.60.1.70245
BLIZZARD_COMBAT_LOG_MENU_EVERYTHING	1.60.1.69913	1.60.1.70245
BLIZZARD_COMBAT_LOG_MENU_INCOMING	1.60.1.69913	1.60.1.70245
BLIZZARD_COMBAT_LOG_MENU_OUTGOING	1.60.1.69913	1.60.1.70245
BLIZZARD_COMBAT_LOG_MENU_OUTGOING_ME	1.60.1.69913	1.60.1.70245
BLIZZARD_COMBAT_LOG_MENU_RESET	1.60.1.69913	1.60.1.70245
BLIZZARD_COMBAT_LOG_MENU_SAVE	1.60.1.69913	1.60.1.70245
BLIZZARD_COMBAT_LOG_MENU_SPELL_HIDE	1.60.1.69913	1.60.1.70245
BLIZZARD_COMBAT_LOG_MENU_SPELL_LINK	1.60.1.69913	1.60.1.70245
BLIZZARD_COMMUNITIES_SERVICES_UNAVAILABLE	1.60.1.69913	1.60.1.70245
BLIZZARD_STORE	1.60.1.69913	1.60.1.70245
BLIZZARD_STORE_ERROR_CLIENT_RESTRICTED	1.60.1.70170	1.60.1.70245
BLIZZARD_STORE_ERROR_ITEM_UNAVAILABLE	1.60.1.70170	1.60.1.70245
BLIZZARD_STORE_ERROR_MESSAGE_ALREADY_OWNED	1.60.1.70170	1.60.1.70245
BLIZZARD_STORE_ERROR_MESSAGE_BATTLEPAY_DISABLED	1.60.1.70170	1.60.1.70245
BLIZZARD_STORE_ERROR_MESSAGE_CONSUMABLE_TOKEN_OWNED	1.60.1.70170	1.60.1.70245
BLIZZARD_STORE_ERROR_MESSAGE_INSUFFICIENT_BALANCE	1.60.1.70170	1.60.1.70245
BLIZZARD_STORE_ERROR_MESSAGE_OTHER	1.60.1.70170	1.60.1.70245
BLIZZARD_STORE_ERROR_MESSAGE_PARENTAL_CONTROLS	1.60.1.70170	1.60.1.70245
BLIZZARD_STORE_ERROR_MESSAGE_PAYMENT	1.60.1.70170	1.60.1.70245
BLIZZARD_STORE_ERROR_MESSAGE_PURCHASE_DENIED	1.60.1.70170	1.60.1.70245
BLIZZARD_STORE_ERROR_TITLE_ALREADY_OWNED	1.60.1.70170	1.60.1.70245
BLIZZARD_STORE_ERROR_TITLE_BATTLEPAY_DISABLED	1.60.1.70170	1.60.1.70245
BLIZZARD_STORE_ERROR_TITLE_CLIENT_RESTRICTED	1.60.1.70170	1.60.1.70245
BLIZZARD_STORE_ERROR_TITLE_CONSUMABLE_TOKEN_OWNED	1.60.1.70170	1.60.1.70245
BLIZZARD_STORE_ERROR_TITLE_INSUFFICIENT_BALANCE	1.60.1.70170	1.60.1.70245
BLIZZARD_STORE_ERROR_TITLE_OTHER	1.60.1.70170	1.60.1.70245
BLIZZARD_STORE_ERROR_TITLE_PARENTAL_CONTROLS	1.60.1.70170	1.60.1.70245
BLIZZARD_STORE_ERROR_TITLE_PAYMENT	1.60.1.70170	1.60.1.70245
BLIZZARD_STORE_ERROR_TITLE_PURCHASE_DENIED	1.60.1.70170	1.60.1.70245
BLIZZARD_STORE_ERROR_UNAVAILABLE	1.60.1.69913	1.60.1.70245
BLIZZARD_STORE_ERROR_YOU_OWN_TOO_MANY_OF_THIS	1.60.1.70170	1.60.1.70245
BLIZZARD_STORE_INTERNAL_ERROR	1.60.1.70170	1.60.1.70245
BLIZZARD_STORE_PROCESSING	1.60.1.69913	1.60.1.70245
BLIZZARD_STORE_PURCHASE_COMPLETE	1.60.1.69913	1.60.1.70245
BLIZZARD_STORE_PURCHASE_COMPLETE_DESC	1.60.1.69913	1.60.1.70245
BLIZZARD_STORE_VAS_ERROR_ALLIANCE_NOT_ELIGIBLE	1.60.1.70170	1.60.1.70245
BLIZZARD_STORE_VAS_ERROR_ALREADY_RENAME_FLAGGED	1.60.1.70170	1.60.1.70245
BLIZZARD_STORE_VAS_ERROR_ARENA_TEAM_CAPTAIN	1.60.1.70170	1.60.1.70245
BLIZZARD_STORE_VAS_ERROR_BATTLEPAY_DELIVERY_PENDING	1.60.1.70170	1.60.1.70245
BLIZZARD_STORE_VAS_ERROR_BOOSTED_TOO_RECENTLY	1.60.1.70170	1.60.1.70245
BLIZZARD_STORE_VAS_ERROR_BOOST_THROTTLE	1.60.1.70170	1.60.1.70245
BLIZZARD_STORE_VAS_ERROR_CANNOT_MOVE_GUILDMASTER	1.60.1.70170	1.60.1.70245
BLIZZARD_STORE_VAS_ERROR_CHARACTER_HAS_VAS_PENDING	1.60.1.70170	1.60.1.70245
BLIZZARD_STORE_VAS_ERROR_CHARACTER_LOCKED	1.60.1.70170	1.60.1.70245
BLIZZARD_STORE_VAS_ERROR_CUSTOMIZE_ALREADY_REQUESTED	1.60.1.70170	1.60.1.70245
BLIZZARD_STORE_VAS_ERROR_DISALLOWED_DESTINATION_ACCOUNT	1.60.1.70170	1.60.1.70245
BLIZZARD_STORE_VAS_ERROR_DISALLOWED_SOURCE_ACCOUNT	1.60.1.70170	1.60.1.70245
BLIZZARD_STORE_VAS_ERROR_DUPLICATE_CHARACTER_NAME	1.60.1.70170	1.60.1.70245
BLIZZARD_STORE_VAS_ERROR_FACTION_CHANGE_TOO_SOON	1.60.1.70170	1.60.1.70245
BLIZZARD_STORE_VAS_ERROR_HAS_AUCTIONS	1.60.1.70170	1.60.1.70245
BLIZZARD_STORE_VAS_ERROR_HAS_CAGED_BATTLE_PET	1.60.1.70170	1.60.1.70245
BLIZZARD_STORE_VAS_ERROR_HAS_CRAFTING_ORDERS	1.60.1.70170	1.60.1.70245
BLIZZARD_STORE_VAS_ERROR_HAS_HEIRLOOM	1.60.1.70170	1.60.1.70245
BLIZZARD_STORE_VAS_ERROR_HAS_MAIL	1.60.1.70170	1.60.1.70245
BLIZZARD_STORE_VAS_ERROR_HAS_WOW_TOKEN	1.60.1.70170	1.60.1.70245
BLIZZARD_STORE_VAS_ERROR_HOUSE_NEIGHBORHOOD_OWNER	1.60.1.70170	1.60.1.70245
BLIZZARD_STORE_VAS_ERROR_INELIGIBLE_MAP_ID	1.60.1.70170	1.60.1.70245
BLIZZARD_STORE_VAS_ERROR_INELIGIBLE_TARGET_REALM	1.60.1.70170	1.60.1.70245
BLIZZARD_STORE_VAS_ERROR_INVALID_DESTINATION_ACCOUNT	1.60.1.70170	1.60.1.70245
BLIZZARD_STORE_VAS_ERROR_INVALID_SOURCE_ACCOUNT	1.60.1.70170	1.60.1.70245
BLIZZARD_STORE_VAS_ERROR_LAST_CUSTOMIZE_TOO_SOON	1.60.1.70170	1.60.1.70245
BLIZZARD_STORE_VAS_ERROR_LAST_RENAME_TOO_RECENT	1.60.1.70170	1.60.1.70245
BLIZZARD_STORE_VAS_ERROR_LAST_SAVE_TOO_DISTANT	1.60.1.70170	1.60.1.70245
BLIZZARD_STORE_VAS_ERROR_LAST_SAVE_TOO_RECENT	1.60.1.70170	1.60.1.70245
BLIZZARD_STORE_VAS_ERROR_LOWER_BOX_LEVEL	1.60.1.70170	1.60.1.70245
BLIZZARD_STORE_VAS_ERROR_MAX_CHARACTERS_ON_SERVER	1.60.1.70170	1.60.1.70245
BLIZZARD_STORE_VAS_ERROR_NAME_NOT_AVAILABLE	1.60.1.70170	1.60.1.70245
BLIZZARD_STORE_VAS_ERROR_NEEDS_ERA_CHOICE	1.60.1.70170	1.60.1.70245
BLIZZARD_STORE_VAS_ERROR_NEW_LEADER_INVALID	1.60.1.70170	1.60.1.70245
BLIZZARD_STORE_VAS_ERROR_NEW_PLAYER_EXPERIENCE	1.60.1.70170	1.60.1.70245
BLIZZARD_STORE_VAS_ERROR_NOT_GUILD_MASTER	1.60.1.70170	1.60.1.70245
BLIZZARD_STORE_VAS_ERROR_NOT_IN_GUILD	1.60.1.70170	1.60.1.70245
BLIZZARD_STORE_VAS_ERROR_OTHER	1.60.1.70170	1.60.1.70245
BLIZZARD_STORE_VAS_ERROR_PENDING_ITEM_AUDIT	1.60.1.70170	1.60.1.70245
BLIZZARD_STORE_VAS_ERROR_PVE_TO_PVP_TRANSFER_NOT_ALLOWED	1.60.1.70170	1.60.1.70245
BLIZZARD_STORE_VAS_ERROR_RACE_CLASS_COMBO_INELIGIBLE	1.60.1.70170	1.60.1.70245
BLIZZARD_STORE_VAS_ERROR_REALM_NOT_ELIGIBLE	1.60.1.70170	1.60.1.70245
BLIZZARD_STORE_VAS_ERROR_TOO_MUCH_MONEY_FOR_LEVEL	1.60.1.70170	1.60.1.70245
BLIZZARD_STORE_VAS_ERROR_UNDER_MIN_LEVEL_REQ	1.60.1.70170	1.60.1.70245
BLIZZARD_STORE_VAS_INVALID_NAME	1.60.1.70170	1.60.1.70245
BLOCK	1.60.1.69913	1.60.1.70245
BLOCKED_INVITES	1.60.1.69913	1.60.1.70245
BLOCK_CHANCE	1.60.1.69913	1.60.1.70245
BLOCK_CHAT_CHANNEL_INVITE	1.60.1.69913	1.60.1.70245
BLOCK_GUILD_INVITES	1.60.1.69913	1.60.1.70245
BLOCK_INVITES	1.60.1.69913	1.60.1.70245
BLOCK_INVITES_CONFIRMATION	1.60.1.69913	1.60.1.70245
BLOCK_NEIGHBORHOOD_INVITES	1.60.1.69913	1.60.1.70245
BLOCK_TRADES	1.60.1.69913	1.60.1.70245
BLOCK_TRAILER	1.60.1.69913	1.60.1.70245
BLOOM_MULT	1.60.1.69913	1.60.1.70245
BLUE_GEM	1.60.1.69913	1.60.1.70245
BNET_FRIEND_TOOLTIP_ZONE_AND_REALM	1.60.1.69913	1.60.1.70245
BNET_FRIEND_TOOLTIP_ZONE_AND_REGION	1.60.1.69913	1.60.1.70245
BNET_LAST_ONLINE_TIME	1.60.1.69913	1.60.1.70245
BN_BLOCK_FAILED_TOO_MANY_CID	1.60.1.69913	1.60.1.70245
BN_BLOCK_FAILED_TOO_MANY_RID	1.60.1.69913	1.60.1.70245
BN_CHAT_CONNECTED	1.60.1.70170	1.60.1.70245
BN_CHAT_DISCONNECTED	1.60.1.70170	1.60.1.70245
BN_INLINE_TOAST_ALERT	1.60.1.69913	1.60.1.70245
BN_INLINE_TOAST_BROADCAST	1.60.1.70170	1.60.1.70245
BN_INLINE_TOAST_BROADCAST_INFORM	1.60.1.70170	1.60.1.70245
BN_INLINE_TOAST_FRIEND_PENDING	1.60.1.70170	1.60.1.70245
BN_TOAST_NEW_CLUB_INVITATION	1.60.1.69913	1.60.1.70245
BN_TOAST_NEW_INVITE	1.60.1.69913	1.60.1.70245
BN_TOAST_OFFLINE	1.60.1.69913	1.60.1.70245
BN_TOAST_ONLINE	1.60.1.69913	1.60.1.70245
BN_TOAST_PENDING_INVITES	1.60.1.69913	1.60.1.70245
BN_UNABLE_TO_RESOLVE_NAME	1.60.1.69913	1.60.1.70245
BN_WHISPER	1.60.1.69913	1.60.1.70245
BODY_1	1.60.1.70170	1.60.1.70245
BODY_2	1.60.1.70170	1.60.1.70245
BONUS_OBJECTIVE_BANNER	1.60.1.69913	1.60.1.70245
BONUS_OBJECTIVE_REWARD_FORMAT	1.60.1.70170	1.60.1.70245
BONUS_OBJECTIVE_REWARD_WITH_COUNT_FORMAT	1.60.1.70170	1.60.1.70245
BONUS_OBJECTIVE_TOOLTIP_DESCRIPTION	1.60.1.69913	1.60.1.70245
BONUS_REPUTATION_TITLE	1.60.1.69913	1.60.1.70245
BONUS_REPUTATION_TOOLTIP	1.60.1.69913	1.60.1.70245
BOOSTED_CHAR_SPELL_TEMPLOCK	1.60.1.69913	1.60.1.70245
BOSSES	1.60.1.70170	1.60.1.70245
BOSSES_KILLED	1.60.1.69913	1.60.1.70245
BOSS_ALIVE	1.60.1.70170	1.60.1.70245
BOSS_BANNER_LOOT_SET	1.60.1.69913	1.60.1.70245
BOSS_KILL_SUBTITLE	1.60.1.69913	1.60.1.70245
BOSS_YOU_DEFEATED	1.60.1.69913	1.60.1.70245
BREATH_LABEL	1.60.1.69913	1.60.1.70245
BROWSER_COPY_LINK	1.60.1.69913	1.60.1.70245
BROWSER_DELETE_COOKIES	1.60.1.69913	1.60.1.70245
BROWSER_DELETE_COOKIES_TOOLTIP	1.60.1.69913	1.60.1.70245
BROWSER_EXTERNAL_LINK_DIALOG	1.60.1.69913	1.60.1.70245
BROWSER_SETTINGS_TOOLTIP	1.60.1.69913	1.60.1.70245
BROWSE_NO_RESULTS	1.60.1.69913	1.60.1.70245
BROWSE_ORDERS	1.60.1.69913	1.60.1.70245
BROWSE_SEARCH_TEXT	1.60.1.69913	1.60.1.70245
BUFF_STACKS_OVERFLOW	1.60.1.70170	1.60.1.70245
BUILDING_DAMAGE	1.60.1.69913	1.60.1.70245
BUILDING_DAMAGE_COMBATLOG_TOOLTIP	1.60.1.69913	1.60.1.70245
BUILDING_HEAL	1.60.1.69913	1.60.1.70245
BUILDING_HEAL_COMBATLOG_TOOLTIP	1.60.1.69913	1.60.1.70245
BUTTON_10_STRING	1.60.1.69913	1.60.1.70245
BUTTON_11_STRING	1.60.1.69913	1.60.1.70245
BUTTON_12_STRING	1.60.1.69913	1.60.1.70245
BUTTON_13_STRING	1.60.1.69913	1.60.1.70245
BUTTON_14_STRING	1.60.1.69913	1.60.1.70245
BUTTON_15_STRING	1.60.1.69913	1.60.1.70245
BUTTON_16_STRING	1.60.1.69913	1.60.1.70245
BUTTON_17_STRING	1.60.1.69913	1.60.1.70245
BUTTON_18_STRING	1.60.1.69913	1.60.1.70245
BUTTON_19_STRING	1.60.1.69913	1.60.1.70245
BUTTON_20_STRING	1.60.1.69913	1.60.1.70245
BUTTON_21_STRING	1.60.1.69913	1.60.1.70245
BUTTON_22_STRING	1.60.1.69913	1.60.1.70245
BUTTON_23_STRING	1.60.1.69913	1.60.1.70245
BUTTON_24_STRING	1.60.1.69913	1.60.1.70245
BUTTON_25_STRING	1.60.1.69913	1.60.1.70245
BUTTON_26_STRING	1.60.1.69913	1.60.1.70245
BUTTON_27_STRING	1.60.1.69913	1.60.1.70245
BUTTON_28_STRING	1.60.1.69913	1.60.1.70245
BUTTON_29_STRING	1.60.1.69913	1.60.1.70245
BUTTON_30_STRING	1.60.1.69913	1.60.1.70245
BUTTON_31_STRING	1.60.1.69913	1.60.1.70245
BUTTON_4_STRING	1.60.1.69913	1.60.1.70245
BUTTON_5_STRING	1.60.1.69913	1.60.1.70245
BUTTON_6_STRING	1.60.1.69913	1.60.1.70245
BUTTON_7_STRING	1.60.1.69913	1.60.1.70245
BUTTON_8_STRING	1.60.1.69913	1.60.1.70245
BUTTON_9_STRING	1.60.1.69913	1.60.1.70245
BUTTON_LAG_AUCTIONHOUSE	1.60.1.69913	1.60.1.70245
BUYBACK	1.60.1.69913	1.60.1.70245
BUYOUT	1.60.1.69913	1.60.1.70245
BUYOUT_AUCTION_CONFIRMATION	1.60.1.69913	1.60.1.70245
BUY_GUILDBANK_TAB	1.60.1.69913	1.60.1.70245
BY_SOURCE	1.60.1.69913	1.60.1.70245
BY_SOURCE_COMBATLOG_TOOLTIP	1.60.1.69913	1.60.1.70245
BY_TARGET	1.60.1.69913	1.60.1.70245
BY_TARGET_COMBATLOG_TOOLTIP	1.60.1.69913	1.60.1.70245
BroadcastText:316345	1.60.1.70170	1.60.1.70245
BroadcastText:316346	1.60.1.70170	1.60.1.70245
BroadcastText:316348	1.60.1.70170	1.60.1.70245
BroadcastText:316349	1.60.1.70170	1.60.1.70245
BroadcastText:316350	1.60.1.70170	1.60.1.70245
BroadcastText:316351	1.60.1.70170	1.60.1.70245
BroadcastText:316352	1.60.1.70170	1.60.1.70245
BroadcastText:316353	1.60.1.70170	1.60.1.70245
BroadcastText:316354	1.60.1.70170	1.60.1.70245
BroadcastText:316355	1.60.1.70170	1.60.1.70245
BroadcastText:316356	1.60.1.70170	1.60.1.70245
BroadcastText:316358	1.60.1.70170	1.60.1.70245
CAA_COMBAT_AUDIO_ALERTS_LABEL	1.60.1.69913	1.60.1.70245
CAA_COMMAND_SYNTAX_ERROR	1.60.1.70170	1.60.1.70245
CAA_DEBUFF_SELF_ALERT_FORMAT_DEBUFF_TYPE	1.60.1.69913	1.60.1.70245
CAA_DEBUFF_SELF_ALERT_LABEL	1.60.1.69913	1.60.1.70245
CAA_DEBUFF_SELF_ALERT_TOOLTIP	1.60.1.69913	1.60.1.70245
CAA_ENABLE_COMBAT_AUDIO_ALERTS	1.60.1.69913	1.60.1.70245
CAA_ENABLE_COMBAT_AUDIO_ALERTS_TOOLTIP	1.60.1.69913	1.60.1.70245
CAA_HELP_OVERVIEW	1.60.1.70170	1.60.1.70245
CAA_PULSE_PLAYER_HEALTH_LABEL	1.60.1.69913	1.60.1.70245
CAA_PULSE_PLAYER_HEALTH_TOOLTIP	1.60.1.69913	1.60.1.70245
CAA_PULSE_PLAYER_HEALTH_VOLUME_TOOLTIP	1.60.1.69913	1.60.1.70245
CAA_SAMPLE_DEBUFFNAME	1.60.1.69913	1.60.1.69913
CAA_SAMPLE_DISPELTTYPE	1.60.1.69913	1.60.1.70245
CAA_SAMPLE_RESOURCENAME	1.60.1.70170	1.60.1.70245
CAA_SAMPLE_SPELLNAME	1.60.1.69913	1.60.1.69913
CAA_SAY_CASTS_END_OF_CAST	1.60.1.69913	1.60.1.70245
CAA_SAY_CASTS_START_OF_CAST	1.60.1.69913	1.60.1.70245
CAA_SAY_COMBAT_END_LABEL	1.60.1.69913	1.60.1.70245
CAA_SAY_COMBAT_END_TEXT	1.60.1.69913	1.60.1.70245
CAA_SAY_COMBAT_END_TOOLTIP	1.60.1.69913	1.60.1.70245
CAA_SAY_COMBAT_START_LABEL	1.60.1.69913	1.60.1.70245
CAA_SAY_COMBAT_START_TEXT	1.60.1.69913	1.60.1.70245
CAA_SAY_COMBAT_START_TOOLTIP	1.60.1.69913	1.60.1.70245
CAA_SAY_IF_TARGETED_FORMAT_AGGRO	1.60.1.69913	1.60.1.70245
CAA_SAY_IF_TARGETED_FORMAT_TARGETED	1.60.1.69913	1.60.1.70245
CAA_SAY_IF_TARGETED_FORMAT_TARGETED_NO_NAME	1.60.1.69913	1.60.1.70245
CAA_SAY_IF_TARGETED_LABEL	1.60.1.69913	1.60.1.70245
CAA_SAY_IF_TARGETED_TOOLTIP	1.60.1.69913	1.60.1.70245
CAA_SAY_PARTY_HEALTH_FREQUENCY	1.60.1.70170	1.60.1.70245
CAA_SAY_PARTY_HEALTH_FREQUENCY_LABEL	1.60.1.69913	1.60.1.70245
CAA_SAY_PARTY_HEALTH_FREQUENCY_TOOLTIP	1.60.1.69913	1.60.1.70245
CAA_SAY_PARTY_HEALTH_LABEL	1.60.1.69913	1.60.1.70245
CAA_SAY_PARTY_HEALTH_TOOLTIP	1.60.1.69913	1.60.1.70245
CAA_SAY_PARTY_HEALTH_VOICE_TOOLTIP	1.60.1.69913	1.60.1.70245
CAA_SAY_PARTY_HEALTH_VOLUME_TOOLTIP	1.60.1.69913	1.60.1.70245
CAA_SAY_PLAYER_CASTS_FORMAT_LABEL	1.60.1.69913	1.60.1.70245
CAA_SAY_PLAYER_CASTS_FORMAT_TOOLTIP	1.60.1.69913	1.60.1.70245
CAA_SAY_PLAYER_CASTS_LABEL	1.60.1.69913	1.60.1.70245
CAA_SAY_PLAYER_CASTS_MIN_CAST_TIME_LABEL	1.60.1.69913	1.60.1.70245
CAA_SAY_PLAYER_CASTS_MIN_CAST_TIME_TOOLTIP	1.60.1.69913	1.60.1.70245
CAA_SAY_PLAYER_CASTS_THROTTLE_LABEL	1.60.1.69913	1.60.1.70245
CAA_SAY_PLAYER_CASTS_THROTTLE_TOOLTIP	1.60.1.69913	1.60.1.70245
CAA_SAY_PLAYER_CASTS_TOOLTIP	1.60.1.69913	1.60.1.70245
CAA_SAY_PLAYER_CASTS_VOICE_TOOLTIP	1.60.1.69913	1.60.1.70245
CAA_SAY_PLAYER_CASTS_VOLUME_TOOLTIP	1.60.1.69913	1.60.1.70245
CAA_SAY_PLAYER_HEALTH_FORMAT	1.60.1.70170	1.60.1.70245
CAA_SAY_PLAYER_HEALTH_FORMAT_LABEL	1.60.1.69913	1.60.1.70245
CAA_SAY_PLAYER_HEALTH_FORMAT_TOOLTIP	1.60.1.69913	1.60.1.70245
CAA_SAY_PLAYER_HEALTH_LABEL	1.60.1.69913	1.60.1.70245
CAA_SAY_PLAYER_HEALTH_THROTTLE	1.60.1.70170	1.60.1.70245
CAA_SAY_PLAYER_HEALTH_THROTTLE_LABEL	1.60.1.69913	1.60.1.70245
CAA_SAY_PLAYER_HEALTH_THROTTLE_TOOLTIP	1.60.1.69913	1.60.1.70245
CAA_SAY_PLAYER_HEALTH_TOOLTIP	1.60.1.69913	1.60.1.70245
CAA_SAY_PLAYER_HEALTH_VOICE_TOOLTIP	1.60.1.69913	1.60.1.70245
CAA_SAY_PLAYER_HEALTH_VOLUME_TOOLTIP	1.60.1.69913	1.60.1.70245
CAA_SAY_PLAYER_RESOURCE_FORMAT_LABEL	1.60.1.69913	1.60.1.70245
CAA_SAY_PLAYER_RESOURCE_FORMAT_TOOLTIP	1.60.1.69913	1.60.1.70245
CAA_SAY_PLAYER_RESOURCE_LABEL	1.60.1.69913	1.60.1.70245
CAA_SAY_PLAYER_RESOURCE_THROTTLE_LABEL	1.60.1.69913	1.60.1.70245
CAA_SAY_PLAYER_RESOURCE_THROTTLE_TOOLTIP	1.60.1.69913	1.60.1.70245
CAA_SAY_PLAYER_RESOURCE_TOOLTIP	1.60.1.69913	1.60.1.70245
CAA_SAY_PLAYER_RESOURCE_VOICE_TOOLTIP	1.60.1.69913	1.60.1.70245
CAA_SAY_PLAYER_RESOURCE_VOLUME_TOOLTIP	1.60.1.69913	1.60.1.70245
CAA_SAY_RESOURCE_1	1.60.1.70170	1.60.1.70245
CAA_SAY_RESOURCE_1_FORMAT	1.60.1.70170	1.60.1.70245
CAA_SAY_RESOURCE_1_THROTTLE	1.60.1.70170	1.60.1.70245
CAA_SAY_RESOURCE_2	1.60.1.70170	1.60.1.70245
CAA_SAY_RESOURCE_2_FORMAT	1.60.1.70170	1.60.1.70245
CAA_SAY_RESOURCE_2_THROTTLE	1.60.1.70170	1.60.1.70245
CAA_SAY_TARGET_CASTS_FORMAT	1.60.1.70170	1.60.1.70245
CAA_SAY_TARGET_CASTS_FORMAT_LABEL	1.60.1.69913	1.60.1.70245
CAA_SAY_TARGET_CASTS_FORMAT_TOOLTIP	1.60.1.69913	1.60.1.70245
CAA_SAY_TARGET_CASTS_INTERRUPT_LABEL	1.60.1.69913	1.60.1.70245
CAA_SAY_TARGET_CASTS_INTERRUPT_SUCCESS_LABEL	1.60.1.69913	1.60.1.70245
CAA_SAY_TARGET_CASTS_INTERRUPT_SUCCESS_TOOLTIP	1.60.1.69913	1.60.1.70245
CAA_SAY_TARGET_CASTS_INTERRUPT_TEXT	1.60.1.69913	1.60.1.70245
CAA_SAY_TARGET_CASTS_INTERRUPT_TOOLTIP	1.60.1.69913	1.60.1.70245
CAA_SAY_TARGET_CASTS_LABEL	1.60.1.69913	1.60.1.70245
CAA_SAY_TARGET_CASTS_MIN_CAST_TIME	1.60.1.70170	1.60.1.70245
CAA_SAY_TARGET_CASTS_MIN_CAST_TIME_LABEL	1.60.1.69913	1.60.1.70245
CAA_SAY_TARGET_CASTS_MIN_CAST_TIME_TOOLTIP	1.60.1.69913	1.60.1.70245
CAA_SAY_TARGET_CASTS_THROTTLE	1.60.1.70170	1.60.1.70245
CAA_SAY_TARGET_CASTS_THROTTLE_LABEL	1.60.1.69913	1.60.1.70245
CAA_SAY_TARGET_CASTS_THROTTLE_TOOLTIP	1.60.1.69913	1.60.1.70245
CAA_SAY_TARGET_CASTS_TOOLTIP	1.60.1.69913	1.60.1.70245
CAA_SAY_TARGET_CASTS_VOICE_TOOLTIP	1.60.1.69913	1.60.1.70245
CAA_SAY_TARGET_CASTS_VOLUME_TOOLTIP	1.60.1.69913	1.60.1.70245
CAA_SAY_TARGET_CAST_INTERRUPT_SUCCESS_TEXT	1.60.1.69913	1.60.1.70245
CAA_SAY_TARGET_HEALTH_FORMAT	1.60.1.70170	1.60.1.70245
CAA_SAY_TARGET_HEALTH_FORMAT_LABEL	1.60.1.69913	1.60.1.70245
CAA_SAY_TARGET_HEALTH_FORMAT_TOOLTIP	1.60.1.69913	1.60.1.70245
CAA_SAY_TARGET_HEALTH_LABEL	1.60.1.69913	1.60.1.70245
CAA_SAY_TARGET_HEALTH_THROTTLE	1.60.1.70170	1.60.1.70245
CAA_SAY_TARGET_HEALTH_THROTTLE_LABEL	1.60.1.69913	1.60.1.70245
CAA_SAY_TARGET_HEALTH_THROTTLE_TOOLTIP	1.60.1.69913	1.60.1.70245
CAA_SAY_TARGET_HEALTH_TOOLTIP	1.60.1.69913	1.60.1.70245
CAA_SAY_TARGET_HEALTH_VOICE_TOOLTIP	1.60.1.69913	1.60.1.70245
CAA_SAY_TARGET_HEALTH_VOLUME_TOOLTIP	1.60.1.69913	1.60.1.70245
CAA_SAY_TARGET_NAME_LABEL	1.60.1.69913	1.60.1.70245
CAA_SAY_TARGET_NAME_TOOLTIP	1.60.1.69913	1.60.1.70245
CAA_SAY_YOUR_CASTS_FORMAT	1.60.1.70170	1.60.1.70245
CAA_SAY_YOUR_CASTS_MIN_CAST_TIME	1.60.1.70170	1.60.1.70245
CAA_SAY_YOUR_CASTS_THROTTLE	1.60.1.70170	1.60.1.70245
CAA_SAY_YOUR_DEBUFFS_FORMAT	1.60.1.70170	1.60.1.70245
CAA_SAY_YOUR_DEBUFFS_FORMAT_LABEL	1.60.1.69913	1.60.1.70245
CAA_SAY_YOUR_DEBUFFS_FORMAT_TOOLTIP	1.60.1.69913	1.60.1.70245
CAA_SAY_YOUR_DEBUFFS_LABEL	1.60.1.69913	1.60.1.70245
CAA_SAY_YOUR_DEBUFFS_MIN_DURATION	1.60.1.70170	1.60.1.70245
CAA_SAY_YOUR_DEBUFFS_MIN_DURATION_LABEL	1.60.1.69913	1.60.1.70245
CAA_SAY_YOUR_DEBUFFS_MIN_DURATION_TOOLTIP	1.60.1.69913	1.60.1.70245
CAA_SAY_YOUR_DEBUFFS_TOOLTIP	1.60.1.69913	1.60.1.70245
CAA_SAY_YOUR_DEBUFFS_VOICE_TOOLTIP	1.60.1.69913	1.60.1.70245
CAA_SAY_YOUR_DEBUFFS_VOLUME_TOOLTIP	1.60.1.69913	1.60.1.70245
CAA_SPEAKER_SPEED_LABEL	1.60.1.69913	1.60.1.70245
CAA_SPEAKER_SPEED_TOOLTIP	1.60.1.69913	1.60.1.70245
CAA_SPEAKER_VOICE_LABEL	1.60.1.69913	1.60.1.70245
CAA_SPEAKER_VOICE_TOOLTIP	1.60.1.69913	1.60.1.70245
CAA_SPEAKER_VOLUME_LABEL	1.60.1.69913	1.60.1.70245
CAA_SPEAKER_VOLUME_TOOLTIP	1.60.1.69913	1.60.1.70245
CAA_VOICE_LABEL	1.60.1.69913	1.60.1.70245
CAA_VOLUME_LABEL	1.60.1.69913	1.60.1.70245
CAA_WHEN_TARGET_DIES_LABEL	1.60.1.69913	1.60.1.70245
CAA_WHEN_TARGET_DIES_TOOLTIP	1.60.1.69913	1.60.1.70245
CAA_WHEN_TARGET_DIES_USE_FORMAT	1.60.1.69913	1.60.1.70245
CAA_WHEN_TARGET_DIES_VOICE_TARGET_DEAD	1.60.1.69913	1.60.1.70245
CALENDAR_ACCEPT_INVITATION	1.60.1.69913	1.60.1.70245
CALENDAR_ANNOUNCEMENT_CREATEDBY_PLAYER	1.60.1.69913	1.60.1.70245
CALENDAR_ANNOUNCEMENT_CREATEDBY_YOURSELF	1.60.1.69913	1.60.1.70245
CALENDAR_AUTO_APPROVE	1.60.1.69913	1.60.1.70245
CALENDAR_COMMUNITYEVENT_INVITEDBY_YOURSELF	1.60.1.69913	1.60.1.70245
CALENDAR_COPY_EVENT	1.60.1.69913	1.60.1.70245
CALENDAR_CREATE	1.60.1.69913	1.60.1.70245
CALENDAR_CREATE_ANNOUNCEMENT	1.60.1.69913	1.60.1.70245
CALENDAR_CREATE_COMMUNITY_EVENT	1.60.1.69913	1.60.1.70245
CALENDAR_CREATE_EVENT	1.60.1.69913	1.60.1.70245
CALENDAR_CREATE_GUILD_ANNOUNCEMENT	1.60.1.69913	1.60.1.70245
CALENDAR_CREATE_GUILD_EVENT	1.60.1.69913	1.60.1.70245
CALENDAR_DECLINE_INVITATION	1.60.1.69913	1.60.1.70245
CALENDAR_DELETE_ANNOUNCEMENT_CONFIRM	1.60.1.69913	1.60.1.70245
CALENDAR_DELETE_COMMUNITY_EVENT_CONFIRM	1.60.1.69913	1.60.1.70245
CALENDAR_DELETE_EVENT	1.60.1.69913	1.60.1.70245
CALENDAR_DELETE_EVENT_CONFIRM	1.60.1.69913	1.60.1.70245
CALENDAR_DELETE_GUILD_EVENT_CONFIRM	1.60.1.69913	1.60.1.70245
CALENDAR_EDIT_ANNOUNCEMENT	1.60.1.69913	1.60.1.70245
CALENDAR_EDIT_COMMUNITY_EVENT	1.60.1.69913	1.60.1.70245
CALENDAR_EDIT_EVENT	1.60.1.69913	1.60.1.70245
CALENDAR_EDIT_GUILD_EVENT	1.60.1.69913	1.60.1.70245
CALENDAR_ERROR_CREATEDATE_AFTER_MAX	1.60.1.69913	1.60.1.70245
CALENDAR_ERROR_CREATEDATE_BEFORE_TODAY	1.60.1.69913	1.60.1.70245
CALENDAR_EVENTNAME_FORMAT_END	1.60.1.69913	1.60.1.70245
CALENDAR_EVENTNAME_FORMAT_RAID_LOCKOUT	1.60.1.69913	1.60.1.70245
CALENDAR_EVENTNAME_FORMAT_RAID_RESET	1.60.1.69913	1.60.1.70245
CALENDAR_EVENTNAME_FORMAT_START	1.60.1.69913	1.60.1.70245
CALENDAR_EVENT_ALARM_MESSAGE	1.60.1.69913	1.60.1.70245
CALENDAR_EVENT_CREATORNAME	1.60.1.69913	1.60.1.70245
CALENDAR_EVENT_INVITEDBY_PLAYER	1.60.1.69913	1.60.1.70245
CALENDAR_EVENT_INVITEDBY_YOURSELF	1.60.1.69913	1.60.1.70245
CALENDAR_EVENT_PICKER_TITLE	1.60.1.69913	1.60.1.70245
CALENDAR_FILTERS	1.60.1.69913	1.60.1.70245
CALENDAR_FILTER_BATTLEGROUND	1.60.1.70170	1.60.1.70245
CALENDAR_FILTER_DARKMOON	1.60.1.70170	1.60.1.70245
CALENDAR_FILTER_HOLIDAYS	1.60.1.70170	1.60.1.70245
CALENDAR_FILTER_RAID_LOCKOUTS	1.60.1.70170	1.60.1.70245
CALENDAR_FILTER_RAID_RESETS	1.60.1.70170	1.60.1.70245
CALENDAR_FILTER_WEEKLY_HOLIDAYS	1.60.1.70170	1.60.1.70245
CALENDAR_GUILDEVENT_INVITEDBY_YOURSELF	1.60.1.69913	1.60.1.70245
CALENDAR_HOLIDAYFRAME_BEGINSENDS	1.60.1.69913	1.60.1.70245
CALENDAR_INVITELIST_CLEARMODERATOR	1.60.1.69913	1.60.1.70245
CALENDAR_INVITELIST_INVITETORAID	1.60.1.69913	1.60.1.70245
CALENDAR_INVITELIST_SETINVITESTATUS	1.60.1.69913	1.60.1.70245
CALENDAR_INVITELIST_SETMODERATOR	1.60.1.69913	1.60.1.70245
CALENDAR_INVITE_MEMBERS	1.60.1.69913	1.60.1.70245
CALENDAR_LOCK_EVENT	1.60.1.69913	1.60.1.70245
CALENDAR_MASSINVITE_GUILD_HELP	1.60.1.69913	1.60.1.70245
CALENDAR_MASSINVITE_GUILD_MINRANK	1.60.1.69913	1.60.1.70245
CALENDAR_MASS_INVITE	1.60.1.69913	1.60.1.70245
CALENDAR_PASTE_EVENT	1.60.1.69913	1.60.1.70245
CALENDAR_RAID_LOCKOUT_DESCRIPTION	1.60.1.69913	1.60.1.70245
CALENDAR_RAID_RESET_DESCRIPTION	1.60.1.69913	1.60.1.70245
CALENDAR_REMOVE_INVITATION	1.60.1.69913	1.60.1.70245
CALENDAR_SIGNEDUP_FOR_GUILDEVENT_WITH_STATUS	1.60.1.69913	1.60.1.70245
CALENDAR_SIGNUP	1.60.1.69913	1.60.1.70245
CALENDAR_STATUS_ACCEPTED	1.60.1.70170	1.60.1.70245
CALENDAR_STATUS_CONFIRMED	1.60.1.70170	1.60.1.70245
CALENDAR_STATUS_DECLINED	1.60.1.70170	1.60.1.70245
CALENDAR_STATUS_INVITED	1.60.1.70170	1.60.1.70245
CALENDAR_STATUS_NOT_SIGNEDUP	1.60.1.70170	1.60.1.70245
CALENDAR_STATUS_OUT	1.60.1.70170	1.60.1.70245
CALENDAR_STATUS_SIGNEDUP	1.60.1.70170	1.60.1.70245
CALENDAR_STATUS_STANDBY	1.60.1.70170	1.60.1.70245
CALENDAR_STATUS_TENTATIVE	1.60.1.70170	1.60.1.70245
CALENDAR_TENTATIVE_INVITATION	1.60.1.69913	1.60.1.70245
CALENDAR_TEXTURE_PICKER_TITLE_DUNGEON	1.60.1.69913	1.60.1.70245
CALENDAR_TEXTURE_PICKER_TITLE_RAID	1.60.1.69913	1.60.1.70245
CALENDAR_TOOLTIP_AUTOAPPROVE	1.60.1.69913	1.60.1.70245
CALENDAR_TOOLTIP_AVAILABLEBUTTON	1.60.1.69913	1.60.1.70245
CALENDAR_TOOLTIP_DECLINEBUTTON	1.60.1.69913	1.60.1.70245
CALENDAR_TOOLTIP_INVITEMEMBERS_BUTTON_PARTY	1.60.1.69913	1.60.1.70245
CALENDAR_TOOLTIP_INVITEMEMBERS_BUTTON_RAID	1.60.1.69913	1.60.1.70245
CALENDAR_TOOLTIP_INVITE_RESPONDED	1.60.1.69913	1.60.1.70245
CALENDAR_TOOLTIP_INVITE_TOTALS	1.60.1.69913	1.60.1.70245
CALENDAR_TOOLTIP_LOCKEVENT	1.60.1.69913	1.60.1.70245
CALENDAR_TOOLTIP_MASSINVITE	1.60.1.69913	1.60.1.70245
CALENDAR_TOOLTIP_ONGOING	1.60.1.69913	1.60.1.70245
CALENDAR_TOOLTIP_REMOVEBUTTON	1.60.1.69913	1.60.1.70245
CALENDAR_TOOLTIP_REMOVESIGNUPBUTTON	1.60.1.69913	1.60.1.70245
CALENDAR_TOOLTIP_SIGNUPBUTTON	1.60.1.69913	1.60.1.70245
CALENDAR_TOOLTIP_TENTATIVEBUTTON	1.60.1.69913	1.60.1.70245
CALENDAR_TYPE_DUNGEON	1.60.1.69913	1.60.1.70245
CALENDAR_TYPE_MEETING	1.60.1.69913	1.60.1.70245
CALENDAR_TYPE_OTHER	1.60.1.69913	1.60.1.70245
CALENDAR_TYPE_PVP	1.60.1.69913	1.60.1.70245
CALENDAR_TYPE_RAID	1.60.1.69913	1.60.1.70245
CALENDAR_UPDATE	1.60.1.69913	1.60.1.70245
CALENDAR_VIEW_ANNOUNCEMENT	1.60.1.69913	1.60.1.70245
CALENDAR_VIEW_COMMUNITY_EVENT	1.60.1.69913	1.60.1.70245
CALENDAR_VIEW_EVENT	1.60.1.69913	1.60.1.70245
CALENDAR_VIEW_EVENTTYPE	1.60.1.69913	1.60.1.70245
CALENDAR_VIEW_EVENT_REMOVE	1.60.1.69913	1.60.1.70245
CALENDAR_VIEW_EVENT_TENTATIVE	1.60.1.69913	1.60.1.70245
CALENDAR_VIEW_GUILD_EVENT	1.60.1.69913	1.60.1.70245
CALENDER_INVITE_SELECT_COMMUNITY	1.60.1.69913	1.60.1.70245
CALLING_QUEST_TOOLTIP_DESCRIPTION	1.60.1.70170	1.60.1.70245
CAMERA_ALWAYS	1.60.1.69913	1.60.1.70245
CAMERA_CTM_FOLLOWING_STYLE	1.60.1.69913	1.60.1.70245
CAMERA_FOLLOWING_STYLE	1.60.1.69913	1.60.1.70245
CAMERA_FOV	1.60.1.69913	1.60.1.70245
CAMERA_LABEL	1.60.1.69913	1.60.1.70245
CAMERA_NEVER	1.60.1.69913	1.60.1.70245
CAMERA_SMART	1.60.1.69913	1.60.1.70245
CAMERA_SMARTER	1.60.1.69913	1.60.1.70245
CAMPAIGN_PROGRESS_CHAPTERS	1.60.1.70170	1.60.1.70245
CAMPAIGN_PROGRESS_CHAPTERS_PERCENT	1.60.1.70170	1.60.1.70245
CAMPAIGN_PROGRESS_CHAPTERS_PERCENT_TOOLTIP	1.60.1.70170	1.60.1.70245
CAMPAIGN_PROGRESS_CHAPTERS_TOOLTIP	1.60.1.70170	1.60.1.70245
CAMP_TIMER	1.60.1.69913	1.60.1.70245
CANCEL	1.60.1.69913	1.60.1.70245
CANCEL_AUCTION_CONFIRMATION	1.60.1.69913	1.60.1.70245
CANCEL_AUCTION_CONFIRMATION_MONEY	1.60.1.69913	1.60.1.70245
CANCEL_SIGN_UP	1.60.1.69913	1.60.1.70245
CAN_NOT_RELEASE_IN_COMBAT	1.60.1.70170	1.60.1.70245
CAN_NOT_RELEASE_RIGHT_NOW	1.60.1.70170	1.60.1.70245
CAPPED_MONEY_TRIAL	1.60.1.69913	1.60.1.70245
CASH_ON_DELIVERY	1.60.1.69913	1.60.1.70245
CATEGORIZE	1.60.1.70009	1.60.1.70245
CATEGORY	1.60.1.69913	1.60.1.70245
CDMSND_ANIMALS_CAT	1.60.1.70170	1.60.1.70245
CDMSND_ANIMALS_COW	1.60.1.70170	1.60.1.70245
CDMSND_ANIMALS_GOAT	1.60.1.70170	1.60.1.70245
CDMSND_ANIMALS_LION	1.60.1.70170	1.60.1.70245
CDMSND_ANIMALS_RATTLESNAKE	1.60.1.70170	1.60.1.70245
CDMSND_ANIMALS_SHEEP	1.60.1.70170	1.60.1.70245
CDMSND_ANIMALS_WOLF	1.60.1.70170	1.60.1.70245
CDMSND_DEVICES_AIR_HORN	1.60.1.70170	1.60.1.70245
CDMSND_DEVICES_BIKE_HORN	1.60.1.70170	1.60.1.70245
CDMSND_DEVICES_BOAT_HORN	1.60.1.70170	1.60.1.70245
CDMSND_DEVICES_CASH_REGISTER	1.60.1.70170	1.60.1.70245
CDMSND_DEVICES_JACKPOT_BELL	1.60.1.70170	1.60.1.70245
CDMSND_DEVICES_JACKPOT_COINS	1.60.1.70170	1.60.1.70245
CDMSND_DEVICES_JACKPOT_FAIL	1.60.1.70170	1.60.1.70245
CDMSND_DEVICES_ROTARY_PHONE_DIAL	1.60.1.70170	1.60.1.70245
CDMSND_DEVICES_ROTARY_PHONE_RING	1.60.1.70170	1.60.1.70245
CDMSND_DEVICES_STOVE_PIPE	1.60.1.70170	1.60.1.70245
CDMSND_DEVICES_TRASHCAN_LID	1.60.1.70170	1.60.1.70245
CDMSND_IMPACTS_ANVIL_STRIKE	1.60.1.70170	1.60.1.70245
CDMSND_IMPACTS_BUBBLE_SMASH	1.60.1.70170	1.60.1.70245
CDMSND_IMPACTS_LOW_THUD	1.60.1.70170	1.60.1.70245
CDMSND_IMPACTS_METAL_CLANKS	1.60.1.70170	1.60.1.70245
CDMSND_IMPACTS_METAL_RATTLE	1.60.1.70170	1.60.1.70245
CDMSND_IMPACTS_METAL_SCRAPE	1.60.1.70170	1.60.1.70245
CDMSND_IMPACTS_METAL_WARBLE	1.60.1.70170	1.60.1.70245
CDMSND_IMPACTS_POP_CLICK	1.60.1.70170	1.60.1.70245
CDMSND_IMPACTS_STRANGE_CLANG	1.60.1.70170	1.60.1.70245
CDMSND_IMPACTS_SWORD_SCRAPE	1.60.1.70170	1.60.1.70245
CDMSND_INSTRUMENTS_BELL_RING	1.60.1.70170	1.60.1.70245
CDMSND_INSTRUMENTS_BELL_TRILL	1.60.1.70170	1.60.1.70245
CDMSND_INSTRUMENTS_BRASS	1.60.1.70170	1.60.1.70245
CDMSND_INSTRUMENTS_CHIME_ASCENDING	1.60.1.70170	1.60.1.70245
CDMSND_INSTRUMENTS_GUITAR_CHUG	1.60.1.70170	1.60.1.70245
CDMSND_INSTRUMENTS_GUITAR_PINCH	1.60.1.70170	1.60.1.70245
CDMSND_INSTRUMENTS_PITCH_PIPE_DISTRESSED	1.60.1.70170	1.60.1.70245
CDMSND_INSTRUMENTS_PITCH_PIPE_NOTE	1.60.1.70170	1.60.1.70245
CDMSND_INSTRUMENTS_SYNTH_BIG	1.60.1.70170	1.60.1.70245
CDMSND_INSTRUMENTS_SYNTH_BUZZ	1.60.1.70170	1.60.1.70245
CDMSND_INSTRUMENTS_SYNTH_HIGH	1.60.1.70170	1.60.1.70245
CDMSND_INSTRUMENTS_WARHORN	1.60.1.70170	1.60.1.70245
CDMSND_SHORT_BELL_STRIKE	1.60.1.70170	1.60.1.70245
CDMSND_SHORT_BELL_TREE	1.60.1.70170	1.60.1.70245
CDMSND_SHORT_BIG_POT	1.60.1.70170	1.60.1.70245
CDMSND_SHORT_BLADES	1.60.1.70170	1.60.1.70245
CDMSND_SHORT_COFFEE_MUG	1.60.1.70170	1.60.1.70245
CDMSND_SHORT_COW_BELL	1.60.1.70170	1.60.1.70245
CDMSND_SHORT_FINGER_SNAP	1.60.1.70170	1.60.1.70245
CDMSND_SHORT_GUITAR	1.60.1.70170	1.60.1.70245
CDMSND_SHORT_KALIMBA	1.60.1.70170	1.60.1.70245
CDMSND_SHORT_METAL_BLADE_DROP	1.60.1.70170	1.60.1.70245
CDMSND_SHORT_METAL_BLADE_ON_ROD	1.60.1.70170	1.60.1.70245
CDMSND_SHORT_METAL_IMPACT	1.60.1.70170	1.60.1.70245
CDMSND_SHORT_MINI_WOOD_XYLOPHONE	1.60.1.70170	1.60.1.70245
CDMSND_SHORT_PAPER_CUP	1.60.1.70170	1.60.1.70245
CDMSND_SHORT_SHEET_METAL	1.60.1.70170	1.60.1.70245
CDMSND_SHORT_STOVE_PIPE	1.60.1.70170	1.60.1.70245
CDMSND_SHORT_STOVE_PIPE_BLADE	1.60.1.70170	1.60.1.70245
CDMSND_SHORT_SWORD_SHING	1.60.1.70170	1.60.1.70245
CDMSND_SHORT_SYNTH_BLEEP	1.60.1.70170	1.60.1.70245
CDMSND_SHORT_SYNTH_BLURP	1.60.1.70170	1.60.1.70245
CDMSND_SHORT_SYNTH_ERROR	1.60.1.70170	1.60.1.70245
CDMSND_SHORT_SYNTH_HIGH	1.60.1.70170	1.60.1.70245
CDMSND_SHORT_TRIANGLE	1.60.1.70170	1.60.1.70245
CDMSND_SHORT_WATER_DROP	1.60.1.70170	1.60.1.70245
CDMSND_SHORT_WINE_BOTTLE	1.60.1.70170	1.60.1.70245
CDMSND_SHORT_WOOD_XYLOPHONE	1.60.1.70170	1.60.1.70245
CDMSND_WAR2_ABSTRACT_WHOOSH	1.60.1.70170	1.60.1.70245
CDMSND_WAR2_CHOIR	1.60.1.70170	1.60.1.70245
CDMSND_WAR2_CONSTRUCTION	1.60.1.70170	1.60.1.70245
CDMSND_WAR2_MAGIC_CHIMES	1.60.1.70170	1.60.1.70245
CDMSND_WAR2_PIG_SQUEAL	1.60.1.70170	1.60.1.70245
CDMSND_WAR2_SAWS	1.60.1.70170	1.60.1.70245
CDMSND_WAR2_SEAL	1.60.1.70170	1.60.1.70245
CDMSND_WAR2_SMITH	1.60.1.70170	1.60.1.70245
CDMSND_WAR2_SYNTH_STINGER	1.60.1.70170	1.60.1.70245
CDMSND_WAR2_TRUMPET_RALLY	1.60.1.70170	1.60.1.70245
CDMSND_WAR2_ZIPPY_MAGIC	1.60.1.70170	1.60.1.70245
CDMSND_WAR3_BELL	1.60.1.70170	1.60.1.70245
CDMSND_WAR3_CRUNCHY_BELL	1.60.1.70170	1.60.1.70245
CDMSND_WAR3_DRUM_SPLASH	1.60.1.70170	1.60.1.70245
CDMSND_WAR3_ERROR	1.60.1.70170	1.60.1.70245
CDMSND_WAR3_FANFARE	1.60.1.70170	1.60.1.70245
CDMSND_WAR3_GATE_OPEN	1.60.1.70170	1.60.1.70245
CDMSND_WAR3_GOLD	1.60.1.70170	1.60.1.70245
CDMSND_WAR3_MAGIC_SHIMMER	1.60.1.70170	1.60.1.70245
CDMSND_WAR3_RINGOUT	1.60.1.70170	1.60.1.70245
CDMSND_WAR3_ROOSTER	1.60.1.70170	1.60.1.70245
CDMSND_WAR3_SHIMMER_BELL	1.60.1.70170	1.60.1.70245
CDMSND_WAR3_WOLF_HOWL	1.60.1.70170	1.60.1.70245
CDMVIS_FLASH	1.60.1.69913	1.60.1.70245
CDMVIS_FLASH_BLUE	1.60.1.69913	1.60.1.70245
CDMVIS_FLASH_CYAN	1.60.1.69913	1.60.1.70245
CDMVIS_FLASH_GREEN	1.60.1.69913	1.60.1.70245
CDMVIS_FLASH_RED	1.60.1.69913	1.60.1.70245
CDMVIS_MARCHING_ANTS	1.60.1.69913	1.60.1.70245
CDMVIS_MARCHING_ANTS_BLUE	1.60.1.69913	1.60.1.70245
CDMVIS_MARCHING_ANTS_CYAN	1.60.1.69913	1.60.1.70245
CDMVIS_MARCHING_ANTS_GREEN	1.60.1.69913	1.60.1.70245
CDMVIS_MARCHING_ANTS_RED	1.60.1.69913	1.60.1.70245
CENSORED_MESSAGE_SENT	1.60.1.70170	1.60.1.70245
CENSOR_SOURCE_EVERYONE	1.60.1.69913	1.60.1.70245
CENSOR_SOURCE_EXCLUDE	1.60.1.69913	1.60.1.70245
CENSOR_SOURCE_EXCLUDE_FRIENDS	1.60.1.69913	1.60.1.70245
CENSOR_SOURCE_EXCLUDE_FRIENDS_AND_GUILD	1.60.1.69913	1.60.1.70245
CENSOR_SOURCE_NO_ONE	1.60.1.69913	1.60.1.70245
CHALLENGE_MODE_ITEM_POWER_LEVEL	1.60.1.70170	1.60.1.70245
CHANCE_TO_BLOCK	1.60.1.69913	1.60.1.70245
CHANCE_TO_CRIT	1.60.1.69913	1.60.1.70245
CHANCE_TO_DODGE	1.60.1.69913	1.60.1.70245
CHANCE_TO_PARRY	1.60.1.69913	1.60.1.70245
CHANGE_MACRO_NAME_ICON	1.60.1.69913	1.60.1.70245
CHANNEL	1.60.1.69913	1.60.1.70245
CHANNELS	1.60.1.69913	1.60.1.70245
CHANNEL_CHANNEL_NAME	1.60.1.70170	1.60.1.70245
CHANNEL_INVITE	1.60.1.69913	1.60.1.70245
CHANNEL_NEW_CHANNEL	1.60.1.70170	1.60.1.70245
CHANNEL_PASSWORD	1.60.1.69913	1.60.1.70245
CHARACTER	1.60.1.69913	1.60.1.70245
CHARACTER_ACHIEVEMENT_DESCRIPTION	1.60.1.69913	1.60.1.70245
CHARACTER_BANK_TAB_NAME_PROMPT	1.60.1.69913	1.60.1.70245
CHARACTER_BUTTON	1.60.1.69913	1.60.1.70245
CHARACTER_CUSTOMIZATION_CHOICE_TOOLTIP	1.60.1.70009	1.60.1.70245
CHARACTER_CUSTOMIZE_POPOUT_UNSELECTED_OPTION	1.60.1.70009	1.60.1.70245
CHARACTER_FORM	1.60.1.70170	1.60.1.70245
CHARACTER_FRAME_TAB_CHARACTER	1.60.1.69913	1.60.1.70245
CHARACTER_FRAME_TAB_CURRENCY	1.60.1.69913	1.60.1.70245
CHARACTER_FRAME_TAB_PVP	1.60.1.69913	1.60.1.70245
CHARACTER_FRAME_TAB_REPUTATION	1.60.1.69913	1.60.1.70245
CHARACTER_FRAME_TAB_SKILLS	1.60.1.69913	1.60.1.70245
CHARACTER_FRAME_TAB_STATISTICS	1.60.1.69913	1.60.1.70245
CHARACTER_FRIEND_INFO	1.60.1.69913	1.60.1.70245
CHARACTER_FRIEND_LABEL	1.60.1.69913	1.60.1.70245
CHARACTER_INFO	1.60.1.69913	1.60.1.70245
CHARACTER_LINK_CLASS_LEVEL_SPEC_TOOLTIP	1.60.1.70170	1.60.1.70245
CHARACTER_LINK_ITEM_LEVEL_TOOLTIP	1.60.1.70170	1.60.1.70245
CHARACTER_MODELS	1.60.1.69913	1.60.1.70245
CHARACTER_SPECIFIC_KEYBINDINGS	1.60.1.69913	1.60.1.70245
CHARACTER_SPECIFIC_KEYBINDING_TOOLTIP	1.60.1.69913	1.60.1.70245
CHARACTER_SPECIFIC_MACROS	1.60.1.69913	1.60.1.70245
CHARACTER_SPECIFIC_SETTINGS	1.60.1.69913	1.60.1.70245
CHARACTER_SPECIFIC_SETTINGS_TOOLTIP	1.60.1.69913	1.60.1.70245
CHARACTER_UPGRADE_FINISH_BUTTON_POPUP_TEXT	1.60.1.69913	1.60.1.70245
CHAR_CUSTOMIZATION_TOOLTIP_MUTE_SOUND	1.60.1.70170	1.60.1.70245
CHAR_CUSTOMIZATION_TOOLTIP_PLAY_VOICE_SAMPLE	1.60.1.70170	1.60.1.70245
CHAR_CUSTOMIZATION_TOOLTIP_UNMUTE_SOUND	1.60.1.70170	1.60.1.70245
CHAT	1.60.1.69913	1.60.1.70245
CHATCONFIG_HEADER	1.60.1.69913	1.60.1.70245
CHATLOGDISABLED	1.60.1.69913	1.60.1.70245
CHATLOGENABLED	1.60.1.69913	1.60.1.70245
CHAT_AFK_GET	1.60.1.69913	1.60.1.70245
CHAT_BN_WHISPER_GET	1.60.1.69913	1.60.1.70245
CHAT_BN_WHISPER_INFORM_GET	1.60.1.69913	1.60.1.70245
CHAT_BN_WHISPER_SEND	1.60.1.69913	1.60.1.70245
CHAT_BUBBLES_TEXT	1.60.1.69913	1.60.1.70245
CHAT_CHANNELS	1.60.1.69913	1.60.1.70245
CHAT_CHANNEL_DROP_DOWN_OPEN_COMMUNITIES_FRAME	1.60.1.69913	1.60.1.70245
CHAT_CHANNEL_JOIN_GET	1.60.1.69913	1.60.1.70245
CHAT_CHANNEL_LEAVE_GET	1.60.1.69913	1.60.1.70245
CHAT_CONFIGURATION	1.60.1.69913	1.60.1.70245
CHAT_CONFIG_CHANNEL_SETTINGS_TITLE_WITH_DRAG_INSTRUCTIONS	1.60.1.69913	1.60.1.70245
CHAT_DEFAULTS	1.60.1.69913	1.60.1.70245
CHAT_DND_GET	1.60.1.69913	1.60.1.70245
CHAT_FILTERED	1.60.1.70170	1.60.1.70245
CHAT_FLAG_AFK	1.60.1.69913	1.60.1.69913
CHAT_FLAG_DND	1.60.1.69913	1.60.1.69913
CHAT_GUILD_SEND	1.60.1.69913	1.60.1.70245
CHAT_IGNORED	1.60.1.70170	1.60.1.70245
CHAT_INSTANCE_CHAT_SEND	1.60.1.69913	1.60.1.70245
CHAT_INVALID_NAME_NOTICE	1.60.1.69913	1.60.1.70245
CHAT_INVITE_NOTICE_POPUP	1.60.1.69913	1.60.1.70245
CHAT_JOIN	1.60.1.70170	1.60.1.70245
CHAT_JOIN_HELP	1.60.1.70170	1.60.1.70245
CHAT_LABEL	1.60.1.69913	1.60.1.70245
CHAT_LEAVE	1.60.1.70170	1.60.1.70245
CHAT_LEAVE_CHANNEL_PREVENTED	1.60.1.69913	1.60.1.70245
CHAT_MONSTER_SAY_GET	1.60.1.69913	1.60.1.70245
CHAT_MONSTER_WHISPER_GET	1.60.1.69913	1.60.1.70245
CHAT_MONSTER_YELL_GET	1.60.1.69913	1.60.1.70245
CHAT_MSG_BLOCK_CHAT_CHANNEL_INVITE	1.60.1.70170	1.60.1.70245
CHAT_MSG_GUILD_DISCORD	1.60.1.69913	1.60.1.70245
CHAT_OFFICER_SEND	1.60.1.69913	1.60.1.70245
CHAT_OWNER	1.60.1.69913	1.60.1.70245
CHAT_PARTY_SEND	1.60.1.69913	1.60.1.70245
CHAT_PASSWORD	1.60.1.70170	1.60.1.70245
CHAT_PASSWORD_NOTICE_POPUP	1.60.1.69913	1.60.1.70245
CHAT_RAID_SEND	1.60.1.69913	1.60.1.70245
CHAT_RAID_WARNING_GET	1.60.1.69913	1.60.1.70245
CHAT_RAID_WARNING_SEND	1.60.1.69913	1.60.1.70245
CHAT_SAY_GET	1.60.1.69913	1.60.1.70245
CHAT_SAY_SEND	1.60.1.69913	1.60.1.70245
CHAT_SERVER_DISCONNECTED_MESSAGE	1.60.1.70170	1.60.1.70245
CHAT_SERVER_RECONNECTED_MESSAGE	1.60.1.70170	1.60.1.70245
CHAT_SETTINGS_ADDITIONAL_COLORS	1.60.1.69913	1.60.1.70245
CHAT_STYLE	1.60.1.69913	1.60.1.70245
CHAT_TAB_NAME	1.60.1.69913	1.60.1.70245
CHAT_TAB_RIGHT_CLICK	1.60.1.69913	1.60.1.70245
CHAT_TTS_LABEL	1.60.1.69913	1.60.1.70245
CHAT_VOICE	1.60.1.69913	1.60.1.70245
CHAT_WHISPER_GET	1.60.1.69913	1.60.1.70245
CHAT_WHISPER_INFORM_GET	1.60.1.69913	1.60.1.70245
CHAT_WHISPER_SEND	1.60.1.69913	1.60.1.70245
CHAT_WINDOWS_COUNT	1.60.1.69913	1.60.1.70245
CHAT_YELL_GET	1.60.1.69913	1.60.1.70245
CHAT_YELL_SEND	1.60.1.69913	1.60.1.70245
CHECK_ALL	1.60.1.69913	1.60.1.70245
CHESTSLOT	1.60.1.69913	1.60.1.70245
CHOOSE_LOCATION	1.60.1.69913	1.60.1.70245
CHOSEN_FOR_GMSURVEY	1.60.1.69913	1.60.1.70245
CHROMIE_TIME_CAMPAIGN_ALREADY_ON	1.60.1.69913	1.60.1.70245
CHROMIE_TIME_CAMPAIGN_COMPLETE	1.60.1.69913	1.60.1.70245
CHROMIE_TIME_PREVIEW_CARD_DEFAULT_DESCRIPTION	1.60.1.69913	1.60.1.70245
CHROMIE_TIME_PREVIEW_CARD_DEFAULT_TITLE	1.60.1.69913	1.60.1.70245
CHROMIE_TIME_SELECT_EXAPANSION_BUTTON	1.60.1.69913	1.60.1.70245
CHROMIE_TIME_TITLE_TEXT	1.60.1.69913	1.60.1.70245
CINEMATICS	1.60.1.69913	1.60.1.70245
CINEMATIC_SUBTITLES	1.60.1.69913	1.60.1.70245
CINEMATIC_SUBTITLES_BACKGROUND_COLOR_OPTION_LABEL	1.60.1.69913	1.60.1.70245
CINEMATIC_SUBTITLES_BACKGROUND_OPACITY_OPTION_LABEL	1.60.1.69913	1.60.1.70245
CINEMATIC_SUBTITLES_BACKGROUND_OPTION_DARK	1.60.1.69913	1.60.1.70245
CINEMATIC_SUBTITLES_BACKGROUND_OPTION_LIGHT	1.60.1.69913	1.60.1.70245
CINEMATIC_SUBTITLES_BACKGROUND_OPTION_NONE	1.60.1.69913	1.60.1.70245
CINEMATIC_SUBTITLES_DISPLAY_SUBHEADER	1.60.1.69913	1.60.1.70245
CINEMATIC_SUBTITLES_OPTIONS_HEADER	1.60.1.69913	1.60.1.70245
CINEMATIC_SUBTITLES_PREVIEW_LABEL	1.60.1.69913	1.60.1.70245
CLAIM_REWARD	1.60.1.69913	1.60.1.70245
CLASS	1.60.1.69913	1.60.1.70245
CLASSIC_STYLE	1.60.1.69913	1.60.1.70245
CLASS_ROLE_NOT_RECOMMENDED	1.60.1.69913	1.60.1.70245
CLASS_TALENT_SEARCH_OPTION_HIDE_PASSIVES	1.60.1.69913	1.60.1.70245
CLASS_TALENT_SEARCH_OPTION_SHOW_RANKS	1.60.1.69913	1.60.1.70245
CLEARED_AFK	1.60.1.69913	1.60.1.70245
CLEARED_DND	1.60.1.69913	1.60.1.70245
CLEAR_AFK	1.60.1.69913	1.60.1.70245
CLEAR_FOCUS	1.60.1.69913	1.60.1.70245
CLICK_BAG_SETTINGS	1.60.1.69913	1.60.1.70245
CLICK_BINDINGS_BINDING_TEXT_FORMAT	1.60.1.69913	1.60.1.70245
CLICK_BINDINGS_CUSTOMS_HEADER	1.60.1.69913	1.60.1.70245
CLICK_BINDINGS_DEFAULTS_HEADER	1.60.1.69913	1.60.1.70245
CLICK_BINDINGS_NEW_EMPTY_PROMPT	1.60.1.69913	1.60.1.70245
CLICK_BINDINGS_SET_BINDING_PROMPT	1.60.1.69913	1.60.1.70245
CLICK_BINDINGS_UNBOUND_TEXT	1.60.1.69913	1.60.1.70245
CLICK_BINDING_BUTTON_DISABLED	1.60.1.69913	1.60.1.70245
CLICK_BINDING_INTERACTION_TITLE	1.60.1.69913	1.60.1.70245
CLICK_BINDING_MACRO_TITLE	1.60.1.69913	1.60.1.70245
CLICK_BINDING_OPEN_MENU	1.60.1.69913	1.60.1.70245
CLICK_BINDING_TARGET_UNIT	1.60.1.69913	1.60.1.70245
CLICK_BIND_MODE	1.60.1.69913	1.60.1.70245
CLICK_CAST_ABOUT_HEADER	1.60.1.69913	1.60.1.70245
CLICK_CAST_ALTERNATE	1.60.1.69913	1.60.1.70245
CLICK_CAST_BINDINGS	1.60.1.69913	1.60.1.70245
CLICK_CAST_INFO	1.60.1.69913	1.60.1.70245
CLICK_CAST_RESET	1.60.1.69913	1.60.1.70245
CLICK_CAST_TITLE	1.60.1.69913	1.60.1.70245
CLICK_CAST_UNSAVED	1.60.1.69913	1.60.1.70245
CLICK_CHEST_TO_CLAIM_REWARD	1.60.1.69913	1.60.1.70245
CLICK_FOR_MORE_INFO	1.60.1.70170	1.60.1.70245
CLICK_HERE_FOR_MORE_INFO	1.60.1.69913	1.60.1.70245
CLICK_QUEST_DETAILS	1.60.1.69913	1.60.1.70245
CLICK_TO_MOVE	1.60.1.69913	1.60.1.70245
CLIENT_LOGOUT_ALERT	1.60.1.69913	1.60.1.70245
CLIENT_RESTART_ALERT	1.60.1.69913	1.60.1.70245
CLOSE	1.60.1.69913	1.60.1.70245
CLOSES_IN	1.60.1.69913	1.60.1.70245
CLOSE_CHAT_WHISPER_WINDOW	1.60.1.69913	1.60.1.70245
CLOSE_CHAT_WINDOW	1.60.1.69913	1.60.1.70245
CLUB_FINDER_ACCEPT_GUILD_ALREADY_IN_GUILD_WARNING	1.60.1.69913	1.60.1.70245
CLUB_FINDER_ACCEPT_GUILD_STANDARD_WARNING	1.60.1.69913	1.60.1.70245
CLUB_FINDER_ACTIVE_MEMBERS	1.60.1.69913	1.60.1.70245
CLUB_FINDER_ALREADY_APPLIED_ERROR	1.60.1.69913	1.60.1.70245
CLUB_FINDER_ALREADY_IN_GUILD_PLEASE_LEAVE	1.60.1.69913	1.60.1.70245
CLUB_FINDER_ALREADY_IN_THAT_CLUB	1.60.1.69913	1.60.1.70245
CLUB_FINDER_ANY_FLAG	1.60.1.69913	1.60.1.70245
CLUB_FINDER_APPLICANTS	1.60.1.69913	1.60.1.70245
CLUB_FINDER_APPLICANT_LIST_NO_MATCHING_SPECS	1.60.1.69913	1.60.1.70245
CLUB_FINDER_APPLY	1.60.1.69913	1.60.1.70245
CLUB_FINDER_APPROVED	1.60.1.69913	1.60.1.70245
CLUB_FINDER_BANNED_POSTING_WARNING	1.60.1.69913	1.60.1.70245
CLUB_FINDER_CANCELED	1.60.1.69913	1.60.1.70245
CLUB_FINDER_CANCEL_APPLICATION	1.60.1.69913	1.60.1.70245
CLUB_FINDER_COMMUNITIES	1.60.1.69913	1.60.1.70245
CLUB_FINDER_COMMUNITY_AUTO_ACCEPT	1.60.1.69913	1.60.1.70245
CLUB_FINDER_COMMUNITY_LOOKING_ALL_SPECS	1.60.1.69913	1.60.1.70245
CLUB_FINDER_COMMUNITY_NAME_CHANGE_ALERT	1.60.1.69913	1.60.1.70245
CLUB_FINDER_COMMUNITY_NAME_CHANGE_DESCRIPTION_BOTTOM	1.60.1.69913	1.60.1.70245
CLUB_FINDER_COMMUNITY_POSTING_ALERT	1.60.1.69913	1.60.1.70245
CLUB_FINDER_COMMUNITY_POSTING_REMOVED_TEXT	1.60.1.69913	1.60.1.70245
CLUB_FINDER_COMMUNITY_POSTING_REMOVED_TEXT_SRRS	1.60.1.69913	1.60.1.70245
CLUB_FINDER_COMMUNITY_RENAME_BUTTON	1.60.1.69913	1.60.1.70245
CLUB_FINDER_COMMUNITY_ROSTER_DROPDOWN	1.60.1.69913	1.60.1.70245
CLUB_FINDER_COMMUNITY_TYPE	1.60.1.69913	1.60.1.70245
CLUB_FINDER_DAMAGE	1.60.1.69913	1.60.1.70245
CLUB_FINDER_DAYS_UNTIL_EXPIRE	1.60.1.69913	1.60.1.70245
CLUB_FINDER_DECLINED	1.60.1.69913	1.60.1.70245
CLUB_FINDER_DISABLE_REASON_VETERAN_TRIAL	1.60.1.69913	1.60.1.70245
CLUB_FINDER_ENABLE_DISABLE_MESSAGE	1.60.1.69913	1.60.1.70245
CLUB_FINDER_FOCUS	1.60.1.69913	1.60.1.70245
CLUB_FINDER_FOCUS_PVP	1.60.1.69913	1.60.1.70245
CLUB_FINDER_FOCUS_SOCIAL_LEVELING	1.60.1.69913	1.60.1.70245
CLUB_FINDER_FOCUS_STRING	1.60.1.69913	1.60.1.70245
CLUB_FINDER_GUILDS	1.60.1.69913	1.60.1.70245
CLUB_FINDER_GUILD_LOOKING_ALL_SPECS	1.60.1.69913	1.60.1.70245
CLUB_FINDER_GUILD_POSTING_ALERT	1.60.1.69913	1.60.1.70245
CLUB_FINDER_GUILD_POSTING_ALERT_REMOVED	1.60.1.69913	1.60.1.70245
CLUB_FINDER_GUILD_POSTING_ALERT_REMOVED_DESC	1.60.1.69913	1.60.1.70245
CLUB_FINDER_GUILD_POSTING_REMOVED_TEXT_SRRS	1.60.1.69913	1.60.1.70245
CLUB_FINDER_GUILD_SIZE	1.60.1.69913	1.60.1.70245
CLUB_FINDER_HEALER	1.60.1.69913	1.60.1.70245
CLUB_FINDER_INVITED	1.60.1.69913	1.60.1.70245
CLUB_FINDER_INVITE_APPLICANT_REDO	1.60.1.69913	1.60.1.70245
CLUB_FINDER_IS_GUILD_LEADER_JOIN_ERROR	1.60.1.69913	1.60.1.70245
CLUB_FINDER_JOINED	1.60.1.69913	1.60.1.70245
CLUB_FINDER_JOINED_ANOTHER	1.60.1.69913	1.60.1.70245
CLUB_FINDER_LEADER	1.60.1.69913	1.60.1.70245
CLUB_FINDER_LINK_COMMUNITY	1.60.1.70170	1.60.1.70245
CLUB_FINDER_LINK_GUILD	1.60.1.70170	1.60.1.70245
CLUB_FINDER_LINK_POST_IN_CHAT	1.60.1.70170	1.60.1.70245
CLUB_FINDER_LIST_COMMUNITY	1.60.1.69913	1.60.1.70245
CLUB_FINDER_LIST_GUILD	1.60.1.69913	1.60.1.70245
CLUB_FINDER_LOOKING_FOR	1.60.1.69913	1.60.1.70245
CLUB_FINDER_MAX_LEVEL_ONLY	1.60.1.69913	1.60.1.70245
CLUB_FINDER_MAX_MEMBER_COUNT_HIT	1.60.1.69913	1.60.1.70245
CLUB_FINDER_MEDIUM	1.60.1.69913	1.60.1.70245
CLUB_FINDER_MULTIPLE_CHECKED	1.60.1.69913	1.60.1.70245
CLUB_FINDER_MULTIPLE_ROLES	1.60.1.69913	1.60.1.70245
CLUB_FINDER_NEW_COMMUNITY_JOINED	1.60.1.69913	1.60.1.70245
CLUB_FINDER_NOT_RECRUITING_YOUR_SPECS	1.60.1.69913	1.60.1.70245
CLUB_FINDER_NO_MATCHING_SPEC_DIALOG_ERR_STRING	1.60.1.69913	1.60.1.70245
CLUB_FINDER_NO_OPTIONS_SELECTED_GUILD_MESSAGE	1.60.1.69913	1.60.1.70245
CLUB_FINDER_NO_RECRUITING_PERMISSIONS	1.60.1.69913	1.60.1.70245
CLUB_FINDER_ONE_SPEC_REQUIRED	1.60.1.69913	1.60.1.70245
CLUB_FINDER_PENDING	1.60.1.69913	1.60.1.70245
CLUB_FINDER_PENDING_CLUBS_LIST	1.60.1.69913	1.60.1.70245
CLUB_FINDER_PENDING_REQUESTS	1.60.1.69913	1.60.1.70245
CLUB_FINDER_REALM_NAME	1.60.1.69913	1.60.1.70245
CLUB_FINDER_REAPPLY	1.60.1.69913	1.60.1.70245
CLUB_FINDER_RECRUITING_ALL_SPECS	1.60.1.69913	1.60.1.70245
CLUB_FINDER_RECRUITING_FOUR_SPECS	1.60.1.69913	1.60.1.70245
CLUB_FINDER_RECRUITING_NOTE	1.60.1.69913	1.60.1.70245
CLUB_FINDER_RECRUITING_ONE_SPEC	1.60.1.69913	1.60.1.70245
CLUB_FINDER_RECRUITING_THREE_SPECS	1.60.1.69913	1.60.1.70245
CLUB_FINDER_RECRUITING_TWO_SPECS	1.60.1.69913	1.60.1.70245
CLUB_FINDER_RECRUITMENT_DESCRIPTION	1.60.1.69913	1.60.1.70245
CLUB_FINDER_RECRUITMENT_MESSAGE	1.60.1.69913	1.60.1.70245
CLUB_FINDER_REPORTED	1.60.1.69913	1.60.1.70245
CLUB_FINDER_REPORTED_GUILD_REPOST_MESSAGE	1.60.1.69913	1.60.1.70245
CLUB_FINDER_REPORT_APPLICANT	1.60.1.69913	1.60.1.70245
CLUB_FINDER_REPORT_POSTING	1.60.1.69913	1.60.1.70245
CLUB_FINDER_REQUEST_TO_JOIN	1.60.1.69913	1.60.1.70245
CLUB_FINDER_ROLE_TOOLTIP	1.60.1.69913	1.60.1.70245
CLUB_FINDER_SEARCH_ERROR	1.60.1.69913	1.60.1.70245
CLUB_FINDER_SEARCH_NOTHING_FOUND	1.60.1.69913	1.60.1.70245
CLUB_FINDER_SORT_BY	1.60.1.69913	1.60.1.70245
CLUB_FINDER_SORT_BY_MOST_MEMBERS	1.60.1.69913	1.60.1.70245
CLUB_FINDER_SORT_BY_NEWEST	1.60.1.69913	1.60.1.70245
CLUB_FINDER_SORT_BY_RELEVANCE	1.60.1.69913	1.60.1.70245
CLUB_FINDER_SPEC	1.60.1.69913	1.60.1.70245
CLUB_FINDER_SPECIALIZATIONS	1.60.1.69913	1.60.1.70245
CLUB_FINDER_TANK	1.60.1.69913	1.60.1.70245
CLUB_FINDER_THANK_YOU_REPORTED	1.60.1.69913	1.60.1.70245
CLUB_FINDER_TUTORIAL_APPLICANT_LIST	1.60.1.69913	1.60.1.70245
CLUB_FINDER_TUTORIAL_GUILD_LINK	1.60.1.69913	1.60.1.70245
CLUB_FINDER_TUTORIAL_LANGUAGE_FILTER	1.60.1.69913	1.60.1.70245
CLUB_FINDER_TUTORIAL_POSTING	1.60.1.69913	1.60.1.70245
CLUB_FINDER_TUTORIAL_ROSTER	1.60.1.69913	1.60.1.70245
CLUB_FINDER_TYPE_GUILD	1.60.1.69913	1.60.1.70245
CLUB_INVITER_FAIL_COMMUNITY_CAPACITY	1.60.1.69913	1.60.1.70245
CLUB_INVITER_FAIL_GUILD_CAPACITY	1.60.1.69913	1.60.1.70245
CLUB_INVITE_HYPERLINK_TEXT	1.60.1.70170	1.60.1.70245
CLUB_REMOVED_REASON_BANNED	1.60.1.69913	1.60.1.70245
CLUB_REMOVED_REASON_CLUB_DESTROYED	1.60.1.69913	1.60.1.70245
CLUB_REMOVED_REASON_REMOVED	1.60.1.69913	1.60.1.70245
COD	1.60.1.69913	1.60.1.70245
COD_AMOUNT	1.60.1.69913	1.60.1.70245
COD_CONFIRMATION	1.60.1.69913	1.60.1.70245
COD_INSUFFICIENT_MONEY	1.60.1.69913	1.60.1.70245
COINPICKUP_CANCEL	1.60.1.69913	1.60.1.70245
COLDSWAP_TEXT_CONFIRM_GAMEPAD	1.60.1.70170	1.60.1.70245
COLDSWAP_TEXT_CONFIRM_MKB	1.60.1.70170	1.60.1.70245
COLLECTED	1.60.1.69913	1.60.1.70245
COLLECTED_APPEARANCE	1.60.1.69913	1.60.1.70245
COLLECTIONS	1.60.1.69913	1.60.1.70245
COLLECTIONS_JOUNRAL_DISABLED_TOOLTIP	1.60.1.69913	1.60.1.70245
COLLECTION_PAGE_NUMBER	1.60.1.69913	1.60.1.70245
COLOR	1.60.1.69913	1.60.1.70245
COLORIZE	1.60.1.69913	1.60.1.70245
COLORS	1.60.1.69913	1.60.1.70245
COLORS_ITEM_QUALITY	1.60.1.69913	1.60.1.70245
COLORS_LABEL	1.60.1.69913	1.60.1.70245
COLOR_BLACK	1.60.1.69913	1.60.1.70245
COLOR_BLUE	1.60.1.69913	1.60.1.70245
COLOR_BY_SCHOOL	1.60.1.69913	1.60.1.70245
COLOR_GOLD	1.60.1.69913	1.60.1.70245
COLOR_PICKER	1.60.1.69913	1.60.1.70245
COLOR_PICKER_HEX	1.60.1.69913	1.60.1.70245
COMBAT	1.60.1.69913	1.60.1.70245
COMBATLOGDISABLED	1.60.1.69913	1.60.1.70245
COMBATLOGENABLED	1.60.1.69913	1.60.1.70245
COMBATLOG_ARENAPOINTSAWARD	1.60.1.69913	1.60.1.70245
COMBATLOG_DEFAULTS	1.60.1.69913	1.60.1.70245
COMBATLOG_DISHONORGAIN	1.60.1.69913	1.60.1.70245
COMBATLOG_FILTER_STRING_CUSTOM_UNIT	1.60.1.69913	1.60.1.70245
COMBATLOG_FILTER_STRING_FRIENDLY_UNITS	1.60.1.69913	1.60.1.70245
COMBATLOG_FILTER_STRING_HOSTILE_PLAYERS	1.60.1.69913	1.60.1.70245
COMBATLOG_FILTER_STRING_HOSTILE_UNITS	1.60.1.69913	1.60.1.70245
COMBATLOG_FILTER_STRING_ME	1.60.1.69913	1.60.1.70245
COMBATLOG_FILTER_STRING_MY_PET	1.60.1.69913	1.60.1.70245
COMBATLOG_FILTER_STRING_NEUTRAL_UNITS	1.60.1.69913	1.60.1.70245
COMBATLOG_FILTER_STRING_UNKNOWN_UNITS	1.60.1.69913	1.60.1.70245
COMBATLOG_HIGHLIGHT_ABILITY	1.60.1.69913	1.60.1.70245
COMBATLOG_HIGHLIGHT_DAMAGE	1.60.1.69913	1.60.1.70245
COMBATLOG_HIGHLIGHT_KILL	1.60.1.69913	1.60.1.70245
COMBATLOG_HIGHLIGHT_SCHOOL	1.60.1.69913	1.60.1.70245
COMBATLOG_HONORAWARD	1.60.1.69913	1.60.1.70245
COMBATLOG_HONORGAIN	1.60.1.69913	1.60.1.70245
COMBATLOG_HONORGAIN_EXHAUSTION1	1.60.1.69913	1.60.1.70245
COMBATLOG_HONORGAIN_NO_RANK	1.60.1.69913	1.60.1.70245
COMBATLOG_HONORGAIN_NO_RANK_EXHAUSTION1	1.60.1.69913	1.60.1.70245
COMBATLOG_UNKNOWN_UNIT	1.60.1.69913	1.60.1.70245
COMBATLOG_XPGAIN_EXHAUSTION1	1.60.1.69913	1.60.1.70245
COMBATLOG_XPGAIN_EXHAUSTION1_GROUP	1.60.1.69913	1.60.1.70245
COMBATLOG_XPGAIN_EXHAUSTION1_RAID	1.60.1.69913	1.60.1.70245
COMBATLOG_XPGAIN_EXHAUSTION2	1.60.1.69913	1.60.1.70245
COMBATLOG_XPGAIN_EXHAUSTION2_GROUP	1.60.1.69913	1.60.1.70245
COMBATLOG_XPGAIN_EXHAUSTION2_RAID	1.60.1.69913	1.60.1.70245
COMBATLOG_XPGAIN_EXHAUSTION4	1.60.1.69913	1.60.1.70245
COMBATLOG_XPGAIN_EXHAUSTION4_GROUP	1.60.1.69913	1.60.1.70245
COMBATLOG_XPGAIN_EXHAUSTION4_RAID	1.60.1.69913	1.60.1.70245
COMBATLOG_XPGAIN_EXHAUSTION5	1.60.1.69913	1.60.1.70245
COMBATLOG_XPGAIN_EXHAUSTION5_GROUP	1.60.1.69913	1.60.1.70245
COMBATLOG_XPGAIN_EXHAUSTION5_RAID	1.60.1.69913	1.60.1.70245
COMBATLOG_XPGAIN_FIRSTPERSON	1.60.1.69913	1.60.1.70245
COMBATLOG_XPGAIN_FIRSTPERSON_GROUP	1.60.1.69913	1.60.1.70245
COMBATLOG_XPGAIN_FIRSTPERSON_RAID	1.60.1.69913	1.60.1.70245
COMBATLOG_XPGAIN_FIRSTPERSON_UNNAMED	1.60.1.69913	1.60.1.70245
COMBATLOG_XPGAIN_FIRSTPERSON_UNNAMED_GROUP	1.60.1.69913	1.60.1.70245
COMBATLOG_XPGAIN_FIRSTPERSON_UNNAMED_RAID	1.60.1.69913	1.60.1.70245
COMBATLOG_XPGAIN_QUEST	1.60.1.69913	1.60.1.70245
COMBAT_FACTION_CHANGE	1.60.1.69913	1.60.1.70245
COMBAT_HONOR_GAIN	1.60.1.69913	1.60.1.70245
COMBAT_LABEL	1.60.1.69913	1.60.1.70245
COMBAT_MISC_INFO	1.60.1.69913	1.60.1.70245
COMBAT_TEXT_ABSORB	1.60.1.69913	1.60.1.70245
COMBAT_TEXT_BLOCK	1.60.1.69913	1.60.1.70245
COMBAT_TEXT_BLOCK_REDUCED	1.60.1.69913	1.60.1.70245
COMBAT_TEXT_COMBO_POINTS	1.60.1.69913	1.60.1.70245
COMBAT_TEXT_DEFLECT	1.60.1.69913	1.60.1.70245
COMBAT_TEXT_DODGE	1.60.1.69913	1.60.1.70245
COMBAT_TEXT_EVADE	1.60.1.69913	1.60.1.70245
COMBAT_TEXT_FLOAT_MODE_LABEL	1.60.1.69913	1.60.1.70245
COMBAT_TEXT_HONOR_GAINED	1.60.1.69913	1.60.1.70245
COMBAT_TEXT_IMMUNE	1.60.1.69913	1.60.1.70245
COMBAT_TEXT_MISFIRE	1.60.1.69913	1.60.1.70245
COMBAT_TEXT_MISS	1.60.1.69913	1.60.1.70245
COMBAT_TEXT_PARRY	1.60.1.69913	1.60.1.70245
COMBAT_TEXT_REFLECT	1.60.1.69913	1.60.1.70245
COMBAT_TEXT_RESIST	1.60.1.69913	1.60.1.70245
COMBAT_TEXT_SCROLL_ARC	1.60.1.69913	1.60.1.70245
COMBAT_TEXT_SCROLL_DOWN	1.60.1.69913	1.60.1.70245
COMBAT_TEXT_SCROLL_UP	1.60.1.69913	1.60.1.70245
COMBAT_TEXT_SHOW_AURAS_TEXT	1.60.1.70170	1.60.1.70245
COMBAT_TEXT_SHOW_AURA_FADE_TEXT	1.60.1.70170	1.60.1.70245
COMBAT_TEXT_SHOW_COMBAT_STATE_TEXT	1.60.1.70170	1.60.1.70245
COMBAT_TEXT_SHOW_COMBO_POINTS_TEXT	1.60.1.70170	1.60.1.70245
COMBAT_TEXT_SHOW_DODGE_PARRY_MISS_TEXT	1.60.1.70170	1.60.1.70245
COMBAT_TEXT_SHOW_ENERGIZE_TEXT	1.60.1.70170	1.60.1.70245
COMBAT_TEXT_SHOW_FRIENDLY_NAMES_TEXT	1.60.1.70170	1.60.1.70245
COMBAT_TEXT_SHOW_HONOR_GAINED_TEXT	1.60.1.70170	1.60.1.70245
COMBAT_TEXT_SHOW_LOW_HEALTH_MANA_TEXT	1.60.1.70170	1.60.1.70245
COMBAT_TEXT_SHOW_REACTIVES_TEXT	1.60.1.70170	1.60.1.70245
COMBAT_TEXT_SHOW_REPUTATION_TEXT	1.60.1.70170	1.60.1.70245
COMBAT_TEXT_SHOW_RESISTANCES_TEXT	1.60.1.70170	1.60.1.70245
COMBAT_WARNINGS_ENABLE_ENCOUNTER_TIMELINE_LABEL	1.60.1.69913	1.60.1.70245
COMBAT_WARNINGS_ENABLE_ENCOUNTER_TIMELINE_NOT_AVAILABLE	1.60.1.69913	1.60.1.70245
COMBAT_WARNINGS_ENABLE_ENCOUNTER_TIMELINE_TOOLTIP	1.60.1.69913	1.60.1.70245
COMBAT_WARNINGS_ENABLE_ENCOUNTER_WARNINGS_LABEL	1.60.1.69913	1.60.1.70245
COMBAT_WARNINGS_ENABLE_ENCOUNTER_WARNINGS_NOT_AVAILABLE	1.60.1.69913	1.60.1.70245
COMBAT_WARNINGS_ENABLE_ENCOUNTER_WARNINGS_TOOLTIP	1.60.1.69913	1.60.1.70245
COMBAT_WARNINGS_ENABLE_LABEL	1.60.1.69913	1.60.1.70245
COMBAT_WARNINGS_ENABLE_TOOLTIP	1.60.1.69913	1.60.1.70245
COMBAT_WARNINGS_HIDE_FOR_OTHER_ROLES_LABEL	1.60.1.69913	1.60.1.70245
COMBAT_WARNINGS_HIDE_FOR_OTHER_ROLES_TOOLTIP	1.60.1.69913	1.60.1.70245
COMBAT_WARNINGS_HIDE_IF_NOT_TARGETING_PLAYER_LABEL	1.60.1.69913	1.60.1.70245
COMBAT_WARNINGS_HIDE_IF_NOT_TARGETING_PLAYER_TOOLTIP	1.60.1.69913	1.60.1.70245
COMBAT_WARNINGS_HIDE_LONG_COUNTDOWNS_LABEL	1.60.1.69913	1.60.1.70245
COMBAT_WARNINGS_HIDE_LONG_COUNTDOWNS_TOOLTIP	1.60.1.69913	1.60.1.70245
COMBAT_WARNINGS_HIDE_QUEUED_COUNTDOWNS_LABEL	1.60.1.69913	1.60.1.70245
COMBAT_WARNINGS_HIDE_QUEUED_COUNTDOWNS_TOOLTIP	1.60.1.69913	1.60.1.70245
COMBAT_WARNINGS_LABEL	1.60.1.69913	1.60.1.70245
COMBAT_WARNINGS_NOT_AVAILABLE	1.60.1.69913	1.60.1.70245
COMBAT_WARNINGS_SETTINGS	1.60.1.69913	1.60.1.70245
COMBAT_WARNINGS_SOUND_VOLUME	1.60.1.69913	1.60.1.70245
COMBAT_WARNINGS_SOUND_VOLUME_TOOLTIP	1.60.1.69913	1.60.1.70245
COMBAT_WARNINGS_SPELL_SUPPORT_ICONOGRAPHY_LABEL	1.60.1.69913	1.60.1.70245
COMBAT_WARNINGS_SPELL_SUPPORT_ICONOGRAPHY_OPTION_ALL	1.60.1.69913	1.60.1.70245
COMBAT_WARNINGS_SPELL_SUPPORT_ICONOGRAPHY_OPTION_DAMAGE_ALERT_LABEL	1.60.1.69913	1.60.1.70245
COMBAT_WARNINGS_SPELL_SUPPORT_ICONOGRAPHY_OPTION_DEADLY_LABEL	1.60.1.69913	1.60.1.70245
COMBAT_WARNINGS_SPELL_SUPPORT_ICONOGRAPHY_OPTION_DISPEL_LABEL	1.60.1.69913	1.60.1.70245
COMBAT_WARNINGS_SPELL_SUPPORT_ICONOGRAPHY_OPTION_ENRAGE_LABEL	1.60.1.69913	1.60.1.70245
COMBAT_WARNINGS_SPELL_SUPPORT_ICONOGRAPHY_OPTION_HEALER_ALERT_LABEL	1.60.1.69913	1.60.1.70245
COMBAT_WARNINGS_SPELL_SUPPORT_ICONOGRAPHY_OPTION_NONE	1.60.1.69913	1.60.1.70245
COMBAT_WARNINGS_SPELL_SUPPORT_ICONOGRAPHY_OPTION_TANK_ALERT_LABEL	1.60.1.69913	1.60.1.70245
COMBAT_WARNINGS_SPELL_SUPPORT_ICONOGRAPHY_TOOLTIP	1.60.1.69913	1.60.1.70245
COMBAT_WARNINGS_TEXT_LEVEL_CRITICAL_LABEL	1.60.1.69913	1.60.1.70245
COMBAT_WARNINGS_TEXT_LEVEL_CRITICAL_SELECTION	1.60.1.69913	1.60.1.70245
COMBAT_WARNINGS_TEXT_LEVEL_CRITICAL_TOOLTIP	1.60.1.69913	1.60.1.70245
COMBAT_WARNINGS_TEXT_LEVEL_MEDIUM_LABEL	1.60.1.69913	1.60.1.70245
COMBAT_WARNINGS_TEXT_LEVEL_MEDIUM_SELECTION	1.60.1.69913	1.60.1.70245
COMBAT_WARNINGS_TEXT_LEVEL_MEDIUM_TOOLTIP	1.60.1.69913	1.60.1.70245
COMBAT_WARNINGS_TEXT_LEVEL_MINOR_LABEL	1.60.1.69913	1.60.1.70245
COMBAT_WARNINGS_TEXT_LEVEL_MINOR_SELECTION	1.60.1.69913	1.60.1.70245
COMBAT_WARNINGS_TEXT_LEVEL_MINOR_TOOLTIP	1.60.1.69913	1.60.1.70245
COMBAT_XP_GAIN	1.60.1.69913	1.60.1.70245
COMBAT_ZONE	1.60.1.69913	1.60.1.70245
COMBINED_BAG_TITLE	1.60.1.69913	1.60.1.70245
COMBO_POINTS	1.60.1.69913	1.60.1.70245
COMMUNITIES_ADD_DIALOG_BATTLE_NET_LABEL	1.60.1.70170	1.60.1.70245
COMMUNITIES_ADD_DIALOG_CREATE_BNET_DESCRIPTION	1.60.1.70170	1.60.1.70245
COMMUNITIES_ADD_DIALOG_CREATE_BNET_LABEL	1.60.1.70170	1.60.1.70245
COMMUNITIES_ADD_DIALOG_CREATE_WOW_DESCRIPTION	1.60.1.70170	1.60.1.70245
COMMUNITIES_ADD_DIALOG_CREATE_WOW_DESCRIPTION_NO_FACTION	1.60.1.70170	1.60.1.70245
COMMUNITIES_ADD_DIALOG_CREATE_WOW_LABEL	1.60.1.70170	1.60.1.70245
COMMUNITIES_ADD_DIALOG_CREATE_WOW_LABEL_NO_FACTION	1.60.1.70170	1.60.1.70245
COMMUNITIES_ADD_DIALOG_INVITE_LINK_DESCRIPTION	1.60.1.70170	1.60.1.70245
COMMUNITIES_ADD_DIALOG_INVITE_LINK_JOIN	1.60.1.70170	1.60.1.70245
COMMUNITIES_ADD_DIALOG_INVITE_LINK_LABEL	1.60.1.70170	1.60.1.70245
COMMUNITIES_ADD_DIALOG_LABEL	1.60.1.70170	1.60.1.70245
COMMUNITIES_ADD_TO_CHAT	1.60.1.69913	1.60.1.70245
COMMUNITIES_ADD_TO_CHAT_DROP_DOWN_CHAT_SETTINGS	1.60.1.69913	1.60.1.70245
COMMUNITIES_ADD_TO_CHAT_DROP_DOWN_NEW_CHAT_WINDOW	1.60.1.69913	1.60.1.70245
COMMUNITIES_ADD_TO_CHAT_DROP_DOWN_TITLE	1.60.1.69913	1.60.1.70245
COMMUNITIES_CALENDAR_CLICK_TO_ADD_INSTRUCTIONS	1.60.1.69913	1.60.1.70245
COMMUNITIES_CALENDAR_EVENT_FORMAT	1.60.1.69913	1.60.1.70245
COMMUNITIES_CALENDAR_ONGOING_EVENT_PREFIX	1.60.1.70170	1.60.1.70245
COMMUNITIES_CALENDAR_TODAY	1.60.1.69913	1.60.1.70245
COMMUNITIES_CALENDAR_TOOLTIP_TITLE	1.60.1.69913	1.60.1.70245
COMMUNITIES_CHANNEL_ADDED_TO_CHAT_WINDOW	1.60.1.69913	1.60.1.70245
COMMUNITIES_CHANNEL_DESCRIPTION_INSTRUCTIONS	1.60.1.69913	1.60.1.70245
COMMUNITIES_CHANNEL_NAME_LABEL	1.60.1.69913	1.60.1.70245
COMMUNITIES_CHANNEL_REMOVED_FROM_CHAT_WINDOW	1.60.1.69913	1.60.1.70245
COMMUNITIES_CHANNEL_SUBJECT_LABEL	1.60.1.69913	1.60.1.70245
COMMUNITIES_CHANNEL_TYPE_LABEL	1.60.1.69913	1.60.1.70245
COMMUNITIES_CHAT_FRAME_TODAY_NOTIFICATION	1.60.1.69913	1.60.1.70245
COMMUNITIES_CHAT_FRAME_UNREAD_MESSAGES_NOTIFICATION	1.60.1.69913	1.60.1.70245
COMMUNITIES_CHAT_FRAME_YESTERDAY_NOTIFICATION	1.60.1.69913	1.60.1.70245
COMMUNITIES_CHAT_TAB_TOOLTIP	1.60.1.69913	1.60.1.70245
COMMUNITIES_CREATE_CHANNEL	1.60.1.69913	1.60.1.70245
COMMUNITIES_CREATE_COMMUNITY	1.60.1.70170	1.60.1.70245
COMMUNITIES_CREATE_DIALOG_AVATAR_PICKER_INSTRUCTIONS	1.60.1.69913	1.60.1.70245
COMMUNITIES_CREATE_DIALOG_BATTLE_NET_LABEL	1.60.1.70170	1.60.1.70245
COMMUNITIES_CREATE_DIALOG_DESCRIPTION_INSTRUCTIONS	1.60.1.69913	1.60.1.70245
COMMUNITIES_CREATE_DIALOG_DESCRIPTION_INSTRUCTIONS_BATTLE_NET	1.60.1.69913	1.60.1.70245
COMMUNITIES_CREATE_DIALOG_DESCRIPTION_LABEL	1.60.1.70170	1.60.1.70245
COMMUNITIES_CREATE_DIALOG_DESCRIPTION_LABEL_BATTLE_NET	1.60.1.70170	1.60.1.70245
COMMUNITIES_CREATE_DIALOG_ICON_SELECTION_BUTTON	1.60.1.69913	1.60.1.70245
COMMUNITIES_CREATE_DIALOG_NAME_AND_SHORT_NAME_ERROR	1.60.1.69913	1.60.1.70245
COMMUNITIES_CREATE_DIALOG_NAME_ERROR	1.60.1.69913	1.60.1.70245
COMMUNITIES_CREATE_DIALOG_NAME_INSTRUCTIONS	1.60.1.70170	1.60.1.70245
COMMUNITIES_CREATE_DIALOG_NAME_INSTRUCTIONS_BATTLE_NET	1.60.1.70170	1.60.1.70245
COMMUNITIES_CREATE_DIALOG_SHORT_NAME_ERROR	1.60.1.69913	1.60.1.70245
COMMUNITIES_CREATE_DIALOG_SHORT_NAME_INSTRUCTIONS	1.60.1.70170	1.60.1.70245
COMMUNITIES_CREATE_DIALOG_SHORT_NAME_INSTRUCTIONS_CHARACTER	1.60.1.70170	1.60.1.70245
COMMUNITIES_CREATE_DIALOG_SHORT_NAME_INSTRUCTIONS_TOOLTIP	1.60.1.70170	1.60.1.70245
COMMUNITIES_CREATE_DIALOG_SHORT_NAME_LABEL	1.60.1.70170	1.60.1.70245
COMMUNITIES_CREATE_DIALOG_WOW_LABEL	1.60.1.70170	1.60.1.70245
COMMUNITIES_CREATE_GROUP	1.60.1.70170	1.60.1.70245
COMMUNITIES_EDIT_CHANNEL	1.60.1.69913	1.60.1.70245
COMMUNITIES_EDIT_DIALOG_CROSS_FACTION	1.60.1.69913	1.60.1.70245
COMMUNITIES_FRAME_JUMP_TO_UNREAD	1.60.1.69913	1.60.1.70245
COMMUNITIES_FRAME_TITLE	1.60.1.69913	1.60.1.70245
COMMUNITIES_GUILD_BENEFITS_TAB_TOOLTIP	1.60.1.69913	1.60.1.70245
COMMUNITIES_GUILD_FINDER	1.60.1.69913	1.60.1.70245
COMMUNITIES_GUILD_FINDER_DESCRIPTION	1.60.1.69913	1.60.1.70245
COMMUNITIES_GUILD_FINDER_DESCRIPTION2	1.60.1.69913	1.60.1.70245
COMMUNITIES_GUILD_INFO_TAB_TOOLTIP	1.60.1.69913	1.60.1.70245
COMMUNITIES_INVITATION_FRAME_MEMBER_COUNT	1.60.1.69913	1.60.1.70245
COMMUNITIES_INVITATION_FRAME_TYPE	1.60.1.69913	1.60.1.70245
COMMUNITIES_INVITATION_FRAME_TYPE_CHARACTER	1.60.1.69913	1.60.1.70245
COMMUNITIES_INVITE_MANAGER_COLUMN_TITLE_CREATOR	1.60.1.69913	1.60.1.70245
COMMUNITIES_INVITE_MANAGER_COLUMN_TITLE_EXPIRES	1.60.1.69913	1.60.1.70245
COMMUNITIES_INVITE_MANAGER_COLUMN_TITLE_LINK	1.60.1.69913	1.60.1.70245
COMMUNITIES_INVITE_MANAGER_COLUMN_TITLE_USES	1.60.1.69913	1.60.1.70245
COMMUNITIES_INVITE_MANAGER_COPY	1.60.1.69913	1.60.1.70245
COMMUNITIES_INVITE_MANAGER_COPY_LINK_BUTTON	1.60.1.69913	1.60.1.70245
COMMUNITIES_INVITE_MANAGER_CREATE_NEW_LINK	1.60.1.69913	1.60.1.70245
COMMUNITIES_INVITE_MANAGER_EXPAND_LABEL	1.60.1.69913	1.60.1.70245
COMMUNITIES_INVITE_MANAGER_EXPIRES_AFTER_LABEL	1.60.1.69913	1.60.1.70245
COMMUNITIES_INVITE_MANAGER_EXPIRES_LABEL	1.60.1.69913	1.60.1.70245
COMMUNITIES_INVITE_MANAGER_EXPIRES_NEVER	1.60.1.69913	1.60.1.70245
COMMUNITIES_INVITE_MANAGER_GENERATE	1.60.1.69913	1.60.1.70245
COMMUNITIES_INVITE_MANAGER_LABEL	1.60.1.69913	1.60.1.70245
COMMUNITIES_INVITE_MANAGER_LINK_ID_LABEL	1.60.1.69913	1.60.1.70245
COMMUNITIES_INVITE_MANAGER_LINK_INSTRUCTIONS	1.60.1.69913	1.60.1.70245
COMMUNITIES_INVITE_MANAGER_LINK_TO_CHAT	1.60.1.69913	1.60.1.70245
COMMUNITIES_INVITE_MANAGER_NUMBERUSES_LABEL	1.60.1.69913	1.60.1.70245
COMMUNITIES_INVITE_MANAGER_USES	1.60.1.69913	1.60.1.70245
COMMUNITIES_INVITE_MANAGER_USES_LABEL	1.60.1.69913	1.60.1.70245
COMMUNITIES_INVITE_MANAGER_USES_UNLIMITED	1.60.1.69913	1.60.1.70245
COMMUNITIES_INVITE_MEMBERS	1.60.1.69913	1.60.1.70245
COMMUNITIES_INVIVATION_FRAME_LEADER_FORMAT	1.60.1.69913	1.60.1.70245
COMMUNITIES_JOIN_COMMUNITY	1.60.1.69913	1.60.1.70245
COMMUNITIES_LIST_DROP_DOWN_CLEAR_UNREAD_NOTIFICATIONS	1.60.1.69913	1.60.1.70245
COMMUNITIES_LIST_DROP_DOWN_COMMUNITIES_NOTIFICATION_SETTINGS	1.60.1.69913	1.60.1.70245
COMMUNITIES_LIST_DROP_DOWN_COMMUNITIES_SETTINGS	1.60.1.69913	1.60.1.70245
COMMUNITIES_LIST_DROP_DOWN_FAVORITE	1.60.1.69913	1.60.1.70245
COMMUNITIES_LIST_DROP_DOWN_INVITE	1.60.1.69913	1.60.1.70245
COMMUNITIES_LIST_DROP_DOWN_LEAVE_CHARACTER_COMMUNITY	1.60.1.69913	1.60.1.70245
COMMUNITIES_LIST_DROP_DOWN_LEAVE_COMMUNITY	1.60.1.69913	1.60.1.70245
COMMUNITIES_LIST_DROP_DOWN_UNFAVORITE	1.60.1.69913	1.60.1.70245
COMMUNITIES_LIST_INVITATION_DISPLAY	1.60.1.69913	1.60.1.70245
COMMUNITIES_LIST_TRANSFER_OWNERSHIP_FIRST	1.60.1.69913	1.60.1.70245
COMMUNITIES_MEMBER_LIST_MEMBER_COUNT_FORMAT	1.60.1.69913	1.60.1.70245
COMMUNITIES_MEMBER_LIST_PENDING_INVITE_HEADER	1.60.1.69913	1.60.1.70245
COMMUNITIES_MEMBER_LIST_SHOW_OFFLINE	1.60.1.69913	1.60.1.70245
COMMUNITIES_MESSAGE_OF_THE_DAY_FORMAT	1.60.1.69913	1.60.1.70245
COMMUNITIES_NOTIFICATION_SETTINGS	1.60.1.69913	1.60.1.70245
COMMUNITIES_NOTIFICATION_SETTINGS_ALL	1.60.1.69913	1.60.1.70245
COMMUNITIES_NOTIFICATION_SETTINGS_DIALOG_LABEL	1.60.1.69913	1.60.1.70245
COMMUNITIES_NOTIFICATION_SETTINGS_DIALOG_QUICK_JOIN_LABEL	1.60.1.69913	1.60.1.70245
COMMUNITIES_NOTIFICATION_SETTINGS_DIALOG_SETTINGS_LABEL	1.60.1.69913	1.60.1.70245
COMMUNITIES_NOTIFICATION_SETTINGS_NONE	1.60.1.69913	1.60.1.70245
COMMUNITIES_PRESENCE_OFFLINE	1.60.1.69913	1.60.1.70245
COMMUNITIES_ROSTER_COLUMN_TITLE_ACHIEVEMENT	1.60.1.69913	1.60.1.70245
COMMUNITIES_ROSTER_COLUMN_TITLE_CLASS	1.60.1.69913	1.60.1.70245
COMMUNITIES_ROSTER_COLUMN_TITLE_LEVEL	1.60.1.69913	1.60.1.70245
COMMUNITIES_ROSTER_COLUMN_TITLE_NAME	1.60.1.69913	1.60.1.70245
COMMUNITIES_ROSTER_COLUMN_TITLE_NOTE	1.60.1.69913	1.60.1.70245
COMMUNITIES_ROSTER_COLUMN_TITLE_PROFESSION	1.60.1.69913	1.60.1.70245
COMMUNITIES_ROSTER_COLUMN_TITLE_RANK	1.60.1.69913	1.60.1.70245
COMMUNITIES_ROSTER_COLUMN_TITLE_ZONE	1.60.1.69913	1.60.1.70245
COMMUNITIES_ROSTER_TAB_TOOLTIP	1.60.1.69913	1.60.1.70245
COMMUNITIES_SETTINGS_BUTTON_CHARACTER_LABEL	1.60.1.69913	1.60.1.70245
COMMUNITIES_SETTINGS_BUTTON_LABEL	1.60.1.69913	1.60.1.70245
COMMUNITIES_SETTINGS_CHARACTER_LABEL	1.60.1.69913	1.60.1.70245
COMMUNITIES_SETTINGS_DESCRIPTION_LABEL	1.60.1.69913	1.60.1.70245
COMMUNITIES_SETTINGS_DIALOG_MOTD_INSTRUCTIONS	1.60.1.69913	1.60.1.70245
COMMUNITIES_SETTINGS_LABEL	1.60.1.69913	1.60.1.70245
COMMUNITIES_SETTINGS_MOTD_LABEL	1.60.1.69913	1.60.1.70245
COMMUNITIES_SETTINGS_NAME_LABEL	1.60.1.69913	1.60.1.70245
COMMUNITIES_SETTINGS_SHORT_NAME_LABEL	1.60.1.69913	1.60.1.70245
COMMUNITIES_SETTING_CROSS_FACTION_TOOLTIP	1.60.1.69913	1.60.1.70245
COMMUNITIES_SETTING_CROSS_FACTION_TOOLTIP_ERROR	1.60.1.69913	1.60.1.70245
COMMUNITY_FEATURE_UNAVAILABLE_MUTED	1.60.1.69913	1.60.1.70245
COMMUNITY_FEATURE_UNAVAILABLE_SILENCED	1.60.1.69913	1.60.1.70245
COMMUNITY_FINDER_FIND_COMMUNITY	1.60.1.69913	1.60.1.70245
COMMUNITY_FINDER_POSTING_EXPIRED	1.60.1.69913	1.60.1.70245
COMMUNITY_FINDER_POSTING_EXPIRE_SOON	1.60.1.69913	1.60.1.70245
COMMUNITY_INVITATION_FRAME_INVITATION_TEXT	1.60.1.69913	1.60.1.70245
COMMUNITY_MEMBER_CANCEL_INVITATION_TOOLTIP	1.60.1.69913	1.60.1.70245
COMMUNITY_MEMBER_CHARACTER_INFO_FORMAT	1.60.1.69913	1.60.1.70245
COMMUNITY_MEMBER_LIST_DROP_DOWN_BATTLETAG_FRIEND	1.60.1.69913	1.60.1.70245
COMMUNITY_MEMBER_LIST_DROP_DOWN_REMOVE	1.60.1.69913	1.60.1.70245
COMMUNITY_MEMBER_LIST_DROP_DOWN_ROLES	1.60.1.69913	1.60.1.70245
COMMUNITY_MEMBER_LIST_DROP_DOWN_SET_NOTE	1.60.1.69913	1.60.1.70245
COMMUNITY_MESSAGE_DROP_DOWN_DELETE	1.60.1.69913	1.60.1.70245
COMMUNITY_TYPE_UNAVAILABLE	1.60.1.69913	1.60.1.70245
COMPACT_UNIT_FRAME_PROFILE_DISPELLABLE_INDICATOR_TYPE	1.60.1.69913	1.60.1.70245
COMPACT_UNIT_FRAME_PROFILE_DISPELLABLE_INDICATOR_TYPE_ALL	1.60.1.69913	1.60.1.70245
COMPACT_UNIT_FRAME_PROFILE_DISPELLABLE_INDICATOR_TYPE_DISABLED	1.60.1.69913	1.60.1.70245
COMPACT_UNIT_FRAME_PROFILE_DISPELLABLE_INDICATOR_TYPE_ME	1.60.1.69913	1.60.1.70245
COMPACT_UNIT_FRAME_PROFILE_DISPELLABLE_OVERLAY_TYPE_BLACK	1.60.1.69913	1.60.1.70245
COMPACT_UNIT_FRAME_PROFILE_DISPELLABLE_OVERLAY_TYPE_DEBUFF_COLOR	1.60.1.69913	1.60.1.70245
COMPACT_UNIT_FRAME_PROFILE_DISPELLABLE_OVERLAY_TYPE_DISABLED	1.60.1.69913	1.60.1.70245
COMPACT_UNIT_FRAME_PROFILE_DISPLAYAGGROHIGHLIGHT	1.60.1.69913	1.60.1.70245
COMPACT_UNIT_FRAME_PROFILE_DISPLAYHEALPREDICTION	1.60.1.69913	1.60.1.70245
COMPACT_UNIT_FRAME_PROFILE_DISPLAYMAINTANKANDASSIST	1.60.1.69913	1.60.1.70245
COMPACT_UNIT_FRAME_PROFILE_DISPLAYNONBOSSDEBUFFS	1.60.1.69913	1.60.1.70245
COMPACT_UNIT_FRAME_PROFILE_DISPLAYONLYDISPELLABLEDEBUFFS	1.60.1.69913	1.60.1.70245
COMPACT_UNIT_FRAME_PROFILE_DISPLAYONLYHEALERPOWERBARS	1.60.1.69913	1.60.1.70245
COMPACT_UNIT_FRAME_PROFILE_DISPLAYPETS	1.60.1.69913	1.60.1.70245
COMPACT_UNIT_FRAME_PROFILE_DISPLAYPOWERBAR	1.60.1.69913	1.60.1.70245
COMPACT_UNIT_FRAME_PROFILE_DISPLAY_DISPEL_OVERLAY	1.60.1.69913	1.60.1.70245
COMPACT_UNIT_FRAME_PROFILE_DISPLAY_DISPEL_OVERLAY_ANIMATED_BORDER	1.60.1.69913	1.60.1.70245
COMPACT_UNIT_FRAME_PROFILE_DISPLAY_DISPEL_OVERLAY_FLASHING_ANIMATION	1.60.1.69913	1.60.1.70245
COMPACT_UNIT_FRAME_PROFILE_DISPLAY_ROLE_DEBUFFS_LARGER	1.60.1.69913	1.60.1.70245
COMPACT_UNIT_FRAME_PROFILE_HEALTHTEXT	1.60.1.69913	1.60.1.70245
COMPACT_UNIT_FRAME_PROFILE_HEALTHTEXT_HEALTH	1.60.1.69913	1.60.1.70245
COMPACT_UNIT_FRAME_PROFILE_HEALTHTEXT_LOSTHEALTH	1.60.1.69913	1.60.1.70245
COMPACT_UNIT_FRAME_PROFILE_HEALTHTEXT_NONE	1.60.1.69913	1.60.1.70245
COMPACT_UNIT_FRAME_PROFILE_HEALTHTEXT_PERC	1.60.1.69913	1.60.1.70245
COMPACT_UNIT_FRAME_PROFILE_HEALTH_BAR_COLOR	1.60.1.69913	1.60.1.70245
COMPACT_UNIT_FRAME_PROFILE_HEALTH_BAR_COLOR_BG	1.60.1.69913	1.60.1.70245
COMPACT_UNIT_FRAME_PROFILE_SHOW_BIG_DEFENSIVES	1.60.1.69913	1.60.1.70245
COMPACT_UNIT_FRAME_PROFILE_USECLASSCOLORS	1.60.1.69913	1.60.1.70245
COMPARE_ACHIEVEMENTS	1.60.1.69913	1.60.1.70245
COMPATIBILITY_SETTINGS	1.60.1.69913	1.60.1.70245
COMPAT_SETTING_ADV_WORK_SUBMIT	1.60.1.69913	1.60.1.70245
COMPAT_SETTING_CMDLIST_MULTITHREADING	1.60.1.69913	1.60.1.70245
COMPAT_SETTING_DEVICE_MULTITHREADING	1.60.1.69913	1.60.1.70245
COMPAT_SETTING_OPTIONAL_GPU_FEATURES	1.60.1.69913	1.60.1.70245
COMPLETE	1.60.1.69913	1.60.1.70245
COMPLETE_QUEST	1.60.1.69913	1.60.1.70245
COMPUTE_EFFECTS	1.60.1.69913	1.60.1.70245
CONDUIT_ITEM_LOOT_LABEL	1.60.1.69913	1.60.1.70245
CONDUIT_NO_CHANGES_CONFIRMATION	1.60.1.69913	1.60.1.70245
CONFIGURE_TEXT_TO_SPEECH	1.60.1.69913	1.60.1.70245
CONFIRM_ACCEPT_PVP_QUEST	1.60.1.69913	1.60.1.70245
CONFIRM_ACCEPT_RELIC	1.60.1.69913	1.60.1.70245
CONFIRM_ACCEPT_SOCKETS	1.60.1.69913	1.60.1.70245
CONFIRM_AUCTION_POSTING_TEXT	1.60.1.69913	1.60.1.70245
CONFIRM_AZERITE_EMPOWERED_ITEM_RESPEC	1.60.1.69913	1.60.1.70245
CONFIRM_AZERITE_EMPOWERED_ITEM_RESPEC_EXPENSIVE	1.60.1.69913	1.60.1.70245
CONFIRM_BATTLEFIELD_ENTRY	1.60.1.69913	1.60.1.70245
CONFIRM_BINDER	1.60.1.69913	1.60.1.70245
CONFIRM_BUY_BANK_SLOT	1.60.1.69913	1.60.1.70245
CONFIRM_BUY_CHARACTER_BANK_TAB	1.60.1.69913	1.60.1.70245
CONFIRM_BUY_GUILDBANK_TAB	1.60.1.69913	1.60.1.70245
CONFIRM_BUY_OUTFIT_SLOT	1.60.1.69913	1.60.1.70245
CONFIRM_BUY_STABLE_SLOT	1.60.1.69913	1.60.1.70245
CONFIRM_CLOSE_CINEMATIC	1.60.1.69913	1.60.1.70245
CONFIRM_COMBAT_FILTER_DEFAULTS	1.60.1.69913	1.60.1.70245
CONFIRM_COMBAT_FILTER_DELETE	1.60.1.69913	1.60.1.70245
CONFIRM_COMPLETE_EXPENSIVE_QUEST	1.60.1.69913	1.60.1.70245
CONFIRM_CONTINUE	1.60.1.70170	1.60.1.70245
CONFIRM_DELETE_EQUIPMENT_SET	1.60.1.69913	1.60.1.70245
CONFIRM_DELETE_MACRO	1.60.1.69913	1.60.1.70245
CONFIRM_DELETING_CHARACTER_SPECIFIC_BINDINGS	1.60.1.69913	1.60.1.70245
CONFIRM_DESTROY_CHARACTER_COMMUNITY	1.60.1.70170	1.60.1.70245
CONFIRM_DESTROY_COMMUNITY	1.60.1.70170	1.60.1.70245
CONFIRM_DESTROY_COMMUNITY_STREAM_LABEL	1.60.1.69913	1.60.1.70245
CONFIRM_GARRISON_FOLLOWER_TEMPORARY_ABILITY	1.60.1.69913	1.60.1.70245
CONFIRM_GLYPH_PLACEMENT_NO_COST	1.60.1.70170	1.60.1.70245
CONFIRM_GLYPH_REMOVAL	1.60.1.70170	1.60.1.70245
CONFIRM_GUILD_DISBAND	1.60.1.69913	1.60.1.70245
CONFIRM_GUILD_LEAVE	1.60.1.69913	1.60.1.70245
CONFIRM_GUILD_PROMOTE	1.60.1.69913	1.60.1.70245
CONFIRM_HIGH_COST_ITEM	1.60.1.69913	1.60.1.70245
CONFIRM_ITEM_USE	1.60.1.69913	1.60.1.70245
CONFIRM_LAUNCH_URL	1.60.1.69913	1.60.1.70245
CONFIRM_LEAVE_AND_DESTROY_CHARACTER_COMMUNITY	1.60.1.70170	1.60.1.70245
CONFIRM_LEAVE_AND_DESTROY_CHARACTER_COMMUNITY_SUBTEXT	1.60.1.70170	1.60.1.70245
CONFIRM_LEAVE_AND_DESTROY_COMMUNITY	1.60.1.69913	1.60.1.70245
CONFIRM_LEAVE_AND_DESTROY_COMMUNITY_SUBTEXT	1.60.1.69913	1.60.1.70245
CONFIRM_LEAVE_ARENA	1.60.1.70170	1.60.1.70245
CONFIRM_LEAVE_BATTLEFIELD	1.60.1.69913	1.60.1.70245
CONFIRM_LEAVE_CHARACTER_COMMUNITY	1.60.1.70170	1.60.1.70245
CONFIRM_LEAVE_CHARACTER_COMMUNITY_SUBTEXT	1.60.1.70170	1.60.1.70245
CONFIRM_LEAVE_COMMUNITY	1.60.1.69913	1.60.1.70245
CONFIRM_LEAVE_COMMUNITY_SUBTEXT	1.60.1.69913	1.60.1.70245
CONFIRM_LEAVE_INSTANCE_PARTY	1.60.1.70170	1.60.1.70245
CONFIRM_LEAVE_RATED_MATCH_WITH_PENALTY	1.60.1.70170	1.60.1.70245
CONFIRM_LEAVE_RESTRICTED_CHALLENGE_MODE	1.60.1.69913	1.60.1.70245
CONFIRM_LOOT_DISTRIBUTION	1.60.1.69913	1.60.1.70245
CONFIRM_MERCHANT_TRADE_TIMER_REMOVAL	1.60.1.69913	1.60.1.70245
CONFIRM_OVERWRITE_EQUIPMENT_SET	1.60.1.69913	1.60.1.70245
CONFIRM_POPUP_DONT_SHOW_AGAIN	1.60.1.69913	1.60.1.70245
CONFIRM_PURCHASE_NONREFUNDABLE_ITEM	1.60.1.69913	1.60.1.70245
CONFIRM_PURCHASE_TOKEN_ITEM	1.60.1.69913	1.60.1.70245
CONFIRM_REDOCK_CHAT	1.60.1.69913	1.60.1.70245
CONFIRM_REFUND_ITEM_ENHANCEMENTS_LOST	1.60.1.69913	1.60.1.70245
CONFIRM_REFUND_MAX_ARENA_POINTS	1.60.1.69913	1.60.1.70245
CONFIRM_REFUND_MAX_HONOR	1.60.1.69913	1.60.1.70245
CONFIRM_REFUND_MAX_HONOR_AND_ARENA	1.60.1.69913	1.60.1.70245
CONFIRM_REFUND_TOKEN_ITEM	1.60.1.69913	1.60.1.70245
CONFIRM_REMOVE_CHARACTER_COMMUNITY_MEMBER_LABEL	1.60.1.70170	1.60.1.70245
CONFIRM_REMOVE_COMMUNITY_MEMBER_LABEL	1.60.1.69913	1.60.1.70245
CONFIRM_REMOVE_WOW_FRIEND	1.60.1.69913	1.60.1.70245
CONFIRM_RESET_CHALLENGE_MODE	1.60.1.69913	1.60.1.70245
CONFIRM_RESET_INSTANCES	1.60.1.69913	1.60.1.70245
CONFIRM_RESET_INTERFACE_SETTINGS	1.60.1.69913	1.60.1.70245
CONFIRM_RESET_KEYBINDINGS	1.60.1.69913	1.60.1.70245
CONFIRM_SAVE_EQUIPMENT_SET	1.60.1.69913	1.60.1.70245
CONFIRM_SUMMON	1.60.1.69913	1.60.1.70245
CONFIRM_SUMMON_SCENARIO	1.60.1.69913	1.60.1.70245
CONFIRM_SUMMON_STARTING_AREA	1.60.1.69913	1.60.1.70245
CONFIRM_SURRENDER_ARENA	1.60.1.69913	1.60.1.70245
CONFIRM_TALENT_WIPE_1	1.60.1.70170	1.60.1.70245
CONFIRM_TALENT_WIPE_2	1.60.1.70170	1.60.1.70245
CONFIRM_TALENT_WIPE_3	1.60.1.70170	1.60.1.70245
CONFIRM_TALENT_WIPE_4	1.60.1.70170	1.60.1.70245
CONFIRM_TALENT_WIPE_5	1.60.1.70170	1.60.1.70245
CONFIRM_TALENT_WIPE_6	1.60.1.70170	1.60.1.70245
CONFIRM_TEXT_TO_SPEECH_RESET	1.60.1.69913	1.60.1.70245
CONFIRM_UPGRADE_ITEM	1.60.1.70170	1.60.1.70245
CONFIRM_UPGRADE_ITEM_BIND	1.60.1.70170	1.60.1.70245
CONFIRM_XP_LOSS_AGAIN	1.60.1.70170	1.60.1.70245
CONFIRM_XP_LOSS_NO_SICKNESS_NO_DURABILITY	1.60.1.69913	1.60.1.70245
CONFIRM_YOUR_ROLE	1.60.1.69913	1.60.1.70245
CONQUEST_BRACKET_NAME_2V2	1.60.1.70170	1.60.1.70245
CONQUEST_BRACKET_NAME_3V3	1.60.1.70170	1.60.1.70245
CONQUEST_BRACKET_NAME_BATTLEGROUND_BLITZ	1.60.1.70170	1.60.1.70245
CONQUEST_BRACKET_NAME_RBG	1.60.1.70170	1.60.1.70245
CONQUEST_BRACKET_NAME_SOLO_SHUFFLE	1.60.1.70170	1.60.1.70245
CONQUEST_PVP_WEEK_CONQUEST_COMPLETE	1.60.1.70170	1.60.1.70245
CONQUEST_PVP_WEEK_NO_CONQUEST	1.60.1.70170	1.60.1.70245
CONQUEST_REQUIRES_PVP_SEASON	1.60.1.70170	1.60.1.70245
CONTACTS_LIST_TITLE	1.60.1.69913	1.60.1.70245
CONTACTS_MENU_BROADCAST_BUTTON_NAME	1.60.1.69913	1.60.1.70245
CONTACTS_MENU_IGNORE_BUTTON_NAME	1.60.1.69913	1.60.1.70245
CONTACTS_MENU_NAME	1.60.1.69913	1.60.1.70245
CONTACTS_RECENT_ALLIES_TAB_NAME	1.60.1.69913	1.60.1.70245
CONTACTS_RECENT_ALLIES_TITLE	1.60.1.69913	1.60.1.70245
CONTACTS_TAB_TITLE	1.60.1.69913	1.60.1.70245
CONTAINER_CAMPAIGN_PROGRESS	1.60.1.70170	1.60.1.70245
CONTAINER_SLOTS	1.60.1.69913	1.60.1.70245
CONTENT_TRACKING_ALREADYTRACKED_ERROR_TEXT	1.60.1.69913	1.60.1.70245
CONTENT_TRACKING_CHAT_LINK_ERROR_TEXT	1.60.1.69913	1.60.1.70245
CONTENT_TRACKING_CHECKMARK_TOOLTIP_TITLE	1.60.1.70170	1.60.1.70245
CONTENT_TRACKING_DISABLED_TOOLTIP_PROMPT	1.60.1.70170	1.60.1.70245
CONTENT_TRACKING_LOCATION_UNAVAILABLE	1.60.1.69913	1.60.1.70245
CONTENT_TRACKING_MAP_TOGGLE	1.60.1.69913	1.60.1.70245
CONTENT_TRACKING_MAXTRACKED_ERROR_TEXT	1.60.1.69913	1.60.1.70245
CONTENT_TRACKING_OPEN_JOURNAL_OPTION	1.60.1.69913	1.60.1.70245
CONTENT_TRACKING_RETRIEVING_INFO	1.60.1.69913	1.60.1.70245
CONTENT_TRACKING_ROUTE_UNAVAILABLE	1.60.1.69913	1.60.1.70245
CONTENT_TRACKING_TRACKABLE_TOOLTIP_PROMPT	1.60.1.70170	1.60.1.70245
CONTENT_TRACKING_UNTRACKABLE_ERROR_TEXT	1.60.1.69913	1.60.1.70245
CONTENT_TRACKING_UNTRACKABLE_TOOLTIP_PROMPT	1.60.1.70170	1.60.1.70245
CONTENT_TRACKING_UNTRACK_TOOLTIP_PROMPT	1.60.1.70170	1.60.1.70245
CONTESTED_TERRITORY	1.60.1.69913	1.60.1.70245
CONTEXT_ACTION_LABEL_APPLY	1.60.1.70009	1.60.1.70245
CONTEXT_ACTION_LABEL_AUTO_CAST	1.60.1.70009	1.60.1.70245
CONTEXT_ACTION_LABEL_BIND_TO_GAMEPAD_ACTION_BAR	1.60.1.70009	1.60.1.70245
CONTEXT_ACTION_LABEL_BUY	1.60.1.70009	1.60.1.70245
CONTEXT_ACTION_LABEL_CANCEL_BUFF	1.60.1.70170	1.60.1.70245
CONTEXT_ACTION_LABEL_CAST	1.60.1.70009	1.60.1.70245
CONTEXT_ACTION_LABEL_CHARACTER_VIEWER	1.60.1.70009	1.60.1.70245
CONTEXT_ACTION_LABEL_CHOOSE_REWARD	1.60.1.70009	1.60.1.70245
CONTEXT_ACTION_LABEL_CREATE_ALL	1.60.1.70009	1.60.1.70245
CONTEXT_ACTION_LABEL_DESTROY_ITEM	1.60.1.70009	1.60.1.70245
CONTEXT_ACTION_LABEL_DETAILS	1.60.1.70009	1.60.1.70245
CONTEXT_ACTION_LABEL_EQUIP	1.60.1.70009	1.60.1.70245
CONTEXT_ACTION_LABEL_FEED_TO_PET	1.60.1.70009	1.60.1.70245
CONTEXT_ACTION_LABEL_FOCUS	1.60.1.70009	1.60.1.70245
CONTEXT_ACTION_LABEL_INSPECT	1.60.1.70009	1.60.1.70245
CONTEXT_ACTION_LABEL_MANAGE_BAG	1.60.1.70009	1.60.1.70245
CONTEXT_ACTION_LABEL_MORE_ACTIONS	1.60.1.70009	1.60.1.70245
CONTEXT_ACTION_LABEL_MULTI_BUY	1.60.1.70009	1.60.1.70245
CONTEXT_ACTION_LABEL_OPEN	1.60.1.70009	1.60.1.70245
CONTEXT_ACTION_LABEL_OPTIONS	1.60.1.70009	1.60.1.70245
CONTEXT_ACTION_LABEL_PLACE	1.60.1.70009	1.60.1.70245
CONTEXT_ACTION_LABEL_READ	1.60.1.70009	1.60.1.70245
CONTEXT_ACTION_LABEL_REPAIR	1.60.1.70009	1.60.1.70245
CONTEXT_ACTION_LABEL_SEE_IN_BAG	1.60.1.69913	1.60.1.70245
CONTEXT_ACTION_LABEL_SELL	1.60.1.70009	1.60.1.70245
CONTEXT_ACTION_LABEL_SPLIT_ITEM_STACK	1.60.1.70009	1.60.1.70245
CONTEXT_ACTION_LABEL_UNEQUIP_BAG	1.60.1.70009	1.60.1.70245
CONTEXT_ACTION_LABEL_USE	1.60.1.70009	1.60.1.70245
CONTEXT_ERROR_SLASH_COMMENTATOR_NAMETEAM	1.60.1.69913	1.60.1.70245
CONTINUE	1.60.1.69913	1.60.1.70245
CONTROLS_LABEL	1.60.1.69913	1.60.1.70245
CONVERSATION_MODE_INLINE	1.60.1.69913	1.60.1.70245
CONVERSATION_MODE_POPOUT	1.60.1.69913	1.60.1.70245
CONVERSATION_MODE_POPOUT_AND_INLINE	1.60.1.69913	1.60.1.70245
CONVERT	1.60.1.69913	1.60.1.70245
CONVERT_TO_BIND_TO_ACCOUNT_CONFIRM	1.60.1.69913	1.60.1.70245
CONVERT_TO_PARTY	1.60.1.69913	1.60.1.70245
CONVERT_TO_RAID	1.60.1.69913	1.60.1.70245
CONVERT_TO_RAID_LABEL	1.60.1.69913	1.60.1.70245
COOLDOWN_EXPIRES_AT_MIDNIGHT	1.60.1.69913	1.60.1.70245
COOLDOWN_REMAINING	1.60.1.69913	1.60.1.70245
COOLDOWN_VIEWER_LABEL	1.60.1.69913	1.60.1.70245
COOLDOWN_VIEWER_OPTIONS_OPEN_EDIT_MODE	1.60.1.69913	1.60.1.70245
COOLDOWN_VIEWER_SETTINGS_ACTION_ADD_ALERT	1.60.1.69913	1.60.1.70245
COOLDOWN_VIEWER_SETTINGS_ADD_ALERT	1.60.1.69913	1.60.1.70245
COOLDOWN_VIEWER_SETTINGS_ADD_ALERT_TOOLTIP_DISABLED_NO_VALID	1.60.1.69913	1.60.1.70245
COOLDOWN_VIEWER_SETTINGS_ADD_ALERT_TOOLTIP_DISABLED_TOO_MANY	1.60.1.69913	1.60.1.70245
COOLDOWN_VIEWER_SETTINGS_ADD_NEW_ALERT	1.60.1.69913	1.60.1.70245
COOLDOWN_VIEWER_SETTINGS_ALERT_DIALOG_LABEL_EVENT	1.60.1.69913	1.60.1.70245
COOLDOWN_VIEWER_SETTINGS_ALERT_DIALOG_LABEL_SOUND_TYPE	1.60.1.69913	1.60.1.70245
COOLDOWN_VIEWER_SETTINGS_ALERT_DIALOG_LABEL_TYPE	1.60.1.69913	1.60.1.70245
COOLDOWN_VIEWER_SETTINGS_ALERT_DIALOG_LABEL_VISUAL_TYPE	1.60.1.69913	1.60.1.70245
COOLDOWN_VIEWER_SETTINGS_ALERT_DIALOG_TITLE	1.60.1.69913	1.60.1.70245
COOLDOWN_VIEWER_SETTINGS_ALERT_LABEL_SOUND_TYPE_TEXT_TO_SPEECH	1.60.1.69913	1.60.1.70245
COOLDOWN_VIEWER_SETTINGS_ALERT_MENU_BUTTON_ADD_ALERT	1.60.1.69913	1.60.1.70245
COOLDOWN_VIEWER_SETTINGS_ALERT_MENU_BUTTON_EDIT_EXISTING_ALERT	1.60.1.69913	1.60.1.70245
COOLDOWN_VIEWER_SETTINGS_ALERT_MENU_BUTTON_TOOLTIP_DELETE	1.60.1.69913	1.60.1.70245
COOLDOWN_VIEWER_SETTINGS_ALERT_MENU_BUTTON_TOOLTIP_EDIT	1.60.1.69913	1.60.1.70245
COOLDOWN_VIEWER_SETTINGS_ALERT_MENU_PLAY_SAMPLE	1.60.1.69913	1.60.1.70245
COOLDOWN_VIEWER_SETTINGS_ALERT_TYPE_SOUND	1.60.1.69913	1.60.1.70245
COOLDOWN_VIEWER_SETTINGS_ALERT_TYPE_VISUAL	1.60.1.69913	1.60.1.70245
COOLDOWN_VIEWER_SETTINGS_ALERT_WHEN_AURA_APPLIED	1.60.1.69913	1.60.1.70245
COOLDOWN_VIEWER_SETTINGS_ALERT_WHEN_AURA_REMOVED	1.60.1.69913	1.60.1.70245
COOLDOWN_VIEWER_SETTINGS_ALERT_WHEN_AVAILABLE	1.60.1.69913	1.60.1.70245
COOLDOWN_VIEWER_SETTINGS_ALERT_WHEN_CHARGE_GAINED	1.60.1.69913	1.60.1.70245
COOLDOWN_VIEWER_SETTINGS_ALERT_WHEN_ON_COOLDOWN	1.60.1.69913	1.60.1.70245
COOLDOWN_VIEWER_SETTINGS_ALERT_WHEN_PANDEMIC	1.60.1.69913	1.60.1.70245
COOLDOWN_VIEWER_SETTINGS_ASSIGN_TO_CATEGORY	1.60.1.69913	1.60.1.70245
COOLDOWN_VIEWER_SETTINGS_ASSIGN_TO_EMPTY_CATEGORY	1.60.1.69913	1.60.1.70245
COOLDOWN_VIEWER_SETTINGS_BUTTON_REVERT_CHANGES	1.60.1.69913	1.60.1.70245
COOLDOWN_VIEWER_SETTINGS_BUTTON_REVERT_CHANGES_TOOLTIP	1.60.1.69913	1.60.1.70245
COOLDOWN_VIEWER_SETTINGS_CATEGORY_EQUIP_ACTIVE	1.60.1.69913	1.60.1.70245
COOLDOWN_VIEWER_SETTINGS_CATEGORY_EQUIP_PASSIVE	1.60.1.69913	1.60.1.70245
COOLDOWN_VIEWER_SETTINGS_CATEGORY_ESSENTIAL	1.60.1.69913	1.60.1.70245
COOLDOWN_VIEWER_SETTINGS_CATEGORY_NOT_IN_BAR	1.60.1.69913	1.60.1.70245
COOLDOWN_VIEWER_SETTINGS_CATEGORY_TRACKED_BARS	1.60.1.69913	1.60.1.70245
COOLDOWN_VIEWER_SETTINGS_CATEGORY_TRACKED_BUFF	1.60.1.69913	1.60.1.70245
COOLDOWN_VIEWER_SETTINGS_CATEGORY_UTILITY	1.60.1.69913	1.60.1.70245
COOLDOWN_VIEWER_SETTINGS_CHARACTER_LAYOUTS_HEADER	1.60.1.69913	1.60.1.70245
COOLDOWN_VIEWER_SETTINGS_CLEAR_ALL_ALERTS	1.60.1.69913	1.60.1.70245
COOLDOWN_VIEWER_SETTINGS_COPY_LAYOUT	1.60.1.69913	1.60.1.70245
COOLDOWN_VIEWER_SETTINGS_COPY_TO_CLIPBOARD	1.60.1.69913	1.60.1.70245
COOLDOWN_VIEWER_SETTINGS_COPY_TO_CLIPBOARD_NOTICE	1.60.1.69913	1.60.1.70245
COOLDOWN_VIEWER_SETTINGS_DELETE_LAYOUT	1.60.1.69913	1.60.1.70245
COOLDOWN_VIEWER_SETTINGS_DELETE_LAYOUT_DIALOG_TITLE	1.60.1.69913	1.60.1.70245
COOLDOWN_VIEWER_SETTINGS_DIALOG_TEXT_RESET_LAYOUT_TO_DEFAULT	1.60.1.69913	1.60.1.70245
COOLDOWN_VIEWER_SETTINGS_DIALOG_TEXT_REVERT_CHANGES	1.60.1.69913	1.60.1.70245
COOLDOWN_VIEWER_SETTINGS_EMPTY_SLOT_TOOLTIP	1.60.1.69913	1.60.1.70245
COOLDOWN_VIEWER_SETTINGS_ERROR_CANNOT_COPY_DEFAULT_LAYOUT	1.60.1.69913	1.60.1.70245
COOLDOWN_VIEWER_SETTINGS_ERROR_CANNOT_COPY_DEFAULT_LAYOUT_LINE	1.60.1.69913	1.60.1.70245
COOLDOWN_VIEWER_SETTINGS_ERROR_CANNOT_SWITCH_TO_LAYOUT	1.60.1.69913	1.60.1.70245
COOLDOWN_VIEWER_SETTINGS_ERROR_CANNOT_SWITCH_TO_LAYOUT_TOOLTIP_LINE	1.60.1.69913	1.60.1.70245
COOLDOWN_VIEWER_SETTINGS_ERROR_ENTER_IMPORT_STRING_AND_NAME	1.60.1.69913	1.60.1.70245
COOLDOWN_VIEWER_SETTINGS_ERROR_ENTER_NAME	1.60.1.69913	1.60.1.70245
COOLDOWN_VIEWER_SETTINGS_ERROR_MAX_ACCOUNT_LAYOUTS	1.60.1.69913	1.60.1.70245
COOLDOWN_VIEWER_SETTINGS_ERROR_MAX_CHAR_LAYOUTS	1.60.1.69913	1.60.1.70245
COOLDOWN_VIEWER_SETTINGS_ERROR_MAX_LAYOUTS	1.60.1.69913	1.60.1.70245
COOLDOWN_VIEWER_SETTINGS_IMPORT_LAYOUT	1.60.1.69913	1.60.1.70245
COOLDOWN_VIEWER_SETTINGS_IMPORT_LAYOUT_DIALOG_EDIT_BOX_LABEL	1.60.1.69913	1.60.1.70245
COOLDOWN_VIEWER_SETTINGS_IMPORT_LAYOUT_DIALOG_TITLE	1.60.1.69913	1.60.1.70245
COOLDOWN_VIEWER_SETTINGS_IMPORT_LAYOUT_INSTRUCTIONS	1.60.1.69913	1.60.1.70245
COOLDOWN_VIEWER_SETTINGS_IMPORT_LAYOUT_LINK_DIALOG_EDIT_BOX_LABEL	1.60.1.69913	1.60.1.70245
COOLDOWN_VIEWER_SETTINGS_LAYOUT_SAVED_MESSAGE	1.60.1.69913	1.60.1.70245
COOLDOWN_VIEWER_SETTINGS_NAME_LAYOUT_DIALOG_TITLE	1.60.1.69913	1.60.1.70245
COOLDOWN_VIEWER_SETTINGS_RENAME_LAYOUT	1.60.1.69913	1.60.1.70245
COOLDOWN_VIEWER_SETTINGS_RENAME_LAYOUT_DIALOG_TITLE	1.60.1.69913	1.60.1.70245
COOLDOWN_VIEWER_SETTINGS_RENAME_OR_COPY_LAYOUT	1.60.1.69913	1.60.1.70245
COOLDOWN_VIEWER_SETTINGS_RESET_LAYOUT_TO_DEFAULT	1.60.1.69913	1.60.1.70245
COOLDOWN_VIEWER_SETTINGS_SEARCH_INSTRUCTIONS	1.60.1.69913	1.60.1.70245
COOLDOWN_VIEWER_SETTINGS_SHOW_OPTIONS	1.60.1.69913	1.60.1.70245
COOLDOWN_VIEWER_SETTINGS_SHOW_UNLEARNED	1.60.1.69913	1.60.1.70245
COOLDOWN_VIEWER_SETTINGS_SOUND_ALERT_CATEGORY_ANIMALS	1.60.1.70170	1.60.1.70245
COOLDOWN_VIEWER_SETTINGS_SOUND_ALERT_CATEGORY_DEVICES	1.60.1.70170	1.60.1.70245
COOLDOWN_VIEWER_SETTINGS_SOUND_ALERT_CATEGORY_IMPACTS	1.60.1.70170	1.60.1.70245
COOLDOWN_VIEWER_SETTINGS_SOUND_ALERT_CATEGORY_INSTRUMENTS	1.60.1.70170	1.60.1.70245
COOLDOWN_VIEWER_SETTINGS_SOUND_ALERT_CATEGORY_SHORT	1.60.1.70170	1.60.1.70245
COOLDOWN_VIEWER_SETTINGS_SOUND_ALERT_CATEGORY_WAR2	1.60.1.70170	1.60.1.70245
COOLDOWN_VIEWER_SETTINGS_SOUND_ALERT_CATEGORY_WAR3	1.60.1.70170	1.60.1.70245
COOLDOWN_VIEWER_SETTINGS_TAB_BUFFS	1.60.1.69913	1.60.1.70245
COOLDOWN_VIEWER_SETTINGS_TAB_GROUP_AURAS	1.60.1.69913	1.60.1.70245
COOLDOWN_VIEWER_SETTINGS_TAB_GROUP_AURAS_DISABLED_TOOLTIP	1.60.1.69913	1.60.1.70245
COOLDOWN_VIEWER_SETTINGS_TAB_SPELLS	1.60.1.69913	1.60.1.70245
COOLDOWN_VIEWER_SETTINGS_TITLE	1.60.1.69913	1.60.1.70245
COOLDOWN_VIEWER_SETTINGS_USE_STARTER_LAYOUT	1.60.1.69913	1.60.1.70245
COOLDOWN_VIEWER_TOOLTIP_POTION_COMBAT_DESCRIPTION	1.60.1.69913	1.60.1.70245
COOLDOWN_VIEWER_TOOLTIP_POTION_COMBAT_TITLE	1.60.1.69913	1.60.1.70245
COOLDOWN_VIEWER_TOOLTIP_POTION_HEALTH_DESCRIPTION	1.60.1.69913	1.60.1.70245
COOLDOWN_VIEWER_TOOLTIP_POTION_HEALTH_TITLE	1.60.1.69913	1.60.1.70245
COOLDOWN_VIEWER_TRINKET_AURA_TOOLTIP_LABEL	1.60.1.69913	1.60.1.70245
COOLDOWN_VIEWER_TRINKET_NO_AURA_TOOLTIP_LABEL	1.60.1.69913	1.60.1.70245
COPY_CHARACTER_NAME	1.60.1.69913	1.60.1.70245
COPY_FILTER	1.60.1.69913	1.60.1.70245
CORPSE	1.60.1.70170	1.60.1.70245
CORPSE_RED	1.60.1.69913	1.60.1.70245
CORPSE_TOOLTIP	1.60.1.69913	1.60.1.70245
CORRUPTED_ITEM_LOOT_LABEL	1.60.1.69913	1.60.1.70245
COSTS_LABEL	1.60.1.69913	1.60.1.70245
COUNTDOWN_CANCEL_ENCOUNTER_START	1.60.1.70170	1.60.1.70245
COUNTDOWN_FOR_COOLDOWNS_TEXT	1.60.1.69913	1.60.1.70245
CRAFTING_ORDERS_IGNORE_CONFIRMATION	1.60.1.69913	1.60.1.70245
CRAFTING_ORDER_FAILED_ACCOUNT_ITEMS	1.60.1.69913	1.60.1.70245
CRAFTING_ORDER_FAILED_INVALID_TARGET	1.60.1.69913	1.60.1.70245
CRAFTING_ORDER_FAILED_TARGET_CANT_CRAFT	1.60.1.69913	1.60.1.70245
CRAFTING_ORDER_NOT_CLAIMED	1.60.1.69913	1.60.1.70245
CRAFTING_ORDER_PLACED_TUTORIAL	1.60.1.69913	1.60.1.70245
CRAFTING_ORDER_RECIPE_PROFESSION_FMT	1.60.1.69913	1.60.1.70245
CRAFTING_ORDER_TIME_PENDING_FMT	1.60.1.69913	1.60.1.70245
CRAFTING_ORDER_TUTORIAL_OPTIONAL_REAGENTS	1.60.1.69913	1.60.1.70245
CRAFTING_ORDER_TUTORIAL_REAGENTS	1.60.1.69913	1.60.1.70245
CRAFTING_ORDER_TUTORIAL_RECRAFT	1.60.1.69913	1.60.1.70245
CRAFT_IS_MAKEABLE	1.60.1.69913	1.60.1.70245
CREATED_ITEM	1.60.1.69913	1.60.1.70245
CREATED_ITEM_MULTIPLE	1.60.1.69913	1.60.1.70245
CREATE_AUCTION	1.60.1.69913	1.60.1.70245
CREATE_MACROS	1.60.1.69913	1.60.1.70245
CREATE_PROFESSION	1.60.1.69913	1.60.1.70245
CREATE_PROFESSION_ENCHANT	1.60.1.69913	1.60.1.70245
CREATURE_MESSAGES	1.60.1.69913	1.60.1.70245
CRF_ALL_ASSIST	1.60.1.69913	1.60.1.70245
CRF_COUNTDOWN	1.60.1.69913	1.60.1.70245
CRF_DIFFICULTY	1.60.1.69913	1.60.1.70245
CRF_EDIT_MODE	1.60.1.69913	1.60.1.70245
CRF_HIDE_GROUPS	1.60.1.69913	1.60.1.70245
CRF_READY_CHECK	1.60.1.69913	1.60.1.70245
CRF_ROLE_POLL	1.60.1.69913	1.60.1.70245
CRF_SETTINGS	1.60.1.69913	1.60.1.70245
CRITERIA_COMPLETED	1.60.1.70170	1.60.1.70245
CRITERIA_COMPLETED_DATE	1.60.1.70170	1.60.1.70245
CRITERIA_NOT_COMPLETED	1.60.1.70170	1.60.1.70245
CROSS_FACTION_CLUB_FINDER_SEARCH_OPTION	1.60.1.69913	1.60.1.70245
CROSS_FACTION_COMMUNITIES_HELPTIP	1.60.1.69913	1.60.1.70245
CR_BLOCK_TOOLTIP	1.60.1.69913	1.60.1.70245
CR_DEFAULT_HIT_CAP_TOOLTIP	1.60.1.69913	1.60.1.70245
CR_DODGE_BASE_STAT_TOOLTIP	1.60.1.69913	1.60.1.70245
CR_EXPERTISE_TOOLTIP	1.60.1.69913	1.60.1.70245
CR_HASTE_MELEE_TOOLTIP	1.60.1.69913	1.60.1.70245
CR_HASTE_RANGED_TOOLTIP	1.60.1.69913	1.60.1.70245
CR_HASTE_SPELL_TOOLTIP	1.60.1.69913	1.60.1.70245
CR_HIT_MELEE_TOOLTIP	1.60.1.69913	1.60.1.70245
CR_HIT_RANGED_TOOLTIP	1.60.1.69913	1.60.1.70245
CR_HIT_SPELL_TOOLTIP	1.60.1.69913	1.60.1.70245
CR_HUNTER_HIT_CAP_TOOLTIP	1.60.1.69913	1.60.1.70245
CR_PARRY_BASE_STAT_TOOLTIP	1.60.1.69913	1.60.1.70245
CR_RANGED_EXPERTISE_TOOLTIP	1.60.1.69913	1.60.1.70245
CR_ROGUE_HIT_CAP_TOOLTIP	1.60.1.69913	1.60.1.70245
CR_SPEED_TOOLTIP	1.60.1.69913	1.60.1.70245
CR_WARRIOR_HIT_CAP_TOOLTIP	1.60.1.69913	1.60.1.70245
CTRL_KEY	1.60.1.69913	1.60.1.70245
CURRENCY	1.60.1.69913	1.60.1.70245
CURRENCY_BUTTON_TOOLTIP_CLICK_INSTRUCTION	1.60.1.69913	1.60.1.70245
CURRENCY_DETAIL_TOTAL_CAP_LABEL	1.60.1.69913	1.60.1.70245
CURRENCY_DETAIL_WEEKLY_CAP_LABEL	1.60.1.69913	1.60.1.70245
CURRENCY_GAINED	1.60.1.69913	1.60.1.70245
CURRENCY_GAINED_MULTIPLE	1.60.1.69913	1.60.1.70245
CURRENCY_GAINED_MULTIPLE_BONUS	1.60.1.69913	1.60.1.70245
CURRENCY_GAINED_MULTIPLE_OVERFLOW	1.60.1.69913	1.60.1.70245
CURRENCY_TRANSFER_AMOUNT_LABEL	1.60.1.69913	1.60.1.70245
CURRENCY_TRANSFER_CANCEL_BUTTON_LABEL	1.60.1.69913	1.60.1.70245
CURRENCY_TRANSFER_CONFIRM_BUTTON_LABEL	1.60.1.69913	1.60.1.70245
CURRENCY_TRANSFER_COST_TOOLTIP	1.60.1.69913	1.60.1.70245
CURRENCY_TRANSFER_DESTINATION	1.60.1.69913	1.60.1.70245
CURRENCY_TRANSFER_DISABLED_MAX_QUANTITY	1.60.1.69913	1.60.1.70245
CURRENCY_TRANSFER_DISABLED_NO_VALID_SOURCES	1.60.1.69913	1.60.1.70245
CURRENCY_TRANSFER_DISABLED_UNMET_REQUIREMENTS	1.60.1.69913	1.60.1.70245
CURRENCY_TRANSFER_IN_PROGRESS	1.60.1.69913	1.60.1.70245
CURRENCY_TRANSFER_LOG_EMPTY	1.60.1.69913	1.60.1.70245
CURRENCY_TRANSFER_LOG_TITLE	1.60.1.69913	1.60.1.70245
CURRENCY_TRANSFER_LOSS	1.60.1.69913	1.60.1.70245
CURRENCY_TRANSFER_MAX_QUANTITY_BUTTON	1.60.1.69913	1.60.1.70245
CURRENCY_TRANSFER_MENU_TITLE	1.60.1.69913	1.60.1.70245
CURRENCY_TRANSFER_NEW_BALANCE_PREVIEW	1.60.1.69913	1.60.1.70245
CURRENCY_TRANSFER_SOURCE	1.60.1.69913	1.60.1.70245
CURRENCY_TRANSFER_TOGGLE_BUTTON_LABEL	1.60.1.69913	1.60.1.70245
CURRENTLY_EQUIPPED	1.60.1.69913	1.60.1.70245
CURRENT_BID	1.60.1.69913	1.60.1.70245
CURRENT_PET	1.60.1.69913	1.60.1.70245
CURRENT_QUESTS	1.60.1.69913	1.60.1.70245
CURRENT_SETTINGS	1.60.1.69913	1.60.1.70245
CURSOR_SIZE	1.60.1.69913	1.60.1.70245
CURSOR_SIZE_DEFAULT	1.60.1.69913	1.60.1.70245
CURSOR_SIZE_TOOLTIP	1.60.1.69913	1.60.1.70245
CUSTOM	1.60.1.69913	1.60.1.70245
CUSTOM_SET_INVALID_NAME	1.60.1.69913	1.60.1.70245
CYPHER_RESEARCH_TOAST	1.60.1.69913	1.60.1.70245
CreatureType:1	1.60.1.70009	1.60.1.70245
CreatureType:10	1.60.1.70009	1.60.1.70245
CreatureType:11	1.60.1.70009	1.60.1.70245
CreatureType:12	1.60.1.70009	1.60.1.70245
CreatureType:14	1.60.1.70009	1.60.1.70245
CreatureType:2	1.60.1.70009	1.60.1.70245
CreatureType:3	1.60.1.70009	1.60.1.70245
CreatureType:4	1.60.1.70009	1.60.1.70245
CreatureType:5	1.60.1.70009	1.60.1.70245
CreatureType:6	1.60.1.70009	1.60.1.70245
CreatureType:7	1.60.1.70009	1.60.1.70245
CreatureType:8	1.60.1.70009	1.60.1.70245
CreatureType:9	1.60.1.70009	1.60.1.70245
CriteriaText:121217	1.60.1.70170	1.60.1.70245
CriteriaText:121218	1.60.1.70170	1.60.1.70245
CriteriaText:121219	1.60.1.70170	1.60.1.70245
CriteriaText:121220	1.60.1.70170	1.60.1.70245
CriteriaText:121221	1.60.1.70170	1.60.1.70245
CriteriaText:121222	1.60.1.70170	1.60.1.70245
CriteriaText:121223	1.60.1.70170	1.60.1.70245
CriteriaText:121224	1.60.1.70170	1.60.1.70245
CriteriaText:121225	1.60.1.70170	1.60.1.70245
CriteriaText:121226	1.60.1.70170	1.60.1.70245
CriteriaText:121227	1.60.1.70170	1.60.1.70245
CriteriaText:121228	1.60.1.70170	1.60.1.70245
CriteriaText:121229	1.60.1.70170	1.60.1.70245
CriteriaText:121230	1.60.1.70170	1.60.1.70245
CriteriaText:121231	1.60.1.70170	1.60.1.70245
CriteriaText:121232	1.60.1.70170	1.60.1.70245
CriteriaText:121233	1.60.1.70170	1.60.1.70245
CriteriaText:121289	1.60.1.70170	1.60.1.70245
CriteriaText:121331	1.60.1.70170	1.60.1.70245
CriteriaText:121348	1.60.1.70170	1.60.1.70245
CriteriaText:121473	1.60.1.70170	1.60.1.70245
CriteriaText:121743	1.60.1.70170	1.60.1.70245
CriteriaText:121745	1.60.1.70170	1.60.1.70245
CriteriaText:121748	1.60.1.70170	1.60.1.70245
CriteriaText:121756	1.60.1.70170	1.60.1.70245
CriteriaText:121757	1.60.1.70170	1.60.1.70245
CriteriaText:121761	1.60.1.70170	1.60.1.70245
CriteriaText:121762	1.60.1.70170	1.60.1.70245
CriteriaText:121764	1.60.1.70170	1.60.1.70245
CriteriaText:121781	1.60.1.70170	1.60.1.70245
CriteriaText:121784	1.60.1.70170	1.60.1.70245
CriteriaText:121801	1.60.1.70170	1.60.1.70245
CriteriaText:121802	1.60.1.70170	1.60.1.70245
CriteriaText:121803	1.60.1.70170	1.60.1.70245
CriteriaText:121888	1.60.1.70170	1.60.1.70245
CriteriaText:121906	1.60.1.70170	1.60.1.70245
CriteriaText:121933	1.60.1.70170	1.60.1.70245
CriteriaText:121937	1.60.1.70170	1.60.1.70245
CriteriaText:121940	1.60.1.70170	1.60.1.70245
CriteriaText:121977	1.60.1.70170	1.60.1.70245
CriteriaText:121982	1.60.1.70170	1.60.1.70245
CriteriaText:122014	1.60.1.70170	1.60.1.70245
CriteriaText:122020	1.60.1.70170	1.60.1.70245
CriteriaText:122026	1.60.1.70170	1.60.1.70245
CriteriaText:122037	1.60.1.70170	1.60.1.70245
CriteriaText:122038	1.60.1.70170	1.60.1.70245
CriteriaText:122041	1.60.1.70170	1.60.1.70245
CriteriaText:122048	1.60.1.70170	1.60.1.70245
CriteriaText:122057	1.60.1.70170	1.60.1.70245
CriteriaText:122060	1.60.1.70170	1.60.1.70245
CriteriaText:122061	1.60.1.70170	1.60.1.70245
CriteriaText:122077	1.60.1.70170	1.60.1.70245
CriteriaText:122085	1.60.1.70170	1.60.1.70245
CriteriaText:122086	1.60.1.70170	1.60.1.70245
CriteriaText:122092	1.60.1.70170	1.60.1.70245
CriteriaText:122095	1.60.1.70170	1.60.1.70245
CriteriaText:122103	1.60.1.70170	1.60.1.70245
CriteriaText:122109	1.60.1.70170	1.60.1.70245
CriteriaText:122112	1.60.1.70170	1.60.1.70245
CriteriaText:122113	1.60.1.70170	1.60.1.70245
CriteriaText:122184	1.60.1.70170	1.60.1.70245
CriteriaText:122185	1.60.1.70170	1.60.1.70245
CriteriaText:122187	1.60.1.70170	1.60.1.70245
CriteriaText:122188	1.60.1.70170	1.60.1.70245
CriteriaText:122190	1.60.1.70170	1.60.1.70245
CriteriaText:122191	1.60.1.70170	1.60.1.70245
CriteriaText:122192	1.60.1.70170	1.60.1.70245
CriteriaText:122193	1.60.1.70170	1.60.1.70245
CriteriaText:122194	1.60.1.70170	1.60.1.70245
CriteriaText:122195	1.60.1.70170	1.60.1.70245
CriteriaText:122212	1.60.1.70170	1.60.1.70245
CriteriaText:122233	1.60.1.70170	1.60.1.70245
CriteriaText:122235	1.60.1.70170	1.60.1.70245
CriteriaText:122251	1.60.1.70170	1.60.1.70245
CriteriaText:122252	1.60.1.70170	1.60.1.70245
CriteriaText:122290	1.60.1.70170	1.60.1.70245
CriteriaText:122297	1.60.1.70170	1.60.1.70245
CriteriaText:122298	1.60.1.70170	1.60.1.70245
CriteriaText:122322	1.60.1.70170	1.60.1.70245
CriteriaText:122337	1.60.1.70170	1.60.1.70245
CriteriaText:122348	1.60.1.70170	1.60.1.70245
CriteriaText:122361	1.60.1.70170	1.60.1.70245
CriteriaText:122370	1.60.1.70170	1.60.1.70245
CriteriaText:122400	1.60.1.70170	1.60.1.70245
CriteriaText:122415	1.60.1.70170	1.60.1.70245
CriteriaText:122443	1.60.1.70170	1.60.1.70245
CriteriaText:122445	1.60.1.70170	1.60.1.70245
CriteriaText:122446	1.60.1.70170	1.60.1.70245
CriteriaText:122448	1.60.1.70170	1.60.1.70245
CriteriaText:122449	1.60.1.70170	1.60.1.70245
CriteriaText:122452	1.60.1.70170	1.60.1.70245
CriteriaText:122467	1.60.1.70170	1.60.1.70245
CriteriaText:122471	1.60.1.70170	1.60.1.70245
CriteriaText:122478	1.60.1.70170	1.60.1.70245
CriteriaText:122479	1.60.1.70170	1.60.1.70245
CriteriaText:122482	1.60.1.70170	1.60.1.70245
CriteriaText:122487	1.60.1.70170	1.60.1.70245
CriteriaText:122491	1.60.1.70170	1.60.1.70245
CriteriaText:122492	1.60.1.70170	1.60.1.70245
CriteriaText:122501	1.60.1.70170	1.60.1.70245
CriteriaText:122504	1.60.1.70170	1.60.1.70245
CriteriaText:122513	1.60.1.70170	1.60.1.70245
CriteriaText:122517	1.60.1.70170	1.60.1.70245
CriteriaText:122519	1.60.1.70170	1.60.1.70245
CriteriaText:122520	1.60.1.70170	1.60.1.70245
CriteriaText:122524	1.60.1.70170	1.60.1.70245
CriteriaText:122526	1.60.1.70170	1.60.1.70245
CriteriaText:122529	1.60.1.70170	1.60.1.70245
CriteriaText:122535	1.60.1.70170	1.60.1.70245
CriteriaText:122538	1.60.1.70170	1.60.1.70245
CriteriaText:122540	1.60.1.70170	1.60.1.70245
CriteriaText:122541	1.60.1.70170	1.60.1.70245
CriteriaText:122543	1.60.1.70170	1.60.1.70245
CriteriaText:122547	1.60.1.70170	1.60.1.70245
CriteriaText:122550	1.60.1.70170	1.60.1.70245
CriteriaText:122557	1.60.1.70170	1.60.1.70245
CriteriaText:122562	1.60.1.70170	1.60.1.70245
CriteriaText:122566	1.60.1.70170	1.60.1.70245
CriteriaText:122580	1.60.1.70170	1.60.1.70245
CriteriaText:122582	1.60.1.70170	1.60.1.70245
CriteriaText:122583	1.60.1.70170	1.60.1.70245
CriteriaText:122585	1.60.1.70170	1.60.1.70245
CriteriaText:122599	1.60.1.70170	1.60.1.70245
CriteriaText:122602	1.60.1.70170	1.60.1.70245
CriteriaText:122604	1.60.1.70170	1.60.1.70245
CriteriaText:122605	1.60.1.70170	1.60.1.70245
CriteriaText:122612	1.60.1.70170	1.60.1.70245
CriteriaText:122618	1.60.1.70170	1.60.1.70245
CriteriaText:122619	1.60.1.70170	1.60.1.70245
CriteriaText:122621	1.60.1.70170	1.60.1.70245
CriteriaText:122625	1.60.1.70170	1.60.1.70245
CriteriaText:122627	1.60.1.70170	1.60.1.70245
CriteriaText:122640	1.60.1.70170	1.60.1.70245
CriteriaText:122641	1.60.1.70170	1.60.1.70245
CriteriaText:122645	1.60.1.70170	1.60.1.70245
CriteriaText:122647	1.60.1.70170	1.60.1.70245
CriteriaText:122656	1.60.1.70170	1.60.1.70245
CriteriaText:122657	1.60.1.70170	1.60.1.70245
CriteriaText:122665	1.60.1.70170	1.60.1.70245
CriteriaText:122666	1.60.1.70170	1.60.1.70245
CriteriaText:122679	1.60.1.70170	1.60.1.70245
CriteriaText:122682	1.60.1.70170	1.60.1.70245
CriteriaText:122691	1.60.1.70170	1.60.1.70245
CriteriaText:122692	1.60.1.70170	1.60.1.70245
CriteriaText:122694	1.60.1.70170	1.60.1.70245
CriteriaText:122695	1.60.1.70170	1.60.1.70245
CriteriaText:122705	1.60.1.70170	1.60.1.70245
CriteriaText:122706	1.60.1.70170	1.60.1.70245
CriteriaText:122708	1.60.1.70170	1.60.1.70245
CriteriaText:122718	1.60.1.70170	1.60.1.70245
CriteriaText:122719	1.60.1.70170	1.60.1.70245
CriteriaText:122733	1.60.1.70170	1.60.1.70245
CriteriaText:122736	1.60.1.70170	1.60.1.70245
CriteriaText:122740	1.60.1.70170	1.60.1.70245
CriteriaText:122743	1.60.1.70170	1.60.1.70245
CriteriaText:122745	1.60.1.70170	1.60.1.70245
CriteriaText:122746	1.60.1.70170	1.60.1.70245
CriteriaText:122750	1.60.1.70170	1.60.1.70245
CriteriaText:122756	1.60.1.70170	1.60.1.70245
CriteriaText:122759	1.60.1.70170	1.60.1.70245
CriteriaText:122767	1.60.1.70170	1.60.1.70245
CriteriaText:122771	1.60.1.70170	1.60.1.70245
CriteriaText:122773	1.60.1.70170	1.60.1.70245
CriteriaText:122779	1.60.1.70170	1.60.1.70245
CriteriaText:122780	1.60.1.70170	1.60.1.70245
CriteriaText:122783	1.60.1.70170	1.60.1.70245
CriteriaText:122786	1.60.1.70170	1.60.1.70245
CriteriaText:122787	1.60.1.70170	1.60.1.70245
CriteriaText:122789	1.60.1.70170	1.60.1.70245
CriteriaText:122792	1.60.1.70170	1.60.1.70245
CriteriaText:122795	1.60.1.70170	1.60.1.70245
CriteriaText:122798	1.60.1.70170	1.60.1.70245
CriteriaText:122799	1.60.1.70170	1.60.1.70245
CriteriaText:122802	1.60.1.70170	1.60.1.70245
CriteriaText:122803	1.60.1.70170	1.60.1.70245
CriteriaText:122805	1.60.1.70170	1.60.1.70245
CriteriaText:122806	1.60.1.70170	1.60.1.70245
CriteriaText:122807	1.60.1.70170	1.60.1.70245
CriteriaText:122813	1.60.1.70170	1.60.1.70245
CriteriaText:122815	1.60.1.70170	1.60.1.70245
CriteriaText:122821	1.60.1.70170	1.60.1.70245
CriteriaText:122822	1.60.1.70170	1.60.1.70245
CriteriaText:122824	1.60.1.70170	1.60.1.70245
CriteriaText:122825	1.60.1.70170	1.60.1.70245
CriteriaText:122830	1.60.1.70170	1.60.1.70245
CriteriaText:122832	1.60.1.70170	1.60.1.70245
CriteriaText:122835	1.60.1.70170	1.60.1.70245
CriteriaText:122836	1.60.1.70170	1.60.1.70245
CriteriaText:122839	1.60.1.70170	1.60.1.70245
CriteriaText:122841	1.60.1.70170	1.60.1.70245
CriteriaText:122843	1.60.1.70170	1.60.1.70245
CriteriaText:122844	1.60.1.70170	1.60.1.70245
CriteriaText:122845	1.60.1.70170	1.60.1.70245
CriteriaText:122846	1.60.1.70170	1.60.1.70245
CriteriaText:122847	1.60.1.70170	1.60.1.70245
CriteriaText:122860	1.60.1.70170	1.60.1.70245
CriteriaText:122861	1.60.1.70170	1.60.1.70245
CriteriaText:122863	1.60.1.70170	1.60.1.70245
CriteriaText:122864	1.60.1.70170	1.60.1.70245
CriteriaText:122865	1.60.1.70170	1.60.1.70245
CriteriaText:122873	1.60.1.70170	1.60.1.70245
CriteriaText:122894	1.60.1.70170	1.60.1.70245
CriteriaText:122895	1.60.1.70170	1.60.1.70245
CriteriaText:122896	1.60.1.70170	1.60.1.70245
CriteriaText:122897	1.60.1.70170	1.60.1.70245
CriteriaText:122898	1.60.1.70170	1.60.1.70245
CriteriaText:122899	1.60.1.70170	1.60.1.70245
CriteriaText:122900	1.60.1.70170	1.60.1.70245
CriteriaText:122901	1.60.1.70170	1.60.1.70245
CriteriaText:122902	1.60.1.70170	1.60.1.70245
CriteriaText:122903	1.60.1.70170	1.60.1.70245
CriteriaText:122904	1.60.1.70170	1.60.1.70245
CriteriaText:122905	1.60.1.70170	1.60.1.70245
CriteriaText:122906	1.60.1.70170	1.60.1.70245
CriteriaText:122908	1.60.1.70170	1.60.1.70245
CriteriaText:122979	1.60.1.70170	1.60.1.70245
CriteriaText:122981	1.60.1.70170	1.60.1.70245
CriteriaText:122983	1.60.1.70170	1.60.1.70245
CriteriaText:123019	1.60.1.70170	1.60.1.70245
CriteriaText:123036	1.60.1.70170	1.60.1.70245
CriteriaText:123038	1.60.1.70170	1.60.1.70245
CriteriaText:123076	1.60.1.70170	1.60.1.70245
CriteriaText:123080	1.60.1.70170	1.60.1.70245
CriteriaText:123082	1.60.1.70170	1.60.1.70245
CriteriaText:123086	1.60.1.70170	1.60.1.70245
CriteriaText:123088	1.60.1.70170	1.60.1.70245
CriteriaText:123089	1.60.1.70170	1.60.1.70245
CriteriaText:123090	1.60.1.70170	1.60.1.70245
CriteriaText:123091	1.60.1.70170	1.60.1.70245
CriteriaText:123092	1.60.1.70170	1.60.1.70245
CriteriaText:123116	1.60.1.70170	1.60.1.70245
CriteriaText:123118	1.60.1.70170	1.60.1.70245
CriteriaText:123260	1.60.1.70170	1.60.1.70245
CriteriaText:123276	1.60.1.70170	1.60.1.70245
CriteriaText:123280	1.60.1.70170	1.60.1.70245
CriteriaText:123282	1.60.1.70170	1.60.1.70245
CriteriaText:123284	1.60.1.70170	1.60.1.70245
CriteriaText:123334	1.60.1.70170	1.60.1.70245
CriteriaText:123459	1.60.1.70170	1.60.1.70245
CriteriaText:123469	1.60.1.70170	1.60.1.70245
CriteriaText:123502	1.60.1.70170	1.60.1.70245
CriteriaText:123504	1.60.1.70170	1.60.1.70245
CriteriaText:123506	1.60.1.70170	1.60.1.70245
CriteriaText:123660	1.60.1.70170	1.60.1.70245
CriteriaText:123661	1.60.1.70170	1.60.1.70245
CriteriaText:123663	1.60.1.70170	1.60.1.70245
CriteriaText:123665	1.60.1.70170	1.60.1.70245
CriteriaText:123666	1.60.1.70170	1.60.1.70245
CriteriaText:123667	1.60.1.70170	1.60.1.70245
CriteriaText:123674	1.60.1.70170	1.60.1.70245
CriteriaText:123676	1.60.1.70170	1.60.1.70245
CriteriaText:123709	1.60.1.70170	1.60.1.70245
CriteriaText:123763	1.60.1.70170	1.60.1.70245
CriteriaText:123804	1.60.1.70170	1.60.1.70245
CriteriaText:123806	1.60.1.70170	1.60.1.70245
CriteriaText:123809	1.60.1.70170	1.60.1.70245
CriteriaText:123811	1.60.1.70170	1.60.1.70245
CriteriaText:123812	1.60.1.70170	1.60.1.70245
CriteriaText:123813	1.60.1.70170	1.60.1.70245
CriteriaText:123814	1.60.1.70170	1.60.1.70245
CriteriaText:123815	1.60.1.70170	1.60.1.70245
CriteriaText:123816	1.60.1.70170	1.60.1.70245
CriteriaText:123817	1.60.1.70170	1.60.1.70245
CriteriaText:123818	1.60.1.70170	1.60.1.70245
CriteriaText:123820	1.60.1.70170	1.60.1.70245
CriteriaText:123821	1.60.1.70170	1.60.1.70245
CriteriaText:123822	1.60.1.70170	1.60.1.70245
CriteriaText:123823	1.60.1.70170	1.60.1.70245
CriteriaText:123825	1.60.1.70170	1.60.1.70245
CriteriaText:123826	1.60.1.70170	1.60.1.70245
CriteriaText:123827	1.60.1.70170	1.60.1.70245
CriteriaText:123828	1.60.1.70170	1.60.1.70245
CriteriaText:123829	1.60.1.70170	1.60.1.70245
CriteriaText:123830	1.60.1.70170	1.60.1.70245
CriteriaText:123831	1.60.1.70170	1.60.1.70245
CriteriaText:123833	1.60.1.70170	1.60.1.70245
CriteriaText:123836	1.60.1.70170	1.60.1.70245
CriteriaText:123837	1.60.1.70170	1.60.1.70245
CriteriaText:123838	1.60.1.70170	1.60.1.70245
CriteriaText:123839	1.60.1.70170	1.60.1.70245
CriteriaText:123840	1.60.1.70170	1.60.1.70245
CriteriaText:123841	1.60.1.70170	1.60.1.70245
CriteriaText:123842	1.60.1.70170	1.60.1.70245
CriteriaText:123843	1.60.1.70170	1.60.1.70245
CriteriaText:123844	1.60.1.70170	1.60.1.70245
CriteriaText:123846	1.60.1.70170	1.60.1.70245
CriteriaText:123923	1.60.1.70170	1.60.1.70245
CriteriaText:123925	1.60.1.70170	1.60.1.70245
CriteriaText:123926	1.60.1.70170	1.60.1.70245
CriteriaText:123927	1.60.1.70170	1.60.1.70245
CriteriaText:123928	1.60.1.70170	1.60.1.70245
CriteriaText:123929	1.60.1.70170	1.60.1.70245
CriteriaText:123934	1.60.1.70170	1.60.1.70245
CriteriaText:123935	1.60.1.70170	1.60.1.70245
CriteriaText:123936	1.60.1.70170	1.60.1.70245
CriteriaText:123937	1.60.1.70170	1.60.1.70245
CriteriaText:123939	1.60.1.70170	1.60.1.70245
CriteriaText:123974	1.60.1.70170	1.60.1.70245
CriteriaText:124049	1.60.1.70170	1.60.1.70245
CriteriaText:124050	1.60.1.70170	1.60.1.70245
CriteriaText:124051	1.60.1.70170	1.60.1.70245
CriteriaText:124052	1.60.1.70170	1.60.1.70245
CriteriaText:124096	1.60.1.70170	1.60.1.70245
CriteriaText:124098	1.60.1.70170	1.60.1.70245
CriteriaText:124134	1.60.1.70170	1.60.1.70245
CriteriaText:124193	1.60.1.70170	1.60.1.70245
CriteriaText:124200	1.60.1.70170	1.60.1.70245
CriteriaText:124201	1.60.1.70170	1.60.1.70245
CriteriaText:124225	1.60.1.70170	1.60.1.70245
CriteriaText:124227	1.60.1.70170	1.60.1.70245
CriteriaText:124229	1.60.1.70170	1.60.1.70245
CriteriaText:124249	1.60.1.70170	1.60.1.70245
CriteriaText:124251	1.60.1.70170	1.60.1.70245
CriteriaText:124253	1.60.1.70170	1.60.1.70245
CriteriaText:124270	1.60.1.70170	1.60.1.70245
CriteriaText:124366	1.60.1.70170	1.60.1.70245
CriteriaText:124408	1.60.1.70170	1.60.1.70245
CriteriaText:124414	1.60.1.70170	1.60.1.70245
CriteriaText:124434	1.60.1.70170	1.60.1.70245
CriteriaText:124436	1.60.1.70170	1.60.1.70245
CriteriaText:124571	1.60.1.70170	1.60.1.70245
CriteriaText:124572	1.60.1.70170	1.60.1.70245
CriteriaText:124573	1.60.1.70170	1.60.1.70245
CriteriaText:124575	1.60.1.70170	1.60.1.70245
CriteriaText:124576	1.60.1.70170	1.60.1.70245
CriteriaText:124578	1.60.1.70170	1.60.1.70245
CriteriaText:124751	1.60.1.70170	1.60.1.70245
CriteriaText:124756	1.60.1.70170	1.60.1.70245
CriteriaText:124852	1.60.1.70170	1.60.1.70245
CriteriaText:124913	1.60.1.70170	1.60.1.70245
CriteriaText:124999	1.60.1.70170	1.60.1.70245
CriteriaText:125009	1.60.1.70170	1.60.1.70245
CriteriaText:125010	1.60.1.70170	1.60.1.70245
CriteriaText:125191	1.60.1.70170	1.60.1.70245
CriteriaText:125577	1.60.1.70170	1.60.1.70245
CriteriaText:125584	1.60.1.70170	1.60.1.70245
CriteriaText:125714	1.60.1.70170	1.60.1.70245
CriteriaText:125731	1.60.1.70170	1.60.1.70245
CriteriaText:125811	1.60.1.70170	1.60.1.70245
CriteriaText:126281	1.60.1.70170	1.60.1.70245
CriteriaText:126283	1.60.1.70170	1.60.1.70245
CriteriaText:126345	1.60.1.70170	1.60.1.70245
CriteriaText:126346	1.60.1.70170	1.60.1.70245
CriteriaText:126347	1.60.1.70170	1.60.1.70245
CriteriaText:126348	1.60.1.70170	1.60.1.70245
CriteriaText:126349	1.60.1.70170	1.60.1.70245
CriteriaText:126350	1.60.1.70170	1.60.1.70245
CriteriaText:126351	1.60.1.70170	1.60.1.70245
CriteriaText:126358	1.60.1.70170	1.60.1.70245
CriteriaText:126360	1.60.1.70170	1.60.1.70245
CriteriaText:126787	1.60.1.70170	1.60.1.70245
CriteriaText:126861	1.60.1.70170	1.60.1.70245
CriteriaText:126951	1.60.1.70170	1.60.1.70245
CriteriaText:127086	1.60.1.70170	1.60.1.70245
CriteriaText:127329	1.60.1.70170	1.60.1.70245
CriteriaText:127440	1.60.1.70170	1.60.1.70245
CriteriaText:127442	1.60.1.70170	1.60.1.70245
CriteriaText:127452	1.60.1.70170	1.60.1.70245
CriteriaText:127613	1.60.1.70170	1.60.1.70245
CriteriaText:127907	1.60.1.70170	1.60.1.70245
CriteriaText:128069	1.60.1.70170	1.60.1.70245
CriteriaText:128078	1.60.1.70170	1.60.1.70245
CriteriaText:128170	1.60.1.70170	1.60.1.70245
CriteriaText:128171	1.60.1.70170	1.60.1.70245
CriteriaText:128172	1.60.1.70170	1.60.1.70245
CriteriaText:128173	1.60.1.70170	1.60.1.70245
CriteriaText:128174	1.60.1.70170	1.60.1.70245
CriteriaText:128175	1.60.1.70170	1.60.1.70245
CriteriaText:128176	1.60.1.70170	1.60.1.70245
CriteriaText:128177	1.60.1.70170	1.60.1.70245
CriteriaText:128178	1.60.1.70170	1.60.1.70245
CriteriaText:128179	1.60.1.70170	1.60.1.70245
CriteriaText:128180	1.60.1.70170	1.60.1.70245
CriteriaText:128181	1.60.1.70170	1.60.1.70245
CriteriaText:128182	1.60.1.70170	1.60.1.70245
CriteriaText:128183	1.60.1.70170	1.60.1.70245
CriteriaText:128184	1.60.1.70170	1.60.1.70245
CriteriaText:128185	1.60.1.70170	1.60.1.70245
CriteriaText:128194	1.60.1.70170	1.60.1.70245
CriteriaText:128195	1.60.1.70170	1.60.1.70245
CriteriaText:128196	1.60.1.70170	1.60.1.70245
CriteriaText:128198	1.60.1.70170	1.60.1.70245
CriteriaText:128217	1.60.1.70170	1.60.1.70245
CriteriaText:128256	1.60.1.70170	1.60.1.70245
CriteriaText:128496	1.60.1.70170	1.60.1.70245
CriteriaText:128506	1.60.1.70170	1.60.1.70245
CriteriaText:128509	1.60.1.70170	1.60.1.70245
CriteriaText:128585	1.60.1.70170	1.60.1.70245
CriteriaText:128750	1.60.1.70170	1.60.1.70245
CriteriaText:128754	1.60.1.70170	1.60.1.70245
CriteriaText:128755	1.60.1.70170	1.60.1.70245
CriteriaText:128788	1.60.1.70170	1.60.1.70245
CriteriaText:128931	1.60.1.70170	1.60.1.70245
CriteriaText:129052	1.60.1.70170	1.60.1.70245
CriteriaText:129062	1.60.1.70170	1.60.1.70245
CriteriaText:129366	1.60.1.70170	1.60.1.70245
CriteriaText:129443	1.60.1.70170	1.60.1.70245
CriteriaText:129455	1.60.1.70170	1.60.1.70245
CriteriaText:129855	1.60.1.70170	1.60.1.70245
CriteriaText:131456	1.60.1.70170	1.60.1.70245
CriteriaText:131938	1.60.1.70170	1.60.1.70245
CriteriaText:132088	1.60.1.70170	1.60.1.70245
CriteriaText:132092	1.60.1.70170	1.60.1.70245
CriteriaText:132275	1.60.1.70170	1.60.1.70245
CriteriaText:132293	1.60.1.70170	1.60.1.70245
CriteriaText:132821	1.60.1.70170	1.60.1.70245
CriteriaText:132856	1.60.1.70170	1.60.1.70245
CriteriaText:133360	1.60.1.70170	1.60.1.70245
CriteriaText:14324	1.60.1.70170	1.60.1.70245
CriteriaText:169195	1.60.1.70170	1.60.1.70245
CriteriaText:169197	1.60.1.70170	1.60.1.70245
CriteriaText:169201	1.60.1.70170	1.60.1.70245
CriteriaText:210009	1.60.1.70170	1.60.1.70245
CriteriaText:210320	1.60.1.70170	1.60.1.70245
CriteriaText:219255	1.60.1.70170	1.60.1.70245
CriteriaText:219278	1.60.1.70170	1.60.1.70245
CriteriaText:219280	1.60.1.70170	1.60.1.70245
CriteriaText:219282	1.60.1.70170	1.60.1.70245
CriteriaText:219284	1.60.1.70170	1.60.1.70245
CriteriaText:219286	1.60.1.70170	1.60.1.70245
CriteriaText:219337	1.60.1.70170	1.60.1.70245
CriteriaText:221439	1.60.1.70170	1.60.1.70245
CriteriaText:221463	1.60.1.70170	1.60.1.70245
CriteriaText:221465	1.60.1.70170	1.60.1.70245
CriteriaText:221467	1.60.1.70170	1.60.1.70245
CriteriaText:221469	1.60.1.70170	1.60.1.70245
CriteriaText:221471	1.60.1.70170	1.60.1.70245
CriteriaText:221473	1.60.1.70170	1.60.1.70245
CriteriaText:221475	1.60.1.70170	1.60.1.70245
CriteriaText:221477	1.60.1.70170	1.60.1.70245
CriteriaText:221479	1.60.1.70170	1.60.1.70245
CriteriaText:221481	1.60.1.70170	1.60.1.70245
CriteriaText:221483	1.60.1.70170	1.60.1.70245
CriteriaText:221485	1.60.1.70170	1.60.1.70245
CriteriaText:221487	1.60.1.70170	1.60.1.70245
CriteriaText:221489	1.60.1.70170	1.60.1.70245
CriteriaText:221491	1.60.1.70170	1.60.1.70245
CriteriaText:221493	1.60.1.70170	1.60.1.70245
CriteriaText:221495	1.60.1.70170	1.60.1.70245
CriteriaText:221497	1.60.1.70170	1.60.1.70245
CriteriaText:221499	1.60.1.70170	1.60.1.70245
CriteriaText:221501	1.60.1.70170	1.60.1.70245
CriteriaText:221503	1.60.1.70170	1.60.1.70245
CriteriaText:221504	1.60.1.70170	1.60.1.70245
CriteriaText:221505	1.60.1.70170	1.60.1.70245
CriteriaText:221506	1.60.1.70170	1.60.1.70245
CriteriaText:221507	1.60.1.70170	1.60.1.70245
CriteriaText:221508	1.60.1.70170	1.60.1.70245
CriteriaText:221509	1.60.1.70170	1.60.1.70245
CriteriaText:221510	1.60.1.70170	1.60.1.70245
CriteriaText:221511	1.60.1.70170	1.60.1.70245
CriteriaText:221512	1.60.1.70170	1.60.1.70245
CriteriaText:221513	1.60.1.70170	1.60.1.70245
CriteriaText:221514	1.60.1.70170	1.60.1.70245
CriteriaText:221515	1.60.1.70170	1.60.1.70245
CriteriaText:221516	1.60.1.70170	1.60.1.70245
CriteriaText:221517	1.60.1.70170	1.60.1.70245
CriteriaText:221518	1.60.1.70170	1.60.1.70245
CriteriaText:221519	1.60.1.70170	1.60.1.70245
CriteriaText:221520	1.60.1.70170	1.60.1.70245
CriteriaText:221521	1.60.1.70170	1.60.1.70245
CriteriaText:221522	1.60.1.70170	1.60.1.70245
CriteriaText:221523	1.60.1.70170	1.60.1.70245
CriteriaText:221524	1.60.1.70170	1.60.1.70245
CriteriaText:221525	1.60.1.70170	1.60.1.70245
CriteriaText:221526	1.60.1.70170	1.60.1.70245
CriteriaText:221527	1.60.1.70170	1.60.1.70245
CriteriaText:221528	1.60.1.70170	1.60.1.70245
CriteriaText:221529	1.60.1.70170	1.60.1.70245
CriteriaText:221530	1.60.1.70170	1.60.1.70245
CriteriaText:221531	1.60.1.70170	1.60.1.70245
CriteriaText:221532	1.60.1.70170	1.60.1.70245
CriteriaText:221533	1.60.1.70170	1.60.1.70245
CriteriaText:221534	1.60.1.70170	1.60.1.70245
CriteriaText:221535	1.60.1.70170	1.60.1.70245
CriteriaText:221536	1.60.1.70170	1.60.1.70245
CriteriaText:221537	1.60.1.70170	1.60.1.70245
CriteriaText:221538	1.60.1.70170	1.60.1.70245
CriteriaText:221563	1.60.1.70170	1.60.1.70245
CriteriaText:221565	1.60.1.70170	1.60.1.70245
CriteriaText:221566	1.60.1.70170	1.60.1.70245
CriteriaText:221567	1.60.1.70170	1.60.1.70245
CriteriaText:221568	1.60.1.70170	1.60.1.70245
CriteriaText:221569	1.60.1.70170	1.60.1.70245
CriteriaText:221570	1.60.1.70170	1.60.1.70245
CriteriaText:221571	1.60.1.70170	1.60.1.70245
CriteriaText:221572	1.60.1.70170	1.60.1.70245
CriteriaText:221573	1.60.1.70170	1.60.1.70245
CriteriaText:223429	1.60.1.70170	1.60.1.70245
CriteriaText:223453	1.60.1.70170	1.60.1.70245
CriteriaText:223475	1.60.1.70170	1.60.1.70245
CriteriaText:223519	1.60.1.70170	1.60.1.70245
CriteriaText:223520	1.60.1.70170	1.60.1.70245
CriteriaText:22423	1.60.1.70170	1.60.1.70245
CriteriaText:229457	1.60.1.70170	1.60.1.70245
CriteriaText:229460	1.60.1.70170	1.60.1.70245
CriteriaText:229462	1.60.1.70170	1.60.1.70245
CriteriaText:230736	1.60.1.70170	1.60.1.70245
CriteriaText:230737	1.60.1.70170	1.60.1.70245
CriteriaText:230738	1.60.1.70170	1.60.1.70245
CriteriaText:230741	1.60.1.70170	1.60.1.70245
CriteriaText:230743	1.60.1.70170	1.60.1.70245
CriteriaText:230745	1.60.1.70170	1.60.1.70245
CriteriaText:230747	1.60.1.70170	1.60.1.70245
CriteriaText:230759	1.60.1.70170	1.60.1.70245
CriteriaText:230766	1.60.1.70170	1.60.1.70245
CriteriaText:230767	1.60.1.70170	1.60.1.70245
CriteriaText:230774	1.60.1.70170	1.60.1.70245
CriteriaText:230775	1.60.1.70170	1.60.1.70245
CriteriaText:230776	1.60.1.70170	1.60.1.70245
CriteriaText:230777	1.60.1.70170	1.60.1.70245
CriteriaText:230779	1.60.1.70170	1.60.1.70245
CriteriaText:230790	1.60.1.70170	1.60.1.70245
CriteriaText:230791	1.60.1.70170	1.60.1.70245
CriteriaText:230792	1.60.1.70170	1.60.1.70245
CriteriaText:230793	1.60.1.70170	1.60.1.70245
CriteriaText:230794	1.60.1.70170	1.60.1.70245
CriteriaText:230797	1.60.1.70170	1.60.1.70245
CriteriaText:230799	1.60.1.70170	1.60.1.70245
CriteriaText:230800	1.60.1.70170	1.60.1.70245
CriteriaText:230801	1.60.1.70170	1.60.1.70245
CriteriaText:230802	1.60.1.70170	1.60.1.70245
CriteriaText:230803	1.60.1.70170	1.60.1.70245
CriteriaText:230804	1.60.1.70170	1.60.1.70245
CriteriaText:230805	1.60.1.70170	1.60.1.70245
CriteriaText:230806	1.60.1.70170	1.60.1.70245
CriteriaText:230807	1.60.1.70170	1.60.1.70245
CriteriaText:230811	1.60.1.70170	1.60.1.70245
CriteriaText:230812	1.60.1.70170	1.60.1.70245
CriteriaText:230813	1.60.1.70170	1.60.1.70245
CriteriaText:230814	1.60.1.70170	1.60.1.70245
CriteriaText:230815	1.60.1.70170	1.60.1.70245
CriteriaText:230816	1.60.1.70170	1.60.1.70245
CriteriaText:230817	1.60.1.70170	1.60.1.70245
CriteriaText:230818	1.60.1.70170	1.60.1.70245
CriteriaText:230819	1.60.1.70170	1.60.1.70245
CriteriaText:230820	1.60.1.70170	1.60.1.70245
CriteriaText:230821	1.60.1.70170	1.60.1.70245
CriteriaText:230822	1.60.1.70170	1.60.1.70245
CriteriaText:230823	1.60.1.70170	1.60.1.70245
CriteriaText:230824	1.60.1.70170	1.60.1.70245
CriteriaText:230971	1.60.1.70170	1.60.1.70245
CriteriaText:230973	1.60.1.70170	1.60.1.70245
CriteriaText:230975	1.60.1.70170	1.60.1.70245
CriteriaText:230977	1.60.1.70170	1.60.1.70245
CriteriaText:230979	1.60.1.70170	1.60.1.70245
CriteriaText:230980	1.60.1.70170	1.60.1.70245
CriteriaText:230981	1.60.1.70170	1.60.1.70245
CriteriaText:230982	1.60.1.70170	1.60.1.70245
CriteriaText:230991	1.60.1.70170	1.60.1.70245
CriteriaText:230993	1.60.1.70170	1.60.1.70245
CriteriaText:231009	1.60.1.70170	1.60.1.70245
CriteriaText:231011	1.60.1.70170	1.60.1.70245
CriteriaText:231015	1.60.1.70170	1.60.1.70245
CriteriaText:231017	1.60.1.70170	1.60.1.70245
CriteriaText:232142	1.60.1.70170	1.60.1.70245
CriteriaText:234128	1.60.1.70170	1.60.1.70245
CriteriaText:234409	1.60.1.70170	1.60.1.70245
CriteriaText:234411	1.60.1.70170	1.60.1.70245
CriteriaText:234413	1.60.1.70170	1.60.1.70245
CriteriaText:234415	1.60.1.70170	1.60.1.70245
CriteriaText:234417	1.60.1.70170	1.60.1.70245
CriteriaText:234567	1.60.1.70170	1.60.1.70245
CriteriaText:235075	1.60.1.70170	1.60.1.70245
CriteriaText:235076	1.60.1.70170	1.60.1.70245
CriteriaText:235079	1.60.1.70170	1.60.1.70245
CriteriaText:235082	1.60.1.70170	1.60.1.70245
CriteriaText:235084	1.60.1.70170	1.60.1.70245
CriteriaText:235086	1.60.1.70170	1.60.1.70245
CriteriaText:235088	1.60.1.70170	1.60.1.70245
CriteriaText:235097	1.60.1.70170	1.60.1.70245
CriteriaText:235099	1.60.1.70170	1.60.1.70245
CriteriaText:276	1.60.1.70170	1.60.1.70245
CriteriaText:3820	1.60.1.70170	1.60.1.70245
CriteriaText:6549	1.60.1.70170	1.60.1.70245
CriteriaText:91546	1.60.1.70170	1.60.1.70245
CriteriaText:91548	1.60.1.70170	1.60.1.70245
CriteriaText:91550	1.60.1.70170	1.60.1.70245
CriteriaText:91552	1.60.1.70170	1.60.1.70245
CriteriaText:91554	1.60.1.70170	1.60.1.70245
CriteriaText:94296	1.60.1.70170	1.60.1.70245
CriteriaText:94307	1.60.1.70170	1.60.1.70245
CriteriaText:95385	1.60.1.70170	1.60.1.70245
CriteriaText:95610	1.60.1.70170	1.60.1.70245
CriteriaText:9942	1.60.1.70170	1.60.1.70245
CurrencyCategory:1	1.60.1.70009	1.60.1.70245
CurrencyCategory:2	1.60.1.70009	1.60.1.70245
CurrencyCategory:22	1.60.1.70009	1.60.1.70245
CurrencyCategory:273	1.60.1.70009	1.60.1.70245
CurrencyDescription:1792	1.60.1.70009	1.60.1.70245
CurrencyDescription:3402	1.60.1.70009	1.60.1.70245
CurrencyDescription:3468	1.60.1.70009	1.60.1.70245
CurrencyDescription:3469	1.60.1.70009	1.60.1.70245
CurrencyDescription:515	1.60.1.70009	1.60.1.70245
CustomizationCategory:1	1.60.1.70009	1.60.1.70245
CustomizationCategory:13	1.60.1.70009	1.60.1.70245
CustomizationCategory:14	1.60.1.70009	1.60.1.70245
CustomizationCategory:15	1.60.1.70009	1.60.1.70245
CustomizationCategory:16	1.60.1.70009	1.60.1.70245
CustomizationCategory:17	1.60.1.70009	1.60.1.70245
CustomizationCategory:18	1.60.1.70009	1.60.1.70245
CustomizationCategory:19	1.60.1.70009	1.60.1.70245
CustomizationCategory:2	1.60.1.70009	1.60.1.70245
CustomizationCategory:20	1.60.1.70009	1.60.1.70245
CustomizationCategory:23	1.60.1.70009	1.60.1.70245
CustomizationCategory:25	1.60.1.70009	1.60.1.70245
CustomizationCategory:3	1.60.1.70009	1.60.1.70245
CustomizationCategory:34	1.60.1.70009	1.60.1.70245
CustomizationCategory:4	1.60.1.70009	1.60.1.70245
CustomizationCategory:5	1.60.1.70009	1.60.1.70245
CustomizationCategory:50	1.60.1.70009	1.60.1.70245
CustomizationCategory:74	1.60.1.70009	1.60.1.70245
CustomizationCategory:75	1.60.1.70009	1.60.1.70245
CustomizationChoice:10051	1.60.1.70009	1.60.1.70245
CustomizationChoice:10052	1.60.1.70009	1.60.1.70245
CustomizationChoice:10053	1.60.1.70009	1.60.1.70245
CustomizationChoice:10054	1.60.1.70009	1.60.1.70245
CustomizationChoice:10055	1.60.1.70009	1.60.1.70245
CustomizationChoice:10056	1.60.1.70009	1.60.1.70245
CustomizationChoice:10057	1.60.1.70009	1.60.1.70245
CustomizationChoice:10058	1.60.1.70009	1.60.1.70245
CustomizationChoice:10059	1.60.1.70009	1.60.1.70245
CustomizationChoice:10060	1.60.1.70009	1.60.1.70245
CustomizationChoice:10061	1.60.1.70009	1.60.1.70245
CustomizationChoice:10062	1.60.1.70009	1.60.1.70245
CustomizationChoice:10063	1.60.1.70009	1.60.1.70245
CustomizationChoice:10064	1.60.1.70009	1.60.1.70245
CustomizationChoice:10065	1.60.1.70009	1.60.1.70245
CustomizationChoice:10066	1.60.1.70009	1.60.1.70245
CustomizationChoice:10067	1.60.1.70009	1.60.1.70245
CustomizationChoice:10068	1.60.1.70009	1.60.1.70245
CustomizationChoice:10069	1.60.1.70009	1.60.1.70245
CustomizationChoice:10070	1.60.1.70009	1.60.1.70245
CustomizationChoice:10071	1.60.1.70009	1.60.1.70245
CustomizationChoice:10072	1.60.1.70009	1.60.1.70245
CustomizationChoice:10073	1.60.1.70009	1.60.1.70245
CustomizationChoice:10074	1.60.1.70009	1.60.1.70245
CustomizationChoice:10075	1.60.1.70009	1.60.1.70245
CustomizationChoice:10076	1.60.1.70009	1.60.1.70245
CustomizationChoice:10077	1.60.1.70009	1.60.1.70245
CustomizationChoice:10078	1.60.1.70009	1.60.1.70245
CustomizationChoice:10079	1.60.1.70009	1.60.1.70245
CustomizationChoice:10080	1.60.1.70009	1.60.1.70245
CustomizationChoice:10081	1.60.1.70009	1.60.1.70245
CustomizationChoice:10082	1.60.1.70009	1.60.1.70245
CustomizationChoice:10083	1.60.1.70009	1.60.1.70245
CustomizationChoice:10084	1.60.1.70009	1.60.1.70245
CustomizationChoice:10085	1.60.1.70009	1.60.1.70245
CustomizationChoice:10086	1.60.1.70009	1.60.1.70245
CustomizationChoice:10087	1.60.1.70009	1.60.1.70245
CustomizationChoice:10088	1.60.1.70009	1.60.1.70245
CustomizationChoice:10089	1.60.1.70009	1.60.1.70245
CustomizationChoice:10090	1.60.1.70009	1.60.1.70245
CustomizationChoice:10091	1.60.1.70009	1.60.1.70245
CustomizationChoice:10092	1.60.1.70009	1.60.1.70245
CustomizationChoice:10093	1.60.1.70009	1.60.1.70245
CustomizationChoice:10094	1.60.1.70009	1.60.1.70245
CustomizationChoice:1016	1.60.1.70009	1.60.1.70245
CustomizationChoice:1024	1.60.1.70009	1.60.1.70245
CustomizationChoice:1025	1.60.1.70009	1.60.1.70245
CustomizationChoice:1038	1.60.1.70009	1.60.1.70245
CustomizationChoice:1084	1.60.1.70009	1.60.1.70245
CustomizationChoice:1085	1.60.1.70009	1.60.1.70245
CustomizationChoice:1086	1.60.1.70009	1.60.1.70245
CustomizationChoice:1087	1.60.1.70009	1.60.1.70245
CustomizationChoice:1088	1.60.1.70009	1.60.1.70245
CustomizationChoice:1089	1.60.1.70009	1.60.1.70245
CustomizationChoice:1090	1.60.1.70009	1.60.1.70245
CustomizationChoice:1091	1.60.1.70009	1.60.1.70245
CustomizationChoice:1092	1.60.1.70009	1.60.1.70245
CustomizationChoice:1094	1.60.1.70009	1.60.1.70245
CustomizationChoice:1095	1.60.1.70009	1.60.1.70245
CustomizationChoice:1096	1.60.1.70009	1.60.1.70245
CustomizationChoice:1107	1.60.1.70009	1.60.1.70245
CustomizationChoice:1109	1.60.1.70009	1.60.1.70245
CustomizationChoice:1111	1.60.1.70009	1.60.1.70245
CustomizationChoice:1112	1.60.1.70009	1.60.1.70245
CustomizationChoice:1143	1.60.1.70009	1.60.1.70245
CustomizationChoice:1144	1.60.1.70009	1.60.1.70245
CustomizationChoice:1146	1.60.1.70009	1.60.1.70245
CustomizationChoice:1147	1.60.1.70009	1.60.1.70245
CustomizationChoice:1148	1.60.1.70009	1.60.1.70245
CustomizationChoice:1152	1.60.1.70009	1.60.1.70245
CustomizationChoice:1153	1.60.1.70009	1.60.1.70245
CustomizationChoice:1154	1.60.1.70009	1.60.1.70245
CustomizationChoice:1156	1.60.1.70009	1.60.1.70245
CustomizationChoice:1157	1.60.1.70009	1.60.1.70245
CustomizationChoice:1169	1.60.1.70009	1.60.1.70245
CustomizationChoice:1170	1.60.1.70009	1.60.1.70245
CustomizationChoice:1171	1.60.1.70009	1.60.1.70245
CustomizationChoice:1172	1.60.1.70009	1.60.1.70245
CustomizationChoice:1202	1.60.1.70009	1.60.1.70245
CustomizationChoice:1204	1.60.1.70009	1.60.1.70245
CustomizationChoice:1211	1.60.1.70009	1.60.1.70245
CustomizationChoice:1212	1.60.1.70009	1.60.1.70009
CustomizationChoice:1213	1.60.1.70009	1.60.1.70245
CustomizationChoice:1260	1.60.1.70009	1.60.1.70245
CustomizationChoice:1268	1.60.1.70009	1.60.1.70245
CustomizationChoice:1273	1.60.1.70009	1.60.1.70245
CustomizationChoice:1289	1.60.1.70009	1.60.1.70245
CustomizationChoice:1290	1.60.1.70009	1.60.1.70245
CustomizationChoice:1291	1.60.1.70009	1.60.1.70245
CustomizationChoice:1292	1.60.1.70009	1.60.1.70245
CustomizationChoice:1293	1.60.1.70009	1.60.1.70245
CustomizationChoice:1294	1.60.1.70009	1.60.1.70245
CustomizationChoice:1295	1.60.1.70009	1.60.1.70245
CustomizationChoice:132	1.60.1.70009	1.60.1.70245
CustomizationChoice:1332	1.60.1.70009	1.60.1.70245
CustomizationChoice:1333	1.60.1.70009	1.60.1.70245
CustomizationChoice:1335	1.60.1.70009	1.60.1.70245
CustomizationChoice:1336	1.60.1.70009	1.60.1.70245
CustomizationChoice:1337	1.60.1.70009	1.60.1.70245
CustomizationChoice:134	1.60.1.70009	1.60.1.70245
CustomizationChoice:135	1.60.1.70009	1.60.1.70245
CustomizationChoice:1352	1.60.1.70009	1.60.1.70245
CustomizationChoice:1354	1.60.1.70009	1.60.1.70245
CustomizationChoice:1356	1.60.1.70009	1.60.1.70245
CustomizationChoice:136	1.60.1.70009	1.60.1.70245
CustomizationChoice:137	1.60.1.70009	1.60.1.70245
CustomizationChoice:138	1.60.1.70009	1.60.1.70245
CustomizationChoice:139	1.60.1.70009	1.60.1.70245
CustomizationChoice:1396	1.60.1.70009	1.60.1.70245
CustomizationChoice:1398	1.60.1.70009	1.60.1.70245
CustomizationChoice:1399	1.60.1.70009	1.60.1.70245
CustomizationChoice:140	1.60.1.70009	1.60.1.70245
CustomizationChoice:1400	1.60.1.70009	1.60.1.70245
CustomizationChoice:1402	1.60.1.70009	1.60.1.70009
CustomizationChoice:1404	1.60.1.70009	1.60.1.70245
CustomizationChoice:1405	1.60.1.70009	1.60.1.70245
CustomizationChoice:141	1.60.1.70009	1.60.1.70245
CustomizationChoice:142	1.60.1.70009	1.60.1.70245
CustomizationChoice:1420	1.60.1.70009	1.60.1.70245
CustomizationChoice:1425	1.60.1.70009	1.60.1.70245
CustomizationChoice:143	1.60.1.70009	1.60.1.70245
CustomizationChoice:144	1.60.1.70009	1.60.1.70245
CustomizationChoice:145	1.60.1.70009	1.60.1.70245
CustomizationChoice:146	1.60.1.70009	1.60.1.70245
CustomizationChoice:147	1.60.1.70009	1.60.1.70245
CustomizationChoice:14779	1.60.1.70009	1.60.1.70245
CustomizationChoice:148	1.60.1.70009	1.60.1.70245
CustomizationChoice:14827	1.60.1.70009	1.60.1.70245
CustomizationChoice:14875	1.60.1.70009	1.60.1.70245
CustomizationChoice:1488	1.60.1.70009	1.60.1.70245
CustomizationChoice:1489	1.60.1.70009	1.60.1.70245
CustomizationChoice:149	1.60.1.70009	1.60.1.70245
CustomizationChoice:1490	1.60.1.70009	1.60.1.70245
CustomizationChoice:1491	1.60.1.70009	1.60.1.70245
CustomizationChoice:1492	1.60.1.70009	1.60.1.70245
CustomizationChoice:1494	1.60.1.70009	1.60.1.70245
CustomizationChoice:1496	1.60.1.70009	1.60.1.70245
CustomizationChoice:1497	1.60.1.70009	1.60.1.70245
CustomizationChoice:150	1.60.1.70009	1.60.1.70245
CustomizationChoice:15091	1.60.1.70009	1.60.1.70245
CustomizationChoice:15139	1.60.1.70009	1.60.1.70245
CustomizationChoice:15187	1.60.1.70009	1.60.1.70245
CustomizationChoice:152	1.60.1.70009	1.60.1.70245
CustomizationChoice:153	1.60.1.70009	1.60.1.70245
CustomizationChoice:15379	1.60.1.70009	1.60.1.70009
CustomizationChoice:15383	1.60.1.70009	1.60.1.70245
CustomizationChoice:154	1.60.1.70009	1.60.1.70009
CustomizationChoice:15406	1.60.1.70009	1.60.1.70009
CustomizationChoice:15441	1.60.1.70009	1.60.1.70245
CustomizationChoice:15445	1.60.1.70009	1.60.1.70245
CustomizationChoice:15447	1.60.1.70009	1.60.1.70245
CustomizationChoice:1545	1.60.1.70009	1.60.1.70245
CustomizationChoice:1546	1.60.1.70009	1.60.1.70245
CustomizationChoice:1547	1.60.1.70009	1.60.1.70245
CustomizationChoice:1548	1.60.1.70009	1.60.1.70245
CustomizationChoice:15495	1.60.1.70009	1.60.1.70245
CustomizationChoice:155	1.60.1.70009	1.60.1.70245
CustomizationChoice:1550	1.60.1.70009	1.60.1.70245
CustomizationChoice:1551	1.60.1.70009	1.60.1.70245
CustomizationChoice:15511	1.60.1.70009	1.60.1.70245
CustomizationChoice:1552	1.60.1.70009	1.60.1.70245
CustomizationChoice:1553	1.60.1.70009	1.60.1.70245
CustomizationChoice:1554	1.60.1.70009	1.60.1.70245
CustomizationChoice:15541	1.60.1.70009	1.60.1.70245
CustomizationChoice:1555	1.60.1.70009	1.60.1.70245
CustomizationChoice:1556	1.60.1.70009	1.60.1.70245
CustomizationChoice:15563	1.60.1.70009	1.60.1.70245
CustomizationChoice:1557	1.60.1.70009	1.60.1.70245
CustomizationChoice:1558	1.60.1.70009	1.60.1.70245
CustomizationChoice:1559	1.60.1.70009	1.60.1.70245
CustomizationChoice:15593	1.60.1.70009	1.60.1.70009
CustomizationChoice:15603	1.60.1.70009	1.60.1.70009
CustomizationChoice:15681	1.60.1.70009	1.60.1.70245
CustomizationChoice:15683	1.60.1.70009	1.60.1.70245
CustomizationChoice:15693	1.60.1.70009	1.60.1.70245
CustomizationChoice:15694	1.60.1.70009	1.60.1.70245
CustomizationChoice:15696	1.60.1.70009	1.60.1.70245
CustomizationChoice:1575	1.60.1.70009	1.60.1.70245
CustomizationChoice:1651	1.60.1.70009	1.60.1.70245
CustomizationChoice:1655	1.60.1.70009	1.60.1.70245
CustomizationChoice:1656	1.60.1.70009	1.60.1.70245
CustomizationChoice:1658	1.60.1.70009	1.60.1.70245
CustomizationChoice:1661	1.60.1.70009	1.60.1.70245
CustomizationChoice:1681	1.60.1.70009	1.60.1.70245
CustomizationChoice:1682	1.60.1.70009	1.60.1.70245
CustomizationChoice:1683	1.60.1.70009	1.60.1.70245
CustomizationChoice:1686	1.60.1.70009	1.60.1.70245
CustomizationChoice:1687	1.60.1.70009	1.60.1.70245
CustomizationChoice:1688	1.60.1.70009	1.60.1.70245
CustomizationChoice:1700	1.60.1.70009	1.60.1.70245
CustomizationChoice:1701	1.60.1.70009	1.60.1.70245
CustomizationChoice:1702	1.60.1.70009	1.60.1.70245
CustomizationChoice:1703	1.60.1.70009	1.60.1.70245
CustomizationChoice:1704	1.60.1.70009	1.60.1.70245
CustomizationChoice:1705	1.60.1.70009	1.60.1.70245
CustomizationChoice:1714	1.60.1.70009	1.60.1.70245
CustomizationChoice:1717	1.60.1.70009	1.60.1.70245
CustomizationChoice:1721	1.60.1.70009	1.60.1.70245
CustomizationChoice:1722	1.60.1.70009	1.60.1.70245
CustomizationChoice:1723	1.60.1.70009	1.60.1.70245
CustomizationChoice:1724	1.60.1.70009	1.60.1.70245
CustomizationChoice:1725	1.60.1.70009	1.60.1.70245
CustomizationChoice:1726	1.60.1.70009	1.60.1.70245
CustomizationChoice:1727	1.60.1.70009	1.60.1.70245
CustomizationChoice:1728	1.60.1.70009	1.60.1.70245
CustomizationChoice:1729	1.60.1.70009	1.60.1.70245
CustomizationChoice:1730	1.60.1.70009	1.60.1.70245
CustomizationChoice:1731	1.60.1.70009	1.60.1.70245
CustomizationChoice:1781	1.60.1.70009	1.60.1.70245
CustomizationChoice:1784	1.60.1.70009	1.60.1.70245
CustomizationChoice:1785	1.60.1.70009	1.60.1.70245
CustomizationChoice:1791	1.60.1.70009	1.60.1.70245
CustomizationChoice:1793	1.60.1.70009	1.60.1.70245
CustomizationChoice:1795	1.60.1.70009	1.60.1.70245
CustomizationChoice:1796	1.60.1.70009	1.60.1.70245
CustomizationChoice:1797	1.60.1.70009	1.60.1.70245
CustomizationChoice:1816	1.60.1.70009	1.60.1.70245
CustomizationChoice:1817	1.60.1.70009	1.60.1.70245
CustomizationChoice:1819	1.60.1.70009	1.60.1.70245
CustomizationChoice:1820	1.60.1.70009	1.60.1.70245
CustomizationChoice:1821	1.60.1.70009	1.60.1.70245
CustomizationChoice:1822	1.60.1.70009	1.60.1.70245
CustomizationChoice:1823	1.60.1.70009	1.60.1.70245
CustomizationChoice:1824	1.60.1.70009	1.60.1.70245
CustomizationChoice:1825	1.60.1.70009	1.60.1.70245
CustomizationChoice:18253	1.60.1.70009	1.60.1.70245
CustomizationChoice:18255	1.60.1.70009	1.60.1.70245
CustomizationChoice:18258	1.60.1.70009	1.60.1.70245
CustomizationChoice:18262	1.60.1.70009	1.60.1.70245
CustomizationChoice:18267	1.60.1.70009	1.60.1.70009
CustomizationChoice:18268	1.60.1.70009	1.60.1.70245
CustomizationChoice:18276	1.60.1.70009	1.60.1.70245
CustomizationChoice:18279	1.60.1.70009	1.60.1.70245
CustomizationChoice:18282	1.60.1.70009	1.60.1.70245
CustomizationChoice:18283	1.60.1.70009	1.60.1.70245
CustomizationChoice:18284	1.60.1.70009	1.60.1.70245
CustomizationChoice:18291	1.60.1.70009	1.60.1.70245
CustomizationChoice:18294	1.60.1.70009	1.60.1.70245
CustomizationChoice:18297	1.60.1.70009	1.60.1.70245
CustomizationChoice:1853	1.60.1.70009	1.60.1.70009
CustomizationChoice:1859	1.60.1.70009	1.60.1.70245
CustomizationChoice:1861	1.60.1.70009	1.60.1.70245
CustomizationChoice:1866	1.60.1.70009	1.60.1.70245
CustomizationChoice:1867	1.60.1.70009	1.60.1.70245
CustomizationChoice:18705	1.60.1.70009	1.60.1.70245
CustomizationChoice:18706	1.60.1.70009	1.60.1.70245
CustomizationChoice:18767	1.60.1.70009	1.60.1.70245
CustomizationChoice:18768	1.60.1.70009	1.60.1.70245
CustomizationChoice:18770	1.60.1.70009	1.60.1.70245
CustomizationChoice:18771	1.60.1.70009	1.60.1.70245
CustomizationChoice:18775	1.60.1.70009	1.60.1.70245
CustomizationChoice:18795	1.60.1.70009	1.60.1.70245
CustomizationChoice:18796	1.60.1.70009	1.60.1.70245
CustomizationChoice:18797	1.60.1.70009	1.60.1.70245
CustomizationChoice:18804	1.60.1.70009	1.60.1.70245
CustomizationChoice:18805	1.60.1.70009	1.60.1.70245
CustomizationChoice:18809	1.60.1.70009	1.60.1.70245
CustomizationChoice:18811	1.60.1.70009	1.60.1.70245
CustomizationChoice:18816	1.60.1.70009	1.60.1.70245
CustomizationChoice:18821	1.60.1.70009	1.60.1.70245
CustomizationChoice:18822	1.60.1.70009	1.60.1.70245
CustomizationChoice:18823	1.60.1.70009	1.60.1.70245
CustomizationChoice:18827	1.60.1.70009	1.60.1.70245
CustomizationChoice:18864	1.60.1.70009	1.60.1.70009
CustomizationChoice:18865	1.60.1.70009	1.60.1.70245
CustomizationChoice:18866	1.60.1.70009	1.60.1.70245
CustomizationChoice:18872	1.60.1.70009	1.60.1.70245
CustomizationChoice:18874	1.60.1.70009	1.60.1.70009
CustomizationChoice:18964	1.60.1.70009	1.60.1.70245
CustomizationChoice:18978	1.60.1.70009	1.60.1.70245
CustomizationChoice:18992	1.60.1.70009	1.60.1.70245
CustomizationChoice:19006	1.60.1.70009	1.60.1.70245
CustomizationChoice:19020	1.60.1.70009	1.60.1.70009
CustomizationChoice:19076	1.60.1.70009	1.60.1.70245
CustomizationChoice:19090	1.60.1.70009	1.60.1.70245
CustomizationChoice:19132	1.60.1.70009	1.60.1.70245
CustomizationChoice:1914	1.60.1.70009	1.60.1.70245
CustomizationChoice:19147	1.60.1.70009	1.60.1.70245
CustomizationChoice:1916	1.60.1.70009	1.60.1.70245
CustomizationChoice:19187	1.60.1.70009	1.60.1.70245
CustomizationChoice:1920	1.60.1.70009	1.60.1.70245
CustomizationChoice:1922	1.60.1.70009	1.60.1.70245
CustomizationChoice:1923	1.60.1.70009	1.60.1.70245
CustomizationChoice:19230	1.60.1.70009	1.60.1.70245
CustomizationChoice:19231	1.60.1.70009	1.60.1.70245
CustomizationChoice:19234	1.60.1.70009	1.60.1.70245
CustomizationChoice:19235	1.60.1.70009	1.60.1.70245
CustomizationChoice:19247	1.60.1.70009	1.60.1.70245
CustomizationChoice:19248	1.60.1.70009	1.60.1.70245
CustomizationChoice:19252	1.60.1.70009	1.60.1.70245
CustomizationChoice:19254	1.60.1.70009	1.60.1.70245
CustomizationChoice:19261	1.60.1.70009	1.60.1.70245
CustomizationChoice:19262	1.60.1.70009	1.60.1.70245
CustomizationChoice:19265	1.60.1.70009	1.60.1.70245
CustomizationChoice:19267	1.60.1.70009	1.60.1.70245
CustomizationChoice:19278	1.60.1.70009	1.60.1.70245
CustomizationChoice:19282	1.60.1.70009	1.60.1.70245
CustomizationChoice:19285	1.60.1.70009	1.60.1.70245
CustomizationChoice:19286	1.60.1.70009	1.60.1.70245
CustomizationChoice:19291	1.60.1.70009	1.60.1.70245
CustomizationChoice:19292	1.60.1.70009	1.60.1.70245
CustomizationChoice:19299	1.60.1.70009	1.60.1.70245
CustomizationChoice:19302	1.60.1.70009	1.60.1.70245
CustomizationChoice:19313	1.60.1.70009	1.60.1.70245
CustomizationChoice:19317	1.60.1.70009	1.60.1.70245
CustomizationChoice:19324	1.60.1.70009	1.60.1.70245
CustomizationChoice:19353	1.60.1.70009	1.60.1.70245
CustomizationChoice:19355	1.60.1.70009	1.60.1.70245
CustomizationChoice:19357	1.60.1.70009	1.60.1.70245
CustomizationChoice:1936	1.60.1.70009	1.60.1.70245
CustomizationChoice:1937	1.60.1.70009	1.60.1.70245
CustomizationChoice:1938	1.60.1.70009	1.60.1.70245
CustomizationChoice:19385	1.60.1.70009	1.60.1.70245
CustomizationChoice:19386	1.60.1.70009	1.60.1.70245
CustomizationChoice:19387	1.60.1.70009	1.60.1.70245
CustomizationChoice:1940	1.60.1.70009	1.60.1.70245
CustomizationChoice:1942	1.60.1.70009	1.60.1.70245
CustomizationChoice:19460	1.60.1.70009	1.60.1.70245
CustomizationChoice:19485	1.60.1.70009	1.60.1.70245
CustomizationChoice:19486	1.60.1.70009	1.60.1.70245
CustomizationChoice:19487	1.60.1.70009	1.60.1.70245
CustomizationChoice:19488	1.60.1.70009	1.60.1.70245
CustomizationChoice:19492	1.60.1.70009	1.60.1.70245
CustomizationChoice:19493	1.60.1.70009	1.60.1.70245
CustomizationChoice:19494	1.60.1.70009	1.60.1.70245
CustomizationChoice:19495	1.60.1.70009	1.60.1.70245
CustomizationChoice:19510	1.60.1.70009	1.60.1.70245
CustomizationChoice:19511	1.60.1.70009	1.60.1.70245
CustomizationChoice:19519	1.60.1.70009	1.60.1.70245
CustomizationChoice:19521	1.60.1.70009	1.60.1.70245
CustomizationChoice:19522	1.60.1.70009	1.60.1.70245
CustomizationChoice:19523	1.60.1.70009	1.60.1.70245
CustomizationChoice:19524	1.60.1.70009	1.60.1.70245
CustomizationChoice:19525	1.60.1.70009	1.60.1.70245
CustomizationChoice:19529	1.60.1.70009	1.60.1.70245
CustomizationChoice:19530	1.60.1.70009	1.60.1.70245
CustomizationChoice:19532	1.60.1.70009	1.60.1.70245
CustomizationChoice:19535	1.60.1.70009	1.60.1.70245
CustomizationChoice:19536	1.60.1.70009	1.60.1.70009
CustomizationChoice:19537	1.60.1.70009	1.60.1.70245
CustomizationChoice:19539	1.60.1.70009	1.60.1.70245
CustomizationChoice:19541	1.60.1.70009	1.60.1.70245
CustomizationChoice:19543	1.60.1.70009	1.60.1.70245
CustomizationChoice:19545	1.60.1.70009	1.60.1.70245
CustomizationChoice:19547	1.60.1.70009	1.60.1.70245
CustomizationChoice:19552	1.60.1.70009	1.60.1.70245
CustomizationChoice:19564	1.60.1.70009	1.60.1.70245
CustomizationChoice:19565	1.60.1.70009	1.60.1.70245
CustomizationChoice:19566	1.60.1.70009	1.60.1.70245
CustomizationChoice:19568	1.60.1.70009	1.60.1.70245
CustomizationChoice:19569	1.60.1.70009	1.60.1.70245
CustomizationChoice:19570	1.60.1.70009	1.60.1.70245
CustomizationChoice:19576	1.60.1.70009	1.60.1.70245
CustomizationChoice:19577	1.60.1.70009	1.60.1.70245
CustomizationChoice:19578	1.60.1.70009	1.60.1.70245
CustomizationChoice:19579	1.60.1.70009	1.60.1.70245
CustomizationChoice:19581	1.60.1.70009	1.60.1.70245
CustomizationChoice:19582	1.60.1.70009	1.60.1.70245
CustomizationChoice:19583	1.60.1.70009	1.60.1.70245
CustomizationChoice:19584	1.60.1.70009	1.60.1.70245
CustomizationChoice:19591	1.60.1.70009	1.60.1.70245
CustomizationChoice:19592	1.60.1.70009	1.60.1.70245
CustomizationChoice:19593	1.60.1.70009	1.60.1.70245
CustomizationChoice:19596	1.60.1.70009	1.60.1.70245
CustomizationChoice:19597	1.60.1.70009	1.60.1.70245
CustomizationChoice:19598	1.60.1.70009	1.60.1.70245
CustomizationChoice:19599	1.60.1.70009	1.60.1.70245
CustomizationChoice:19600	1.60.1.70009	1.60.1.70245
CustomizationChoice:19601	1.60.1.70009	1.60.1.70245
CustomizationChoice:19607	1.60.1.70009	1.60.1.70245
CustomizationChoice:19613	1.60.1.70009	1.60.1.70245
CustomizationChoice:19620	1.60.1.70009	1.60.1.70245
CustomizationChoice:19692	1.60.1.70009	1.60.1.70245
CustomizationChoice:19693	1.60.1.70009	1.60.1.70245
CustomizationChoice:19694	1.60.1.70009	1.60.1.70245
CustomizationChoice:19695	1.60.1.70009	1.60.1.70245
CustomizationChoice:19696	1.60.1.70009	1.60.1.70245
CustomizationChoice:19712	1.60.1.70009	1.60.1.70245
CustomizationChoice:19715	1.60.1.70009	1.60.1.70245
CustomizationChoice:19716	1.60.1.70009	1.60.1.70245
CustomizationChoice:19717	1.60.1.70009	1.60.1.70245
CustomizationChoice:19718	1.60.1.70009	1.60.1.70245
CustomizationChoice:19719	1.60.1.70009	1.60.1.70245
CustomizationChoice:19727	1.60.1.70009	1.60.1.70245
CustomizationChoice:19737	1.60.1.70009	1.60.1.70245
CustomizationChoice:19748	1.60.1.70009	1.60.1.70245
CustomizationChoice:19749	1.60.1.70009	1.60.1.70245
CustomizationChoice:19750	1.60.1.70009	1.60.1.70245
CustomizationChoice:19752	1.60.1.70009	1.60.1.70245
CustomizationChoice:19762	1.60.1.70009	1.60.1.70245
CustomizationChoice:19763	1.60.1.70009	1.60.1.70245
CustomizationChoice:19765	1.60.1.70009	1.60.1.70245
CustomizationChoice:19784	1.60.1.70009	1.60.1.70245
CustomizationChoice:19792	1.60.1.70009	1.60.1.70245
CustomizationChoice:19793	1.60.1.70009	1.60.1.70245
CustomizationChoice:19794	1.60.1.70009	1.60.1.70245
CustomizationChoice:19796	1.60.1.70009	1.60.1.70245
CustomizationChoice:19797	1.60.1.70009	1.60.1.70245
CustomizationChoice:19798	1.60.1.70009	1.60.1.70245
CustomizationChoice:19799	1.60.1.70009	1.60.1.70245
CustomizationChoice:19800	1.60.1.70009	1.60.1.70245
CustomizationChoice:19801	1.60.1.70009	1.60.1.70245
CustomizationChoice:19802	1.60.1.70009	1.60.1.70245
CustomizationChoice:19803	1.60.1.70009	1.60.1.70245
CustomizationChoice:19804	1.60.1.70009	1.60.1.70245
CustomizationChoice:1987	1.60.1.70009	1.60.1.70245
CustomizationChoice:1990	1.60.1.70009	1.60.1.70245
CustomizationChoice:19907	1.60.1.70009	1.60.1.70245
CustomizationChoice:19908	1.60.1.70009	1.60.1.70245
CustomizationChoice:1991	1.60.1.70009	1.60.1.70245
CustomizationChoice:19910	1.60.1.70009	1.60.1.70245
CustomizationChoice:19911	1.60.1.70009	1.60.1.70245
CustomizationChoice:19917	1.60.1.70009	1.60.1.70245
CustomizationChoice:19918	1.60.1.70009	1.60.1.70245
CustomizationChoice:19920	1.60.1.70009	1.60.1.70245
CustomizationChoice:19922	1.60.1.70009	1.60.1.70245
CustomizationChoice:1993	1.60.1.70009	1.60.1.70245
CustomizationChoice:19933	1.60.1.70009	1.60.1.70245
CustomizationChoice:19935	1.60.1.70009	1.60.1.70245
CustomizationChoice:19936	1.60.1.70009	1.60.1.70245
CustomizationChoice:19937	1.60.1.70009	1.60.1.70245
CustomizationChoice:19947	1.60.1.70009	1.60.1.70245
CustomizationChoice:19951	1.60.1.70009	1.60.1.70245
CustomizationChoice:19952	1.60.1.70009	1.60.1.70245
CustomizationChoice:19960	1.60.1.70009	1.60.1.70245
CustomizationChoice:19969	1.60.1.70009	1.60.1.70245
CustomizationChoice:20002	1.60.1.70009	1.60.1.70245
CustomizationChoice:20003	1.60.1.70009	1.60.1.70245
CustomizationChoice:20004	1.60.1.70009	1.60.1.70245
CustomizationChoice:20007	1.60.1.70009	1.60.1.70245
CustomizationChoice:20013	1.60.1.70009	1.60.1.70245
CustomizationChoice:2011	1.60.1.70009	1.60.1.70245
CustomizationChoice:20121	1.60.1.70009	1.60.1.70245
CustomizationChoice:20131	1.60.1.70009	1.60.1.70245
CustomizationChoice:20132	1.60.1.70009	1.60.1.70245
CustomizationChoice:20133	1.60.1.70009	1.60.1.70245
CustomizationChoice:20134	1.60.1.70009	1.60.1.70245
CustomizationChoice:20135	1.60.1.70009	1.60.1.70245
CustomizationChoice:20152	1.60.1.70009	1.60.1.70245
CustomizationChoice:20153	1.60.1.70009	1.60.1.70245
CustomizationChoice:20157	1.60.1.70009	1.60.1.70245
CustomizationChoice:2016	1.60.1.70009	1.60.1.70245
CustomizationChoice:20165	1.60.1.70009	1.60.1.70245
CustomizationChoice:20167	1.60.1.70009	1.60.1.70245
CustomizationChoice:20169	1.60.1.70009	1.60.1.70245
CustomizationChoice:20170	1.60.1.70009	1.60.1.70245
CustomizationChoice:20186	1.60.1.70009	1.60.1.70245
CustomizationChoice:20194	1.60.1.70009	1.60.1.70245
CustomizationChoice:20195	1.60.1.70009	1.60.1.70245
CustomizationChoice:20196	1.60.1.70009	1.60.1.70245
CustomizationChoice:20197	1.60.1.70009	1.60.1.70245
CustomizationChoice:20200	1.60.1.70009	1.60.1.70245
CustomizationChoice:20202	1.60.1.70009	1.60.1.70245
CustomizationChoice:20307	1.60.1.70009	1.60.1.70245
CustomizationChoice:20308	1.60.1.70009	1.60.1.70245
CustomizationChoice:20309	1.60.1.70009	1.60.1.70245
CustomizationChoice:20310	1.60.1.70009	1.60.1.70245
CustomizationChoice:20311	1.60.1.70009	1.60.1.70245
CustomizationChoice:20312	1.60.1.70009	1.60.1.70245
CustomizationChoice:20313	1.60.1.70009	1.60.1.70245
CustomizationChoice:20314	1.60.1.70009	1.60.1.70245
CustomizationChoice:20315	1.60.1.70009	1.60.1.70245
CustomizationChoice:20316	1.60.1.70009	1.60.1.70245
CustomizationChoice:20317	1.60.1.70009	1.60.1.70245
CustomizationChoice:20323	1.60.1.70009	1.60.1.70245
CustomizationChoice:20324	1.60.1.70009	1.60.1.70245
CustomizationChoice:20330	1.60.1.70009	1.60.1.70245
CustomizationChoice:20331	1.60.1.70009	1.60.1.70245
CustomizationChoice:20341	1.60.1.70009	1.60.1.70245
CustomizationChoice:20343	1.60.1.70009	1.60.1.70245
CustomizationChoice:20352	1.60.1.70009	1.60.1.70245
CustomizationChoice:20368	1.60.1.70009	1.60.1.70245
CustomizationChoice:20369	1.60.1.70009	1.60.1.70245
CustomizationChoice:20370	1.60.1.70009	1.60.1.70245
CustomizationChoice:20371	1.60.1.70009	1.60.1.70245
CustomizationChoice:20385	1.60.1.70009	1.60.1.70245
CustomizationChoice:20386	1.60.1.70009	1.60.1.70245
CustomizationChoice:20387	1.60.1.70009	1.60.1.70245
CustomizationChoice:20388	1.60.1.70009	1.60.1.70245
CustomizationChoice:20389	1.60.1.70009	1.60.1.70245
CustomizationChoice:20390	1.60.1.70009	1.60.1.70245
CustomizationChoice:20391	1.60.1.70009	1.60.1.70245
CustomizationChoice:20392	1.60.1.70009	1.60.1.70245
CustomizationChoice:20396	1.60.1.70009	1.60.1.70245
CustomizationChoice:20397	1.60.1.70009	1.60.1.70245
CustomizationChoice:20398	1.60.1.70009	1.60.1.70245
CustomizationChoice:20399	1.60.1.70009	1.60.1.70245
CustomizationChoice:20400	1.60.1.70009	1.60.1.70245
CustomizationChoice:20401	1.60.1.70009	1.60.1.70245
CustomizationChoice:20402	1.60.1.70009	1.60.1.70245
CustomizationChoice:20403	1.60.1.70009	1.60.1.70245
CustomizationChoice:2260	1.60.1.70009	1.60.1.70245
CustomizationChoice:2264	1.60.1.70009	1.60.1.70245
CustomizationChoice:2265	1.60.1.70009	1.60.1.70245
CustomizationChoice:2266	1.60.1.70009	1.60.1.70245
CustomizationChoice:2268	1.60.1.70009	1.60.1.70245
CustomizationChoice:2270	1.60.1.70009	1.60.1.70245
CustomizationChoice:2271	1.60.1.70009	1.60.1.70245
CustomizationChoice:2280	1.60.1.70009	1.60.1.70245
CustomizationChoice:2281	1.60.1.70009	1.60.1.70245
CustomizationChoice:2283	1.60.1.70009	1.60.1.70245
CustomizationChoice:2284	1.60.1.70009	1.60.1.70245
CustomizationChoice:2352	1.60.1.70009	1.60.1.70245
CustomizationChoice:2353	1.60.1.70009	1.60.1.70245
CustomizationChoice:2360	1.60.1.70009	1.60.1.70245
CustomizationChoice:2361	1.60.1.70009	1.60.1.70245
CustomizationChoice:2362	1.60.1.70009	1.60.1.70245
CustomizationChoice:2371	1.60.1.70009	1.60.1.70245
CustomizationChoice:2372	1.60.1.70009	1.60.1.70245
CustomizationChoice:2374	1.60.1.70009	1.60.1.70245
CustomizationChoice:2375	1.60.1.70009	1.60.1.70245
CustomizationChoice:2377	1.60.1.70009	1.60.1.70245
CustomizationChoice:2381	1.60.1.70009	1.60.1.70245
CustomizationChoice:2564	1.60.1.70009	1.60.1.70245
CustomizationChoice:2567	1.60.1.70009	1.60.1.70245
CustomizationChoice:2568	1.60.1.70009	1.60.1.70245
CustomizationChoice:2569	1.60.1.70009	1.60.1.70245
CustomizationChoice:2572	1.60.1.70009	1.60.1.70245
CustomizationChoice:2573	1.60.1.70009	1.60.1.70245
CustomizationChoice:2579	1.60.1.70009	1.60.1.70245
CustomizationChoice:2580	1.60.1.70009	1.60.1.70245
CustomizationChoice:2581	1.60.1.70009	1.60.1.70009
CustomizationChoice:2584	1.60.1.70009	1.60.1.70245
CustomizationChoice:2586	1.60.1.70009	1.60.1.70245
CustomizationChoice:2587	1.60.1.70009	1.60.1.70245
CustomizationChoice:2589	1.60.1.70009	1.60.1.70245
CustomizationChoice:2590	1.60.1.70009	1.60.1.70245
CustomizationChoice:2594	1.60.1.70009	1.60.1.70245
CustomizationChoice:2598	1.60.1.70009	1.60.1.70245
CustomizationChoice:2599	1.60.1.70009	1.60.1.70245
CustomizationChoice:2600	1.60.1.70009	1.60.1.70245
CustomizationChoice:2601	1.60.1.70009	1.60.1.70245
CustomizationChoice:2607	1.60.1.70009	1.60.1.70245
CustomizationChoice:2608	1.60.1.70009	1.60.1.70245
CustomizationChoice:2609	1.60.1.70009	1.60.1.70245
CustomizationChoice:26493	1.60.1.70009	1.60.1.70245
CustomizationChoice:26504	1.60.1.70009	1.60.1.70245
CustomizationChoice:26508	1.60.1.70009	1.60.1.70245
CustomizationChoice:26509	1.60.1.70009	1.60.1.70245
CustomizationChoice:26511	1.60.1.70009	1.60.1.70245
CustomizationChoice:26530	1.60.1.70009	1.60.1.70245
CustomizationChoice:26536	1.60.1.70009	1.60.1.70245
CustomizationChoice:26537	1.60.1.70009	1.60.1.70245
CustomizationChoice:26538	1.60.1.70009	1.60.1.70245
CustomizationChoice:26539	1.60.1.70009	1.60.1.70245
CustomizationChoice:26553	1.60.1.70009	1.60.1.70245
CustomizationChoice:2657	1.60.1.70009	1.60.1.70245
CustomizationChoice:26579	1.60.1.70009	1.60.1.70245
CustomizationChoice:26581	1.60.1.70009	1.60.1.70245
CustomizationChoice:26585	1.60.1.70009	1.60.1.70245
CustomizationChoice:2659	1.60.1.70009	1.60.1.70245
CustomizationChoice:2660	1.60.1.70009	1.60.1.70245
CustomizationChoice:2661	1.60.1.70009	1.60.1.70245
CustomizationChoice:2663	1.60.1.70009	1.60.1.70245
CustomizationChoice:2664	1.60.1.70009	1.60.1.70245
CustomizationChoice:2666	1.60.1.70009	1.60.1.70245
CustomizationChoice:2667	1.60.1.70009	1.60.1.70245
CustomizationChoice:2668	1.60.1.70009	1.60.1.70245
CustomizationChoice:2685	1.60.1.70009	1.60.1.70245
CustomizationChoice:2686	1.60.1.70009	1.60.1.70245
CustomizationChoice:26865	1.60.1.70009	1.60.1.70245
CustomizationChoice:26869	1.60.1.70009	1.60.1.70245
CustomizationChoice:2687	1.60.1.70009	1.60.1.70245
CustomizationChoice:26874	1.60.1.70009	1.60.1.70245
CustomizationChoice:2688	1.60.1.70009	1.60.1.70245
CustomizationChoice:26880	1.60.1.70009	1.60.1.70245
CustomizationChoice:26881	1.60.1.70009	1.60.1.70245
CustomizationChoice:26952	1.60.1.70009	1.60.1.70245
CustomizationChoice:26953	1.60.1.70009	1.60.1.70245
CustomizationChoice:26957	1.60.1.70009	1.60.1.70245
CustomizationChoice:26960	1.60.1.70009	1.60.1.70245
CustomizationChoice:26962	1.60.1.70009	1.60.1.70245
CustomizationChoice:26964	1.60.1.70009	1.60.1.70245
CustomizationChoice:26966	1.60.1.70009	1.60.1.70245
CustomizationChoice:26967	1.60.1.70009	1.60.1.70245
CustomizationChoice:26971	1.60.1.70009	1.60.1.70245
CustomizationChoice:26972	1.60.1.70009	1.60.1.70245
CustomizationChoice:2700	1.60.1.70009	1.60.1.70245
CustomizationChoice:2701	1.60.1.70009	1.60.1.70245
CustomizationChoice:2702	1.60.1.70009	1.60.1.70245
CustomizationChoice:2703	1.60.1.70009	1.60.1.70245
CustomizationChoice:2704	1.60.1.70009	1.60.1.70245
CustomizationChoice:2705	1.60.1.70009	1.60.1.70245
CustomizationChoice:27134	1.60.1.70009	1.60.1.70245
CustomizationChoice:27137	1.60.1.70009	1.60.1.70245
CustomizationChoice:2714	1.60.1.70009	1.60.1.70245
CustomizationChoice:2715	1.60.1.70009	1.60.1.70245
CustomizationChoice:2716	1.60.1.70009	1.60.1.70245
CustomizationChoice:2717	1.60.1.70009	1.60.1.70245
CustomizationChoice:2718	1.60.1.70009	1.60.1.70245
CustomizationChoice:2721	1.60.1.70009	1.60.1.70245
CustomizationChoice:2722	1.60.1.70009	1.60.1.70245
CustomizationChoice:2723	1.60.1.70009	1.60.1.70245
CustomizationChoice:2734	1.60.1.70009	1.60.1.70245
CustomizationChoice:2735	1.60.1.70009	1.60.1.70245
CustomizationChoice:2736	1.60.1.70009	1.60.1.70245
CustomizationChoice:2738	1.60.1.70009	1.60.1.70245
CustomizationChoice:2750	1.60.1.70009	1.60.1.70245
CustomizationChoice:2753	1.60.1.70009	1.60.1.70245
CustomizationChoice:27652	1.60.1.70009	1.60.1.70245
CustomizationChoice:27656	1.60.1.70009	1.60.1.70245
CustomizationChoice:27662	1.60.1.70009	1.60.1.70245
CustomizationChoice:27664	1.60.1.70009	1.60.1.70245
CustomizationChoice:2769	1.60.1.70009	1.60.1.70245
CustomizationChoice:2770	1.60.1.70009	1.60.1.70245
CustomizationChoice:2771	1.60.1.70009	1.60.1.70245
CustomizationChoice:2772	1.60.1.70009	1.60.1.70245
CustomizationChoice:2773	1.60.1.70009	1.60.1.70245
CustomizationChoice:2775	1.60.1.70009	1.60.1.70245
CustomizationChoice:2778	1.60.1.70009	1.60.1.70245
CustomizationChoice:2779	1.60.1.70009	1.60.1.70245
CustomizationChoice:2780	1.60.1.70009	1.60.1.70245
CustomizationChoice:2801	1.60.1.70009	1.60.1.70245
CustomizationChoice:2802	1.60.1.70009	1.60.1.70245
CustomizationChoice:2803	1.60.1.70009	1.60.1.70245
CustomizationChoice:2804	1.60.1.70009	1.60.1.70245
CustomizationChoice:2805	1.60.1.70009	1.60.1.70245
CustomizationChoice:2810	1.60.1.70009	1.60.1.70245
CustomizationChoice:28245	1.60.1.70009	1.60.1.70245
CustomizationChoice:28277	1.60.1.70009	1.60.1.70245
CustomizationChoice:2840	1.60.1.70009	1.60.1.70245
CustomizationChoice:2841	1.60.1.70009	1.60.1.70245
CustomizationChoice:2842	1.60.1.70009	1.60.1.70245
CustomizationChoice:2843	1.60.1.70009	1.60.1.70245
CustomizationChoice:2844	1.60.1.70009	1.60.1.70245
CustomizationChoice:2845	1.60.1.70009	1.60.1.70245
CustomizationChoice:2846	1.60.1.70009	1.60.1.70245
CustomizationChoice:2847	1.60.1.70009	1.60.1.70245
CustomizationChoice:2848	1.60.1.70009	1.60.1.70245
CustomizationChoice:2849	1.60.1.70009	1.60.1.70245
CustomizationChoice:2850	1.60.1.70009	1.60.1.70245
CustomizationChoice:2851	1.60.1.70009	1.60.1.70245
CustomizationChoice:2863	1.60.1.70009	1.60.1.70245
CustomizationChoice:2864	1.60.1.70009	1.60.1.70245
CustomizationChoice:2866	1.60.1.70009	1.60.1.70245
CustomizationChoice:2869	1.60.1.70009	1.60.1.70245
CustomizationChoice:2887	1.60.1.70009	1.60.1.70245
CustomizationChoice:2888	1.60.1.70009	1.60.1.70245
CustomizationChoice:2889	1.60.1.70009	1.60.1.70245
CustomizationChoice:2890	1.60.1.70009	1.60.1.70245
CustomizationChoice:2891	1.60.1.70009	1.60.1.70245
CustomizationChoice:2892	1.60.1.70009	1.60.1.70245
CustomizationChoice:2893	1.60.1.70009	1.60.1.70245
CustomizationChoice:2894	1.60.1.70009	1.60.1.70245
CustomizationChoice:2895	1.60.1.70009	1.60.1.70245
CustomizationChoice:2908	1.60.1.70009	1.60.1.70245
CustomizationChoice:2909	1.60.1.70009	1.60.1.70245
CustomizationChoice:2910	1.60.1.70009	1.60.1.70245
CustomizationChoice:2925	1.60.1.70009	1.60.1.70245
CustomizationChoice:2926	1.60.1.70009	1.60.1.70245
CustomizationChoice:2927	1.60.1.70009	1.60.1.70245
CustomizationChoice:2928	1.60.1.70009	1.60.1.70245
CustomizationChoice:2930	1.60.1.70009	1.60.1.70245
CustomizationChoice:2940	1.60.1.70009	1.60.1.70245
CustomizationChoice:2947	1.60.1.70009	1.60.1.70245
CustomizationChoice:2948	1.60.1.70009	1.60.1.70245
CustomizationChoice:2949	1.60.1.70009	1.60.1.70245
CustomizationChoice:2951	1.60.1.70009	1.60.1.70245
CustomizationChoice:2952	1.60.1.70009	1.60.1.70245
CustomizationChoice:2953	1.60.1.70009	1.60.1.70245
CustomizationChoice:2954	1.60.1.70009	1.60.1.70245
CustomizationChoice:2955	1.60.1.70009	1.60.1.70245
CustomizationChoice:2971	1.60.1.70009	1.60.1.70245
CustomizationChoice:2973	1.60.1.70009	1.60.1.70245
CustomizationChoice:2974	1.60.1.70009	1.60.1.70245
CustomizationChoice:2975	1.60.1.70009	1.60.1.70245
CustomizationChoice:2976	1.60.1.70009	1.60.1.70245
CustomizationChoice:29775	1.60.1.70009	1.60.1.70245
CustomizationChoice:29776	1.60.1.70009	1.60.1.70245
CustomizationChoice:29861	1.60.1.70009	1.60.1.70245
CustomizationChoice:29893	1.60.1.70009	1.60.1.70245
CustomizationChoice:29894	1.60.1.70009	1.60.1.70245
CustomizationChoice:29895	1.60.1.70009	1.60.1.70245
CustomizationChoice:29899	1.60.1.70009	1.60.1.70245
CustomizationChoice:29909	1.60.1.70009	1.60.1.70245
CustomizationChoice:29910	1.60.1.70009	1.60.1.70245
CustomizationChoice:29911	1.60.1.70009	1.60.1.70245
CustomizationChoice:29912	1.60.1.70009	1.60.1.70245
CustomizationChoice:29924	1.60.1.70009	1.60.1.70245
CustomizationChoice:29927	1.60.1.70009	1.60.1.70245
CustomizationChoice:29930	1.60.1.70009	1.60.1.70245
CustomizationChoice:29931	1.60.1.70009	1.60.1.70245
CustomizationChoice:29932	1.60.1.70009	1.60.1.70245
CustomizationChoice:29934	1.60.1.70009	1.60.1.70245
CustomizationChoice:29940	1.60.1.70009	1.60.1.70245
CustomizationChoice:29966	1.60.1.70009	1.60.1.70245
CustomizationChoice:29969	1.60.1.70009	1.60.1.70245
CustomizationChoice:29970	1.60.1.70009	1.60.1.70245
CustomizationChoice:29997	1.60.1.70009	1.60.1.70245
CustomizationChoice:29998	1.60.1.70009	1.60.1.70245
CustomizationChoice:30072	1.60.1.70009	1.60.1.70245
CustomizationChoice:3017	1.60.1.70009	1.60.1.70245
CustomizationChoice:3018	1.60.1.70009	1.60.1.70245
CustomizationChoice:3019	1.60.1.70009	1.60.1.70245
CustomizationChoice:3020	1.60.1.70009	1.60.1.70009
CustomizationChoice:3021	1.60.1.70009	1.60.1.70009
CustomizationChoice:3022	1.60.1.70009	1.60.1.70245
CustomizationChoice:3024	1.60.1.70009	1.60.1.70009
CustomizationChoice:3033	1.60.1.70009	1.60.1.70245
CustomizationChoice:3034	1.60.1.70009	1.60.1.70245
CustomizationChoice:3042	1.60.1.70009	1.60.1.70245
CustomizationChoice:3044	1.60.1.70009	1.60.1.70245
CustomizationChoice:3045	1.60.1.70009	1.60.1.70245
CustomizationChoice:3046	1.60.1.70009	1.60.1.70245
CustomizationChoice:3047	1.60.1.70009	1.60.1.70245
CustomizationChoice:3063	1.60.1.70009	1.60.1.70245
CustomizationChoice:3064	1.60.1.70009	1.60.1.70245
CustomizationChoice:3065	1.60.1.70009	1.60.1.70245
CustomizationChoice:3066	1.60.1.70009	1.60.1.70009
CustomizationChoice:3067	1.60.1.70009	1.60.1.70245
CustomizationChoice:3068	1.60.1.70009	1.60.1.70245
CustomizationChoice:3069	1.60.1.70009	1.60.1.70009
CustomizationChoice:30696	1.60.1.70009	1.60.1.70009
CustomizationChoice:3070	1.60.1.70009	1.60.1.70245
CustomizationChoice:30705	1.60.1.70009	1.60.1.70245
CustomizationChoice:30709	1.60.1.70009	1.60.1.70245
CustomizationChoice:3071	1.60.1.70009	1.60.1.70245
CustomizationChoice:3081	1.60.1.70009	1.60.1.70245
CustomizationChoice:3082	1.60.1.70009	1.60.1.70245
CustomizationChoice:3083	1.60.1.70009	1.60.1.70245
CustomizationChoice:3099	1.60.1.70009	1.60.1.70245
CustomizationChoice:3114	1.60.1.70009	1.60.1.70245
CustomizationChoice:3115	1.60.1.70009	1.60.1.70245
CustomizationChoice:3116	1.60.1.70009	1.60.1.70245
CustomizationChoice:3117	1.60.1.70009	1.60.1.70245
CustomizationChoice:3118	1.60.1.70009	1.60.1.70245
CustomizationChoice:3119	1.60.1.70009	1.60.1.70009
CustomizationChoice:3130	1.60.1.70009	1.60.1.70245
CustomizationChoice:3133	1.60.1.70009	1.60.1.70245
CustomizationChoice:3134	1.60.1.70009	1.60.1.70245
CustomizationChoice:3154	1.60.1.70009	1.60.1.70009
CustomizationChoice:3156	1.60.1.70009	1.60.1.70245
CustomizationChoice:3157	1.60.1.70009	1.60.1.70245
CustomizationChoice:3158	1.60.1.70009	1.60.1.70245
CustomizationChoice:3159	1.60.1.70009	1.60.1.70245
CustomizationChoice:3161	1.60.1.70009	1.60.1.70245
CustomizationChoice:3162	1.60.1.70009	1.60.1.70245
CustomizationChoice:3175	1.60.1.70009	1.60.1.70245
CustomizationChoice:3176	1.60.1.70009	1.60.1.70245
CustomizationChoice:3178	1.60.1.70009	1.60.1.70245
CustomizationChoice:3180	1.60.1.70009	1.60.1.70245
CustomizationChoice:3181	1.60.1.70009	1.60.1.70245
CustomizationChoice:3182	1.60.1.70009	1.60.1.70245
CustomizationChoice:3183	1.60.1.70009	1.60.1.70245
CustomizationChoice:31938	1.60.1.70009	1.60.1.70245
CustomizationChoice:31939	1.60.1.70009	1.60.1.70245
CustomizationChoice:31942	1.60.1.70009	1.60.1.70245
CustomizationChoice:31943	1.60.1.70009	1.60.1.70245
CustomizationChoice:3224	1.60.1.70009	1.60.1.70245
CustomizationChoice:3225	1.60.1.70009	1.60.1.70245
CustomizationChoice:3227	1.60.1.70009	1.60.1.70245
CustomizationChoice:3228	1.60.1.70009	1.60.1.70245
CustomizationChoice:3229	1.60.1.70009	1.60.1.70245
CustomizationChoice:3230	1.60.1.70009	1.60.1.70245
CustomizationChoice:3231	1.60.1.70009	1.60.1.70245
CustomizationChoice:3248	1.60.1.70009	1.60.1.70245
CustomizationChoice:3249	1.60.1.70009	1.60.1.70245
CustomizationChoice:3253	1.60.1.70009	1.60.1.70245
CustomizationChoice:3254	1.60.1.70009	1.60.1.70245
CustomizationChoice:3255	1.60.1.70009	1.60.1.70245
CustomizationChoice:3256	1.60.1.70009	1.60.1.70245
CustomizationChoice:3257	1.60.1.70009	1.60.1.70245
CustomizationChoice:3274	1.60.1.70009	1.60.1.70245
CustomizationChoice:3276	1.60.1.70009	1.60.1.70245
CustomizationChoice:3277	1.60.1.70009	1.60.1.70245
CustomizationChoice:3278	1.60.1.70009	1.60.1.70245
CustomizationChoice:3280	1.60.1.70009	1.60.1.70245
CustomizationChoice:3282	1.60.1.70009	1.60.1.70245
CustomizationChoice:3296	1.60.1.70009	1.60.1.70245
CustomizationChoice:3321	1.60.1.70009	1.60.1.70245
CustomizationChoice:3323	1.60.1.70009	1.60.1.70245
CustomizationChoice:3327	1.60.1.70009	1.60.1.70245
CustomizationChoice:3331	1.60.1.70009	1.60.1.70245
CustomizationChoice:3332	1.60.1.70009	1.60.1.70245
CustomizationChoice:3333	1.60.1.70009	1.60.1.70245
CustomizationChoice:3334	1.60.1.70009	1.60.1.70245
CustomizationChoice:3336	1.60.1.70009	1.60.1.70245
CustomizationChoice:3337	1.60.1.70009	1.60.1.70245
CustomizationChoice:3339	1.60.1.70009	1.60.1.70245
CustomizationChoice:3362	1.60.1.70009	1.60.1.70245
CustomizationChoice:3364	1.60.1.70009	1.60.1.70245
CustomizationChoice:3370	1.60.1.70009	1.60.1.70245
CustomizationChoice:3372	1.60.1.70009	1.60.1.70245
CustomizationChoice:3403	1.60.1.70009	1.60.1.70245
CustomizationChoice:3404	1.60.1.70009	1.60.1.70245
CustomizationChoice:3405	1.60.1.70009	1.60.1.70245
CustomizationChoice:3406	1.60.1.70009	1.60.1.70245
CustomizationChoice:3408	1.60.1.70009	1.60.1.70245
CustomizationChoice:3409	1.60.1.70009	1.60.1.70245
CustomizationChoice:3421	1.60.1.70009	1.60.1.70245
CustomizationChoice:3422	1.60.1.70009	1.60.1.70245
CustomizationChoice:3426	1.60.1.70009	1.60.1.70245
CustomizationChoice:3427	1.60.1.70009	1.60.1.70245
CustomizationChoice:3452	1.60.1.70009	1.60.1.70245
CustomizationChoice:3454	1.60.1.70009	1.60.1.70245
CustomizationChoice:3455	1.60.1.70009	1.60.1.70245
CustomizationChoice:3467	1.60.1.70009	1.60.1.70245
CustomizationChoice:3468	1.60.1.70009	1.60.1.70245
CustomizationChoice:3470	1.60.1.70009	1.60.1.70245
CustomizationChoice:3471	1.60.1.70009	1.60.1.70245
CustomizationChoice:3494	1.60.1.70009	1.60.1.70245
CustomizationChoice:3495	1.60.1.70009	1.60.1.70245
CustomizationChoice:3496	1.60.1.70009	1.60.1.70009
CustomizationChoice:3497	1.60.1.70009	1.60.1.70245
CustomizationChoice:3498	1.60.1.70009	1.60.1.70245
CustomizationChoice:3499	1.60.1.70009	1.60.1.70245
CustomizationChoice:3509	1.60.1.70009	1.60.1.70245
CustomizationChoice:3511	1.60.1.70009	1.60.1.70245
CustomizationChoice:3512	1.60.1.70009	1.60.1.70245
CustomizationChoice:3513	1.60.1.70009	1.60.1.70009
CustomizationChoice:3515	1.60.1.70009	1.60.1.70245
CustomizationChoice:3516	1.60.1.70009	1.60.1.70245
CustomizationChoice:3517	1.60.1.70009	1.60.1.70245
CustomizationChoice:3518	1.60.1.70009	1.60.1.70245
CustomizationChoice:3519	1.60.1.70009	1.60.1.70245
CustomizationChoice:3520	1.60.1.70009	1.60.1.70245
CustomizationChoice:3521	1.60.1.70009	1.60.1.70245
CustomizationChoice:3522	1.60.1.70009	1.60.1.70245
CustomizationChoice:3523	1.60.1.70009	1.60.1.70245
CustomizationChoice:3524	1.60.1.70009	1.60.1.70245
CustomizationChoice:3525	1.60.1.70009	1.60.1.70245
CustomizationChoice:3526	1.60.1.70009	1.60.1.70245
CustomizationChoice:3527	1.60.1.70009	1.60.1.70245
CustomizationChoice:3528	1.60.1.70009	1.60.1.70245
CustomizationChoice:3529	1.60.1.70009	1.60.1.70245
CustomizationChoice:3530	1.60.1.70009	1.60.1.70245
CustomizationChoice:3531	1.60.1.70009	1.60.1.70245
CustomizationChoice:3532	1.60.1.70009	1.60.1.70245
CustomizationChoice:3533	1.60.1.70009	1.60.1.70245
CustomizationChoice:3534	1.60.1.70009	1.60.1.70245
CustomizationChoice:3535	1.60.1.70009	1.60.1.70245
CustomizationChoice:3536	1.60.1.70009	1.60.1.70245
CustomizationChoice:3537	1.60.1.70009	1.60.1.70245
CustomizationChoice:3563	1.60.1.70009	1.60.1.70245
CustomizationChoice:3565	1.60.1.70009	1.60.1.70245
CustomizationChoice:3566	1.60.1.70009	1.60.1.70245
CustomizationChoice:3567	1.60.1.70009	1.60.1.70245
CustomizationChoice:3568	1.60.1.70009	1.60.1.70245
CustomizationChoice:3569	1.60.1.70009	1.60.1.70245
CustomizationChoice:3713	1.60.1.70009	1.60.1.70245
CustomizationChoice:403	1.60.1.70009	1.60.1.70245
CustomizationChoice:404	1.60.1.70009	1.60.1.70245
CustomizationChoice:405	1.60.1.70009	1.60.1.70245
CustomizationChoice:406	1.60.1.70009	1.60.1.70245
CustomizationChoice:407	1.60.1.70009	1.60.1.70245
CustomizationChoice:408	1.60.1.70009	1.60.1.70245
CustomizationChoice:409	1.60.1.70009	1.60.1.70245
CustomizationChoice:410	1.60.1.70009	1.60.1.70245
CustomizationChoice:411	1.60.1.70009	1.60.1.70245
CustomizationChoice:412	1.60.1.70009	1.60.1.70245
CustomizationChoice:413	1.60.1.70009	1.60.1.70245
CustomizationChoice:414	1.60.1.70009	1.60.1.70245
CustomizationChoice:44	1.60.1.70009	1.60.1.70245
CustomizationChoice:45	1.60.1.70009	1.60.1.70245
CustomizationChoice:45294	1.60.1.70009	1.60.1.70009
CustomizationChoice:45310	1.60.1.70009	1.60.1.70009
CustomizationChoice:45575	1.60.1.70009	1.60.1.70245
CustomizationChoice:45576	1.60.1.70009	1.60.1.70245
CustomizationChoice:45579	1.60.1.70009	1.60.1.70245
CustomizationChoice:45609	1.60.1.70009	1.60.1.70245
CustomizationChoice:45610	1.60.1.70009	1.60.1.70245
CustomizationChoice:45616	1.60.1.70009	1.60.1.70245
CustomizationChoice:45619	1.60.1.70009	1.60.1.70245
CustomizationChoice:45632	1.60.1.70009	1.60.1.70245
CustomizationChoice:45633	1.60.1.70009	1.60.1.70245
CustomizationChoice:45634	1.60.1.70009	1.60.1.70245
CustomizationChoice:46	1.60.1.70009	1.60.1.70245
CustomizationChoice:47	1.60.1.70009	1.60.1.70245
CustomizationChoice:4755	1.60.1.70009	1.60.1.70245
CustomizationChoice:4758	1.60.1.70009	1.60.1.70245
CustomizationChoice:48	1.60.1.70009	1.60.1.70245
CustomizationChoice:49	1.60.1.70009	1.60.1.70245
CustomizationChoice:493	1.60.1.70009	1.60.1.70245
CustomizationChoice:4939	1.60.1.70009	1.60.1.70245
CustomizationChoice:494	1.60.1.70009	1.60.1.70245
CustomizationChoice:4940	1.60.1.70009	1.60.1.70245
CustomizationChoice:4941	1.60.1.70009	1.60.1.70245
CustomizationChoice:4942	1.60.1.70009	1.60.1.70245
CustomizationChoice:4943	1.60.1.70009	1.60.1.70245
CustomizationChoice:4944	1.60.1.70009	1.60.1.70245
CustomizationChoice:495	1.60.1.70009	1.60.1.70245
CustomizationChoice:496	1.60.1.70009	1.60.1.70245
CustomizationChoice:497	1.60.1.70009	1.60.1.70245
CustomizationChoice:50	1.60.1.70009	1.60.1.70245
CustomizationChoice:504	1.60.1.70009	1.60.1.70245
CustomizationChoice:50548	1.60.1.70009	1.60.1.70009
CustomizationChoice:51	1.60.1.70009	1.60.1.70245
CustomizationChoice:52	1.60.1.70009	1.60.1.70245
CustomizationChoice:53	1.60.1.70009	1.60.1.70245
CustomizationChoice:5330	1.60.1.70009	1.60.1.70245
CustomizationChoice:54	1.60.1.70009	1.60.1.70245
CustomizationChoice:54202	1.60.1.70009	1.60.1.70009
CustomizationChoice:54204	1.60.1.70009	1.60.1.70009
CustomizationChoice:54351	1.60.1.70009	1.60.1.70245
CustomizationChoice:54491	1.60.1.70009	1.60.1.70245
CustomizationChoice:54498	1.60.1.70009	1.60.1.70245
CustomizationChoice:54521	1.60.1.70009	1.60.1.70009
CustomizationChoice:54522	1.60.1.70009	1.60.1.70009
CustomizationChoice:54523	1.60.1.70009	1.60.1.70009
CustomizationChoice:54524	1.60.1.70009	1.60.1.70009
CustomizationChoice:54525	1.60.1.70009	1.60.1.70009
CustomizationChoice:54643	1.60.1.70009	1.60.1.70009
CustomizationChoice:54653	1.60.1.70009	1.60.1.70009
CustomizationChoice:54685	1.60.1.70009	1.60.1.70009
CustomizationChoice:54688	1.60.1.70009	1.60.1.70009
CustomizationChoice:54690	1.60.1.70009	1.60.1.70009
CustomizationChoice:54691	1.60.1.70009	1.60.1.70009
CustomizationChoice:54695	1.60.1.70009	1.60.1.70009
CustomizationChoice:54696	1.60.1.70009	1.60.1.70009
CustomizationChoice:54700	1.60.1.70009	1.60.1.70009
CustomizationChoice:54706	1.60.1.70009	1.60.1.70009
CustomizationChoice:54707	1.60.1.70009	1.60.1.70009
CustomizationChoice:54712	1.60.1.70009	1.60.1.70245
CustomizationChoice:54730	1.60.1.70009	1.60.1.70009
CustomizationChoice:54741	1.60.1.70009	1.60.1.70009
CustomizationChoice:54750	1.60.1.70009	1.60.1.70009
CustomizationChoice:54895	1.60.1.70009	1.60.1.70009
CustomizationChoice:54970	1.60.1.70009	1.60.1.70245
CustomizationChoice:54971	1.60.1.70009	1.60.1.70245
CustomizationChoice:54976	1.60.1.70009	1.60.1.70245
CustomizationChoice:54981	1.60.1.70009	1.60.1.70009
CustomizationChoice:54990	1.60.1.70009	1.60.1.70245
CustomizationChoice:54994	1.60.1.70009	1.60.1.70245
CustomizationChoice:54999	1.60.1.70009	1.60.1.70245
CustomizationChoice:55	1.60.1.70009	1.60.1.70009
CustomizationChoice:55003	1.60.1.70009	1.60.1.70245
CustomizationChoice:55007	1.60.1.70009	1.60.1.70245
CustomizationChoice:55008	1.60.1.70009	1.60.1.70245
CustomizationChoice:55009	1.60.1.70009	1.60.1.70245
CustomizationChoice:55010	1.60.1.70009	1.60.1.70245
CustomizationChoice:55014	1.60.1.70009	1.60.1.70245
CustomizationChoice:55015	1.60.1.70009	1.60.1.70245
CustomizationChoice:55106	1.60.1.70009	1.60.1.70009
CustomizationChoice:55382	1.60.1.70009	1.60.1.70245
CustomizationChoice:55432	1.60.1.70009	1.60.1.70009
CustomizationChoice:55434	1.60.1.70009	1.60.1.70245
CustomizationChoice:55447	1.60.1.70009	1.60.1.70245
CustomizationChoice:55448	1.60.1.70009	1.60.1.70245
CustomizationChoice:55449	1.60.1.70009	1.60.1.70245
CustomizationChoice:55450	1.60.1.70009	1.60.1.70245
CustomizationChoice:55473	1.60.1.70009	1.60.1.70245
CustomizationChoice:55487	1.60.1.70009	1.60.1.70245
CustomizationChoice:55495	1.60.1.70009	1.60.1.70009
CustomizationChoice:55496	1.60.1.70009	1.60.1.70009
CustomizationChoice:55514	1.60.1.70009	1.60.1.70245
CustomizationChoice:55516	1.60.1.70009	1.60.1.70245
CustomizationChoice:55593	1.60.1.70009	1.60.1.70245
CustomizationChoice:55596	1.60.1.70009	1.60.1.70245
CustomizationChoice:55598	1.60.1.70009	1.60.1.70245
CustomizationChoice:55599	1.60.1.70009	1.60.1.70245
CustomizationChoice:55600	1.60.1.70009	1.60.1.70245
CustomizationChoice:55601	1.60.1.70009	1.60.1.70245
CustomizationChoice:55602	1.60.1.70009	1.60.1.70245
CustomizationChoice:55603	1.60.1.70009	1.60.1.70245
CustomizationChoice:55607	1.60.1.70009	1.60.1.70245
CustomizationChoice:55613	1.60.1.70009	1.60.1.70245
CustomizationChoice:55614	1.60.1.70009	1.60.1.70245
CustomizationChoice:55615	1.60.1.70009	1.60.1.70245
CustomizationChoice:55617	1.60.1.70009	1.60.1.70245
CustomizationChoice:55618	1.60.1.70009	1.60.1.70245
CustomizationChoice:55622	1.60.1.70009	1.60.1.70245
CustomizationChoice:55624	1.60.1.70009	1.60.1.70245
CustomizationChoice:55626	1.60.1.70009	1.60.1.70245
CustomizationChoice:55628	1.60.1.70009	1.60.1.70245
CustomizationChoice:55629	1.60.1.70009	1.60.1.70245
CustomizationChoice:55640	1.60.1.70009	1.60.1.70009
CustomizationChoice:55641	1.60.1.70009	1.60.1.70245
CustomizationChoice:55647	1.60.1.70009	1.60.1.70245
CustomizationChoice:55648	1.60.1.70009	1.60.1.70245
CustomizationChoice:55649	1.60.1.70009	1.60.1.70245
CustomizationChoice:55650	1.60.1.70009	1.60.1.70245
CustomizationChoice:55651	1.60.1.70009	1.60.1.70245
CustomizationChoice:55652	1.60.1.70009	1.60.1.70245
CustomizationChoice:55653	1.60.1.70009	1.60.1.70245
CustomizationChoice:55654	1.60.1.70009	1.60.1.70245
CustomizationChoice:55655	1.60.1.70009	1.60.1.70009
CustomizationChoice:55656	1.60.1.70009	1.60.1.70245
CustomizationChoice:55657	1.60.1.70009	1.60.1.70245
CustomizationChoice:55658	1.60.1.70009	1.60.1.70245
CustomizationChoice:55659	1.60.1.70009	1.60.1.70245
CustomizationChoice:55660	1.60.1.70009	1.60.1.70245
CustomizationChoice:55661	1.60.1.70009	1.60.1.70245
CustomizationChoice:55662	1.60.1.70009	1.60.1.70245
CustomizationChoice:55663	1.60.1.70009	1.60.1.70245
CustomizationChoice:55664	1.60.1.70009	1.60.1.70009
CustomizationChoice:55665	1.60.1.70009	1.60.1.70009
CustomizationChoice:55666	1.60.1.70009	1.60.1.70009
CustomizationChoice:55668	1.60.1.70009	1.60.1.70009
CustomizationChoice:55669	1.60.1.70009	1.60.1.70009
CustomizationChoice:55670	1.60.1.70009	1.60.1.70009
CustomizationChoice:55685	1.60.1.70009	1.60.1.70009
CustomizationChoice:55687	1.60.1.70009	1.60.1.70009
CustomizationChoice:55717	1.60.1.70009	1.60.1.70245
CustomizationChoice:55736	1.60.1.70009	1.60.1.70245
CustomizationChoice:55738	1.60.1.70009	1.60.1.70245
CustomizationChoice:55739	1.60.1.70009	1.60.1.70245
CustomizationChoice:55765	1.60.1.70009	1.60.1.70245
CustomizationChoice:55775	1.60.1.70009	1.60.1.70245
CustomizationChoice:55776	1.60.1.70009	1.60.1.70245
CustomizationChoice:55777	1.60.1.70009	1.60.1.70245
CustomizationChoice:55778	1.60.1.70009	1.60.1.70245
CustomizationChoice:55885	1.60.1.70009	1.60.1.70245
CustomizationChoice:56	1.60.1.70009	1.60.1.70245
CustomizationChoice:56429	1.60.1.70009	1.60.1.70245
CustomizationChoice:56430	1.60.1.70009	1.60.1.70245
CustomizationChoice:56481	1.60.1.70009	1.60.1.70245
CustomizationChoice:56484	1.60.1.70009	1.60.1.70245
CustomizationChoice:56487	1.60.1.70009	1.60.1.70245
CustomizationChoice:56488	1.60.1.70009	1.60.1.70245
CustomizationChoice:56491	1.60.1.70009	1.60.1.70245
CustomizationChoice:56493	1.60.1.70009	1.60.1.70245
CustomizationChoice:56494	1.60.1.70009	1.60.1.70245
CustomizationChoice:56495	1.60.1.70009	1.60.1.70245
CustomizationChoice:56496	1.60.1.70009	1.60.1.70245
CustomizationChoice:56497	1.60.1.70009	1.60.1.70245
CustomizationChoice:56517	1.60.1.70009	1.60.1.70245
CustomizationChoice:56518	1.60.1.70009	1.60.1.70245
CustomizationChoice:56520	1.60.1.70009	1.60.1.70245
CustomizationChoice:56523	1.60.1.70009	1.60.1.70245
CustomizationChoice:56555	1.60.1.70009	1.60.1.70245
CustomizationChoice:56556	1.60.1.70009	1.60.1.70245
CustomizationChoice:56559	1.60.1.70009	1.60.1.70245
CustomizationChoice:56561	1.60.1.70009	1.60.1.70245
CustomizationChoice:56563	1.60.1.70009	1.60.1.70245
CustomizationChoice:56616	1.60.1.70009	1.60.1.70245
CustomizationChoice:56629	1.60.1.70009	1.60.1.70245
CustomizationChoice:56632	1.60.1.70009	1.60.1.70245
CustomizationChoice:56663	1.60.1.70009	1.60.1.70245
CustomizationChoice:56664	1.60.1.70009	1.60.1.70245
CustomizationChoice:56670	1.60.1.70009	1.60.1.70009
CustomizationChoice:56671	1.60.1.70009	1.60.1.70245
CustomizationChoice:56697	1.60.1.70009	1.60.1.70245
CustomizationChoice:56717	1.60.1.70009	1.60.1.70245
CustomizationChoice:56747	1.60.1.70009	1.60.1.70245
CustomizationChoice:56748	1.60.1.70009	1.60.1.70245
CustomizationChoice:56749	1.60.1.70009	1.60.1.70245
CustomizationChoice:56750	1.60.1.70009	1.60.1.70245
CustomizationChoice:56751	1.60.1.70009	1.60.1.70245
CustomizationChoice:56779	1.60.1.70009	1.60.1.70245
CustomizationChoice:56782	1.60.1.70009	1.60.1.70245
CustomizationChoice:56785	1.60.1.70009	1.60.1.70245
CustomizationChoice:56960	1.60.1.70009	1.60.1.70245
CustomizationChoice:56961	1.60.1.70009	1.60.1.70245
CustomizationChoice:56963	1.60.1.70009	1.60.1.70245
CustomizationChoice:56964	1.60.1.70009	1.60.1.70245
CustomizationChoice:56965	1.60.1.70009	1.60.1.70245
CustomizationChoice:56967	1.60.1.70009	1.60.1.70245
CustomizationChoice:56968	1.60.1.70009	1.60.1.70245
CustomizationChoice:56970	1.60.1.70009	1.60.1.70245
CustomizationChoice:56972	1.60.1.70009	1.60.1.70245
CustomizationChoice:56974	1.60.1.70009	1.60.1.70245
CustomizationChoice:56975	1.60.1.70009	1.60.1.70245
CustomizationChoice:56976	1.60.1.70009	1.60.1.70245
CustomizationChoice:56977	1.60.1.70009	1.60.1.70245
CustomizationChoice:56978	1.60.1.70009	1.60.1.70245
CustomizationChoice:56980	1.60.1.70009	1.60.1.70245
CustomizationChoice:56981	1.60.1.70009	1.60.1.70245
CustomizationChoice:56989	1.60.1.70009	1.60.1.70009
CustomizationChoice:56990	1.60.1.70009	1.60.1.70245
CustomizationChoice:56991	1.60.1.70009	1.60.1.70009
CustomizationChoice:57	1.60.1.70009	1.60.1.70245
CustomizationChoice:57285	1.60.1.70009	1.60.1.70245
CustomizationChoice:57292	1.60.1.70009	1.60.1.70009
CustomizationChoice:57295	1.60.1.70009	1.60.1.70245
CustomizationChoice:576	1.60.1.70009	1.60.1.70245
CustomizationChoice:578	1.60.1.70009	1.60.1.70245
CustomizationChoice:57804	1.60.1.70009	1.60.1.70009
CustomizationChoice:57856	1.60.1.70009	1.60.1.70009
CustomizationChoice:57883	1.60.1.70009	1.60.1.70245
CustomizationChoice:57887	1.60.1.70009	1.60.1.70245
CustomizationChoice:57889	1.60.1.70009	1.60.1.70245
CustomizationChoice:57911	1.60.1.70009	1.60.1.70245
CustomizationChoice:57912	1.60.1.70009	1.60.1.70245
CustomizationChoice:57918	1.60.1.70009	1.60.1.70245
CustomizationChoice:57922	1.60.1.70009	1.60.1.70245
CustomizationChoice:57928	1.60.1.70009	1.60.1.70009
CustomizationChoice:58	1.60.1.70009	1.60.1.70245
CustomizationChoice:580	1.60.1.70009	1.60.1.70245
CustomizationChoice:581	1.60.1.70009	1.60.1.70245
CustomizationChoice:58127	1.60.1.70009	1.60.1.70245
CustomizationChoice:58142	1.60.1.70009	1.60.1.70245
CustomizationChoice:58144	1.60.1.70009	1.60.1.70245
CustomizationChoice:58145	1.60.1.70009	1.60.1.70245
CustomizationChoice:58146	1.60.1.70009	1.60.1.70245
CustomizationChoice:58150	1.60.1.70009	1.60.1.70245
CustomizationChoice:58201	1.60.1.70009	1.60.1.70245
CustomizationChoice:58202	1.60.1.70009	1.60.1.70245
CustomizationChoice:58203	1.60.1.70009	1.60.1.70245
CustomizationChoice:58204	1.60.1.70009	1.60.1.70245
CustomizationChoice:58205	1.60.1.70009	1.60.1.70245
CustomizationChoice:58206	1.60.1.70009	1.60.1.70245
CustomizationChoice:58253	1.60.1.70009	1.60.1.70245
CustomizationChoice:58255	1.60.1.70009	1.60.1.70245
CustomizationChoice:58257	1.60.1.70009	1.60.1.70245
CustomizationChoice:58259	1.60.1.70009	1.60.1.70245
CustomizationChoice:58260	1.60.1.70009	1.60.1.70245
CustomizationChoice:58261	1.60.1.70009	1.60.1.70245
CustomizationChoice:58263	1.60.1.70009	1.60.1.70245
CustomizationChoice:58279	1.60.1.70009	1.60.1.70245
CustomizationChoice:58283	1.60.1.70009	1.60.1.70245
CustomizationChoice:58284	1.60.1.70009	1.60.1.70245
CustomizationChoice:58285	1.60.1.70009	1.60.1.70245
CustomizationChoice:58286	1.60.1.70009	1.60.1.70245
CustomizationChoice:58287	1.60.1.70009	1.60.1.70245
CustomizationChoice:58288	1.60.1.70009	1.60.1.70245
CustomizationChoice:58289	1.60.1.70009	1.60.1.70009
CustomizationChoice:58290	1.60.1.70009	1.60.1.70245
CustomizationChoice:58291	1.60.1.70009	1.60.1.70245
CustomizationChoice:585	1.60.1.70009	1.60.1.70245
CustomizationChoice:587	1.60.1.70009	1.60.1.70245
CustomizationChoice:58772	1.60.1.70009	1.60.1.70245
CustomizationChoice:58773	1.60.1.70009	1.60.1.70245
CustomizationChoice:58774	1.60.1.70009	1.60.1.70245
CustomizationChoice:58775	1.60.1.70009	1.60.1.70245
CustomizationChoice:58776	1.60.1.70009	1.60.1.70245
CustomizationChoice:58777	1.60.1.70009	1.60.1.70245
CustomizationChoice:58794	1.60.1.70009	1.60.1.70245
CustomizationChoice:58796	1.60.1.70009	1.60.1.70245
CustomizationChoice:588	1.60.1.70009	1.60.1.70245
CustomizationChoice:58889	1.60.1.70009	1.60.1.70245
CustomizationChoice:58891	1.60.1.70009	1.60.1.70245
CustomizationChoice:589	1.60.1.70009	1.60.1.70245
CustomizationChoice:59	1.60.1.70009	1.60.1.70245
CustomizationChoice:59178	1.60.1.70009	1.60.1.70009
CustomizationChoice:60	1.60.1.70009	1.60.1.70245
CustomizationChoice:605	1.60.1.70009	1.60.1.70245
CustomizationChoice:606	1.60.1.70009	1.60.1.70245
CustomizationChoice:60617	1.60.1.70009	1.60.1.70245
CustomizationChoice:60618	1.60.1.70009	1.60.1.70245
CustomizationChoice:60619	1.60.1.70009	1.60.1.70245
CustomizationChoice:60625	1.60.1.70009	1.60.1.70245
CustomizationChoice:60626	1.60.1.70009	1.60.1.70245
CustomizationChoice:60627	1.60.1.70009	1.60.1.70245
CustomizationChoice:60635	1.60.1.70009	1.60.1.70245
CustomizationChoice:60636	1.60.1.70009	1.60.1.70245
CustomizationChoice:60637	1.60.1.70009	1.60.1.70245
CustomizationChoice:60640	1.60.1.70009	1.60.1.70245
CustomizationChoice:60641	1.60.1.70009	1.60.1.70245
CustomizationChoice:60646	1.60.1.70009	1.60.1.70245
CustomizationChoice:60647	1.60.1.70009	1.60.1.70245
CustomizationChoice:60648	1.60.1.70009	1.60.1.70245
CustomizationChoice:60650	1.60.1.70009	1.60.1.70245
CustomizationChoice:60651	1.60.1.70009	1.60.1.70245
CustomizationChoice:60652	1.60.1.70009	1.60.1.70245
CustomizationChoice:60654	1.60.1.70009	1.60.1.70245
CustomizationChoice:60655	1.60.1.70009	1.60.1.70245
CustomizationChoice:60656	1.60.1.70009	1.60.1.70245
CustomizationChoice:60658	1.60.1.70009	1.60.1.70245
CustomizationChoice:60659	1.60.1.70009	1.60.1.70245
CustomizationChoice:60660	1.60.1.70009	1.60.1.70245
CustomizationChoice:60713	1.60.1.70009	1.60.1.70009
CustomizationChoice:608	1.60.1.70009	1.60.1.70245
CustomizationChoice:609	1.60.1.70009	1.60.1.70245
CustomizationChoice:610	1.60.1.70009	1.60.1.70245
CustomizationChoice:611	1.60.1.70009	1.60.1.70245
CustomizationChoice:613	1.60.1.70009	1.60.1.70245
CustomizationChoice:614	1.60.1.70009	1.60.1.70009
CustomizationChoice:6276	1.60.1.70009	1.60.1.70245
CustomizationChoice:6277	1.60.1.70009	1.60.1.70245
CustomizationChoice:6278	1.60.1.70009	1.60.1.70245
CustomizationChoice:62861	1.60.1.70009	1.60.1.70245
CustomizationChoice:62862	1.60.1.70009	1.60.1.70245
CustomizationChoice:62863	1.60.1.70009	1.60.1.70245
CustomizationChoice:62864	1.60.1.70009	1.60.1.70245
CustomizationChoice:62865	1.60.1.70009	1.60.1.70245
CustomizationChoice:62866	1.60.1.70009	1.60.1.70245
CustomizationChoice:62870	1.60.1.70009	1.60.1.70245
CustomizationChoice:62903	1.60.1.70009	1.60.1.70245
CustomizationChoice:62906	1.60.1.70009	1.60.1.70245
CustomizationChoice:63075	1.60.1.70009	1.60.1.70245
CustomizationChoice:63077	1.60.1.70009	1.60.1.70245
CustomizationChoice:63080	1.60.1.70009	1.60.1.70245
CustomizationChoice:63081	1.60.1.70009	1.60.1.70245
CustomizationChoice:63082	1.60.1.70009	1.60.1.70245
CustomizationChoice:63084	1.60.1.70009	1.60.1.70245
CustomizationChoice:63085	1.60.1.70009	1.60.1.70245
CustomizationChoice:63089	1.60.1.70009	1.60.1.70245
CustomizationChoice:63090	1.60.1.70009	1.60.1.70245
CustomizationChoice:63110	1.60.1.70009	1.60.1.70245
CustomizationChoice:6513	1.60.1.70009	1.60.1.70245
CustomizationChoice:6516	1.60.1.70009	1.60.1.70245
CustomizationChoice:6524	1.60.1.70009	1.60.1.70245
CustomizationChoice:6526	1.60.1.70009	1.60.1.70245
CustomizationChoice:655	1.60.1.70009	1.60.1.70245
CustomizationChoice:658	1.60.1.70009	1.60.1.70245
CustomizationChoice:659	1.60.1.70009	1.60.1.70245
CustomizationChoice:660	1.60.1.70009	1.60.1.70245
CustomizationChoice:662	1.60.1.70009	1.60.1.70245
CustomizationChoice:6620	1.60.1.70009	1.60.1.70245
CustomizationChoice:6621	1.60.1.70009	1.60.1.70245
CustomizationChoice:6622	1.60.1.70009	1.60.1.70245
CustomizationChoice:6623	1.60.1.70009	1.60.1.70245
CustomizationChoice:6626	1.60.1.70009	1.60.1.70245
CustomizationChoice:6627	1.60.1.70009	1.60.1.70245
CustomizationChoice:663	1.60.1.70009	1.60.1.70245
CustomizationChoice:6637	1.60.1.70009	1.60.1.70245
CustomizationChoice:6639	1.60.1.70009	1.60.1.70245
CustomizationChoice:665	1.60.1.70009	1.60.1.70245
CustomizationChoice:666	1.60.1.70009	1.60.1.70245
CustomizationChoice:667	1.60.1.70009	1.60.1.70245
CustomizationChoice:6701	1.60.1.70009	1.60.1.70245
CustomizationChoice:671	1.60.1.70009	1.60.1.70245
CustomizationChoice:672	1.60.1.70009	1.60.1.70245
CustomizationChoice:673	1.60.1.70009	1.60.1.70245
CustomizationChoice:6730	1.60.1.70009	1.60.1.70245
CustomizationChoice:6731	1.60.1.70009	1.60.1.70245
CustomizationChoice:6732	1.60.1.70009	1.60.1.70245
CustomizationChoice:6733	1.60.1.70009	1.60.1.70245
CustomizationChoice:674	1.60.1.70009	1.60.1.70245
CustomizationChoice:7152	1.60.1.70009	1.60.1.70245
CustomizationChoice:7186	1.60.1.70009	1.60.1.70245
CustomizationChoice:7187	1.60.1.70009	1.60.1.70245
CustomizationChoice:7188	1.60.1.70009	1.60.1.70245
CustomizationChoice:7189	1.60.1.70009	1.60.1.70245
CustomizationChoice:7190	1.60.1.70009	1.60.1.70245
CustomizationChoice:7191	1.60.1.70009	1.60.1.70245
CustomizationChoice:7206	1.60.1.70009	1.60.1.70245
CustomizationChoice:7207	1.60.1.70009	1.60.1.70245
CustomizationChoice:7210	1.60.1.70009	1.60.1.70245
CustomizationChoice:7211	1.60.1.70009	1.60.1.70245
CustomizationChoice:7212	1.60.1.70009	1.60.1.70245
CustomizationChoice:7228	1.60.1.70009	1.60.1.70245
CustomizationChoice:7229	1.60.1.70009	1.60.1.70245
CustomizationChoice:7237	1.60.1.70009	1.60.1.70245
CustomizationChoice:7244	1.60.1.70009	1.60.1.70245
CustomizationChoice:7245	1.60.1.70009	1.60.1.70245
CustomizationChoice:7246	1.60.1.70009	1.60.1.70245
CustomizationChoice:7247	1.60.1.70009	1.60.1.70245
CustomizationChoice:7345	1.60.1.70009	1.60.1.70245
CustomizationChoice:738	1.60.1.70009	1.60.1.70245
CustomizationChoice:743	1.60.1.70009	1.60.1.70245
CustomizationChoice:744	1.60.1.70009	1.60.1.70245
CustomizationChoice:7445	1.60.1.70009	1.60.1.70245
CustomizationChoice:7447	1.60.1.70009	1.60.1.70245
CustomizationChoice:7448	1.60.1.70009	1.60.1.70245
CustomizationChoice:7449	1.60.1.70009	1.60.1.70245
CustomizationChoice:7451	1.60.1.70009	1.60.1.70245
CustomizationChoice:7452	1.60.1.70009	1.60.1.70245
CustomizationChoice:7453	1.60.1.70009	1.60.1.70245
CustomizationChoice:7454	1.60.1.70009	1.60.1.70245
CustomizationChoice:7479	1.60.1.70009	1.60.1.70245
CustomizationChoice:748	1.60.1.70009	1.60.1.70245
CustomizationChoice:7483	1.60.1.70009	1.60.1.70245
CustomizationChoice:7485	1.60.1.70009	1.60.1.70245
CustomizationChoice:7486	1.60.1.70009	1.60.1.70245
CustomizationChoice:7487	1.60.1.70009	1.60.1.70245
CustomizationChoice:7490	1.60.1.70009	1.60.1.70245
CustomizationChoice:7491	1.60.1.70009	1.60.1.70245
CustomizationChoice:7704	1.60.1.70009	1.60.1.70245
CustomizationChoice:7706	1.60.1.70009	1.60.1.70245
CustomizationChoice:7708	1.60.1.70009	1.60.1.70245
CustomizationChoice:7748	1.60.1.70009	1.60.1.70245
CustomizationChoice:7749	1.60.1.70009	1.60.1.70245
CustomizationChoice:7750	1.60.1.70009	1.60.1.70245
CustomizationChoice:7751	1.60.1.70009	1.60.1.70245
CustomizationChoice:7752	1.60.1.70009	1.60.1.70245
CustomizationChoice:7753	1.60.1.70009	1.60.1.70245
CustomizationChoice:7754	1.60.1.70009	1.60.1.70245
CustomizationChoice:7764	1.60.1.70009	1.60.1.70245
CustomizationChoice:7767	1.60.1.70009	1.60.1.70245
CustomizationChoice:77679	1.60.1.70009	1.60.1.70245
CustomizationChoice:77680	1.60.1.70009	1.60.1.70245
CustomizationChoice:77681	1.60.1.70009	1.60.1.70245
CustomizationChoice:77683	1.60.1.70009	1.60.1.70245
CustomizationChoice:77685	1.60.1.70009	1.60.1.70009
CustomizationChoice:77686	1.60.1.70009	1.60.1.70245
CustomizationChoice:7769	1.60.1.70009	1.60.1.70245
CustomizationChoice:7776	1.60.1.70009	1.60.1.70245
CustomizationChoice:7777	1.60.1.70009	1.60.1.70245
CustomizationChoice:77791	1.60.1.70009	1.60.1.70245
CustomizationChoice:77792	1.60.1.70009	1.60.1.70245
CustomizationChoice:77793	1.60.1.70009	1.60.1.70245
CustomizationChoice:77794	1.60.1.70009	1.60.1.70245
CustomizationChoice:77796	1.60.1.70009	1.60.1.70245
CustomizationChoice:77797	1.60.1.70009	1.60.1.70245
CustomizationChoice:77798	1.60.1.70009	1.60.1.70245
CustomizationChoice:7780	1.60.1.70009	1.60.1.70245
CustomizationChoice:7782	1.60.1.70009	1.60.1.70245
CustomizationChoice:7783	1.60.1.70009	1.60.1.70245
CustomizationChoice:7784	1.60.1.70009	1.60.1.70245
CustomizationChoice:77841	1.60.1.70009	1.60.1.70245
CustomizationChoice:77842	1.60.1.70009	1.60.1.70245
CustomizationChoice:7785	1.60.1.70009	1.60.1.70245
CustomizationChoice:7786	1.60.1.70009	1.60.1.70245
CustomizationChoice:77952	1.60.1.70009	1.60.1.70245
CustomizationChoice:77953	1.60.1.70009	1.60.1.70245
CustomizationChoice:7797	1.60.1.70009	1.60.1.70245
CustomizationChoice:7798	1.60.1.70009	1.60.1.70245
CustomizationChoice:7807	1.60.1.70009	1.60.1.70245
CustomizationChoice:7808	1.60.1.70009	1.60.1.70245
CustomizationChoice:78240	1.60.1.70009	1.60.1.70245
CustomizationChoice:78242	1.60.1.70009	1.60.1.70245
CustomizationChoice:8089	1.60.1.70009	1.60.1.70245
CustomizationChoice:8090	1.60.1.70009	1.60.1.70245
CustomizationChoice:821	1.60.1.70009	1.60.1.70245
CustomizationChoice:8363	1.60.1.70009	1.60.1.70245
CustomizationChoice:8365	1.60.1.70009	1.60.1.70245
CustomizationChoice:8370	1.60.1.70009	1.60.1.70009
CustomizationChoice:8390	1.60.1.70009	1.60.1.70245
CustomizationChoice:8391	1.60.1.70009	1.60.1.70245
CustomizationChoice:8392	1.60.1.70009	1.60.1.70245
CustomizationChoice:8393	1.60.1.70009	1.60.1.70245
CustomizationChoice:8399	1.60.1.70009	1.60.1.70245
CustomizationChoice:844	1.60.1.70009	1.60.1.70245
CustomizationChoice:846	1.60.1.70009	1.60.1.70245
CustomizationChoice:850	1.60.1.70009	1.60.1.70245
CustomizationChoice:8539	1.60.1.70009	1.60.1.70245
CustomizationChoice:8543	1.60.1.70009	1.60.1.70245
CustomizationChoice:8544	1.60.1.70009	1.60.1.70245
CustomizationChoice:856	1.60.1.70009	1.60.1.70245
CustomizationChoice:857	1.60.1.70009	1.60.1.70245
CustomizationChoice:871	1.60.1.70009	1.60.1.70245
CustomizationChoice:872	1.60.1.70009	1.60.1.70245
CustomizationChoice:873	1.60.1.70009	1.60.1.70245
CustomizationChoice:874	1.60.1.70009	1.60.1.70245
CustomizationChoice:875	1.60.1.70009	1.60.1.70245
CustomizationChoice:877	1.60.1.70009	1.60.1.70245
CustomizationChoice:8772	1.60.1.70009	1.60.1.70245
CustomizationChoice:878	1.60.1.70009	1.60.1.70245
CustomizationChoice:879	1.60.1.70009	1.60.1.70245
CustomizationChoice:880	1.60.1.70009	1.60.1.70245
CustomizationChoice:9069	1.60.1.70009	1.60.1.70245
CustomizationChoice:9070	1.60.1.70009	1.60.1.70245
CustomizationChoice:9071	1.60.1.70009	1.60.1.70245
CustomizationChoice:9074	1.60.1.70009	1.60.1.70245
CustomizationChoice:9078	1.60.1.70009	1.60.1.70245
CustomizationChoice:9082	1.60.1.70009	1.60.1.70245
CustomizationChoice:9089	1.60.1.70009	1.60.1.70245
CustomizationChoice:9096	1.60.1.70009	1.60.1.70245
CustomizationChoice:9099	1.60.1.70009	1.60.1.70245
CustomizationChoice:9119	1.60.1.70009	1.60.1.70245
CustomizationChoice:9122	1.60.1.70009	1.60.1.70245
CustomizationChoice:9124	1.60.1.70009	1.60.1.70245
CustomizationChoice:9125	1.60.1.70009	1.60.1.70245
CustomizationChoice:9128	1.60.1.70009	1.60.1.70245
CustomizationChoice:9130	1.60.1.70009	1.60.1.70245
CustomizationChoice:9139	1.60.1.70009	1.60.1.70245
CustomizationChoice:9142	1.60.1.70009	1.60.1.70245
CustomizationChoice:9143	1.60.1.70009	1.60.1.70245
CustomizationChoice:9144	1.60.1.70009	1.60.1.70245
CustomizationChoice:9157	1.60.1.70009	1.60.1.70245
CustomizationChoice:942	1.60.1.70009	1.60.1.70245
CustomizationChoice:943	1.60.1.70009	1.60.1.70245
CustomizationChoice:9499	1.60.1.70009	1.60.1.70245
CustomizationChoice:952	1.60.1.70009	1.60.1.70245
CustomizationChoice:9582	1.60.1.70009	1.60.1.70245
CustomizationChoice:9633	1.60.1.70009	1.60.1.70245
CustomizationChoice:9634	1.60.1.70009	1.60.1.70245
CustomizationChoice:967	1.60.1.70009	1.60.1.70245
CustomizationChoice:968	1.60.1.70009	1.60.1.70245
CustomizationChoice:969	1.60.1.70009	1.60.1.70245
CustomizationChoice:971	1.60.1.70009	1.60.1.70245
CustomizationChoice:975	1.60.1.70009	1.60.1.70245
CustomizationChoice:976	1.60.1.70009	1.60.1.70245
CustomizationChoice:977	1.60.1.70009	1.60.1.70245
CustomizationChoice:978	1.60.1.70009	1.60.1.70245
CustomizationChoice:979	1.60.1.70009	1.60.1.70245
CustomizationChoice:980	1.60.1.70009	1.60.1.70245
CustomizationChoice:9826	1.60.1.70009	1.60.1.70245
CustomizationChoice:9827	1.60.1.70009	1.60.1.70245
CustomizationChoice:9869	1.60.1.70009	1.60.1.70245
CustomizationChoice:9873	1.60.1.70009	1.60.1.70245
CustomizationChoice:9880	1.60.1.70009	1.60.1.70245
CustomizationChoice:9881	1.60.1.70009	1.60.1.70245
CustomizationChoice:9883	1.60.1.70009	1.60.1.70245
CustomizationChoice:9885	1.60.1.70009	1.60.1.70245
CustomizationChoice:9887	1.60.1.70009	1.60.1.70245
CustomizationChoice:9888	1.60.1.70009	1.60.1.70245
CustomizationChoice:9890	1.60.1.70009	1.60.1.70245
CustomizationChoice:9892	1.60.1.70009	1.60.1.70245
CustomizationChoice:9893	1.60.1.70009	1.60.1.70245
CustomizationChoice:9894	1.60.1.70009	1.60.1.70245
CustomizationChoice:9895	1.60.1.70009	1.60.1.70245
CustomizationChoice:9896	1.60.1.70009	1.60.1.70245
CustomizationChoice:9898	1.60.1.70009	1.60.1.70245
CustomizationChoice:9900	1.60.1.70009	1.60.1.70245
CustomizationChoice:9901	1.60.1.70009	1.60.1.70245
CustomizationChoice:9920	1.60.1.70009	1.60.1.70245
CustomizationChoice:9921	1.60.1.70009	1.60.1.70245
CustomizationChoice:9928	1.60.1.70009	1.60.1.70245
CustomizationChoice:9945	1.60.1.70009	1.60.1.70245
CustomizationChoice:9946	1.60.1.70009	1.60.1.70245
CustomizationChoice:9969	1.60.1.70009	1.60.1.70245
CustomizationOption:1	1.60.1.70009	1.60.1.70245
CustomizationOption:104	1.60.1.70009	1.60.1.70245
CustomizationOption:116	1.60.1.70009	1.60.1.70245
CustomizationOption:117	1.60.1.70009	1.60.1.70245
CustomizationOption:118	1.60.1.70009	1.60.1.70245
CustomizationOption:1518	1.60.1.70009	1.60.1.70245
CustomizationOption:1519	1.60.1.70009	1.60.1.70245
CustomizationOption:1528	1.60.1.70009	1.60.1.70245
CustomizationOption:1529	1.60.1.70009	1.60.1.70245
CustomizationOption:1533	1.60.1.70009	1.60.1.70245
CustomizationOption:1535	1.60.1.70009	1.60.1.70245
CustomizationOption:1536	1.60.1.70009	1.60.1.70245
CustomizationOption:1540	1.60.1.70009	1.60.1.70245
CustomizationOption:1550	1.60.1.70009	1.60.1.70245
CustomizationOption:1558	1.60.1.70009	1.60.1.70245
CustomizationOption:1560	1.60.1.70009	1.60.1.70245
CustomizationOption:1562	1.60.1.70009	1.60.1.70245
CustomizationOption:1564	1.60.1.70009	1.60.1.70245
CustomizationOption:1577	1.60.1.70009	1.60.1.70245
CustomizationOption:1578	1.60.1.70009	1.60.1.70245
CustomizationOption:1582	1.60.1.70009	1.60.1.70245
CustomizationOption:1584	1.60.1.70009	1.60.1.70245
CustomizationOption:1587	1.60.1.70009	1.60.1.70245
CustomizationOption:1591	1.60.1.70009	1.60.1.70245
CustomizationOption:1592	1.60.1.70009	1.60.1.70245
CustomizationOption:1593	1.60.1.70009	1.60.1.70245
CustomizationOption:1595	1.60.1.70009	1.60.1.70245
CustomizationOption:1596	1.60.1.70009	1.60.1.70245
CustomizationOption:1597	1.60.1.70009	1.60.1.70245
CustomizationOption:1599	1.60.1.70009	1.60.1.70245
CustomizationOption:1600	1.60.1.70009	1.60.1.70245
CustomizationOption:1601	1.60.1.70009	1.60.1.70245
CustomizationOption:1602	1.60.1.70009	1.60.1.70245
CustomizationOption:1603	1.60.1.70009	1.60.1.70245
CustomizationOption:1604	1.60.1.70009	1.60.1.70245
CustomizationOption:1607	1.60.1.70009	1.60.1.70245
CustomizationOption:1608	1.60.1.70009	1.60.1.70245
CustomizationOption:1610	1.60.1.70009	1.60.1.70245
CustomizationOption:1630	1.60.1.70009	1.60.1.70245
CustomizationOption:1634	1.60.1.70009	1.60.1.70245
CustomizationOption:1636	1.60.1.70009	1.60.1.70245
CustomizationOption:1637	1.60.1.70009	1.60.1.70245
CustomizationOption:1639	1.60.1.70009	1.60.1.70245
CustomizationOption:1640	1.60.1.70009	1.60.1.70245
CustomizationOption:1652	1.60.1.70009	1.60.1.70245
CustomizationOption:1695	1.60.1.70009	1.60.1.70245
CustomizationOption:1764	1.60.1.70009	1.60.1.70245
CustomizationOption:1771	1.60.1.70009	1.60.1.70245
CustomizationOption:1772	1.60.1.70009	1.60.1.70245
CustomizationOption:1773	1.60.1.70009	1.60.1.70245
CustomizationOption:1778	1.60.1.70009	1.60.1.70245
CustomizationOption:1787	1.60.1.70009	1.60.1.70245
CustomizationOption:1788	1.60.1.70009	1.60.1.70245
CustomizationOption:1791	1.60.1.70009	1.60.1.70245
CustomizationOption:1792	1.60.1.70009	1.60.1.70245
CustomizationOption:1833	1.60.1.70009	1.60.1.70245
CustomizationOption:1834	1.60.1.70009	1.60.1.70245
CustomizationOption:1842	1.60.1.70009	1.60.1.70245
CustomizationOption:1843	1.60.1.70009	1.60.1.70245
CustomizationOption:1844	1.60.1.70009	1.60.1.70245
CustomizationOption:1845	1.60.1.70009	1.60.1.70245
CustomizationOption:1976	1.60.1.70009	1.60.1.70245
CustomizationOption:1984	1.60.1.70009	1.60.1.70245
CustomizationOption:1985	1.60.1.70009	1.60.1.70245
CustomizationOption:1986	1.60.1.70009	1.60.1.70245
CustomizationOption:1987	1.60.1.70009	1.60.1.70245
CustomizationOption:1988	1.60.1.70009	1.60.1.70245
CustomizationOption:1989	1.60.1.70009	1.60.1.70245
CustomizationOption:1990	1.60.1.70009	1.60.1.70245
CustomizationOption:2	1.60.1.70009	1.60.1.70245
CustomizationOption:2013	1.60.1.70009	1.60.1.70245
CustomizationOption:203	1.60.1.70009	1.60.1.70245
CustomizationOption:248	1.60.1.70009	1.60.1.70245
CustomizationOption:275	1.60.1.70009	1.60.1.70245
CustomizationOption:289	1.60.1.70009	1.60.1.70245
CustomizationOption:294	1.60.1.70009	1.60.1.70245
CustomizationOption:3	1.60.1.70009	1.60.1.70245
CustomizationOption:3078	1.60.1.70009	1.60.1.70245
CustomizationOption:309	1.60.1.70009	1.60.1.70245
CustomizationOption:324	1.60.1.70009	1.60.1.70245
CustomizationOption:338	1.60.1.70009	1.60.1.70245
CustomizationOption:34	1.60.1.70009	1.60.1.70245
CustomizationOption:353	1.60.1.70009	1.60.1.70245
CustomizationOption:366	1.60.1.70009	1.60.1.70245
CustomizationOption:367	1.60.1.70009	1.60.1.70245
CustomizationOption:389	1.60.1.70009	1.60.1.70245
CustomizationOption:394	1.60.1.70009	1.60.1.70245
CustomizationOption:4	1.60.1.70009	1.60.1.70245
CustomizationOption:408	1.60.1.70009	1.60.1.70245
CustomizationOption:415	1.60.1.70009	1.60.1.70245
CustomizationOption:463	1.60.1.70009	1.60.1.70245
CustomizationOption:5	1.60.1.70009	1.60.1.70245
CustomizationOption:516	1.60.1.70009	1.60.1.70245
CustomizationOption:525	1.60.1.70009	1.60.1.70245
CustomizationOption:53	1.60.1.70009	1.60.1.70245
CustomizationOption:534	1.60.1.70009	1.60.1.70245
CustomizationOption:559	1.60.1.70009	1.60.1.70245
CustomizationOption:567	1.60.1.70009	1.60.1.70245
CustomizationOption:585	1.60.1.70009	1.60.1.70245
CustomizationOption:586	1.60.1.70009	1.60.1.70245
CustomizationOption:6	1.60.1.70009	1.60.1.70245
CustomizationOption:62	1.60.1.70009	1.60.1.70245
CustomizationOption:631	1.60.1.70009	1.60.1.70245
CustomizationOption:661	1.60.1.70009	1.60.1.70245
CustomizationOption:672	1.60.1.70009	1.60.1.70245
CustomizationOption:689	1.60.1.70009	1.60.1.70245
CustomizationOption:695	1.60.1.70009	1.60.1.70245
CustomizationOption:699	1.60.1.70009	1.60.1.70245
CustomizationOption:7	1.60.1.70009	1.60.1.70245
CustomizationOption:701	1.60.1.70009	1.60.1.70245
CustomizationOption:705	1.60.1.70009	1.60.1.70245
CustomizationOption:706	1.60.1.70009	1.60.1.70245
CustomizationOption:72	1.60.1.70009	1.60.1.70245
CustomizationOption:736	1.60.1.70009	1.60.1.70245
CustomizationOption:745	1.60.1.70009	1.60.1.70245
CustomizationOption:767	1.60.1.70009	1.60.1.70245
CustomizationOption:768	1.60.1.70009	1.60.1.70245
CustomizationOption:776	1.60.1.70009	1.60.1.70245
CustomizationOption:786	1.60.1.70009	1.60.1.70245
CustomizationOption:79	1.60.1.70009	1.60.1.70245
CustomizationOption:797	1.60.1.70009	1.60.1.70245
CustomizationOption:8	1.60.1.70009	1.60.1.70245
CustomizationOption:806	1.60.1.70009	1.60.1.70245
CustomizationOption:807	1.60.1.70009	1.60.1.70245
CustomizationOption:8548	1.60.1.70009	1.60.1.70245
CustomizationOption:8612	1.60.1.70009	1.60.1.70245
CustomizationOption:8616	1.60.1.70009	1.60.1.70245
CustomizationOption:8617	1.60.1.70009	1.60.1.70245
CustomizationOption:8618	1.60.1.70009	1.60.1.70245
CustomizationOption:8619	1.60.1.70009	1.60.1.70245
CustomizationOption:8623	1.60.1.70009	1.60.1.70245
CustomizationOption:8624	1.60.1.70009	1.60.1.70245
CustomizationOption:8625	1.60.1.70009	1.60.1.70245
CustomizationOption:8649	1.60.1.70009	1.60.1.70245
CustomizationOption:865	1.60.1.70009	1.60.1.70245
CustomizationOption:8654	1.60.1.70009	1.60.1.70245
CustomizationOption:8655	1.60.1.70009	1.60.1.70245
CustomizationOption:8656	1.60.1.70009	1.60.1.70245
CustomizationOption:8657	1.60.1.70009	1.60.1.70245
CustomizationOption:8660	1.60.1.70009	1.60.1.70245
CustomizationOption:8661	1.60.1.70009	1.60.1.70245
CustomizationOption:8663	1.60.1.70009	1.60.1.70245
CustomizationOption:8664	1.60.1.70009	1.60.1.70245
CustomizationOption:8675	1.60.1.70009	1.60.1.70245
CustomizationOption:8676	1.60.1.70009	1.60.1.70245
CustomizationOption:8683	1.60.1.70009	1.60.1.70245
CustomizationOption:8685	1.60.1.70009	1.60.1.70245
CustomizationOption:8687	1.60.1.70009	1.60.1.70245
CustomizationOption:8711	1.60.1.70009	1.60.1.70245
CustomizationOption:8718	1.60.1.70009	1.60.1.70245
CustomizationOption:877	1.60.1.70009	1.60.1.70245
CustomizationOption:8770	1.60.1.70009	1.60.1.70245
CustomizationOption:8771	1.60.1.70009	1.60.1.70245
CustomizationOption:8774	1.60.1.70009	1.60.1.70245
CustomizationOption:8797	1.60.1.70009	1.60.1.70245
CustomizationOption:8806	1.60.1.70009	1.60.1.70245
CustomizationOption:8808	1.60.1.70009	1.60.1.70245
CustomizationOption:882	1.60.1.70009	1.60.1.70245
CustomizationOption:8842	1.60.1.70009	1.60.1.70245
CustomizationOption:8843	1.60.1.70009	1.60.1.70245
CustomizationOption:8844	1.60.1.70009	1.60.1.70245
CustomizationOption:8845	1.60.1.70009	1.60.1.70245
CustomizationOption:8847	1.60.1.70009	1.60.1.70245
CustomizationOption:8869	1.60.1.70009	1.60.1.70245
CustomizationOption:8871	1.60.1.70009	1.60.1.70245
CustomizationOption:8874	1.60.1.70009	1.60.1.70245
CustomizationOption:89	1.60.1.70009	1.60.1.70245
CustomizationOption:8907	1.60.1.70009	1.60.1.70245
CustomizationOption:891	1.60.1.70009	1.60.1.70245
CustomizationOption:8912	1.60.1.70009	1.60.1.70245
CustomizationOption:8917	1.60.1.70009	1.60.1.70245
CustomizationOption:8919	1.60.1.70009	1.60.1.70245
CustomizationOption:8924	1.60.1.70009	1.60.1.70245
CustomizationOption:8930	1.60.1.70009	1.60.1.70245
CustomizationOption:8944	1.60.1.70009	1.60.1.70245
CustomizationOption:9006	1.60.1.70009	1.60.1.70245
CustomizationOption:9008	1.60.1.70009	1.60.1.70245
CustomizationOption:9010	1.60.1.70009	1.60.1.70245
CustomizationOption:9017	1.60.1.70009	1.60.1.70245
CustomizationOption:9019	1.60.1.70009	1.60.1.70245
CustomizationOption:9029	1.60.1.70009	1.60.1.70245
CustomizationOption:9219	1.60.1.70009	1.60.1.70245
CustomizationOption:9232	1.60.1.70009	1.60.1.70245
CustomizationOption:94	1.60.1.70009	1.60.1.70245
CustomizationOption:969	1.60.1.70009	1.60.1.70245
CustomizationSource:4084	1.60.1.70009	1.60.1.70245
DAMAGE	1.60.1.69913	1.60.1.70245
DAMAGER	1.60.1.69913	1.60.1.70245
DAMAGE_DONE_TOOLTIP	1.60.1.69913	1.60.1.70245
DAMAGE_DONE_TOOLTIP_TITLE	1.60.1.69913	1.60.1.70245
DAMAGE_METER_AVOIDABLE_DAMAGE_NOT_ACTIVE	1.60.1.69913	1.60.1.70245
DAMAGE_METER_CATEGORY_ACTIONS	1.60.1.69913	1.60.1.70245
DAMAGE_METER_CATEGORY_DAMAGE	1.60.1.69913	1.60.1.70245
DAMAGE_METER_CATEGORY_HEALING	1.60.1.69913	1.60.1.70245
DAMAGE_METER_COMBAT_NUMBER	1.60.1.69913	1.60.1.70245
DAMAGE_METER_CURRENT_SESSION	1.60.1.69913	1.60.1.70245
DAMAGE_METER_HIDE_WINDOW	1.60.1.69913	1.60.1.70245
DAMAGE_METER_LABEL	1.60.1.69913	1.60.1.70245
DAMAGE_METER_LOCK_WINDOW	1.60.1.69913	1.60.1.70245
DAMAGE_METER_MAKE_INTERACTABLE	1.60.1.69913	1.60.1.70245
DAMAGE_METER_MAKE_UNINTERACTABLE	1.60.1.69913	1.60.1.70245
DAMAGE_METER_OPEN_EDIT_MODE	1.60.1.69913	1.60.1.70245
DAMAGE_METER_OPEN_SETTINGS	1.60.1.69913	1.60.1.70245
DAMAGE_METER_OVERALL_SESSION	1.60.1.69913	1.60.1.70245
DAMAGE_METER_RESET_ALL_SESSIONS	1.60.1.69913	1.60.1.70245
DAMAGE_METER_SHOW_NEW_WINDOW	1.60.1.69913	1.60.1.70245
DAMAGE_METER_TYPE_ABSORBS	1.60.1.69913	1.60.1.70245
DAMAGE_METER_TYPE_AVOIDABLE_DAMAGE_TAKEN	1.60.1.69913	1.60.1.70245
DAMAGE_METER_TYPE_DAMAGE_DONE	1.60.1.69913	1.60.1.70245
DAMAGE_METER_TYPE_DAMAGE_TAKEN	1.60.1.69913	1.60.1.70245
DAMAGE_METER_TYPE_DEATHS	1.60.1.69913	1.60.1.70245
DAMAGE_METER_TYPE_DISPELS	1.60.1.69913	1.60.1.70245
DAMAGE_METER_TYPE_ENEMY_DAMAGE_TAKEN	1.60.1.69913	1.60.1.70245
DAMAGE_METER_TYPE_HEALING_DONE	1.60.1.69913	1.60.1.70245
DAMAGE_METER_TYPE_INTERRUPTS	1.60.1.69913	1.60.1.70245
DAMAGE_METER_UNLOCK_WINDOW	1.60.1.69913	1.60.1.70245
DAMAGE_NUMBER	1.60.1.69913	1.60.1.70245
DAMAGE_PER_SECOND	1.60.1.69913	1.60.1.69913
DAMAGE_SCHOOL2	1.60.1.69913	1.60.1.70245
DAMAGE_SCHOOL3	1.60.1.69913	1.60.1.70245
DAMAGE_SCHOOL4	1.60.1.69913	1.60.1.70245
DAMAGE_SCHOOL5	1.60.1.69913	1.60.1.70245
DAMAGE_SCHOOL6	1.60.1.69913	1.60.1.70245
DAMAGE_SCHOOL7	1.60.1.69913	1.60.1.70245
DAMAGE_SCHOOL_TEXT	1.60.1.69913	1.60.1.70245
DAMAGE_SHIELD	1.60.1.69913	1.60.1.70245
DAMAGE_SHIELD_COMBATLOG_TOOLTIP	1.60.1.69913	1.60.1.70245
DAMAGE_TEMPLATE	1.60.1.69913	1.60.1.70245
DAMAGE_TEMPLATE_WITH_SCHOOL	1.60.1.69913	1.60.1.70245
DANGEROUS_SCRIPTS_WARNING	1.60.1.69913	1.60.1.70245
DAYS_ABBR	1.60.1.69913	1.60.1.70245
DAY_ONELETTER_ABBR	1.60.1.69913	1.60.1.70245
DEAD	1.60.1.69913	1.60.1.70245
DEATHS	1.60.1.69913	1.60.1.70245
DEATHS_COMBATLOG_TOOLTIP	1.60.1.69913	1.60.1.70245
DEATHS_TOOLTIP	1.60.1.69913	1.60.1.70245
DEATHS_TOOLTIP_TITLE	1.60.1.69913	1.60.1.70245
DEATH_CORPSE_SKINNED	1.60.1.69913	1.60.1.70245
DEATH_RECAP	1.60.1.69913	1.60.1.70245
DEATH_RECAP_AVOIDABLE_SPELL	1.60.1.69913	1.60.1.70245
DEATH_RECAP_CAST_BY_TT	1.60.1.69913	1.60.1.70245
DEATH_RECAP_CURR_HP_TT	1.60.1.69913	1.60.1.70245
DEATH_RECAP_DAMAGE_TT	1.60.1.69913	1.60.1.70245
DEATH_RECAP_DEADLY_SPELL	1.60.1.69913	1.60.1.70245
DEATH_RECAP_DEATH_TT	1.60.1.69913	1.60.1.70245
DEATH_RECAP_TEXT	1.60.1.70170	1.60.1.70245
DEATH_RECAP_TITLE	1.60.1.69913	1.60.1.70245
DEATH_RECAP_UNAVAILABLE	1.60.1.69913	1.60.1.70245
DEATH_RELEASE	1.60.1.69913	1.60.1.70245
DEATH_RELEASE_NOTIMER	1.60.1.70170	1.60.1.70245
DEATH_RELEASE_SPECTATOR	1.60.1.70170	1.60.1.70245
DEATH_RELEASE_TIMER	1.60.1.69913	1.60.1.70245
DEBUFF_SYMBOL_BLEED	1.60.1.70170	1.60.1.70245
DEBUFF_SYMBOL_CURSE	1.60.1.70170	1.60.1.70245
DEBUFF_SYMBOL_DISEASE	1.60.1.70170	1.60.1.70245
DEBUFF_SYMBOL_MAGIC	1.60.1.70170	1.60.1.70245
DEBUFF_SYMBOL_POISON	1.60.1.70170	1.60.1.70245
DECLINE	1.60.1.69913	1.60.1.70245
DECOR_LIGHT_RADIUS_INDICATOR_ENABLED	1.60.1.69913	1.60.1.70245
DECOR_LIGHT_RADIUS_INDICATOR_TYPE_ALWAYS	1.60.1.69913	1.60.1.70245
DECOR_LIGHT_RADIUS_INDICATOR_TYPE_NEVER	1.60.1.69913	1.60.1.70245
DECOR_LIGHT_RADIUS_INDICATOR_TYPE_OVERLAP	1.60.1.69913	1.60.1.70245
DEFAULT	1.60.1.69913	1.60.1.70245
DEFAULT_AGILITY_TOOLTIP	1.60.1.69913	1.60.1.70245
DEFAULT_INTELLECT_TOOLTIP	1.60.1.69913	1.60.1.70245
DEFAULT_SPIRIT_TOOLTIP	1.60.1.69913	1.60.1.70245
DEFAULT_STAMINA_TOOLTIP	1.60.1.69913	1.60.1.70245
DEFAULT_STATDEFENSE_TOOLTIP	1.60.1.69913	1.60.1.70245
DEFAULT_STRENGTH_TOOLTIP	1.60.1.69913	1.60.1.70245
DEFENSE	1.60.1.69913	1.60.1.70245
DEFENSE_TOOLTIP	1.60.1.69913	1.60.1.69913
DEFLECT	1.60.1.69913	1.60.1.70245
DELETE	1.60.1.69913	1.60.1.70245
DELETE_GOOD_ITEM	1.60.1.69913	1.60.1.70245
DELETE_GOOD_ITEM_GAMEPAD	1.60.1.69913	1.60.1.70245
DELETE_GOOD_QUEST_ITEM	1.60.1.69913	1.60.1.70245
DELETE_GOOD_QUEST_ITEM_GAMEPAD	1.60.1.69913	1.60.1.70245
DELETE_ITEM	1.60.1.69913	1.60.1.70245
DELETE_MAIL_CONFIRMATION	1.60.1.69913	1.60.1.70245
DELETE_MONEY_CONFIRMATION	1.60.1.69913	1.60.1.70245
DELETE_QUEST_ITEM	1.60.1.69913	1.60.1.70245
DEMOTE	1.60.1.69913	1.60.1.70245
DEPOSIT	1.60.1.69913	1.60.1.70245
DEPOSIT_COLON	1.60.1.69913	1.60.1.70245
DEPTH_EFFECTS	1.60.1.69913	1.60.1.70245
DESCRIPTION_OF_YOUR_GROUP	1.60.1.69913	1.60.1.70245
DESCRIPTION_OF_YOUR_GROUP_MANDATORY	1.60.1.70170	1.60.1.70245
DIALOG_INSTRUCTION_REPLACE_MOUNT_EQUIPMENT	1.60.1.69913	1.60.1.70245
DIALOG_VOLUME	1.60.1.69913	1.60.1.70245
DISABLE	1.60.1.69913	1.60.1.70245
DISABLE_ALL_ADDONS	1.60.1.69913	1.60.1.70245
DISCORD_CHANNEL_LINK_PROMPT	1.60.1.69913	1.60.1.70245
DISCORD_CHAT_MESSAGE_CLICK_DELETE	1.60.1.69913	1.60.1.70245
DISCORD_GUILD_LINKED_CHANNEL	1.60.1.69913	1.60.1.70245
DISCORD_GUILD_LINKED_SERVER	1.60.1.69913	1.60.1.70245
DISCORD_GUILD_NEED_TO_OAUTH	1.60.1.69913	1.60.1.70245
DISCORD_GUILD_SERVER_CHANNEL_LINKED	1.60.1.69913	1.60.1.70245
DISCORD_GUILD_SETTING_CHANNEL_LIST_EMPTY	1.60.1.69913	1.60.1.70245
DISCORD_GUILD_SETTING_SEPARATE_STREAM	1.60.1.69913	1.60.1.70245
DISCORD_MESSAGE_ATTACHMENT	1.60.1.69913	1.60.1.70245
DISCORD_MESSAGE_EMBED	1.60.1.69913	1.60.1.70245
DISCORD_MESSAGE_EMOJI	1.60.1.69913	1.60.1.70245
DISCORD_MESSAGE_FAILED_TO_SEND	1.60.1.69913	1.60.1.70245
DISCORD_MESSAGE_FORWARD	1.60.1.69913	1.60.1.70245
DISCORD_MESSAGE_POLL	1.60.1.69913	1.60.1.70245
DISCORD_MESSAGE_STICKER	1.60.1.69913	1.60.1.70245
DISCORD_PLAYER_NAME	1.60.1.69913	1.60.1.70245
DISCORD_SELECT_CHANNEL	1.60.1.69913	1.60.1.70245
DISCORD_SELECT_SERVER	1.60.1.69913	1.60.1.70245
DISCORD_SERVER_UNLINK_PROMPT	1.60.1.69913	1.60.1.70245
DISCORD_SETUP_OAUTH	1.60.1.69913	1.60.1.70245
DISCORD_USER_WITH_ID	1.60.1.70170	1.60.1.70245
DISCORD_VALID_SERVER_CHANNEL_LIST	1.60.1.69913	1.60.1.70245
DISHONORABLE_KILLS	1.60.1.69913	1.60.1.69913
DISPELS	1.60.1.69913	1.60.1.70245
DISPEL_AURA_COMBATLOG_TOOLTIP	1.60.1.69913	1.60.1.70245
DISPLAY	1.60.1.69913	1.60.1.70245
DISPLAY_FREE_BAG_SLOTS	1.60.1.70170	1.60.1.70245
DISPLAY_LABEL	1.60.1.69913	1.60.1.70245
DISPLAY_MODE	1.60.1.69913	1.60.1.70245
DISPLAY_PERSONAL_RESOURCE	1.60.1.69913	1.60.1.70245
DODGE	1.60.1.69913	1.60.1.70245
DODGE_CHANCE	1.60.1.69913	1.60.1.70245
DONE	1.60.1.70170	1.60.1.70245
DONE_BY	1.60.1.69913	1.60.1.70245
DONE_TO	1.60.1.69913	1.60.1.70245
DPS_TEMPLATE	1.60.1.69913	1.60.1.70245
DRAG_MODEL	1.60.1.70170	1.60.1.70245
DRAG_MODEL_TOOLTIP	1.60.1.70170	1.60.1.70245
DRAINS	1.60.1.69913	1.60.1.70245
DRESSING_ROOM_APPEARANCE_LIST	1.60.1.69913	1.60.1.70245
DRESSUP_FRAME	1.60.1.69913	1.60.1.70245
DRUID_AGILITY_TOOLTIP	1.60.1.69913	1.60.1.70245
DRUID_MELEE_ATTACK_POWER_TOOLTIP	1.60.1.69913	1.60.1.70245
DUAL_SPEC_PRIMARY	1.60.1.69913	1.60.1.70245
DUAL_SPEC_SECONDARY	1.60.1.69913	1.60.1.70245
DUEL	1.60.1.69913	1.60.1.70245
DUEL_OUTOFBOUNDS_TIMER	1.60.1.69913	1.60.1.70245
DUEL_REQUESTED	1.60.1.69913	1.60.1.70245
DUEL_TO_DEATH	1.60.1.69913	1.60.1.70245
DUEL_TO_THE_DEATH_CHALLENGE_CONFIRM	1.60.1.69913	1.60.1.70245
DUEL_TO_THE_DEATH_REQUEST_CONFIRM	1.60.1.69913	1.60.1.70245
DUNGEONS	1.60.1.70170	1.60.1.70245
DUNGEONS_BUTTON	1.60.1.69913	1.60.1.70245
DUNGEON_COMPLETED	1.60.1.69913	1.60.1.70245
DUNGEON_DIFFICULTY_5PLAYER	1.60.1.69913	1.60.1.70245
DUNGEON_DIFFICULTY_BANNER_TOOLTIP	1.60.1.69913	1.60.1.70245
DUNGEON_DIFFICULTY_BANNER_TOOLTIP_PLAYER_COUNT	1.60.1.69913	1.60.1.70245
DUNGEON_MAP_PIN_FALLBACK_NAME	1.60.1.69913	1.60.1.70245
DUNGEON_POI_TOOLTIP_INSTRUCTION_LINE	1.60.1.69913	1.60.1.70245
DURABILITYDAMAGE_DEATH	1.60.1.69913	1.60.1.70245
DURABILITY_TEMPLATE	1.60.1.69913	1.60.1.70245
D_DAYS	1.60.1.69913	1.60.1.70245
D_HOURS	1.60.1.69913	1.60.1.70245
D_MINUTES	1.60.1.69913	1.60.1.70245
D_SECONDS	1.60.1.69913	1.60.1.70245
Difficulty:1	1.60.1.70170	1.60.1.70245
Difficulty:148	1.60.1.70170	1.60.1.70245
Difficulty:197	1.60.1.70170	1.60.1.70245
Difficulty:213	1.60.1.70170	1.60.1.70245
Difficulty:9	1.60.1.70170	1.60.1.70245
DispelType:1	1.60.1.70009	1.60.1.70245
DispelType:2	1.60.1.70009	1.60.1.70245
DispelType:3	1.60.1.70009	1.60.1.70245
DispelType:4	1.60.1.70009	1.60.1.70245
EDIT_MODE_HELPTIPS_ADVANCED_OPTIONS	1.60.1.69913	1.60.1.70245
EDIT_MODE_HELPTIPS_LAYOUTS	1.60.1.69913	1.60.1.70245
EDIT_MODE_HELPTIPS_SELECT_FRAMES	1.60.1.69913	1.60.1.70245
EDIT_MODE_HELPTIPS_SHOW_HIDDEN_FRAMES	1.60.1.69913	1.60.1.70245
EDIT_MODE_HELPTIP_BUTTON_TOOLTIP	1.60.1.69913	1.60.1.70245
EJECT_PASSENGER	1.60.1.70170	1.60.1.70245
ELITE	1.60.1.69913	1.60.1.70245
EMBLEM_BACKGROUND	1.60.1.69913	1.60.1.70245
EMBLEM_BORDER	1.60.1.69913	1.60.1.70245
EMBLEM_BORDER_COLOR	1.60.1.69913	1.60.1.70245
EMBLEM_SYMBOL	1.60.1.69913	1.60.1.70245
EMBLEM_SYMBOL_COLOR	1.60.1.69913	1.60.1.70245
EMOTE	1.60.1.69913	1.60.1.70245
EMOTE_MESSAGE	1.60.1.69913	1.60.1.70245
EMPOWERS	1.60.1.69913	1.60.1.70245
EMPOWERS_COMBATLOG_TOOLTIP	1.60.1.69913	1.60.1.70245
EMPTY	1.60.1.69913	1.60.1.70245
EMPTY_SOCKET	1.60.1.70170	1.60.1.70245
EMPTY_SOCKET_BLUE	1.60.1.70170	1.60.1.70245
EMPTY_SOCKET_COGWHEEL	1.60.1.70170	1.60.1.70245
EMPTY_SOCKET_CYPHER	1.60.1.70170	1.60.1.70245
EMPTY_SOCKET_DOMINATION	1.60.1.70170	1.60.1.70245
EMPTY_SOCKET_FIBER	1.60.1.70170	1.60.1.70245
EMPTY_SOCKET_FRAGRANCE	1.60.1.70170	1.60.1.70245
EMPTY_SOCKET_HYDRAULIC	1.60.1.70170	1.60.1.70245
EMPTY_SOCKET_META	1.60.1.70170	1.60.1.70245
EMPTY_SOCKET_NO_COLOR	1.60.1.70170	1.60.1.70245
EMPTY_SOCKET_PRIMORDIAL	1.60.1.70170	1.60.1.70245
EMPTY_SOCKET_PRISMATIC	1.60.1.70170	1.60.1.70245
EMPTY_SOCKET_PUNCHCARDBLUE	1.60.1.70170	1.60.1.70245
EMPTY_SOCKET_PUNCHCARDRED	1.60.1.70170	1.60.1.70245
EMPTY_SOCKET_PUNCHCARDYELLOW	1.60.1.70170	1.60.1.70245
EMPTY_SOCKET_RED	1.60.1.70170	1.60.1.70245
EMPTY_SOCKET_SINGINGSEA	1.60.1.70170	1.60.1.70245
EMPTY_SOCKET_SINGINGTHUNDER	1.60.1.70170	1.60.1.70245
EMPTY_SOCKET_SINGINGWIND	1.60.1.70170	1.60.1.70245
EMPTY_SOCKET_SINGING_SEA	1.60.1.70170	1.60.1.70245
EMPTY_SOCKET_SINGING_THUNDER	1.60.1.70170	1.60.1.70245
EMPTY_SOCKET_SINGING_WIND	1.60.1.70170	1.60.1.70245
EMPTY_SOCKET_TINKER	1.60.1.70170	1.60.1.70245
EMPTY_SOCKET_YELLOW	1.60.1.70170	1.60.1.70245
EMPTY_STABLE_SLOT	1.60.1.69913	1.60.1.70245
ENABLE	1.60.1.69913	1.60.1.70245
ENABLED_FOR_SOME	1.60.1.69913	1.60.1.70245
ENABLE_ALL_ADDONS	1.60.1.69913	1.60.1.70245
ENABLE_AMBIENCE	1.60.1.69913	1.60.1.70245
ENABLE_BGSOUND	1.60.1.69913	1.60.1.70245
ENABLE_COMBAT_WARNINGS_SOUNDS	1.60.1.69913	1.60.1.70245
ENABLE_COMBAT_WARNINGS_SOUNDS_TOOLTIP	1.60.1.69913	1.60.1.70245
ENABLE_COOLDOWN_VIEWER	1.60.1.69913	1.60.1.70245
ENABLE_COOLDOWN_VIEWER_TOOLTIP	1.60.1.69913	1.60.1.70245
ENABLE_DAMAGE_METER	1.60.1.69913	1.60.1.70245
ENABLE_DAMAGE_METER_TOOLTIP	1.60.1.69913	1.60.1.70245
ENABLE_DIALOG	1.60.1.69913	1.60.1.70245
ENABLE_EMOTE_SOUNDS	1.60.1.69913	1.60.1.70245
ENABLE_ERROR_SPEECH	1.60.1.69913	1.60.1.70245
ENABLE_EXTERNAL_DEFENSIVES_TOOLTIP	1.60.1.69913	1.60.1.70245
ENABLE_EXTERNAL_DEFENSIVES_VIEWER	1.60.1.69913	1.60.1.70245
ENABLE_GAMEPAD_UI	1.60.1.69913	1.60.1.70245
ENABLE_GAMEPLAY_SFX	1.60.1.69913	1.60.1.70245
ENABLE_INTERACT_SOUND_OPTION	1.60.1.69913	1.60.1.70245
ENABLE_INTERACT_SOUND_OPTION_TOOLTIP	1.60.1.69913	1.60.1.70245
ENABLE_INTERACT_TEXT	1.60.1.69913	1.60.1.70245
ENABLE_MOUSEOVER_CAST	1.60.1.69913	1.60.1.70245
ENABLE_MOUSE_SPEED	1.60.1.69913	1.60.1.70245
ENABLE_MUSIC	1.60.1.69913	1.60.1.70245
ENABLE_MUSIC_LOOPING	1.60.1.69913	1.60.1.70245
ENABLE_PET_BATTLE_MUSIC	1.60.1.69913	1.60.1.70245
ENABLE_PET_SOUNDS	1.60.1.69913	1.60.1.70245
ENABLE_PINGS	1.60.1.69913	1.60.1.70245
ENABLE_PING_SOUNDS	1.60.1.69913	1.60.1.70245
ENABLE_QUEST_TEXT_CONTRAST	1.60.1.69913	1.60.1.70245
ENABLE_REMOTE_TEXT_TO_SPEECH	1.60.1.69913	1.60.1.70245
ENABLE_REVERB	1.60.1.69913	1.60.1.70245
ENABLE_SCREEN_NARRATOR	1.60.1.69913	1.60.1.70245
ENABLE_SOFTWARE_HRTF	1.60.1.69913	1.60.1.70245
ENABLE_SOUND	1.60.1.69913	1.60.1.70245
ENABLE_SOUNDFX	1.60.1.69913	1.60.1.70245
ENABLE_SPEECH_TO_TEXT_TRANSCRIPTION	1.60.1.69913	1.60.1.70245
ENABLE_SWING_TIMER	1.60.1.69913	1.60.1.70245
ENABLE_SWING_TIMER_TOOLTIP	1.60.1.69913	1.60.1.70245
ENABLE_TEXT_TO_SPEECH	1.60.1.69913	1.60.1.70245
ENABLE_VOICECHAT	1.60.1.70170	1.60.1.70245
ENCHANTED_TOOLTIP_LINE	1.60.1.69913	1.60.1.70245
ENCHANTS	1.60.1.69913	1.60.1.70245
ENCHANT_AURA_COMBATLOG_TOOLTIP	1.60.1.69913	1.60.1.70245
ENCHANT_TARGET_TOOLTIP_CLICK_TO_ADD	1.60.1.69913	1.60.1.70245
ENCHANT_TARGET_TOOLTIP_CLICK_TO_REPLACE	1.60.1.69913	1.60.1.70245
ENCLOSED_MONEY	1.60.1.69913	1.60.1.70245
ENCOUNTER_EVENT	1.60.1.69913	1.60.1.70245
ENCOUNTER_JOURNAL_SEARCH_RESULTS	1.60.1.69913	1.60.1.70245
ENCOUNTER_JOURNAL_SHOW_SEARCH_RESULTS	1.60.1.69913	1.60.1.70245
ENDEAVOR_TASK_COMPLETED	1.60.1.69913	1.60.1.70245
END_BOUND_TRADEABLE	1.60.1.69913	1.60.1.70245
END_REFUND	1.60.1.69913	1.60.1.70245
ENERGY	1.60.1.69913	1.60.1.70245
ENERGY_COST	1.60.1.69913	1.60.1.70245
ENERGY_COST_PER_TIME	1.60.1.69913	1.60.1.70245
ENERGY_COST_PER_TIME_NO_BASE	1.60.1.69913	1.60.1.70245
ENTERING_COMBAT	1.60.1.69913	1.60.1.70245
ENTER_CODE	1.60.1.69913	1.60.1.70245
ENTER_FILTER_NAME	1.60.1.69913	1.60.1.70245
ENTER_LFG	1.60.1.69913	1.60.1.70245
ENTER_MACRO_LABEL	1.60.1.69913	1.60.1.70245
ENTER_NAME_OR_BATTLETAG	1.60.1.69913	1.60.1.70245
ENTER_NAME_OR_BATTLETAG_OR_EMAIL	1.60.1.69913	1.60.1.70245
ENTER_NAME_OR_EMAIL	1.60.1.69913	1.60.1.70245
ENTER_PET_BATTLE	1.60.1.69913	1.60.1.70245
ENTIRE_LINE	1.60.1.69913	1.60.1.70245
ENTIRE_LINE_COMBATLOG_TOOLTIP	1.60.1.69913	1.60.1.70245
ENVIRONMENTAL_DAMAGE	1.60.1.69913	1.60.1.70245
ENVIRONMENTAL_DAMAGE_COMBATLOG_TOOLTIP	1.60.1.69913	1.60.1.70245
ENVIRONMENT_DETAIL	1.60.1.69913	1.60.1.70245
EQUIPMENT_MANAGER_IGNORE_SLOT	1.60.1.69913	1.60.1.70245
EQUIPMENT_MANAGER_PLACE_IN_BAGS	1.60.1.69913	1.60.1.70245
EQUIPMENT_MANAGER_UNIGNORE_SLOT	1.60.1.69913	1.60.1.70245
EQUIPMENT_SETS_CANT_RENAME	1.60.1.69913	1.60.1.70245
EQUIPMENT_SETS_TOO_MANY	1.60.1.69913	1.60.1.70245
EQUIPMENT_SET_EDIT	1.60.1.69913	1.60.1.70245
EQUIPMENT_SET_SETTINGS	1.60.1.69913	1.60.1.70245
EQUIPPED	1.60.1.70170	1.60.1.70245
EQUIPSET_EQUIP	1.60.1.69913	1.60.1.70245
EQUIP_CONTAINER	1.60.1.69913	1.60.1.70245
EQUIP_CONTAINER_REAGENT	1.60.1.69913	1.60.1.70245
EQUIP_NO_DROP	1.60.1.69913	1.60.1.70245
ERRORS	1.60.1.69913	1.60.1.70245
ERROR_CINEMATIC	1.60.1.69913	1.60.1.70245
ERROR_CLUB_ACTION_ACCEPT_INVITATION	1.60.1.69913	1.60.1.70245
ERROR_CLUB_ACTION_ADD_BAN	1.60.1.69913	1.60.1.70245
ERROR_CLUB_ACTION_CREATE	1.60.1.69913	1.60.1.70245
ERROR_CLUB_ACTION_CREATE_COMMUNITY	1.60.1.69913	1.60.1.70245
ERROR_CLUB_ACTION_CREATE_MESSAGE	1.60.1.69913	1.60.1.70245
ERROR_CLUB_ACTION_CREATE_STREAM	1.60.1.69913	1.60.1.70245
ERROR_CLUB_ACTION_CREATE_TICKET	1.60.1.69913	1.60.1.70245
ERROR_CLUB_ACTION_DECLINE_INVITATION	1.60.1.69913	1.60.1.70245
ERROR_CLUB_ACTION_DESTROY	1.60.1.69913	1.60.1.70245
ERROR_CLUB_ACTION_DESTROY_COMMUNITY	1.60.1.69913	1.60.1.70245
ERROR_CLUB_ACTION_DESTROY_MESSAGE	1.60.1.69913	1.60.1.70245
ERROR_CLUB_ACTION_DESTROY_STREAM	1.60.1.69913	1.60.1.70245
ERROR_CLUB_ACTION_DESTROY_TICKET	1.60.1.69913	1.60.1.70245
ERROR_CLUB_ACTION_EDIT	1.60.1.69913	1.60.1.70245
ERROR_CLUB_ACTION_EDIT_COMMUNITY	1.60.1.69913	1.60.1.70245
ERROR_CLUB_ACTION_EDIT_MEMBER	1.60.1.69913	1.60.1.70245
ERROR_CLUB_ACTION_EDIT_MEMBER_NOTE	1.60.1.69913	1.60.1.70245
ERROR_CLUB_ACTION_EDIT_MESSAGE	1.60.1.69913	1.60.1.70245
ERROR_CLUB_ACTION_EDIT_STREAM	1.60.1.69913	1.60.1.70245
ERROR_CLUB_ACTION_GET_BANS	1.60.1.69913	1.60.1.70245
ERROR_CLUB_ACTION_GET_INVITATIONS	1.60.1.69913	1.60.1.70245
ERROR_CLUB_ACTION_GET_TICKET	1.60.1.69913	1.60.1.70245
ERROR_CLUB_ACTION_GET_TICKETS	1.60.1.69913	1.60.1.70245
ERROR_CLUB_ACTION_INVITE_MEMBER	1.60.1.69913	1.60.1.70245
ERROR_CLUB_ACTION_KICK_MEMBER	1.60.1.69913	1.60.1.70245
ERROR_CLUB_ACTION_LEAVE	1.60.1.69913	1.60.1.70245
ERROR_CLUB_ACTION_LEAVE_COMMUNITY	1.60.1.69913	1.60.1.70245
ERROR_CLUB_ACTION_REDEEM_TICKET	1.60.1.69913	1.60.1.70245
ERROR_CLUB_ACTION_REMOVE_BAN	1.60.1.69913	1.60.1.70245
ERROR_CLUB_ACTION_REVOKE_INVITATION	1.60.1.69913	1.60.1.70245
ERROR_CLUB_ACTION_SUBSCRIBE	1.60.1.69913	1.60.1.70245
ERROR_CLUB_ACTION_SUBSCRIBE_COMMUNITY	1.60.1.69913	1.60.1.70245
ERROR_CLUB_ALREADY_MEMBER	1.60.1.69913	1.60.1.70245
ERROR_CLUB_BAN_ALREADY_EXISTS	1.60.1.69913	1.60.1.70245
ERROR_CLUB_BAN_COUNT_AT_MAX	1.60.1.69913	1.60.1.70245
ERROR_CLUB_BAN_COUNT_AT_MAX_COMMUNITY	1.60.1.69913	1.60.1.70245
ERROR_CLUB_DOESNT_ALLOW_CROSS_FACTION	1.60.1.69913	1.60.1.70245
ERROR_CLUB_FULL	1.60.1.69913	1.60.1.70245
ERROR_CLUB_FULL_COMMUNITY	1.60.1.69913	1.60.1.70245
ERROR_CLUB_INSUFFICIENT_PRIVILEGES	1.60.1.69913	1.60.1.70245
ERROR_CLUB_INVALID_ROLE_ID	1.60.1.69913	1.60.1.70245
ERROR_CLUB_INVITATION_ALREADY_EXISTS	1.60.1.69913	1.60.1.70245
ERROR_CLUB_MEMBER_HAS_REQUIRED_ROLE	1.60.1.69913	1.60.1.70245
ERROR_CLUB_MUST_BE_BNET_FRIEND	1.60.1.69913	1.60.1.70245
ERROR_CLUB_NOT_MEMBER	1.60.1.69913	1.60.1.70245
ERROR_CLUB_NO_CLUB	1.60.1.69913	1.60.1.70245
ERROR_CLUB_NO_CLUB_COMMUNITY	1.60.1.69913	1.60.1.70245
ERROR_CLUB_NO_SUCH_INVITATION	1.60.1.69913	1.60.1.70245
ERROR_CLUB_NO_SUCH_MEMBER	1.60.1.69913	1.60.1.70245
ERROR_CLUB_RECEIVED_INVITATION_COUNT_AT_MAX	1.60.1.69913	1.60.1.70245
ERROR_CLUB_SENT_INVITATION_COUNT_AT_MAX	1.60.1.69913	1.60.1.70245
ERROR_CLUB_SENT_INVITATION_COUNT_AT_MAX_COMMUNITY	1.60.1.69913	1.60.1.70245
ERROR_CLUB_STREAM_COUNT_AT_MAX	1.60.1.69913	1.60.1.70245
ERROR_CLUB_STREAM_COUNT_AT_MIN	1.60.1.69913	1.60.1.70245
ERROR_CLUB_STREAM_INVALID_NAME	1.60.1.69913	1.60.1.70245
ERROR_CLUB_STREAM_NO_STREAM	1.60.1.69913	1.60.1.70245
ERROR_CLUB_TARGET_IS_BANNED	1.60.1.69913	1.60.1.70245
ERROR_CLUB_TICKET_COUNT_AT_MAX	1.60.1.69913	1.60.1.70245
ERROR_CLUB_TICKET_COUNT_AT_MAX_COMMUNITY	1.60.1.69913	1.60.1.70245
ERROR_CLUB_TICKET_HAS_CONSUMED_ALLOWED_REDEEM_COUNT	1.60.1.69913	1.60.1.70245
ERROR_CLUB_TICKET_NO_SUCH_TICKET	1.60.1.69913	1.60.1.70245
ERROR_CLUB_TOO_MANY_CLUBS_JOINED	1.60.1.69913	1.60.1.70245
ERROR_CLUB_TOO_MANY_CLUBS_JOINED_COMMUNITY	1.60.1.69913	1.60.1.70245
ERROR_CLUB_VOICE_FULL	1.60.1.69913	1.60.1.70245
ERROR_COMMUNITIES_BAD_TARGET	1.60.1.69913	1.60.1.70245
ERROR_COMMUNITIES_GUILD	1.60.1.69913	1.60.1.70245
ERROR_COMMUNITIES_IGNORED	1.60.1.69913	1.60.1.70245
ERROR_COMMUNITIES_MISSING_SHORT_NAME	1.60.1.69913	1.60.1.70245
ERROR_COMMUNITIES_NEUTRAL_FACTION	1.60.1.69913	1.60.1.70245
ERROR_COMMUNITIES_PROFANITY	1.60.1.69913	1.60.1.70245
ERROR_COMMUNITIES_RESTRICTED	1.60.1.69913	1.60.1.70245
ERROR_COMMUNITIES_TRIAL	1.60.1.69913	1.60.1.70245
ERROR_COMMUNITIES_UNKNOWN_REALM	1.60.1.69913	1.60.1.70245
ERROR_COMMUNITIES_UNKNOWN_TICKET	1.60.1.69913	1.60.1.70245
ERROR_COMMUNITIES_VETERAN_TRIAL	1.60.1.69913	1.60.1.70245
ERROR_COMMUNITIES_WRONG_FACTION	1.60.1.69913	1.60.1.70245
ERROR_COMMUNITIES_WRONG_REGION	1.60.1.69913	1.60.1.70245
ERROR_NO_FRAME_TO_FOCUS	1.60.1.70009	1.60.1.70245
ERROR_SLASH_CHANGEACTIONBAR	1.60.1.70170	1.60.1.70245
ERROR_SLASH_COMMENTATOROVERRIDE	1.60.1.69913	1.60.1.70245
ERROR_SLASH_COMMENTATOROVERRIDE_EXAMPLE	1.60.1.69913	1.60.1.70245
ERROR_SLASH_COMMENTATOR_ASSIGNPLAYER	1.60.1.69913	1.60.1.70245
ERROR_SLASH_COMMENTATOR_ASSIGNPLAYER_EXAMPLE	1.60.1.69913	1.60.1.70245
ERROR_SLASH_COMMENTATOR_NAMETEAM	1.60.1.69913	1.60.1.70245
ERROR_SLASH_COMMENTATOR_NAMETEAM_EXAMPLE	1.60.1.69913	1.60.1.70245
ERROR_SLASH_EDITMODE_CANNOT_ENTER	1.60.1.69913	1.60.1.70245
ERROR_SLASH_EQUIP_TO_SLOT	1.60.1.70170	1.60.1.70245
ERROR_SLASH_SWAPACTIONBAR	1.60.1.70170	1.60.1.70245
ERR_2HANDED_EQUIPPED	1.60.1.69913	1.60.1.70245
ERR_2HSKILLNOTFOUND	1.60.1.69913	1.60.1.70245
ERR_ABILITY_COOLDOWN	1.60.1.69913	1.60.1.70245
ERR_ACCOUNT_MONEY_LOCKED	1.60.1.69913	1.60.1.70245
ERR_ACCOUNT_SILENCED	1.60.1.69913	1.60.1.70245
ERR_ACHIEVEMENT_WATCH_COMPLETED	1.60.1.69913	1.60.1.70245
ERR_AFFECTING_COMBAT	1.60.1.69913	1.60.1.70245
ERR_AGE_RESTRICTED_MAIL_MINOR	1.60.1.70009	1.60.1.70245
ERR_AGE_RESTRICTED_MAIL_UNVERIFIED	1.60.1.70009	1.60.1.70245
ERR_ALREADY_INVITED_TO_ARENA_TEAM_S	1.60.1.69913	1.60.1.70245
ERR_ALREADY_INVITED_TO_GUILD_S	1.60.1.69913	1.60.1.70245
ERR_ALREADY_IN_ARENA_TEAM	1.60.1.69913	1.60.1.70245
ERR_ALREADY_IN_ARENA_TEAM_S	1.60.1.69913	1.60.1.70245
ERR_ALREADY_IN_GROUP_S	1.60.1.69913	1.60.1.70245
ERR_ALREADY_IN_GUILD	1.60.1.69913	1.60.1.70245
ERR_ALREADY_IN_GUILD_S	1.60.1.69913	1.60.1.70245
ERR_ALREADY_PICKPOCKETED	1.60.1.69913	1.60.1.70245
ERR_ALREADY_QUEUED_FOR_SOMETHING_ELSE	1.60.1.69913	1.60.1.70245
ERR_ALREADY_TRADING	1.60.1.69913	1.60.1.70245
ERR_ALREADY_USING_LFG_LIST	1.60.1.69913	1.60.1.70245
ERR_AMMO_ONLY	1.60.1.69913	1.60.1.70245
ERR_APPEARANCE_ALREADY_LEARNED	1.60.1.69913	1.60.1.70245
ERR_APPROACHING_NO_PLAY_TIME	1.60.1.69913	1.60.1.70245
ERR_APPROACHING_NO_PLAY_TIME_2	1.60.1.69913	1.60.1.70245
ERR_APPROACHING_PARTIAL_PLAY_TIME	1.60.1.69913	1.60.1.70245
ERR_APPROACHING_PARTIAL_PLAY_TIME_2	1.60.1.69913	1.60.1.70245
ERR_ARENA_EXPIRED_CAIS	1.60.1.69913	1.60.1.70245
ERR_ARENA_JOIN_RANGE_INDEX	1.60.1.69913	1.60.1.70245
ERR_ARENA_NO_TEAM_II	1.60.1.69913	1.60.1.70245
ERR_ARENA_TEAMS_LOCKED	1.60.1.69913	1.60.1.70245
ERR_ARENA_TEAM_CHANGE_FAILED_QUEUED	1.60.1.69913	1.60.1.70245
ERR_ARENA_TEAM_CREATE_S	1.60.1.69913	1.60.1.70245
ERR_ARENA_TEAM_DISBANDED_S	1.60.1.69913	1.60.1.70245
ERR_ARENA_TEAM_FOUNDER_S	1.60.1.69913	1.60.1.70245
ERR_ARENA_TEAM_INTERNAL	1.60.1.69913	1.60.1.70245
ERR_ARENA_TEAM_INVITE_SS	1.60.1.69913	1.60.1.70245
ERR_ARENA_TEAM_JOIN_SS	1.60.1.69913	1.60.1.70245
ERR_ARENA_TEAM_LEADER_CHANGED_SSS	1.60.1.69913	1.60.1.70245
ERR_ARENA_TEAM_LEADER_IS_SS	1.60.1.69913	1.60.1.70245
ERR_ARENA_TEAM_LEADER_LEAVE_S	1.60.1.69913	1.60.1.70245
ERR_ARENA_TEAM_LEAVE_SS	1.60.1.69913	1.60.1.70245
ERR_ARENA_TEAM_LEVEL_TOO_LOW_I	1.60.1.69913	1.60.1.70245
ERR_ARENA_TEAM_NAME_EXISTS_S	1.60.1.69913	1.60.1.70245
ERR_ARENA_TEAM_NAME_INVALID	1.60.1.69913	1.60.1.70245
ERR_ARENA_TEAM_NOT_ALLIED	1.60.1.69913	1.60.1.70245
ERR_ARENA_TEAM_NOT_FOUND	1.60.1.69913	1.60.1.70245
ERR_ARENA_TEAM_PARTY_SIZE	1.60.1.69913	1.60.1.70245
ERR_ARENA_TEAM_PERMISSIONS	1.60.1.69913	1.60.1.70245
ERR_ARENA_TEAM_PLAYER_NOT_FOUND_S	1.60.1.69913	1.60.1.70245
ERR_ARENA_TEAM_PLAYER_NOT_IN_TEAM	1.60.1.69913	1.60.1.70245
ERR_ARENA_TEAM_PLAYER_NOT_IN_TEAM_SS	1.60.1.69913	1.60.1.70245
ERR_ARENA_TEAM_QUIT_S	1.60.1.69913	1.60.1.70245
ERR_ARENA_TEAM_REMOVE_SSS	1.60.1.69913	1.60.1.70245
ERR_ARENA_TEAM_TARGET_TOO_HIGH_S	1.60.1.69913	1.60.1.70245
ERR_ARENA_TEAM_TARGET_TOO_LOW_S	1.60.1.69913	1.60.1.70245
ERR_ARENA_TEAM_TOO_MANY_CREATE	1.60.1.69913	1.60.1.70245
ERR_ARENA_TEAM_TOO_MANY_MEMBERS_S	1.60.1.69913	1.60.1.70245
ERR_ARENA_TEAM_YOU_JOIN_S	1.60.1.69913	1.60.1.70245
ERR_ATTACK_CHANNEL	1.60.1.69913	1.60.1.70245
ERR_ATTACK_CHARMED	1.60.1.69913	1.60.1.70245
ERR_ATTACK_CONFUSED	1.60.1.69913	1.60.1.70245
ERR_ATTACK_DEAD	1.60.1.69913	1.60.1.70245
ERR_ATTACK_FLEEING	1.60.1.69913	1.60.1.70245
ERR_ATTACK_MOUNTED	1.60.1.69913	1.60.1.70245
ERR_ATTACK_NO_ACTIONS	1.60.1.69913	1.60.1.70245
ERR_ATTACK_PACIFIED	1.60.1.69913	1.60.1.70245
ERR_ATTACK_PREVENTED_BY_MECHANIC_S	1.60.1.69913	1.60.1.70245
ERR_ATTACK_PVP_TARGET_WHILE_UNFLAGGED	1.60.1.69913	1.60.1.70245
ERR_ATTACK_STUNNED	1.60.1.69913	1.60.1.70245
ERR_AUCTION_ALREADY_BID	1.60.1.69913	1.60.1.70245
ERR_AUCTION_BAG	1.60.1.69913	1.60.1.70245
ERR_AUCTION_BID_INCREMENT	1.60.1.69913	1.60.1.70245
ERR_AUCTION_BID_OWN	1.60.1.69913	1.60.1.70245
ERR_AUCTION_BID_PLACED	1.60.1.69913	1.60.1.70245
ERR_AUCTION_BOUND_ITEM	1.60.1.69913	1.60.1.70245
ERR_AUCTION_COMMODITY_WON_S	1.60.1.69913	1.60.1.70245
ERR_AUCTION_CONJURED_ITEM	1.60.1.69913	1.60.1.70245
ERR_AUCTION_DATABASE_ERROR	1.60.1.69913	1.60.1.70245
ERR_AUCTION_DOUBLE_BID	1.60.1.69913	1.60.1.70245
ERR_AUCTION_ENOUGH_ITEMS	1.60.1.69913	1.60.1.70245
ERR_AUCTION_EQUIPPED_BAG	1.60.1.69913	1.60.1.70245
ERR_AUCTION_EXPIRED_S	1.60.1.69913	1.60.1.70245
ERR_AUCTION_HIGHER_BID	1.60.1.69913	1.60.1.70245
ERR_AUCTION_HOUSE_BUSY	1.60.1.69913	1.60.1.70245
ERR_AUCTION_HOUSE_DISABLED	1.60.1.69913	1.60.1.70245
ERR_AUCTION_HOUSE_UNAVAILABLE	1.60.1.69913	1.60.1.70245
ERR_AUCTION_ITEM_HAS_QUOTE	1.60.1.69913	1.60.1.70245
ERR_AUCTION_LIMITED_DURATION_ITEM	1.60.1.69913	1.60.1.70245
ERR_AUCTION_LOOT_ITEM	1.60.1.69913	1.60.1.70245
ERR_AUCTION_MIN_BID	1.60.1.69913	1.60.1.70245
ERR_AUCTION_OUTBID_S	1.60.1.69913	1.60.1.70245
ERR_AUCTION_QUEST_ITEM	1.60.1.69913	1.60.1.70245
ERR_AUCTION_REMOVED	1.60.1.69913	1.60.1.70245
ERR_AUCTION_REMOVED_S	1.60.1.69913	1.60.1.70245
ERR_AUCTION_REPAIR_ITEM	1.60.1.69913	1.60.1.70245
ERR_AUCTION_SOLD_S	1.60.1.69913	1.60.1.70245
ERR_AUCTION_STARTED	1.60.1.69913	1.60.1.70245
ERR_AUCTION_USED_CHARGES	1.60.1.69913	1.60.1.70245
ERR_AUCTION_WON_S	1.60.1.69913	1.60.1.70245
ERR_AUCTION_WRAPPED_ITEM	1.60.1.69913	1.60.1.70245
ERR_AUTH_CHALLENGE_UI_INVALID	1.60.1.69913	1.60.1.70245
ERR_AUTOFOLLOW_TOO_FAR	1.60.1.69913	1.60.1.70245
ERR_AUTOLOOT_MONEY_S	1.60.1.69913	1.60.1.70245
ERR_BADATTACKFACING	1.60.1.69913	1.60.1.70245
ERR_BADATTACKPOS	1.60.1.69913	1.60.1.70245
ERR_BAD_ON_USE_ENCHANT	1.60.1.69913	1.60.1.70245
ERR_BAD_PLAYER_NAME_S	1.60.1.69913	1.60.1.70245
ERR_BAG_FULL	1.60.1.69913	1.60.1.70245
ERR_BAG_IN_BAG	1.60.1.69913	1.60.1.70245
ERR_BANKSLOT_FAILED_TOO_MANY	1.60.1.69913	1.60.1.70245
ERR_BANKSLOT_INSUFFICIENT_FUNDS	1.60.1.69913	1.60.1.70245
ERR_BANKSLOT_NOTBANKER	1.60.1.69913	1.60.1.70245
ERR_BANK_FULL	1.60.1.69913	1.60.1.70245
ERR_BANK_NOT_ACCESSIBLE	1.60.1.69913	1.60.1.70245
ERR_BATTLEDGROUND_QUEUED_FOR_RATED	1.60.1.69913	1.60.1.70245
ERR_BATTLEFIELD_TEAM_PARTY_SIZE	1.60.1.69913	1.60.1.70245
ERR_BATTLEGROUND_ALREADY_IN	1.60.1.69913	1.60.1.70245
ERR_BATTLEGROUND_CANNOT_QUEUE_FOR_RATED	1.60.1.69913	1.60.1.70245
ERR_BATTLEGROUND_DUPE_QUEUE	1.60.1.69913	1.60.1.70245
ERR_BATTLEGROUND_INFO_THROTTLED	1.60.1.69913	1.60.1.70245
ERR_BATTLEGROUND_INVITATION_DECLINED	1.60.1.69913	1.60.1.70245
ERR_BATTLEGROUND_INVITATION_DECLINED_BY	1.60.1.69913	1.60.1.70245
ERR_BATTLEGROUND_JOIN_DISQUALIFIED	1.60.1.69913	1.60.1.70245
ERR_BATTLEGROUND_JOIN_DISQUALIFIED_NO_NAME	1.60.1.69913	1.60.1.70245
ERR_BATTLEGROUND_JOIN_FAILED	1.60.1.69913	1.60.1.70245
ERR_BATTLEGROUND_JOIN_GROUP_QUEUE_WITHOUT_HEALER	1.60.1.69913	1.60.1.70245
ERR_BATTLEGROUND_JOIN_LEVELUP	1.60.1.69913	1.60.1.70245
ERR_BATTLEGROUND_JOIN_MEMBER_DISQUALIFIED	1.60.1.69913	1.60.1.70245
ERR_BATTLEGROUND_JOIN_MERCENARY	1.60.1.69913	1.60.1.70245
ERR_BATTLEGROUND_JOIN_MUST_COMPLETE_QUEST	1.60.1.69913	1.60.1.70245
ERR_BATTLEGROUND_JOIN_NOT_ENOUGH_HEALERS	1.60.1.69913	1.60.1.70245
ERR_BATTLEGROUND_JOIN_NO_VALID_SPEC_FOR_ROLE	1.60.1.69913	1.60.1.70245
ERR_BATTLEGROUND_JOIN_RANGE_INDEX	1.60.1.69913	1.60.1.70245
ERR_BATTLEGROUND_JOIN_RATED_TOO_MANY_HEALERS	1.60.1.69913	1.60.1.70245
ERR_BATTLEGROUND_JOIN_REQUIRES_LEVEL	1.60.1.69913	1.60.1.70245
ERR_BATTLEGROUND_JOIN_RESPEC	1.60.1.69913	1.60.1.70245
ERR_BATTLEGROUND_JOIN_TIMED_OUT	1.60.1.69913	1.60.1.70245
ERR_BATTLEGROUND_JOIN_TOO_MANY_DAMAGE	1.60.1.69913	1.60.1.70245
ERR_BATTLEGROUND_JOIN_TOO_MANY_HEALERS	1.60.1.69913	1.60.1.70245
ERR_BATTLEGROUND_JOIN_TOO_MANY_TANKS	1.60.1.69913	1.60.1.70245
ERR_BATTLEGROUND_JOIN_XP_GAIN	1.60.1.69913	1.60.1.70245
ERR_BATTLEGROUND_NOT_IN_BATTLEGROUND	1.60.1.69913	1.60.1.70245
ERR_BATTLEGROUND_NOT_IN_TEAM	1.60.1.69913	1.60.1.70245
ERR_BATTLEGROUND_PLAYERS_FROM_DIFFERENT_REALMS	1.60.1.69913	1.60.1.70245
ERR_BATTLEGROUND_TEAM_LEFT_QUEUE	1.60.1.69913	1.60.1.70245
ERR_BATTLEGROUND_TOO_MANY_QUEUES	1.60.1.69913	1.60.1.70245
ERR_BATTLETAG_FRIEND_NOT_ALLOWED	1.60.1.69913	1.60.1.70245
ERR_BATTLETAG_FRIEND_NOT_FOUND	1.60.1.69913	1.60.1.70245
ERR_BATTLETAG_FRIEND_NOT_VALID	1.60.1.69913	1.60.1.70245
ERR_BATTLETAG_FRIEND_REQUEST_SENT	1.60.1.69913	1.60.1.70245
ERR_BATTLETAG_FRIEND_SUCCESS	1.60.1.69913	1.60.1.70245
ERR_BATTLETAG_FRIEND_THROTTLED	1.60.1.69913	1.60.1.70245
ERR_BG_DEVELOPER_ONLY	1.60.1.69913	1.60.1.70245
ERR_BG_PLAYER_LEFT_S	1.60.1.69913	1.60.1.70245
ERR_BNET_IS_NOT_YOUR_FRIEND	1.60.1.69913	1.60.1.70245
ERR_BN_BROADCAST_THROTTLE	1.60.1.69913	1.60.1.70245
ERR_BN_FRIEND_ALREADY	1.60.1.69913	1.60.1.70245
ERR_BN_FRIEND_BLOCKED	1.60.1.69913	1.60.1.70245
ERR_BN_FRIEND_LIST_FULL	1.60.1.69913	1.60.1.70245
ERR_BN_FRIEND_REQUEST_SENT	1.60.1.69913	1.60.1.70245
ERR_BN_FRIEND_SELF	1.60.1.69913	1.60.1.70245
ERR_BN_INVITER_FRIEND_LIST_FULL	1.60.1.69913	1.60.1.70245
ERR_BN_TARGET_OFFLINE	1.60.1.69913	1.60.1.70245
ERR_BONUS_ROLL_EMPTY	1.60.1.69913	1.60.1.70245
ERR_BUG_SUBMITTED_SUCCESSFULLY	1.60.1.69913	1.60.1.70245
ERR_BUTTON_LOCKED	1.60.1.69913	1.60.1.70245
ERR_CANNOTCREATEDIRECTORY	1.60.1.69913	1.60.1.70245
ERR_CANNOTCREATEFILE	1.60.1.69913	1.60.1.70245
ERR_CANNOT_ABANDON_LAST_PET	1.60.1.69913	1.60.1.70245
ERR_CANNOT_IGNORE_BN_FRIEND	1.60.1.69913	1.60.1.70245
ERR_CANTATTACK_NOTSTANDING	1.60.1.69913	1.60.1.70245
ERR_CANT_BE_DISENCHANTED	1.60.1.69913	1.60.1.70245
ERR_CANT_BE_OBLITERATED	1.60.1.69913	1.60.1.70245
ERR_CANT_BE_RECRAFTED	1.60.1.69913	1.60.1.70245
ERR_CANT_BE_SCRAPPED	1.60.1.69913	1.60.1.70245
ERR_CANT_BULK_SELL_ITEM_WITH_REFUND	1.60.1.69913	1.60.1.70245
ERR_CANT_BUY_QUANTITY	1.60.1.69913	1.60.1.70245
ERR_CANT_CAGE_PET_YET	1.60.1.69913	1.60.1.70245
ERR_CANT_DELETE_IN_ACCOUNT_BANK	1.60.1.69913	1.60.1.70245
ERR_CANT_DO_THAT_CHALLENGE_MODE_ACTIVE	1.60.1.69913	1.60.1.70245
ERR_CANT_DO_THAT_IN_A_GROUP	1.60.1.69913	1.60.1.70245
ERR_CANT_DO_THAT_RIGHT_NOW	1.60.1.69913	1.60.1.70245
ERR_CANT_DO_THAT_WHILE_LFM	1.60.1.69913	1.60.1.70245
ERR_CANT_EQUIP_EVER	1.60.1.69913	1.60.1.70245
ERR_CANT_EQUIP_LEVEL_I	1.60.1.69913	1.60.1.70245
ERR_CANT_EQUIP_NEED_TALENT	1.60.1.69913	1.60.1.70245
ERR_CANT_EQUIP_RANK	1.60.1.69913	1.60.1.70245
ERR_CANT_EQUIP_RATING	1.60.1.69913	1.60.1.70245
ERR_CANT_EQUIP_REPUTATION	1.60.1.69913	1.60.1.70245
ERR_CANT_EQUIP_SKILL	1.60.1.69913	1.60.1.70245
ERR_CANT_HAVE_MORE_PETS	1.60.1.69913	1.60.1.70245
ERR_CANT_HAVE_MORE_PETS_OF_THAT_TYPE	1.60.1.69913	1.60.1.70245
ERR_CANT_INTERACT_SHAPESHIFTED	1.60.1.69913	1.60.1.70245
ERR_CANT_SPEAK_LANGAGE	1.60.1.69913	1.60.1.70245
ERR_CANT_STACK	1.60.1.69913	1.60.1.70245
ERR_CANT_SWAP	1.60.1.69913	1.60.1.70245
ERR_CANT_TARGET_UNFRIENDLY_IN_OVERWORLD	1.60.1.69913	1.60.1.70245
ERR_CANT_TRADE_ACCOUNT_ITEM	1.60.1.69913	1.60.1.70245
ERR_CANT_TRADE_GOLD	1.60.1.69913	1.60.1.70245
ERR_CANT_USE_DISARMED	1.60.1.69913	1.60.1.70245
ERR_CANT_USE_ITEM	1.60.1.69913	1.60.1.70245
ERR_CANT_USE_ITEM_IN_ARENA	1.60.1.69913	1.60.1.70245
ERR_CANT_USE_ITEM_IN_RATED_BATTLEGROUND	1.60.1.69913	1.60.1.70245
ERR_CANT_USE_PROFANITY	1.60.1.69913	1.60.1.70245
ERR_CANT_WRAP_BAGS	1.60.1.69913	1.60.1.70245
ERR_CANT_WRAP_BOUND	1.60.1.69913	1.60.1.70245
ERR_CANT_WRAP_EQUIPPED	1.60.1.69913	1.60.1.70245
ERR_CANT_WRAP_STACKABLE	1.60.1.69913	1.60.1.70245
ERR_CANT_WRAP_UNIQUE	1.60.1.69913	1.60.1.70245
ERR_CANT_WRAP_WRAPPED	1.60.1.69913	1.60.1.70245
ERR_CHALLENGE_MODE_ALREADY_COMPLETE	1.60.1.69913	1.60.1.70245
ERR_CHALLENGE_MODE_DISABLED	1.60.1.69913	1.60.1.70245
ERR_CHALLENGE_MODE_ENABLED	1.60.1.69913	1.60.1.70245
ERR_CHALLENGE_MODE_FULL	1.60.1.69913	1.60.1.70245
ERR_CHALLENGE_MODE_INCORRECT_KEYSTONE	1.60.1.69913	1.60.1.70245
ERR_CHALLENGE_MODE_IN_PROGRESS	1.60.1.69913	1.60.1.70245
ERR_CHALLENGE_MODE_PERIOD_RESET_SS	1.60.1.69913	1.60.1.70245
ERR_CHALLENGE_MODE_RESET_COOLDOWN_S	1.60.1.69913	1.60.1.70245
ERR_CHALLENGE_MODE_RESET_KEYSTONE	1.60.1.69913	1.60.1.70245
ERR_CHARACTER_BANK_NOT_CONVERTED	1.60.1.69913	1.60.1.70245
ERR_CHARTER_SIGNATURE_REQUEST_FAILED_GENERIC	1.60.1.69913	1.60.1.70245
ERR_CHARTER_SIGNATURE_REQUEST_FAILED_MISSING_EXPANSION	1.60.1.69913	1.60.1.70245
ERR_CHARTER_SYSTEM_REQUEST_FAILED_GENERIC	1.60.1.69913	1.60.1.70245
ERR_CHAT_PLAYER_AMBIGUOUS_S	1.60.1.69913	1.60.1.70245
ERR_CHAT_PLAYER_NOT_FOUND_S	1.60.1.69913	1.60.1.70245
ERR_CHAT_THROTTLED	1.60.1.69913	1.60.1.70245
ERR_CHAT_WHILE_DEAD	1.60.1.69913	1.60.1.70245
ERR_CHEST_IN_USE	1.60.1.69913	1.60.1.70245
ERR_CLAIMED_CHALLENGE_MODE_REWARD	1.60.1.69913	1.60.1.70245
ERR_CLAIMED_CHALLENGE_MODE_REWARD_OLD	1.60.1.69913	1.60.1.70245
ERR_CLAIMED_PVP_REWARD	1.60.1.69913	1.60.1.70245
ERR_CLICK_ON_ITEM_TO_FEED	1.60.1.69913	1.60.1.70245
ERR_CLIENT_LOCKED_OUT	1.60.1.69913	1.60.1.70245
ERR_CLIENT_ON_TRANSPORT	1.60.1.69913	1.60.1.70245
ERR_CLUB_FINDER_ERROR_APPLY_CLUB	1.60.1.69913	1.60.1.70245
ERR_CLUB_FINDER_ERROR_CANCEL_APPLICATION	1.60.1.69913	1.60.1.70245
ERR_CLUB_FINDER_ERROR_POST_CLUB	1.60.1.69913	1.60.1.70245
ERR_CLUB_FINDER_ERROR_RESPOND_APPLICANT	1.60.1.69913	1.60.1.70245
ERR_CLUB_FINDER_ERROR_TYPE_APPLICANT_LIST	1.60.1.69913	1.60.1.70245
ERR_CLUB_FINDER_ERROR_TYPE_APPLICANT_LIST_NO_PERM	1.60.1.69913	1.60.1.70245
ERR_CLUB_FINDER_ERROR_TYPE_FINDER_NOT_AVAILABLE	1.60.1.69913	1.60.1.70245
ERR_CLUB_FINDER_ERROR_TYPE_FLAGGED_DESCRIPTION_CHANGE	1.60.1.69913	1.60.1.70245
ERR_CLUB_FINDER_ERROR_TYPE_FLAGGED_RENAME	1.60.1.69913	1.60.1.70245
ERR_CLUB_FINDER_ERROR_TYPE_GET_POSTING_IDS	1.60.1.69913	1.60.1.70245
ERR_CLUB_FINDER_ERROR_TYPE_JOIN_APPLICATION	1.60.1.69913	1.60.1.70245
ERR_CLUB_FINDER_ERROR_TYPE_NO_INVITE_PERMISSIONS	1.60.1.69913	1.60.1.70245
ERR_CLUB_FINDER_ERROR_TYPE_NO_POSTING_PERMISSIONS	1.60.1.69913	1.60.1.70245
ERR_CLUB_FINDER_ERROR_TYPE_REALM_NOT_ELIGIBLE	1.60.1.69913	1.60.1.70245
ERR_CLUB_FINDER_SEARCHING_TOO_FAST	1.60.1.69913	1.60.1.70245
ERR_COMBAT_DAMAGE_SSI	1.60.1.69913	1.60.1.70245
ERR_COMMAND_NEEDS_TARGET	1.60.1.69913	1.60.1.70245
ERR_COMMUNITY_PLAYER_NOT_IN_COMMUNITY	1.60.1.69913	1.60.1.70245
ERR_COMPLAINT_IN_SAME_GUILD	1.60.1.69913	1.60.1.70245
ERR_COMPLETED_TRANSMOG_SET_S	1.60.1.69913	1.60.1.70245
ERR_COMSAT_CONNECT_FAIL	1.60.1.69913	1.60.1.70245
ERR_COMSAT_DISCONNECT	1.60.1.69913	1.60.1.70245
ERR_COMSAT_RECONNECT_ATTEMPT	1.60.1.69913	1.60.1.70245
ERR_CORPSE_IS_NOT_IN_INSTANCE	1.60.1.69913	1.60.1.70245
ERR_COSMETIC_CLASS_RESTRICTED	1.60.1.69913	1.60.1.70245
ERR_COSMETIC_KNOWN	1.60.1.69913	1.60.1.70245
ERR_COSMETIC_OWNER_NOT_IN_GUILD	1.60.1.69913	1.60.1.70245
ERR_CRAFTING_HOUSE_DISABLED	1.60.1.69913	1.60.1.70245
ERR_CRAFTING_ORDER_FULFILLED	1.60.1.69913	1.60.1.70245
ERR_CRAFTING_ORDER_PLACED	1.60.1.69913	1.60.1.70245
ERR_CRAFTING_ORDER_RECEIVED	1.60.1.69913	1.60.1.70245
ERR_CROSS_FACTION_GROUP_JOINED	1.60.1.69913	1.60.1.70245
ERR_CROSS_REALM_RAID_INVITE	1.60.1.69913	1.60.1.70245
ERR_CURRENCY_SPELL_SLOT_MISMATCH	1.60.1.69913	1.60.1.70245
ERR_CURRENCY_TRANSFER_CHARACTER_LOGGED_IN	1.60.1.69913	1.60.1.70245
ERR_CURRENCY_TRANSFER_DISABLED	1.60.1.69913	1.60.1.70245
ERR_CURRENCY_TRANSFER_INSUFFICIENT_CURRENCY	1.60.1.69913	1.60.1.70245
ERR_CURRENCY_TRANSFER_INSUFFICIENT_TRANSFER_QUANTITY	1.60.1.69913	1.60.1.70245
ERR_CURRENCY_TRANSFER_INVALID_CHARACTER	1.60.1.69913	1.60.1.70245
ERR_CURRENCY_TRANSFER_INVALID_CURRENCY	1.60.1.69913	1.60.1.70245
ERR_CURRENCY_TRANSFER_MAX_QUANTITY	1.60.1.69913	1.60.1.70245
ERR_CURRENCY_TRANSFER_NO_VALID_SOURCE	1.60.1.69913	1.60.1.70245
ERR_CURRENCY_TRANSFER_SERVER_ERROR	1.60.1.69913	1.60.1.70245
ERR_CURRENCY_TRANSFER_TRANSACTION_IN_PROGRESS	1.60.1.69913	1.60.1.70245
ERR_CURRENCY_TRANSFER_UNMET_REQUIREMENTS	1.60.1.69913	1.60.1.70245
ERR_DANCE_CREATE_DUPLICATE	1.60.1.69913	1.60.1.70245
ERR_DANCE_DELETE_FAILED	1.60.1.69913	1.60.1.70245
ERR_DANCE_SAVE_FAILED	1.60.1.69913	1.60.1.70245
ERR_DEATHBINDALREADYBOUND	1.60.1.69913	1.60.1.70245
ERR_DEATHBIND_SUCCESS_S	1.60.1.69913	1.60.1.70245
ERR_DECLINE_GROUP_REQUEST_S	1.60.1.69913	1.60.1.70245
ERR_DECLINE_GROUP_S	1.60.1.69913	1.60.1.70245
ERR_DESTROY_NONEMPTY_BAG	1.60.1.69913	1.60.1.70245
ERR_DIFFICULTY_CHANGE_ALREADY_STARTED	1.60.1.69913	1.60.1.70245
ERR_DIFFICULTY_CHANGE_COMBAT	1.60.1.69913	1.60.1.70245
ERR_DIFFICULTY_CHANGE_COMBAT_COOLDOWN_S	1.60.1.69913	1.60.1.70245
ERR_DIFFICULTY_CHANGE_COOLDOWN_S	1.60.1.69913	1.60.1.70245
ERR_DIFFICULTY_CHANGE_ENCOUNTER	1.60.1.69913	1.60.1.70245
ERR_DIFFICULTY_CHANGE_HEROIC_INSTANCE_ALREADY_RUNNING	1.60.1.69913	1.60.1.70245
ERR_DIFFICULTY_CHANGE_OTHER_HEROIC_S	1.60.1.69913	1.60.1.70245
ERR_DIFFICULTY_CHANGE_PLAYER_BUSY	1.60.1.69913	1.60.1.70245
ERR_DIFFICULTY_CHANGE_PLAYER_ON_VEHICLE	1.60.1.69913	1.60.1.70245
ERR_DIFFICULTY_CHANGE_WORLDSTATE	1.60.1.69913	1.60.1.70245
ERR_DIFFICULTY_DISABLED_IN_LFG	1.60.1.69913	1.60.1.70245
ERR_DIFFICULTY_HEROIC_INSTANCE_ALREADY_RUNNING	1.60.1.69913	1.60.1.70245
ERR_DISCORD_LINK_FAILED	1.60.1.69913	1.60.1.70245
ERR_DISMOUNT_NOPET	1.60.1.69913	1.60.1.70245
ERR_DISMOUNT_NOTMOUNTED	1.60.1.69913	1.60.1.70245
ERR_DISMOUNT_NOTYOURPET	1.60.1.69913	1.60.1.70245
ERR_DOOR_LOCKED	1.60.1.69913	1.60.1.70245
ERR_DROP_BOUND_ITEM	1.60.1.69913	1.60.1.70245
ERR_DUEL_CANCELLED	1.60.1.69913	1.60.1.70245
ERR_DUEL_REQUESTED	1.60.1.69913	1.60.1.70245
ERR_DUEL_TO_THE_DEATH_FORFEIT	1.60.1.69913	1.60.1.70245
ERR_DUNGEON_DIFFICULTY_CHANGED_S	1.60.1.69913	1.60.1.70245
ERR_DUNGEON_DIFFICULTY_FAILED	1.60.1.69913	1.60.1.70245
ERR_EAT_WHILE_MOVNG	1.60.1.69913	1.60.1.70245
ERR_EMBLEMERROR_NOTABARDGEOSET	1.60.1.69913	1.60.1.70245
ERR_ENDEAVOR_REWARD_AVAILABLE	1.60.1.69913	1.60.1.70245
ERR_EQUIPMENT_MANAGER_BAGS_FULL	1.60.1.69913	1.60.1.70245
ERR_EQUIPMENT_MANAGER_COMBAT_SWAP_S	1.60.1.69913	1.60.1.70245
ERR_EQUIPMENT_MANAGER_MISSING_ITEM_S	1.60.1.69913	1.60.1.70245
ERR_EQUIP_TRADE_ITEM	1.60.1.69913	1.60.1.70245
ERR_EXHAUSTION_EXHAUSTED	1.60.1.69913	1.60.1.70245
ERR_EXHAUSTION_NORMAL	1.60.1.69913	1.60.1.70245
ERR_EXHAUSTION_RESTED	1.60.1.69913	1.60.1.70245
ERR_EXHAUSTION_TIRED	1.60.1.69913	1.60.1.70245
ERR_EXHAUSTION_WELLRESTED	1.60.1.69913	1.60.1.70245
ERR_EX_LEVLTOO_LOW_TO_REDEEM_SOR	1.60.1.69913	1.60.1.70245
ERR_FEATURE_RESTRICTED_TRIAL	1.60.1.69913	1.60.1.70245
ERR_FEIGN_DEATH_RESISTED	1.60.1.69913	1.60.1.70245
ERR_FILTERING_YOU_S	1.60.1.69913	1.60.1.70245
ERR_FISH_ESCAPED	1.60.1.69913	1.60.1.70245
ERR_FISH_NOT_HOOKED	1.60.1.69913	1.60.1.70245
ERR_FOLLOWER_DUNGEON_INVALID_TRANSFER_REQUEST	1.60.1.69913	1.60.1.70245
ERR_FOLLOWER_DUNGEON_LIMIT_REACHED	1.60.1.69913	1.60.1.70245
ERR_FOOD_COOLDOWN	1.60.1.69913	1.60.1.70245
ERR_FRIEND_ADDED_S	1.60.1.69913	1.60.1.70245
ERR_FRIEND_ALREADY_S	1.60.1.69913	1.60.1.70245
ERR_FRIEND_DB_ERROR	1.60.1.69913	1.60.1.70245
ERR_FRIEND_DELETED	1.60.1.69913	1.60.1.70245
ERR_FRIEND_ERROR	1.60.1.69913	1.60.1.70245
ERR_FRIEND_LIST_FULL	1.60.1.69913	1.60.1.70245
ERR_FRIEND_NOT_FOUND	1.60.1.69913	1.60.1.70245
ERR_FRIEND_OFFLINE_S	1.60.1.69913	1.60.1.70245
ERR_FRIEND_REMOVED_S	1.60.1.69913	1.60.1.70245
ERR_FRIEND_SELF	1.60.1.69913	1.60.1.70245
ERR_FRIEND_WRONG_FACTION	1.60.1.69913	1.60.1.70245
ERR_FULL_NAME_REQUIRED	1.60.1.69913	1.60.1.70245
ERR_GAMEPAD_CANNOT_CLEAR_ACTION	1.60.1.69913	1.60.1.70245
ERR_GENERIC_NO_TARGET	1.60.1.69913	1.60.1.70245
ERR_GENERIC_NO_VALID_TARGETS	1.60.1.69913	1.60.1.70245
ERR_GENERIC_STUNNED	1.60.1.69913	1.60.1.70245
ERR_GENERIC_THROTTLE	1.60.1.69913	1.60.1.70245
ERR_GLYPH_TARGET_NOT_AVAILABLE	1.60.1.69913	1.60.1.70245
ERR_GLYPH_WIPE_ERROR	1.60.1.69913	1.60.1.70245
ERR_GMRESPONSE_DB_ERROR	1.60.1.69913	1.60.1.70245
ERR_GROUPS_VOICE_CHAT_DISABLED	1.60.1.69913	1.60.1.70245
ERR_GROUP_ACTION_THROTTLED	1.60.1.69913	1.60.1.70245
ERR_GROUP_DISBANDED	1.60.1.69913	1.60.1.70245
ERR_GROUP_FULL	1.60.1.69913	1.60.1.70245
ERR_GROUP_JOIN_BATTLEGROUND_DEAD	1.60.1.69913	1.60.1.70245
ERR_GROUP_JOIN_BATTLEGROUND_DESERTERS	1.60.1.69913	1.60.1.70245
ERR_GROUP_JOIN_BATTLEGROUND_FAIL	1.60.1.69913	1.60.1.70245
ERR_GROUP_JOIN_BATTLEGROUND_S	1.60.1.69913	1.60.1.70245
ERR_GROUP_JOIN_BATTLEGROUND_TOO_MANY	1.60.1.69913	1.60.1.70245
ERR_GROUP_SWAP_FAILED	1.60.1.69913	1.60.1.70245
ERR_GUILDEMBLEM_COLORSPRESENT	1.60.1.69913	1.60.1.70245
ERR_GUILDEMBLEM_INVALIDVENDOR	1.60.1.69913	1.60.1.70245
ERR_GUILDEMBLEM_INVALID_TABARD_COLORS	1.60.1.69913	1.60.1.70245
ERR_GUILDEMBLEM_NOGUILD	1.60.1.69913	1.60.1.70245
ERR_GUILDEMBLEM_NOTENOUGHMONEY	1.60.1.69913	1.60.1.70245
ERR_GUILDEMBLEM_NOTGUILDMASTER	1.60.1.69913	1.60.1.70245
ERR_GUILDEMBLEM_SAME	1.60.1.69913	1.60.1.70245
ERR_GUILDEMBLEM_SUCCESS	1.60.1.69913	1.60.1.70245
ERR_GUILD_ACCEPT	1.60.1.69913	1.60.1.70245
ERR_GUILD_AND_COMMUNITIES_UNAVAILABLE	1.60.1.69913	1.60.1.70245
ERR_GUILD_BANK_BOUND_ITEM	1.60.1.69913	1.60.1.70245
ERR_GUILD_BANK_CONJURED_ITEM	1.60.1.69913	1.60.1.70245
ERR_GUILD_BANK_EQUIPPED_ITEM	1.60.1.69913	1.60.1.70245
ERR_GUILD_BANK_FULL	1.60.1.69913	1.60.1.70245
ERR_GUILD_BANK_NOT_AVAILABLE	1.60.1.69913	1.60.1.70245
ERR_GUILD_BANK_QUEST_ITEM	1.60.1.69913	1.60.1.70245
ERR_GUILD_BANK_REALM_MISMATCH	1.60.1.69913	1.60.1.70245
ERR_GUILD_BANK_SELF_FOUND	1.60.1.69913	1.60.1.70245
ERR_GUILD_BANK_VOUCHER_FAILED	1.60.1.69913	1.60.1.70245
ERR_GUILD_BANK_WARBANDS_BANK_SOURCE	1.60.1.69913	1.60.1.70245
ERR_GUILD_BANK_WRAPPED_ITEM	1.60.1.69913	1.60.1.70245
ERR_GUILD_BANK_WRONG_TAB	1.60.1.69913	1.60.1.70245
ERR_GUILD_CREATE_S	1.60.1.69913	1.60.1.70245
ERR_GUILD_DECLINE_AUTO_S	1.60.1.69913	1.60.1.70245
ERR_GUILD_DECLINE_S	1.60.1.69913	1.60.1.70245
ERR_GUILD_DEMOTE_SS	1.60.1.69913	1.60.1.70245
ERR_GUILD_DEMOTE_SSS	1.60.1.69913	1.60.1.70245
ERR_GUILD_DISBANDED	1.60.1.69913	1.60.1.70245
ERR_GUILD_DISBAND_S	1.60.1.69913	1.60.1.70245
ERR_GUILD_DISBAND_SELF	1.60.1.69913	1.60.1.70245
ERR_GUILD_FOUNDER_S	1.60.1.69913	1.60.1.70245
ERR_GUILD_INTERNAL	1.60.1.69913	1.60.1.70245
ERR_GUILD_INVITE_BAD_SUPER_DISTRICT	1.60.1.69913	1.60.1.70245
ERR_GUILD_INVITE_S	1.60.1.69913	1.60.1.70245
ERR_GUILD_INVITE_SELF	1.60.1.69913	1.60.1.70245
ERR_GUILD_JOIN_S	1.60.1.69913	1.60.1.70245
ERR_GUILD_LEADER_CHANGED_SS	1.60.1.69913	1.60.1.70245
ERR_GUILD_LEADER_IS_S	1.60.1.69913	1.60.1.70245
ERR_GUILD_LEADER_LEAVE	1.60.1.69913	1.60.1.70245
ERR_GUILD_LEADER_REPLACED	1.60.1.69913	1.60.1.70245
ERR_GUILD_LEADER_S	1.60.1.69913	1.60.1.70245
ERR_GUILD_LEADER_SELF	1.60.1.69913	1.60.1.70245
ERR_GUILD_LEAVE_RESULT	1.60.1.69913	1.60.1.70245
ERR_GUILD_LEAVE_S	1.60.1.69913	1.60.1.70245
ERR_GUILD_NAME_EXISTS_S	1.60.1.69913	1.60.1.70245
ERR_GUILD_NAME_INVALID	1.60.1.69913	1.60.1.70245
ERR_GUILD_NEW_LEADER_NOT_ALLIED	1.60.1.69913	1.60.1.70245
ERR_GUILD_NEW_LEADER_WRONG_REALM	1.60.1.69913	1.60.1.70245
ERR_GUILD_NOT_ALLIED	1.60.1.69913	1.60.1.70245
ERR_GUILD_NOT_ENOUGH_MONEY	1.60.1.69913	1.60.1.70245
ERR_GUILD_PERMISSIONS	1.60.1.69913	1.60.1.70245
ERR_GUILD_PLAYER_NOT_FOUND_S	1.60.1.69913	1.60.1.70245
ERR_GUILD_PLAYER_NOT_IN_GUILD	1.60.1.69913	1.60.1.70245
ERR_GUILD_PLAYER_NOT_IN_GUILD_S	1.60.1.69913	1.60.1.70245
ERR_GUILD_PROMOTE_SSS	1.60.1.69913	1.60.1.70245
ERR_GUILD_QUIT_S	1.60.1.69913	1.60.1.70245
ERR_GUILD_RANKS_LOCKED	1.60.1.69913	1.60.1.70245
ERR_GUILD_RANK_IN_USE	1.60.1.69913	1.60.1.70245
ERR_GUILD_RANK_TOO_HIGH_S	1.60.1.69913	1.60.1.70245
ERR_GUILD_RANK_TOO_LOW_S	1.60.1.69913	1.60.1.70245
ERR_GUILD_REMOVE_SELF	1.60.1.69913	1.60.1.70245
ERR_GUILD_REMOVE_SS	1.60.1.69913	1.60.1.70245
ERR_GUILD_REP_TOO_LOW	1.60.1.69913	1.60.1.70245
ERR_GUILD_TOO_MUCH_MONEY	1.60.1.69913	1.60.1.70245
ERR_GUILD_TRIAL_ACCOUNT_TRIAL	1.60.1.69913	1.60.1.70245
ERR_GUILD_TRIAL_ACCOUNT_VETERAN	1.60.1.69913	1.60.1.70245
ERR_GUILD_UNDELETABLE_DUE_TO_LEVEL	1.60.1.69913	1.60.1.70245
ERR_GUILD_WITHDRAW_LIMIT	1.60.1.69913	1.60.1.70245
ERR_HAS_RESTRICTION	1.60.1.69913	1.60.1.70245
ERR_HOUSING_ACTION_UNAVAILABLE	1.60.1.69913	1.60.1.70245
ERR_IGNORE_ADDED_S	1.60.1.69913	1.60.1.70245
ERR_IGNORE_ALREADY_S	1.60.1.69913	1.60.1.70245
ERR_IGNORE_AMBIGUOUS	1.60.1.69913	1.60.1.70245
ERR_IGNORE_DELETED	1.60.1.69913	1.60.1.70245
ERR_IGNORE_FULL	1.60.1.69913	1.60.1.70245
ERR_IGNORE_NOT_FOUND	1.60.1.69913	1.60.1.70245
ERR_IGNORE_REMOVED_S	1.60.1.69913	1.60.1.70245
ERR_IGNORE_SELF	1.60.1.69913	1.60.1.70245
ERR_IGNORING_YOU_S	1.60.1.69913	1.60.1.70245
ERR_INFORM_SUGGEST_INVITE_S	1.60.1.69913	1.60.1.70245
ERR_INFORM_SUGGEST_INVITE_SS	1.60.1.69913	1.60.1.70245
ERR_INITIATE_TRADE_S	1.60.1.69913	1.60.1.70245
ERR_INSPECT_S	1.60.1.69913	1.60.1.70245
ERR_INSTANCE_GROUP_ADDED_S	1.60.1.69913	1.60.1.70245
ERR_INSTANCE_GROUP_JOINED_WITH_PARTY	1.60.1.69913	1.60.1.70245
ERR_INSTANCE_GROUP_JOINED_WITH_RAID	1.60.1.69913	1.60.1.70245
ERR_INSTANCE_GROUP_REMOVED_S	1.60.1.69913	1.60.1.70245
ERR_INSUFF_TRACKED_CURRENCY_IS	1.60.1.69913	1.60.1.70245
ERR_INTERNAL_BAG_ERROR	1.60.1.69913	1.60.1.70245
ERR_INTERNAL_ERROR	1.60.1.69913	1.60.1.70245
ERR_INVALID_ATTACK_TARGET	1.60.1.69913	1.60.1.70245
ERR_INVALID_FOLLOW_PVP_COMBAT	1.60.1.69913	1.60.1.70245
ERR_INVALID_FOLLOW_TARGET	1.60.1.69913	1.60.1.70245
ERR_INVALID_FOLLOW_TARGET_PVP_COMBAT	1.60.1.69913	1.60.1.70245
ERR_INVALID_GLYPH_SLOT	1.60.1.69913	1.60.1.70245
ERR_INVALID_INSPECT_TARGET	1.60.1.69913	1.60.1.70245
ERR_INVALID_ITEM_TARGET	1.60.1.69913	1.60.1.70245
ERR_INVALID_PROMOTION_CODE	1.60.1.69913	1.60.1.70245
ERR_INVALID_QUEST_TARGET	1.60.1.69913	1.60.1.70245
ERR_INVALID_RAID_TARGET	1.60.1.69913	1.60.1.70245
ERR_INVALID_TELEPORT_LOCATION	1.60.1.69913	1.60.1.70245
ERR_INVENTORY_TRADE_TOO_MANY_UNIQUE_ITEM	1.60.1.69913	1.60.1.70245
ERR_INVITED_TO_ARENA_TEAM	1.60.1.69913	1.60.1.70245
ERR_INVITED_TO_GUILD	1.60.1.69913	1.60.1.70245
ERR_INVITE_IN_COMBAT	1.60.1.69913	1.60.1.70245
ERR_INVITE_NO_PARTY_SERVER	1.60.1.69913	1.60.1.70245
ERR_INVITE_PARTY_BUSY	1.60.1.69913	1.60.1.70245
ERR_INVITE_PARTY_BUSY_PENDING_REQUEST	1.60.1.69913	1.60.1.70245
ERR_INVITE_PARTY_BUSY_PENDING_SUGGEST	1.60.1.69913	1.60.1.70245
ERR_INVITE_PLAYER_S	1.60.1.69913	1.60.1.70245
ERR_INVITE_SELF	1.60.1.69913	1.60.1.70245
ERR_INVITE_UNKNOWN_REALM	1.60.1.69913	1.60.1.70245
ERR_INV_FULL	1.60.1.69913	1.60.1.70245
ERR_IN_BATTLEGROUND_RESPEC	1.60.1.69913	1.60.1.70245
ERR_IN_NON_RANDOM_BG	1.60.1.69913	1.60.1.70245
ERR_IN_PVP_QUEUE	1.60.1.69913	1.60.1.70245
ERR_IN_RANDOM_BG	1.60.1.69913	1.60.1.70245
ERR_ITEM_CANT_BE_DESTROYED	1.60.1.69913	1.60.1.70245
ERR_ITEM_CONVERSION_NO_VALID_ITEMS	1.60.1.69913	1.60.1.70245
ERR_ITEM_COOLDOWN	1.60.1.69913	1.60.1.70245
ERR_ITEM_INTERACTION_NOT_ENOUGH_CURRENCY	1.60.1.69913	1.60.1.70245
ERR_ITEM_INTERACTION_NOT_ENOUGH_GOLD	1.60.1.69913	1.60.1.70245
ERR_ITEM_INTERACTION_NO_CONVERSION_OUTPUT	1.60.1.69913	1.60.1.70245
ERR_ITEM_INVENTORY_FULL_SATCHEL	1.60.1.69913	1.60.1.70245
ERR_ITEM_IS_BATTLE_PAY_LOCKED	1.60.1.69913	1.60.1.70245
ERR_ITEM_LOCKED	1.60.1.69913	1.60.1.70245
ERR_ITEM_MAX_COUNT	1.60.1.69913	1.60.1.70245
ERR_ITEM_MAX_COUNT_EQUIPPED_SOCKETED	1.60.1.69913	1.60.1.70245
ERR_ITEM_MAX_COUNT_SOCKETED	1.60.1.69913	1.60.1.70245
ERR_ITEM_MAX_LIMIT_CATEGORY_COUNT_EXCEEDED_IS	1.60.1.69913	1.60.1.70245
ERR_ITEM_MAX_LIMIT_CATEGORY_EQUIPPED_EXCEEDED_IS	1.60.1.69913	1.60.1.70245
ERR_ITEM_MAX_LIMIT_CATEGORY_SOCKETED_EXCEEDED_IS	1.60.1.69913	1.60.1.70245
ERR_ITEM_MOD_APPEARANCE_GROUP_ALREADY_KNOWN	1.60.1.69913	1.60.1.70245
ERR_ITEM_NOT_FOUND	1.60.1.69913	1.60.1.70245
ERR_ITEM_UNIQUE_EQUIPABLE	1.60.1.69913	1.60.1.70245
ERR_ITEM_UNIQUE_EQUIPPABLE	1.60.1.69913	1.60.1.70245
ERR_ITEM_UNIQUE_EQUIPPABLE_SOCKETED	1.60.1.69913	1.60.1.70245
ERR_ITEM_UPGRADE_ITEM_TOO_LOW_LEVEL	1.60.1.69913	1.60.1.70245
ERR_ITEM_UPGRADE_NO_MORE_UPGRADES	1.60.1.69913	1.60.1.70245
ERR_ITEM_UPGRADE_NO_PATH	1.60.1.69913	1.60.1.70245
ERR_JOINED_GROUP_S	1.60.1.69913	1.60.1.70245
ERR_JOIN_LFG_OBJECT_FAILED	1.60.1.69913	1.60.1.70245
ERR_JOIN_SINGLE_SCENARIO_S	1.60.1.69913	1.60.1.70245
ERR_KILLED_BY_S	1.60.1.69913	1.60.1.70245
ERR_LEARN_ABILITY_S	1.60.1.69913	1.60.1.70245
ERR_LEARN_COMPANION_S	1.60.1.69913	1.60.1.70245
ERR_LEARN_HEIRLOOM_S	1.60.1.69913	1.60.1.70245
ERR_LEARN_MOUNT_S	1.60.1.69913	1.60.1.70245
ERR_LEARN_PASSIVE_S	1.60.1.69913	1.60.1.70245
ERR_LEARN_RECIPE_S	1.60.1.69913	1.60.1.70245
ERR_LEARN_SPELL_S	1.60.1.69913	1.60.1.70245
ERR_LEARN_TOY_S	1.60.1.69913	1.60.1.70245
ERR_LEARN_TRANSMOG_S	1.60.1.69913	1.60.1.70245
ERR_LEARN_WARBAND_SCENE_S	1.60.1.69913	1.60.1.70245
ERR_LEFT_GROUP_S	1.60.1.69913	1.60.1.70245
ERR_LEFT_GROUP_YOU	1.60.1.69913	1.60.1.70245
ERR_LEGACY_RAID_DIFFICULTY_CHANGED_S	1.60.1.69913	1.60.1.70245
ERR_LEGACY_RAID_DIFFICULTY_FAILED	1.60.1.69913	1.60.1.70245
ERR_LEGACY_WIPE_ERROR_CLASS_POINTS	1.60.1.69913	1.60.1.70245
ERR_LEVEL_LINKING_RESULT_LINKED	1.60.1.69913	1.60.1.70245
ERR_LEVEL_LINKING_RESULT_UNLINKED	1.60.1.69913	1.60.1.70245
ERR_LFG_CANT_USE_BATTLEGROUND	1.60.1.69913	1.60.1.70245
ERR_LFG_CANT_USE_DUNGEONS	1.60.1.69913	1.60.1.70245
ERR_LFG_DEAD	1.60.1.69913	1.60.1.70245
ERR_LFG_DESERTER_PARTY	1.60.1.69913	1.60.1.70245
ERR_LFG_DESERTER_PLAYER	1.60.1.69913	1.60.1.70245
ERR_LFG_FARM_LIMIT	1.60.1.69913	1.60.1.70245
ERR_LFG_GET_INFO_TIMEOUT	1.60.1.69913	1.60.1.70245
ERR_LFG_GROUP_FULL	1.60.1.69913	1.60.1.70245
ERR_LFG_INVALID_SLOT	1.60.1.69913	1.60.1.70245
ERR_LFG_JOINED_BATTLEFIELD_QUEUE	1.60.1.69913	1.60.1.70245
ERR_LFG_JOINED_FLEX_QUEUE	1.60.1.69913	1.60.1.70245
ERR_LFG_JOINED_LIST	1.60.1.69913	1.60.1.70245
ERR_LFG_JOINED_QUEUE	1.60.1.69913	1.60.1.70245
ERR_LFG_JOINED_RF_QUEUE	1.60.1.69913	1.60.1.70245
ERR_LFG_JOINED_SCENARIO_QUEUE	1.60.1.69913	1.60.1.70245
ERR_LFG_JOINED_TRAINING_GROUNDS_QUEUE	1.60.1.69913	1.60.1.70245
ERR_LFG_JOINED_WORLD_PVP_QUEUE	1.60.1.69913	1.60.1.70245
ERR_LFG_LEADER_IS_LFM_S	1.60.1.69913	1.60.1.70245
ERR_LFG_LEFT_LIST	1.60.1.69913	1.60.1.70245
ERR_LFG_LEFT_QUEUE	1.60.1.69913	1.60.1.70245
ERR_LFG_LOREWALKING	1.60.1.69913	1.60.1.70245
ERR_LFG_MEMBERS_NOT_PRESENT	1.60.1.69913	1.60.1.70245
ERR_LFG_MEMBERS_REQUIRED	1.60.1.69913	1.60.1.70245
ERR_LFG_MISMATCHED_SLOTS	1.60.1.69913	1.60.1.70245
ERR_LFG_MISMATCHED_SLOTS_LOCAL_XREALM	1.60.1.69913	1.60.1.70245
ERR_LFG_NO_CROSS_FACTION_PARTIES	1.60.1.69913	1.60.1.70245
ERR_LFG_NO_CROSS_FACTION_PARTIES_MULTIPLE	1.60.1.69913	1.60.1.70245
ERR_LFG_NO_LFG_OBJECT	1.60.1.69913	1.60.1.70245
ERR_LFG_NO_ROLES_SELECTED	1.60.1.69913	1.60.1.70245
ERR_LFG_NO_SLOTS_PARTY	1.60.1.69913	1.60.1.70245
ERR_LFG_NO_SLOTS_PLAYER	1.60.1.69913	1.60.1.70245
ERR_LFG_NO_SLOTS_SELECTED	1.60.1.69913	1.60.1.70245
ERR_LFG_NO_SPEC	1.60.1.69913	1.60.1.70245
ERR_LFG_PARTY_PLAYERS_FROM_DIFFERENT_REALMS	1.60.1.69913	1.60.1.70245
ERR_LFG_PENDING	1.60.1.69913	1.60.1.70245
ERR_LFG_PLAYER_DECLINED_READY_CHECK	1.60.1.69913	1.60.1.70245
ERR_LFG_PLAYER_DECLINED_ROLE_CHECK	1.60.1.69913	1.60.1.70245
ERR_LFG_PROPOSAL_DECLINED_PARTY	1.60.1.69913	1.60.1.70245
ERR_LFG_PROPOSAL_DECLINED_SELF	1.60.1.69913	1.60.1.70245
ERR_LFG_PROPOSAL_FAILED	1.60.1.69913	1.60.1.70245
ERR_LFG_RANDOM_COOLDOWN_PARTY	1.60.1.69913	1.60.1.70245
ERR_LFG_RANDOM_COOLDOWN_PLAYER	1.60.1.69913	1.60.1.70245
ERR_LFG_READY_CHECK_ABORTED	1.60.1.69913	1.60.1.70245
ERR_LFG_READY_CHECK_FAILED	1.60.1.69913	1.60.1.70245
ERR_LFG_READY_CHECK_FAILED_TIMEOUT	1.60.1.69913	1.60.1.70245
ERR_LFG_READY_CHECK_INITIATED	1.60.1.69913	1.60.1.70245
ERR_LFG_REASON_TOO_MANY_LFG	1.60.1.69913	1.60.1.70245
ERR_LFG_REMOVED_FACTION_CHANGE	1.60.1.69913	1.60.1.70245
ERR_LFG_REMOVED_LEVELUP	1.60.1.69913	1.60.1.70245
ERR_LFG_REMOVED_XP_TOGGLE	1.60.1.69913	1.60.1.70245
ERR_LFG_ROLE_CHECK_ABORTED	1.60.1.69913	1.60.1.70245
ERR_LFG_ROLE_CHECK_FAILED	1.60.1.69913	1.60.1.70245
ERR_LFG_ROLE_CHECK_FAILED_NOT_VIABLE	1.60.1.69913	1.60.1.70245
ERR_LFG_ROLE_CHECK_FAILED_TIMEOUT	1.60.1.69913	1.60.1.70245
ERR_LFG_ROLE_CHECK_INITIATED	1.60.1.69913	1.60.1.70245
ERR_LFG_ROLE_CHECK_ONLY_LEADER	1.60.1.69913	1.60.1.70245
ERR_LFG_TOO_FEW_MEMBERS	1.60.1.69913	1.60.1.70245
ERR_LFG_TOO_MANY_MEMBERS	1.60.1.69913	1.60.1.70245
ERR_LOGGING_OUT	1.60.1.69913	1.60.1.70245
ERR_LOGOUT_FAILED	1.60.1.69913	1.60.1.70245
ERR_LOOT_BAD_FACING	1.60.1.69913	1.60.1.70245
ERR_LOOT_CANT_LOOT_THAT	1.60.1.69913	1.60.1.70245
ERR_LOOT_CANT_LOOT_THAT_NOW	1.60.1.69913	1.60.1.70245
ERR_LOOT_DIDNT_KILL	1.60.1.69913	1.60.1.70245
ERR_LOOT_GONE	1.60.1.69913	1.60.1.70245
ERR_LOOT_HISTORY_EXPIRED	1.60.1.69913	1.60.1.70245
ERR_LOOT_LOCKED	1.60.1.69913	1.60.1.70245
ERR_LOOT_MASTER_INV_FULL	1.60.1.69913	1.60.1.70245
ERR_LOOT_MASTER_OTHER	1.60.1.69913	1.60.1.70245
ERR_LOOT_MASTER_UNIQUE_ITEM	1.60.1.69913	1.60.1.70245
ERR_LOOT_NOTSTANDING	1.60.1.69913	1.60.1.70245
ERR_LOOT_NO_UI	1.60.1.69913	1.60.1.70245
ERR_LOOT_PLAYER_NOT_FOUND	1.60.1.69913	1.60.1.70245
ERR_LOOT_ROLL_PENDING	1.60.1.69913	1.60.1.70245
ERR_LOOT_SPEC_CHANGED_S	1.60.1.69913	1.60.1.70245
ERR_LOOT_STUNNED	1.60.1.69913	1.60.1.70245
ERR_LOOT_TOO_FAR	1.60.1.69913	1.60.1.70245
ERR_LOOT_WHILE_INVULNERABLE	1.60.1.69913	1.60.1.70245
ERR_MAIL_ATTACHMENT_EXPIRED	1.60.1.69913	1.60.1.70245
ERR_MAIL_BAG	1.60.1.69913	1.60.1.70245
ERR_MAIL_BOUND_ITEM	1.60.1.69913	1.60.1.70245
ERR_MAIL_CANT_SEND_REALM	1.60.1.69913	1.60.1.70245
ERR_MAIL_CANT_SEND_SUPERDISTRICT	1.60.1.69913	1.60.1.70245
ERR_MAIL_CONJURED_ITEM	1.60.1.69913	1.60.1.70245
ERR_MAIL_DATABASE_ERROR	1.60.1.69913	1.60.1.70245
ERR_MAIL_DELETE_ITEM_ERROR	1.60.1.69913	1.60.1.70245
ERR_MAIL_INVALID_ATTACHMENT	1.60.1.69913	1.60.1.70245
ERR_MAIL_INVALID_ATTACHMENT_SLOT	1.60.1.69913	1.60.1.70245
ERR_MAIL_LIMITED_DURATION_ITEM	1.60.1.69913	1.60.1.70245
ERR_MAIL_NOT_FRIEND_OR_GUILD	1.60.1.69913	1.60.1.70245
ERR_MAIL_QUEST_ITEM	1.60.1.69913	1.60.1.70245
ERR_MAIL_REACHED_CAP	1.60.1.69913	1.60.1.70245
ERR_MAIL_RECEPIENT_CANT_RECEIVE_MAIL	1.60.1.69913	1.60.1.70245
ERR_MAIL_RECEPIENT_IS_SELF_FOUND_CANNOT_RECEIVE_MAIL	1.60.1.69913	1.60.1.70245
ERR_MAIL_SENT	1.60.1.69913	1.60.1.70245
ERR_MAIL_TARGET_CANNOT_RECEIVE_MAIL	1.60.1.69913	1.60.1.70245
ERR_MAIL_TARGET_IS_TRIAL	1.60.1.69913	1.60.1.70245
ERR_MAIL_TARGET_NOT_FOUND	1.60.1.69913	1.60.1.70245
ERR_MAIL_TEMP_RETURN_OUTAGE	1.60.1.69913	1.60.1.70245
ERR_MAIL_TOO_MANY_ATTACHMENTS	1.60.1.69913	1.60.1.70245
ERR_MAIL_TO_SELF	1.60.1.69913	1.60.1.70245
ERR_MAIL_WRAPPED_COD	1.60.1.69913	1.60.1.70245
ERR_MARKSMANSHIP_NOPET_EAGLE	1.60.1.69913	1.60.1.70245
ERR_MAX_SOCKETS	1.60.1.69913	1.60.1.70245
ERR_MEETING_STONE_GROUP_FULL	1.60.1.69913	1.60.1.70245
ERR_MEETING_STONE_INVALID_LEVEL	1.60.1.69913	1.60.1.70245
ERR_MEETING_STONE_INVALID_TARGET	1.60.1.69913	1.60.1.70245
ERR_MEETING_STONE_IN_PROGRESS	1.60.1.69913	1.60.1.70245
ERR_MEETING_STONE_IN_QUEUE_S	1.60.1.69913	1.60.1.70245
ERR_MEETING_STONE_LEFT_QUEUE_S	1.60.1.69913	1.60.1.70245
ERR_MEETING_STONE_MEMBER_ADDED_S	1.60.1.69913	1.60.1.70245
ERR_MEETING_STONE_MEMBER_STILL_IN_QUEUE	1.60.1.69913	1.60.1.70245
ERR_MEETING_STONE_MUST_BE_LEADER	1.60.1.69913	1.60.1.70245
ERR_MEETING_STONE_NEED_PARTY	1.60.1.69913	1.60.1.70245
ERR_MEETING_STONE_NOT_FOUND	1.60.1.69913	1.60.1.70245
ERR_MEETING_STONE_NOT_LEADER	1.60.1.69913	1.60.1.70245
ERR_MEETING_STONE_NO_RAID_GROUP	1.60.1.69913	1.60.1.70245
ERR_MEETING_STONE_OTHER_MEMBER_LEFT	1.60.1.69913	1.60.1.70245
ERR_MEETING_STONE_SUCCESS	1.60.1.69913	1.60.1.70245
ERR_MEETING_STONE_TARGET_INVALID_LEVEL	1.60.1.69913	1.60.1.70245
ERR_MEETING_STONE_TARGET_IN_VEHICLE	1.60.1.69913	1.60.1.70245
ERR_MEETING_STONE_TARGET_NOT_IN_PARTY	1.60.1.69913	1.60.1.70245
ERR_MOUNT_ALREADYMOUNTED	1.60.1.69913	1.60.1.70245
ERR_MOUNT_FORCEDDISMOUNT	1.60.1.69913	1.60.1.70245
ERR_MOUNT_INVALIDMOUNTEE	1.60.1.69913	1.60.1.70245
ERR_MOUNT_LOOTING	1.60.1.69913	1.60.1.70245
ERR_MOUNT_NOTMOUNTABLE	1.60.1.69913	1.60.1.70245
ERR_MOUNT_NOTYOURPET	1.60.1.69913	1.60.1.70245
ERR_MOUNT_NO_FAVORITES	1.60.1.69913	1.60.1.70245
ERR_MOUNT_NO_MOUNTS	1.60.1.69913	1.60.1.70245
ERR_MOUNT_OTHER	1.60.1.69913	1.60.1.70245
ERR_MOUNT_RACECANTMOUNT	1.60.1.69913	1.60.1.70245
ERR_MOUNT_SHAPESHIFTED	1.60.1.69913	1.60.1.70245
ERR_MOUNT_TOOFARAWAY	1.60.1.69913	1.60.1.70245
ERR_MOVIE_RECORDING_WARNING_COMPRESSING	1.60.1.69913	1.60.1.70245
ERR_MOVIE_RECORDING_WARNING_DISK_FULL	1.60.1.69913	1.60.1.70245
ERR_MOVIE_RECORDING_WARNING_NO_MOVIE	1.60.1.69913	1.60.1.70245
ERR_MOVIE_RECORDING_WARNING_PERF	1.60.1.69913	1.60.1.70245
ERR_MULTI_CAST_ACTION_TOTEM_S	1.60.1.69913	1.60.1.70245
ERR_MUST_EQUIP_ITEM	1.60.1.69913	1.60.1.70245
ERR_MUST_REPAIR_DURABILITY	1.60.1.69913	1.60.1.70245
ERR_NAME_CONSECUTIVE_SPACES	1.60.1.69913	1.60.1.70245
ERR_NAME_DECLENSION_DOESNT_MATCH_BASE_NAME	1.60.1.69913	1.60.1.70245
ERR_NAME_INVALID	1.60.1.69913	1.60.1.70245
ERR_NAME_INVALID_SPACE	1.60.1.69913	1.60.1.70245
ERR_NAME_MIXED_LANGUAGES	1.60.1.69913	1.60.1.70245
ERR_NAME_NO_NAME	1.60.1.69913	1.60.1.70245
ERR_NAME_PROFANE	1.60.1.69913	1.60.1.70245
ERR_NAME_RESERVED	1.60.1.69913	1.60.1.70245
ERR_NAME_RUSSIAN_CONSECUTIVE_SILENT_CHARACTERS	1.60.1.69913	1.60.1.70245
ERR_NAME_RUSSIAN_SILENT_CHARACTER_AT_BEGINNING_OR_END	1.60.1.69913	1.60.1.70245
ERR_NAME_SPACES_DISALLOWED	1.60.1.69913	1.60.1.70245
ERR_NAME_THREE_CONSECUTIVE	1.60.1.69913	1.60.1.70245
ERR_NAME_TOO_LONG	1.60.1.69913	1.60.1.70245
ERR_NAME_TOO_LONG2	1.60.1.69913	1.60.1.70245
ERR_NAME_TOO_SHORT	1.60.1.69913	1.60.1.70245
ERR_NEWTAXIPATH	1.60.1.69913	1.60.1.70245
ERR_NEW_GUIDE_S	1.60.1.69913	1.60.1.70245
ERR_NEW_GUIDE_YOU	1.60.1.69913	1.60.1.70245
ERR_NEW_LEADER_S	1.60.1.69913	1.60.1.70245
ERR_NEW_LEADER_YOU	1.60.1.69913	1.60.1.70245
ERR_NEW_LOOT_MASTER_S	1.60.1.69913	1.60.1.70245
ERR_NOEMOTEWHILERUNNING	1.60.1.69913	1.60.1.70245
ERR_NOTYOURPET	1.60.1.69913	1.60.1.70245
ERR_NOT_A_BAG	1.60.1.69913	1.60.1.70245
ERR_NOT_BARBER_SITTING	1.60.1.69913	1.60.1.70245
ERR_NOT_DURING_ARENA_MATCH	1.60.1.69913	1.60.1.70245
ERR_NOT_ENOUGH_ARENA_POINTS	1.60.1.69913	1.60.1.70245
ERR_NOT_ENOUGH_CURRENCY	1.60.1.69913	1.60.1.70245
ERR_NOT_ENOUGH_GOLD	1.60.1.69913	1.60.1.70245
ERR_NOT_ENOUGH_HONOR_POINTS	1.60.1.69913	1.60.1.70245
ERR_NOT_ENOUGH_MONEY	1.60.1.69913	1.60.1.70245
ERR_NOT_ENOUGH_PURCHASED_GAME_TIME	1.60.1.69913	1.60.1.70245
ERR_NOT_EQUIPPABLE	1.60.1.69913	1.60.1.70245
ERR_NOT_IN_BATTLEGROUND	1.60.1.69913	1.60.1.70245
ERR_NOT_IN_COMBAT	1.60.1.69913	1.60.1.70245
ERR_NOT_IN_GROUP	1.60.1.69913	1.60.1.70245
ERR_NOT_IN_INSTANCE_GROUP	1.60.1.69913	1.60.1.70245
ERR_NOT_IN_NPE	1.60.1.69913	1.60.1.70245
ERR_NOT_IN_RAID	1.60.1.69913	1.60.1.70245
ERR_NOT_IN_RATED_BATTLEGROUND	1.60.1.69913	1.60.1.70245
ERR_NOT_LEADER	1.60.1.69913	1.60.1.70245
ERR_NOT_ON_TOURNAMENT_REALM	1.60.1.69913	1.60.1.70245
ERR_NOT_OWNER	1.60.1.69913	1.60.1.70245
ERR_NOT_SAME_ACCOUNT	1.60.1.69913	1.60.1.70245
ERR_NOT_WHILE_DISARMED	1.60.1.69913	1.60.1.70245
ERR_NOT_WHILE_FALLING	1.60.1.69913	1.60.1.70245
ERR_NOT_WHILE_FATIGUED	1.60.1.69913	1.60.1.70245
ERR_NOT_WHILE_MOUNTED	1.60.1.69913	1.60.1.70245
ERR_NOT_WHILE_MOVING	1.60.1.69913	1.60.1.70245
ERR_NOT_WHILE_SHAPESHIFTED	1.60.1.69913	1.60.1.70245
ERR_NO_ACCOUNT_BANK_HERE	1.60.1.69913	1.60.1.70245
ERR_NO_ARENA_CHARTER	1.60.1.69913	1.60.1.70245
ERR_NO_ATTACK_TARGET	1.60.1.69913	1.60.1.70245
ERR_NO_BANK_HERE	1.60.1.69913	1.60.1.70245
ERR_NO_BANK_SLOT	1.60.1.69913	1.60.1.70245
ERR_NO_CHALLENGE_MODE_REWARD	1.60.1.69913	1.60.1.70245
ERR_NO_DOMINATIONSHARD_OVERWRITE	1.60.1.69913	1.60.1.70245
ERR_NO_GUILD_CHARTER	1.60.1.69913	1.60.1.70245
ERR_NO_IMMEDIATE_CONTAINER_IN_ACCOUNT_BANK	1.60.1.69913	1.60.1.70245
ERR_NO_ITEMS_WHILE_SHAPESHIFTED	1.60.1.69913	1.60.1.70245
ERR_NO_LOOT	1.60.1.69913	1.60.1.70245
ERR_NO_LOOT_IN_CHALLENGE_MODE	1.60.1.69913	1.60.1.70245
ERR_NO_OPEN_IMMEDIATE_CONTAINER_IN_ACCOUNT_BANK	1.60.1.69913	1.60.1.70245
ERR_NO_PET	1.60.1.69913	1.60.1.70245
ERR_NO_POISON_ACTIVE	1.60.1.69913	1.60.1.70245
ERR_NO_PVP_REWARD	1.60.1.69913	1.60.1.70245
ERR_NO_REFUNDABLE_ITEM_IN_ACCOUNT_BANK	1.60.1.69913	1.60.1.70245
ERR_NO_REPLY_TARGET	1.60.1.69913	1.60.1.70245
ERR_NO_RIDING_SKILL	1.60.1.69913	1.60.1.70245
ERR_NO_SALVAGED_ITEMS_IN_ACCOUNT_BANK	1.60.1.69913	1.60.1.70245
ERR_NO_SLOT_AVAILABLE	1.60.1.69913	1.60.1.70245
ERR_NO_SOULBOUND_ITEM_IN_ACCOUNT_BANK	1.60.1.69913	1.60.1.70245
ERR_NO_SPEC	1.60.1.69913	1.60.1.70245
ERR_NO_TARGET_OR_NAME	1.60.1.69913	1.60.1.70245
ERR_NULL_PETNAME	1.60.1.69913	1.60.1.70245
ERR_OBJECT_FAIL_NOT_IN_PARTY	1.60.1.69913	1.60.1.70245
ERR_OBJECT_IS_BUSY	1.60.1.69913	1.60.1.70245
ERR_ONLY_ONE_AMMO	1.60.1.69913	1.60.1.70245
ERR_ONLY_ONE_BOLT	1.60.1.69913	1.60.1.70245
ERR_ONLY_ONE_QUIVER	1.60.1.69913	1.60.1.70245
ERR_OUT_OF_ARCANE_CHARGES	1.60.1.69913	1.60.1.70245
ERR_OUT_OF_BALANCE_NEGATIVE	1.60.1.69913	1.60.1.70245
ERR_OUT_OF_BALANCE_POSITIVE	1.60.1.69913	1.60.1.70245
ERR_OUT_OF_BURNING_EMBERS	1.60.1.69913	1.60.1.70245
ERR_OUT_OF_CHI	1.60.1.69913	1.60.1.70245
ERR_OUT_OF_COMBO_POINTS	1.60.1.69913	1.60.1.70245
ERR_OUT_OF_DARK_FORCE	1.60.1.69913	1.60.1.70245
ERR_OUT_OF_DEMONIC_FURY	1.60.1.69913	1.60.1.70245
ERR_OUT_OF_ENERGY	1.60.1.69913	1.60.1.70245
ERR_OUT_OF_ESSENCE	1.60.1.69913	1.60.1.70245
ERR_OUT_OF_FOCUS	1.60.1.69913	1.60.1.70245
ERR_OUT_OF_FURY	1.60.1.69913	1.60.1.70245
ERR_OUT_OF_HEALTH	1.60.1.69913	1.60.1.70245
ERR_OUT_OF_HOLY_POWER	1.60.1.69913	1.60.1.70245
ERR_OUT_OF_INSANITY	1.60.1.69913	1.60.1.70245
ERR_OUT_OF_LIGHT_FORCE	1.60.1.69913	1.60.1.70245
ERR_OUT_OF_MAELSTROM	1.60.1.69913	1.60.1.70245
ERR_OUT_OF_MANA	1.60.1.69913	1.60.1.70245
ERR_OUT_OF_PAIN	1.60.1.69913	1.60.1.70245
ERR_OUT_OF_POWER_DISPLAY	1.60.1.69913	1.60.1.70245
ERR_OUT_OF_RAGE	1.60.1.69913	1.60.1.70245
ERR_OUT_OF_RANGE	1.60.1.69913	1.60.1.70245
ERR_OUT_OF_RUNES	1.60.1.69913	1.60.1.70245
ERR_OUT_OF_RUNIC_POWER	1.60.1.69913	1.60.1.70245
ERR_OUT_OF_SHADOW_ORBS	1.60.1.69913	1.60.1.70245
ERR_OUT_OF_SOUL_SHARDS	1.60.1.69913	1.60.1.70245
ERR_PARENTAL_CONTROLS_CHAT_MUTED	1.60.1.69913	1.60.1.70245
ERR_PARENTAL_CONTROLS_DISCONNECT_WARNING	1.60.1.69913	1.60.1.70245
ERR_PARENTAL_CONTROLS_DISCONNECT_WARNING_SOON	1.60.1.69913	1.60.1.70245
ERR_PARTY_ALREADY_IN_BATTLEGROUND_QUEUE	1.60.1.69913	1.60.1.70245
ERR_PARTY_CONFIRMING_BATTLEGROUND_QUEUE	1.60.1.69913	1.60.1.70245
ERR_PARTY_CONVERTED_TO_RAID	1.60.1.69913	1.60.1.70245
ERR_PARTY_LFG_BOOT_COOLDOWN_S	1.60.1.69913	1.60.1.70245
ERR_PARTY_LFG_BOOT_DISALLOWED_BY_MAP	1.60.1.69913	1.60.1.70245
ERR_PARTY_LFG_BOOT_DUNGEON_COMPLETE	1.60.1.69913	1.60.1.70245
ERR_PARTY_LFG_BOOT_INPATIENT_TIMER_S	1.60.1.69913	1.60.1.70245
ERR_PARTY_LFG_BOOT_IN_PROGRESS	1.60.1.69913	1.60.1.70245
ERR_PARTY_LFG_BOOT_LIMIT	1.60.1.69913	1.60.1.70245
ERR_PARTY_LFG_BOOT_LOOT_ROLLS	1.60.1.69913	1.60.1.70245
ERR_PARTY_LFG_BOOT_NOT_ELIGIBLE_S	1.60.1.69913	1.60.1.70245
ERR_PARTY_LFG_BOOT_TOO_FEW_PLAYERS	1.60.1.69913	1.60.1.70245
ERR_PARTY_LFG_BOOT_VOTE_FAILED	1.60.1.69913	1.60.1.70245
ERR_PARTY_LFG_BOOT_VOTE_REGISTERED	1.60.1.69913	1.60.1.70245
ERR_PARTY_LFG_BOOT_VOTE_SUCCEEDED	1.60.1.69913	1.60.1.70245
ERR_PARTY_LFG_INVITE_RAID_LOCKED	1.60.1.69913	1.60.1.70245
ERR_PARTY_LFG_TELEPORT_IN_COMBAT	1.60.1.69913	1.60.1.70245
ERR_PARTY_MEMBER_SILENCED	1.60.1.69913	1.60.1.70245
ERR_PARTY_MEMBER_SILENCED_LFG_DELIST	1.60.1.69913	1.60.1.70245
ERR_PARTY_PRIVATE_GROUP_ONLY	1.60.1.69913	1.60.1.70245
ERR_PARTY_ROLE_NOT_AVAILABLE	1.60.1.69913	1.60.1.70245
ERR_PARTY_TARGET_AMBIGUOUS	1.60.1.69913	1.60.1.70245
ERR_PARTY_TIME_RUNNING_SEASON_ID_MUST_MATCH	1.60.1.69913	1.60.1.70245
ERR_PASSIVE_ABILITY	1.60.1.69913	1.60.1.70245
ERR_PERKS_PROGRAM_COMMUNICATION_ERROR	1.60.1.69913	1.60.1.70245
ERR_PERKS_PROGRAM_DISABLED	1.60.1.69913	1.60.1.70245
ERR_PETITION_ALREADY_SIGNED	1.60.1.69913	1.60.1.70245
ERR_PETITION_ALREADY_SIGNED_BY_S	1.60.1.69913	1.60.1.70245
ERR_PETITION_ALREADY_SIGNED_OTHER	1.60.1.69913	1.60.1.70245
ERR_PETITION_CREATOR	1.60.1.69913	1.60.1.70245
ERR_PETITION_DECLINED_S	1.60.1.69913	1.60.1.70245
ERR_PETITION_FULL	1.60.1.69913	1.60.1.70245
ERR_PETITION_IN_GUILD	1.60.1.69913	1.60.1.70245
ERR_PETITION_NOT_ENOUGH_SIGNATURES	1.60.1.69913	1.60.1.70245
ERR_PETITION_NOT_SAME_SERVER	1.60.1.69913	1.60.1.70245
ERR_PETITION_OFFERED_S	1.60.1.69913	1.60.1.70245
ERR_PETITION_SIGNED	1.60.1.69913	1.60.1.70245
ERR_PETITION_SIGNED_S	1.60.1.69913	1.60.1.70245
ERR_PET_BROKEN	1.60.1.69913	1.60.1.70245
ERR_PET_JOURNAL_ALREADY_IN_LOADOUT	1.60.1.69913	1.60.1.70245
ERR_PET_JOURNAL_PET_PENDING_CAGE	1.60.1.69913	1.60.1.70245
ERR_PET_LEARN_ABILITY_S	1.60.1.69913	1.60.1.70245
ERR_PET_LEARN_SPELL_S	1.60.1.69913	1.60.1.70245
ERR_PET_NOT_RENAMEABLE	1.60.1.69913	1.60.1.70245
ERR_PET_SPEC_WIPE_ERROR	1.60.1.69913	1.60.1.70245
ERR_PET_SPELL_AFFECTING_COMBAT	1.60.1.69913	1.60.1.70245
ERR_PET_SPELL_ALREADY_KNOWN_S	1.60.1.69913	1.60.1.70245
ERR_PET_SPELL_DEAD	1.60.1.69913	1.60.1.70245
ERR_PET_SPELL_NOPATH	1.60.1.69913	1.60.1.70245
ERR_PET_SPELL_NOT_BEHIND	1.60.1.69913	1.60.1.70245
ERR_PET_SPELL_OUT_OF_RANGE	1.60.1.69913	1.60.1.70245
ERR_PET_SPELL_ROOTED	1.60.1.69913	1.60.1.70245
ERR_PET_SPELL_TARGETS_DEAD	1.60.1.69913	1.60.1.70245
ERR_PET_SPELL_UNLEARNED_S	1.60.1.69913	1.60.1.70245
ERR_PET_TOO_HIGH_LEVEL_TO_UNCAGE	1.60.1.69913	1.60.1.70245
ERR_PLACED_ROOM_LIMIT_REACHED	1.60.1.69913	1.60.1.70245
ERR_PLAYERLIST_JOINED_BATTLE	1.60.1.69913	1.60.1.70245
ERR_PLAYERLIST_LEFT_BATTLE	1.60.1.69913	1.60.1.70245
ERR_PLAYERS_JOINED_BATTLE_D	1.60.1.69913	1.60.1.70245
ERR_PLAYERS_LEFT_BATTLE_D	1.60.1.69913	1.60.1.70245
ERR_PLAYER_BUSY_S	1.60.1.69913	1.60.1.70245
ERR_PLAYER_CHOICE_ERROR_PENDING_CHOICE	1.60.1.69913	1.60.1.70245
ERR_PLAYER_DEAD	1.60.1.69913	1.60.1.70245
ERR_PLAYER_DIED_S	1.60.1.69913	1.60.1.70245
ERR_PLAYER_DIFFICULTY_CHANGED_S	1.60.1.69913	1.60.1.70245
ERR_PLAYER_IS_NEUTRAL	1.60.1.69913	1.60.1.70245
ERR_PLAYER_IS_SELF_FOUND_CANNOT_SEND_MAIL	1.60.1.69913	1.60.1.70245
ERR_PLAYER_IS_SELF_FOUND_CANNOT_TRADE	1.60.1.69913	1.60.1.70245
ERR_PLAYER_IS_SELF_FOUND_CANNOT_USE_AUCTION_HOUSE	1.60.1.69913	1.60.1.70245
ERR_PLAYER_JOINED_BATTLE_D	1.60.1.69913	1.60.1.70245
ERR_PLAYER_LEFT_BATTLE_D	1.60.1.69913	1.60.1.70245
ERR_PLAYER_SILENCED	1.60.1.69913	1.60.1.70245
ERR_PLAYER_SILENCED_ECHO	1.60.1.69913	1.60.1.70245
ERR_PLAYER_UNSILENCED	1.60.1.69913	1.60.1.70245
ERR_PLAYER_UNSILENCED_ECHO	1.60.1.69913	1.60.1.70245
ERR_PLAYER_WRONG_FACTION	1.60.1.69913	1.60.1.70245
ERR_PLAY_TIME_EXCEEDED	1.60.1.69913	1.60.1.70245
ERR_POTION_COOLDOWN	1.60.1.69913	1.60.1.70245
ERR_PROFANE_CHAT_NAME	1.60.1.69913	1.60.1.70245
ERR_PROFESSIONS_RECIPE_DISCOVERY_S	1.60.1.69913	1.60.1.70245
ERR_PROFICIENCY_GAINED_S	1.60.1.69913	1.60.1.70245
ERR_PROFICIENCY_NEEDED	1.60.1.69913	1.60.1.70245
ERR_PURCHASE_LEVEL_TOO_LOW	1.60.1.69913	1.60.1.70245
ERR_PVP_BLACKLIST_CAP	1.60.1.69913	1.60.1.70245
ERR_PVP_MAP_NOT_FOUND	1.60.1.69913	1.60.1.70245
ERR_PVP_MAP_NOT_SET	1.60.1.69913	1.60.1.70245
ERR_PVP_PLAYER_ABANDONED	1.60.1.69913	1.60.1.70245
ERR_PVP_TOGGLE_OFF	1.60.1.69913	1.60.1.70245
ERR_PVP_TOGGLE_ON	1.60.1.69913	1.60.1.70245
ERR_PVP_TRAINING_GROUNDS_DISABLED	1.60.1.69913	1.60.1.70245
ERR_PVP_WARMODE_TOGGLE_OFF	1.60.1.69913	1.60.1.70245
ERR_PVP_WARMODE_TOGGLE_ON	1.60.1.69913	1.60.1.70245
ERR_QUEST_ACCEPTED_S	1.60.1.69913	1.60.1.70245
ERR_QUEST_ADD_FOUND_SII	1.60.1.69913	1.60.1.70245
ERR_QUEST_ADD_ITEM_SII	1.60.1.69913	1.60.1.70245
ERR_QUEST_ADD_KILL_SII	1.60.1.69913	1.60.1.70245
ERR_QUEST_ADD_PLAYER_KILL_SII	1.60.1.69913	1.60.1.70245
ERR_QUEST_ALREADY_DONE	1.60.1.69913	1.60.1.70245
ERR_QUEST_ALREADY_DONE_DAILY	1.60.1.69913	1.60.1.70245
ERR_QUEST_ALREADY_ON	1.60.1.69913	1.60.1.70245
ERR_QUEST_COMPLETE_S	1.60.1.69913	1.60.1.70245
ERR_QUEST_FAILED_BAG_FULL_S	1.60.1.69913	1.60.1.70245
ERR_QUEST_FAILED_CAIS	1.60.1.69913	1.60.1.70245
ERR_QUEST_FAILED_EXPANSION	1.60.1.69913	1.60.1.70245
ERR_QUEST_FAILED_LOW_LEVEL	1.60.1.69913	1.60.1.70245
ERR_QUEST_FAILED_MAX_COUNT_S	1.60.1.69913	1.60.1.70245
ERR_QUEST_FAILED_MISSING_ITEMS	1.60.1.69913	1.60.1.70245
ERR_QUEST_FAILED_NOT_ENOUGH_MONEY	1.60.1.69913	1.60.1.70245
ERR_QUEST_FAILED_S	1.60.1.69913	1.60.1.70245
ERR_QUEST_FAILED_SPELL	1.60.1.69913	1.60.1.70245
ERR_QUEST_FAILED_TOO_MANY_DAILY_QUESTS_I	1.60.1.69913	1.60.1.70245
ERR_QUEST_FAILED_WRONG_RACE	1.60.1.69913	1.60.1.70245
ERR_QUEST_FORCE_REMOVED_S	1.60.1.69913	1.60.1.70245
ERR_QUEST_HAS_IN_PROGRESS	1.60.1.69913	1.60.1.70245
ERR_QUEST_IGNORED	1.60.1.69913	1.60.1.70245
ERR_QUEST_LOG_FULL	1.60.1.69913	1.60.1.70245
ERR_QUEST_MUST_CHOOSE	1.60.1.69913	1.60.1.70245
ERR_QUEST_NEED_PREREQS	1.60.1.69913	1.60.1.70245
ERR_QUEST_OBJECTIVE_COMPLETE_S	1.60.1.69913	1.60.1.70245
ERR_QUEST_ONLY_ONE_TIMED	1.60.1.69913	1.60.1.70245
ERR_QUEST_PUSH_ACCEPTED_S	1.60.1.69913	1.60.1.70245
ERR_QUEST_PUSH_ALREADY_DONE_S	1.60.1.69913	1.60.1.70245
ERR_QUEST_PUSH_ALREADY_DONE_TO_RECIPIENT_S	1.60.1.69913	1.60.1.70245
ERR_QUEST_PUSH_BUSY_S	1.60.1.69913	1.60.1.70245
ERR_QUEST_PUSH_CLASS_S	1.60.1.69913	1.60.1.70245
ERR_QUEST_PUSH_CLASS_TO_RECIPIENT_S	1.60.1.69913	1.60.1.70245
ERR_QUEST_PUSH_CROSS_FACTION_RESTRICTED_S	1.60.1.69913	1.60.1.70245
ERR_QUEST_PUSH_DEAD_S	1.60.1.69913	1.60.1.70245
ERR_QUEST_PUSH_DEAD_TO_RECIPIENT_S	1.60.1.69913	1.60.1.70245
ERR_QUEST_PUSH_DECLINED_S	1.60.1.69913	1.60.1.70245
ERR_QUEST_PUSH_DIFFERENT_SERVER_DAILY_S	1.60.1.69913	1.60.1.70245
ERR_QUEST_PUSH_DIFFERENT_SERVER_DAILY_TO_RECIPIENT_S	1.60.1.69913	1.60.1.70245
ERR_QUEST_PUSH_EXPANSION_S	1.60.1.69913	1.60.1.70245
ERR_QUEST_PUSH_EXPANSION_TO_RECIPIENT_S	1.60.1.69913	1.60.1.70245
ERR_QUEST_PUSH_HIGH_FACTION_S	1.60.1.69913	1.60.1.70245
ERR_QUEST_PUSH_HIGH_FACTION_TO_RECIPIENT_S	1.60.1.69913	1.60.1.70245
ERR_QUEST_PUSH_HIGH_LEVEL_S	1.60.1.69913	1.60.1.70245
ERR_QUEST_PUSH_HIGH_LEVEL_TO_RECIPIENT_S	1.60.1.69913	1.60.1.70245
ERR_QUEST_PUSH_INVALID_S	1.60.1.69913	1.60.1.70245
ERR_QUEST_PUSH_INVALID_TO_RECIPIENT_S	1.60.1.69913	1.60.1.70245
ERR_QUEST_PUSH_LOG_FULL_S	1.60.1.69913	1.60.1.70245
ERR_QUEST_PUSH_LOG_FULL_TO_RECIPIENT_S	1.60.1.69913	1.60.1.70245
ERR_QUEST_PUSH_LOW_FACTION_S	1.60.1.69913	1.60.1.70245
ERR_QUEST_PUSH_LOW_FACTION_TO_RECIPIENT_S	1.60.1.69913	1.60.1.70245
ERR_QUEST_PUSH_LOW_LEVEL_S	1.60.1.69913	1.60.1.70245
ERR_QUEST_PUSH_LOW_LEVEL_TO_RECIPIENT_S	1.60.1.69913	1.60.1.70245
ERR_QUEST_PUSH_NEW_PLAYER_EXPERIENCE_S	1.60.1.69913	1.60.1.70245
ERR_QUEST_PUSH_NEW_PLAYER_EXPERIENCE_TO_RECIPIENT_S	1.60.1.69913	1.60.1.70245
ERR_QUEST_PUSH_NOT_ALLOWED_S	1.60.1.69913	1.60.1.70245
ERR_QUEST_PUSH_NOT_DAILY_S	1.60.1.69913	1.60.1.70245
ERR_QUEST_PUSH_NOT_IN_PARTY_S	1.60.1.69913	1.60.1.70245
ERR_QUEST_PUSH_ONQUEST_S	1.60.1.69913	1.60.1.70245
ERR_QUEST_PUSH_ONQUEST_TO_RECIPIENT_S	1.60.1.69913	1.60.1.70245
ERR_QUEST_PUSH_PREREQUISITE_S	1.60.1.69913	1.60.1.70245
ERR_QUEST_PUSH_PREREQUISITE_TO_RECIPIENT_S	1.60.1.69913	1.60.1.70245
ERR_QUEST_PUSH_RACE_S	1.60.1.69913	1.60.1.70245
ERR_QUEST_PUSH_RACE_TO_RECIPIENT_S	1.60.1.69913	1.60.1.70245
ERR_QUEST_PUSH_SUCCESS_S	1.60.1.69913	1.60.1.70245
ERR_QUEST_PUSH_TIMER_EXPIRED_S	1.60.1.69913	1.60.1.70245
ERR_QUEST_PUSH_TOO_FAR_S	1.60.1.69913	1.60.1.70245
ERR_QUEST_PUSH_WRONG_FACTION_S	1.60.1.69913	1.60.1.70245
ERR_QUEST_PUSH_WRONG_FACTION_TO_RECIPIENT_S	1.60.1.69913	1.60.1.70245
ERR_QUEST_REWARD_EXP_I	1.60.1.69913	1.60.1.70245
ERR_QUEST_REWARD_MONEY_S	1.60.1.69913	1.60.1.70245
ERR_QUEST_SESSION_RESULT_ALREADY_ACTIVE	1.60.1.69913	1.60.1.70245
ERR_QUEST_SESSION_RESULT_ALREADY_JOINED	1.60.1.69913	1.60.1.70245
ERR_QUEST_SESSION_RESULT_ALREADY_MEMBER	1.60.1.69913	1.60.1.70245
ERR_QUEST_SESSION_RESULT_ALREADY_OWNER	1.60.1.69913	1.60.1.70245
ERR_QUEST_SESSION_RESULT_BUSY	1.60.1.69913	1.60.1.70245
ERR_QUEST_SESSION_RESULT_DISABLED	1.60.1.69913	1.60.1.70245
ERR_QUEST_SESSION_RESULT_INVALID_AREA	1.60.1.69913	1.60.1.70245
ERR_QUEST_SESSION_RESULT_INVALID_OWNER_S	1.60.1.69913	1.60.1.70245
ERR_QUEST_SESSION_RESULT_IN_COMBAT	1.60.1.69913	1.60.1.70245
ERR_QUEST_SESSION_RESULT_IN_RAID	1.60.1.69913	1.60.1.70245
ERR_QUEST_SESSION_RESULT_JOIN_REJECTED	1.60.1.69913	1.60.1.70245
ERR_QUEST_SESSION_RESULT_LEFT	1.60.1.69913	1.60.1.70245
ERR_QUEST_SESSION_RESULT_LEGACY_LOOT_MODE	1.60.1.69913	1.60.1.70245
ERR_QUEST_SESSION_RESULT_MEMBER_IN_COMBAT	1.60.1.69913	1.60.1.70245
ERR_QUEST_SESSION_RESULT_NOT_ACTIVE	1.60.1.69913	1.60.1.70245
ERR_QUEST_SESSION_RESULT_NOT_IN_PARTY	1.60.1.69913	1.60.1.70245
ERR_QUEST_SESSION_RESULT_NOT_MEMBER	1.60.1.69913	1.60.1.70245
ERR_QUEST_SESSION_RESULT_NOT_OWNER	1.60.1.69913	1.60.1.70245
ERR_QUEST_SESSION_RESULT_OWNER_REFUSED_S	1.60.1.69913	1.60.1.70245
ERR_QUEST_SESSION_RESULT_QUEST_NOT_COMPLETED	1.60.1.69913	1.60.1.70245
ERR_QUEST_SESSION_RESULT_READY_CHECK_FAILED	1.60.1.69913	1.60.1.70245
ERR_QUEST_SESSION_RESULT_RESTRICTED	1.60.1.69913	1.60.1.70245
ERR_QUEST_SESSION_RESULT_RESTRICTED_CROSS_FACTION	1.60.1.69913	1.60.1.70245
ERR_QUEST_SESSION_RESULT_RESYNC	1.60.1.69913	1.60.1.70245
ERR_QUEST_SESSION_RESULT_STARTED	1.60.1.69913	1.60.1.70245
ERR_QUEST_SESSION_RESULT_STOPPED	1.60.1.69913	1.60.1.70245
ERR_QUEST_SESSION_RESULT_TIMEOUT	1.60.1.69913	1.60.1.70245
ERR_QUEST_SESSION_RESULT_UNKNOWN	1.60.1.69913	1.60.1.70245
ERR_QUEST_TIME_LINK_GATHER_PARTY	1.60.1.69913	1.60.1.70245
ERR_QUEST_TIME_LINK_NOT_LEADER	1.60.1.69913	1.60.1.70245
ERR_QUEST_UNIGNORED	1.60.1.69913	1.60.1.70245
ERR_QUEST_UNKNOWN_COMPLETE	1.60.1.69913	1.60.1.70245
ERR_RAID_CONVERTED_TO_PARTY	1.60.1.69913	1.60.1.70245
ERR_RAID_DIFFICULTY_CHANGED_S	1.60.1.69913	1.60.1.70245
ERR_RAID_DIFFICULTY_FAILED	1.60.1.69913	1.60.1.70245
ERR_RAID_DISALLOWED_BY_CROSS_REALM	1.60.1.69913	1.60.1.70245
ERR_RAID_DISALLOWED_BY_LEVEL	1.60.1.69913	1.60.1.70245
ERR_RAID_GROUP_FULL	1.60.1.69913	1.60.1.70245
ERR_RAID_GROUP_LOWLEVEL	1.60.1.69913	1.60.1.70245
ERR_RAID_GROUP_ONLY	1.60.1.69913	1.60.1.70245
ERR_RAID_GROUP_REQUIREMENTS_UNMATCH	1.60.1.69913	1.60.1.70245
ERR_RAID_LEADER_READY_CHECK_START_S	1.60.1.69913	1.60.1.70245
ERR_RAID_LOCKOUT_CHANGED_S	1.60.1.69913	1.60.1.70245
ERR_RAID_MEMBER_ADDED_S	1.60.1.69913	1.60.1.70245
ERR_RAID_MEMBER_REMOVED_S	1.60.1.69913	1.60.1.70245
ERR_RAID_YOU_JOINED	1.60.1.69913	1.60.1.70245
ERR_RAID_YOU_LEFT	1.60.1.69913	1.60.1.70245
ERR_RANK_REQUIRES_AUTHENTICATOR	1.60.1.69913	1.60.1.70245
ERR_READY_CHECK_IN_PROGRESS	1.60.1.69913	1.60.1.70245
ERR_READY_CHECK_THROTTLED	1.60.1.69913	1.60.1.70245
ERR_REAGENTBAG_ITEM_TYPE	1.60.1.69913	1.60.1.70245
ERR_REAGENTBAG_WRONG_SLOT	1.60.1.69913	1.60.1.70245
ERR_REAGENT_BANK_FULL	1.60.1.69913	1.60.1.70245
ERR_REALM_NOT_FOUND	1.60.1.69913	1.60.1.70245
ERR_RECEIVE_ITEM_S	1.60.1.69913	1.60.1.70245
ERR_RECENT_ALLY_PIN_SERVER_ERROR	1.60.1.69913	1.60.1.70245
ERR_RECRUIT_A_FRIEND_ACCOUNT_LIMIT	1.60.1.69913	1.60.1.70245
ERR_RECRUIT_A_FRIEND_FAILED	1.60.1.69913	1.60.1.70245
ERR_RECRUIT_A_FRIEND_INSUF_EXPAN_LVL	1.60.1.69913	1.60.1.70245
ERR_RECRUIT_A_FRIEND_MAP_INCOMING_TRANSFER_NOT_ALLOWED	1.60.1.69913	1.60.1.70245
ERR_RECRUIT_A_FRIEND_NOT_LINKED	1.60.1.69913	1.60.1.70245
ERR_RECRUIT_A_FRIEND_NOT_NOW	1.60.1.69913	1.60.1.70245
ERR_RECRUIT_A_FRIEND_SUMMON_COOLDOWN	1.60.1.69913	1.60.1.70245
ERR_RECRUIT_A_FRIEND_SUMMON_LEVEL_MAX	1.60.1.69913	1.60.1.70245
ERR_RECRUIT_A_FRIEND_SUMMON_OFFLINE	1.60.1.69913	1.60.1.70245
ERR_REFUND_RESULT_EXCEED_MAX_CURRENCY	1.60.1.69913	1.60.1.70245
ERR_REMIX_INVALID_TRANSFER_REQUEST	1.60.1.69913	1.60.1.70245
ERR_REMOVE_FROM_PVP_QUEUE_FACTION_CHANGE_NONE	1.60.1.69913	1.60.1.70245
ERR_REMOVE_FROM_PVP_QUEUE_XP_GAIN	1.60.1.69913	1.60.1.70245
ERR_REPORT_SUBMISSION_FAILED	1.60.1.69913	1.60.1.70245
ERR_REPORT_SUBMITTED_SUCCESSFULLY	1.60.1.69913	1.60.1.70245
ERR_REQUEST_JOIN_PLAYER_S	1.60.1.69913	1.60.1.70245
ERR_REQUIRES_EXPANSION_S	1.60.1.69913	1.60.1.70245
ERR_RESTRICTED_ACCOUNT	1.60.1.69913	1.60.1.70245
ERR_RESTRICTED_ACCOUNT_LFG_LIST	1.60.1.69913	1.60.1.70245
ERR_RESTRICTED_ACCOUNT_LFG_LIST_CLASS_TRIAL	1.60.1.69913	1.60.1.70245
ERR_RESTRICTED_ACCOUNT_LFG_LIST_TRIAL	1.60.1.69913	1.60.1.70245
ERR_RESTRICTED_ACCOUNT_TRIAL	1.60.1.69913	1.60.1.70245
ERR_REVOKE_TRANSMOG_S	1.60.1.69913	1.60.1.70245
ERR_ROLE_CHECK_ALREADY_IN_PROGRESS	1.60.1.69913	1.60.1.70245
ERR_ROLE_UNAVAILABLE	1.60.1.69913	1.60.1.70245
ERR_SCALING_STAT_ITEM_LEVEL_EXCEEDED	1.60.1.69913	1.60.1.70245
ERR_SCALING_STAT_ITEM_LEVEL_TOO_LOW	1.60.1.69913	1.60.1.70245
ERR_SET_LOOT_FREEFORALL	1.60.1.69913	1.60.1.70245
ERR_SET_LOOT_GROUP	1.60.1.69913	1.60.1.70245
ERR_SET_LOOT_MASTER	1.60.1.69913	1.60.1.70245
ERR_SET_LOOT_METHOD_FAILED_COMBAT	1.60.1.69913	1.60.1.70245
ERR_SET_LOOT_NBG	1.60.1.69913	1.60.1.70245
ERR_SET_LOOT_PERSONAL	1.60.1.69913	1.60.1.70245
ERR_SET_LOOT_ROUNDROBIN	1.60.1.69913	1.60.1.70245
ERR_SET_LOOT_THRESHOLD_S	1.60.1.69913	1.60.1.70245
ERR_SHAPESHIFT_FORM_CANNOT_EQUIP	1.60.1.69913	1.60.1.70245
ERR_SKILL_GAINED_S	1.60.1.69913	1.60.1.70245
ERR_SKILL_UP_SI	1.60.1.69913	1.60.1.70245
ERR_SLOT_EMPTY	1.60.1.69913	1.60.1.70245
ERR_SLOT_ONLY_REAGENTBAG	1.60.1.69913	1.60.1.70245
ERR_SOCKETING_COGWHEEL_GEM_ONLY_IN_COGWHEELSLOT	1.60.1.69913	1.60.1.70245
ERR_SOCKETING_CYPHER_GEM_ONLY_IN_CYPHERSLOT	1.60.1.69913	1.60.1.70245
ERR_SOCKETING_DOMINATION_SHARD_ONLY_IN_DOMINATIONSLOT	1.60.1.69913	1.60.1.70245
ERR_SOCKETING_FIBER_GEM_ONLY_IN_FIBERSLOT	1.60.1.69913	1.60.1.70245
ERR_SOCKETING_FRAGRANCE_GEM_ONLY_IN_FRAGRANCESLOT	1.60.1.69913	1.60.1.70245
ERR_SOCKETING_GENERIC_FAILURE	1.60.1.69913	1.60.1.70245
ERR_SOCKETING_HYDRAULIC_GEM_ONLY_IN_HYDRAULICSLOT	1.60.1.69913	1.60.1.70245
ERR_SOCKETING_ITEM_TOO_HIGH_LEVEL	1.60.1.69913	1.60.1.70245
ERR_SOCKETING_ITEM_TOO_LOW_LEVEL	1.60.1.69913	1.60.1.70245
ERR_SOCKETING_META_GEM_ONLY_IN_METASLOT	1.60.1.69913	1.60.1.70245
ERR_SOCKETING_PRIMORDIAL_GEM_ONLY_IN_PRIMORDIALSLOT	1.60.1.69913	1.60.1.70245
ERR_SOCKETING_PUNCHCARDBLUE_GEM_ONLY_IN_PUNCHCARDBLUESLOT	1.60.1.69913	1.60.1.70245
ERR_SOCKETING_PUNCHCARDRED_GEM_ONLY_IN_PUNCHCARDREDSLOT	1.60.1.69913	1.60.1.70245
ERR_SOCKETING_PUNCHCARDYELLOW_GEM_ONLY_IN_PUNCHCARDYELLOWSLOT	1.60.1.69913	1.60.1.70245
ERR_SOCKETING_REQUIRES_COGWHEEL_GEM	1.60.1.69913	1.60.1.70245
ERR_SOCKETING_REQUIRES_CYPHER_GEM	1.60.1.69913	1.60.1.70245
ERR_SOCKETING_REQUIRES_DOMINATION_SHARD	1.60.1.69913	1.60.1.70245
ERR_SOCKETING_REQUIRES_FIBER_GEM	1.60.1.69913	1.60.1.70245
ERR_SOCKETING_REQUIRES_FRAGRANCE_GEM	1.60.1.69913	1.60.1.70245
ERR_SOCKETING_REQUIRES_HYDRAULIC_GEM	1.60.1.69913	1.60.1.70245
ERR_SOCKETING_REQUIRES_META_GEM	1.60.1.69913	1.60.1.70245
ERR_SOCKETING_REQUIRES_PRIMORDIAL_GEM	1.60.1.69913	1.60.1.70245
ERR_SOCKETING_REQUIRES_PUNCHCARDBLUE_GEM	1.60.1.69913	1.60.1.70245
ERR_SOCKETING_REQUIRES_PUNCHCARDRED_GEM	1.60.1.69913	1.60.1.70245
ERR_SOCKETING_REQUIRES_PUNCHCARDYELLOW_GEM	1.60.1.69913	1.60.1.70245
ERR_SOCKETING_REQUIRES_SINGING_SEA_GEM	1.60.1.69913	1.60.1.70245
ERR_SOCKETING_REQUIRES_SINGING_THUNDER_GEM	1.60.1.69913	1.60.1.70245
ERR_SOCKETING_REQUIRES_SINGING_WIND_GEM	1.60.1.69913	1.60.1.70245
ERR_SOCKETING_REQUIRES_TINKER_GEM	1.60.1.69913	1.60.1.70245
ERR_SOCKETING_SINGINGSEA_GEM_ONLY_IN_SINGINGSEASLOT	1.60.1.69913	1.60.1.70245
ERR_SOCKETING_SINGINGTHUNDER_GEM_ONLY_IN_SINGINGTHUNDERSLOT	1.60.1.69913	1.60.1.70245
ERR_SOCKETING_SINGINGWIND_GEM_ONLY_IN_SINGINGWINDSLOT	1.60.1.69913	1.60.1.70245
ERR_SOCKETING_TINKER_GEM_ONLY_IN_TINKERSLOT	1.60.1.69913	1.60.1.70245
ERR_SOLO_JOIN_BATTLEGROUND_S	1.60.1.69913	1.60.1.70245
ERR_SOLO_JOIN_BATTLEGROUND_SPEC_S	1.60.1.69913	1.60.1.70245
ERR_SOLO_JOIN_TRAINING_GROUND	1.60.1.69913	1.60.1.70245
ERR_SOLO_MIN_ITEM_LEVEL	1.60.1.69913	1.60.1.70245
ERR_SOLO_RBG_WARGAME_GROUP_COMP	1.60.1.69913	1.60.1.70245
ERR_SOLO_RBG_WARGAME_GROUP_SIZE	1.60.1.69913	1.60.1.70245
ERR_SOLO_SHUFFLE_WARGAME_GROUP_COMP	1.60.1.69913	1.60.1.70245
ERR_SOLO_SHUFFLE_WARGAME_GROUP_SIZE	1.60.1.69913	1.60.1.70245
ERR_SOR_INVALID_COMMENT	1.60.1.69913	1.60.1.70245
ERR_SOR_INVALID_EMAIL	1.60.1.69913	1.60.1.70245
ERR_SOR_STARTING_EXPERIENCE_INCOMPLETE	1.60.1.69913	1.60.1.70245
ERR_SPECIFY_MASTER_LOOTER	1.60.1.69913	1.60.1.70245
ERR_SPEC_IS_DISABLED	1.60.1.69913	1.60.1.70245
ERR_SPEC_WIPE_ERROR	1.60.1.69913	1.60.1.70245
ERR_SPELL_ALREADY_KNOWN_S	1.60.1.69913	1.60.1.70245
ERR_SPELL_COOLDOWN	1.60.1.69913	1.60.1.70245
ERR_SPELL_FAILED_ALREADY_AT_FULL_HEALTH	1.60.1.69913	1.60.1.70245
ERR_SPELL_FAILED_ALREADY_AT_FULL_MANA	1.60.1.69913	1.60.1.70245
ERR_SPELL_FAILED_ALREADY_AT_FULL_POWER_S	1.60.1.69913	1.60.1.70245
ERR_SPELL_FAILED_ANOTHER_IN_PROGRESS	1.60.1.69913	1.60.1.70245
ERR_SPELL_FAILED_CANT_FLY_HERE	1.60.1.69913	1.60.1.70245
ERR_SPELL_FAILED_EQUIPPED_ITEM	1.60.1.69913	1.60.1.70245
ERR_SPELL_FAILED_LEVEL_REQUIREMENT	1.60.1.69913	1.60.1.70245
ERR_SPELL_FAILED_NOTUNSHEATHED	1.60.1.69913	1.60.1.70245
ERR_SPELL_FAILED_REAGENTS_GENERIC	1.60.1.69913	1.60.1.70245
ERR_SPELL_OUT_OF_RANGE	1.60.1.69913	1.60.1.70245
ERR_SPELL_UNLEARNED_S	1.60.1.69913	1.60.1.70245
ERR_SPLIT_FAILED	1.60.1.69913	1.60.1.70245
ERR_START_RESTRICTED_CHALLENGE_MODE	1.60.1.69913	1.60.1.70245
ERR_SUGGESTION_SUBMITTED_SUCCESSFULLY	1.60.1.69913	1.60.1.70245
ERR_SUGGEST_INVITE_PLAYER_S	1.60.1.69913	1.60.1.70245
ERR_SYSTEM_DISABLED	1.60.1.69913	1.60.1.70245
ERR_TALENT_FAILED_CANT_REMOVE_TALENT	1.60.1.69913	1.60.1.70245
ERR_TALENT_FAILED_COMMIT_IN_PROGRESS	1.60.1.69913	1.60.1.70245
ERR_TALENT_FAILED_INSPECTING	1.60.1.69913	1.60.1.70245
ERR_TALENT_FAILED_INVALID_SPEC	1.60.1.69913	1.60.1.70245
ERR_TALENT_FAILED_INVALID_SPEC_INDEX	1.60.1.69913	1.60.1.70245
ERR_TALENT_FAILED_INVALID_SPEC_NAME	1.60.1.69913	1.60.1.70245
ERR_TALENT_FAILED_IN_COMBAT	1.60.1.69913	1.60.1.70245
ERR_TALENT_FAILED_IN_MYTHIC_PLUS	1.60.1.69913	1.60.1.70245
ERR_TALENT_FAILED_IN_PVP_MATCH	1.60.1.69913	1.60.1.70245
ERR_TALENT_FAILED_NOT_ENOUGH_TALENTS_IN_PRIMARY_TREE	1.60.1.69913	1.60.1.70245
ERR_TALENT_FAILED_NO_DATA	1.60.1.69913	1.60.1.70245
ERR_TALENT_FAILED_NO_PRIMARY_TREE_SELECTED	1.60.1.69913	1.60.1.70245
ERR_TALENT_FAILED_REST_AREA	1.60.1.69913	1.60.1.70245
ERR_TALENT_FAILED_UNKNOWN	1.60.1.69913	1.60.1.70245
ERR_TALENT_FAILED_UNSPENT_TALENT_POINTS	1.60.1.69913	1.60.1.70245
ERR_TALENT_WIPE_ERROR	1.60.1.69913	1.60.1.70245
ERR_TAME_FAILED	1.60.1.69913	1.60.1.70245
ERR_TARGET_IS_SELF_FOUND_CANNOT_TRADE	1.60.1.69913	1.60.1.70245
ERR_TARGET_LOGGING_OUT	1.60.1.69913	1.60.1.70245
ERR_TARGET_NOT_IN_GROUP_S	1.60.1.69913	1.60.1.70245
ERR_TARGET_NOT_IN_INSTANCE_S	1.60.1.69913	1.60.1.70245
ERR_TARGET_STUNNED	1.60.1.69913	1.60.1.70245
ERR_TAXIINCOMBAT	1.60.1.69913	1.60.1.70245
ERR_TAXINOPATH	1.60.1.69913	1.60.1.70245
ERR_TAXINOPATHS	1.60.1.69913	1.60.1.70245
ERR_TAXINOSUCHPATH	1.60.1.69913	1.60.1.70245
ERR_TAXINOTELIGIBLE	1.60.1.69913	1.60.1.70245
ERR_TAXINOTENOUGHMONEY	1.60.1.69913	1.60.1.70245
ERR_TAXINOTSTANDING	1.60.1.69913	1.60.1.70245
ERR_TAXINOTVISITED	1.60.1.69913	1.60.1.70245
ERR_TAXINOVENDORNEARBY	1.60.1.69913	1.60.1.70245
ERR_TAXIPLAYERALREADYMOUNTED	1.60.1.69913	1.60.1.70245
ERR_TAXIPLAYERBUSY	1.60.1.69913	1.60.1.70245
ERR_TAXIPLAYERMOVING	1.60.1.69913	1.60.1.70245
ERR_TAXIPLAYERSHAPESHIFTED	1.60.1.69913	1.60.1.70245
ERR_TAXISAMENODE	1.60.1.69913	1.60.1.70245
ERR_TAXITOOFARAWAY	1.60.1.69913	1.60.1.70245
ERR_TAXIUNSPECIFIEDSERVERERROR	1.60.1.69913	1.60.1.70245
ERR_TEST_CVAR_SET_SSS	1.60.1.69913	1.60.1.70245
ERR_TICKET_ALREADY_EXISTS	1.60.1.69913	1.60.1.70245
ERR_TICKET_CREATE_ERROR	1.60.1.69913	1.60.1.70245
ERR_TICKET_DB_ERROR	1.60.1.69913	1.60.1.70245
ERR_TICKET_NO_TEXT	1.60.1.69913	1.60.1.70245
ERR_TICKET_TEXT_TOO_LONG	1.60.1.69913	1.60.1.70245
ERR_TICKET_UPDATE_ERROR	1.60.1.69913	1.60.1.70245
ERR_TOOBUSYTOFOLLOW	1.60.1.69913	1.60.1.70245
ERR_TOO_FAR_TO_ATTACK	1.60.1.69913	1.60.1.70245
ERR_TOO_FAR_TO_INTERACT	1.60.1.69913	1.60.1.70245
ERR_TOO_FEW_TO_SPLIT	1.60.1.69913	1.60.1.70245
ERR_TOO_MANY_CHAT_CHANNELS	1.60.1.69913	1.60.1.70245
ERR_TOO_MANY_SOCKETS	1.60.1.69913	1.60.1.70245
ERR_TOO_MANY_SPECIAL_BAGS	1.60.1.69913	1.60.1.70245
ERR_TOO_MUCH_GOLD	1.60.1.69913	1.60.1.70245
ERR_TOY_USE_LIMIT_REACHED	1.60.1.69913	1.60.1.70245
ERR_TRADE_BAG	1.60.1.69913	1.60.1.70245
ERR_TRADE_BAG_FULL	1.60.1.69913	1.60.1.70245
ERR_TRADE_BLOCKED_S	1.60.1.69913	1.60.1.70245
ERR_TRADE_BOUND_ITEM	1.60.1.69913	1.60.1.70245
ERR_TRADE_CANCELLED	1.60.1.69913	1.60.1.70245
ERR_TRADE_COMPLETE	1.60.1.69913	1.60.1.70245
ERR_TRADE_EQUIPPED_BAG	1.60.1.69913	1.60.1.70245
ERR_TRADE_FACTION_SPECIFIC	1.60.1.69913	1.60.1.70245
ERR_TRADE_GROUND_ITEM	1.60.1.69913	1.60.1.70245
ERR_TRADE_MAX_COUNT_EXCEEDED	1.60.1.69913	1.60.1.70245
ERR_TRADE_NOT_ON_TAPLIST	1.60.1.69913	1.60.1.70245
ERR_TRADE_QUEST_ITEM	1.60.1.69913	1.60.1.70245
ERR_TRADE_REQUEST_S	1.60.1.69913	1.60.1.70245
ERR_TRADE_SELF	1.60.1.69913	1.60.1.70245
ERR_TRADE_TARGET_BAG_FULL	1.60.1.69913	1.60.1.70245
ERR_TRADE_TARGET_DEAD	1.60.1.69913	1.60.1.70245
ERR_TRADE_TARGET_MAX_COUNT_EXCEEDED	1.60.1.69913	1.60.1.70245
ERR_TRADE_TARGET_MAX_LIMIT_CATEGORY_COUNT_EXCEEDED_IS	1.60.1.69913	1.60.1.70245
ERR_TRADE_TEMP_ENCHANT_BOUND	1.60.1.69913	1.60.1.70245
ERR_TRADE_TOO_FAR	1.60.1.69913	1.60.1.70245
ERR_TRADE_WRONG_REALM	1.60.1.69913	1.60.1.70245
ERR_TRAIT_CONFIG_RENAME_THROTTLE	1.60.1.69913	1.60.1.70245
ERR_TRANSMOGRIFY_CANT_EQUIP	1.60.1.69913	1.60.1.70245
ERR_TRANSMOGRIFY_INVALID_CLASS	1.60.1.69913	1.60.1.70245
ERR_TRANSMOGRIFY_INVALID_DESTINATION	1.60.1.69913	1.60.1.70245
ERR_TRANSMOGRIFY_INVALID_FACTION	1.60.1.69913	1.60.1.70245
ERR_TRANSMOGRIFY_INVALID_ITEM_TYPE	1.60.1.69913	1.60.1.70245
ERR_TRANSMOGRIFY_INVALID_RACE	1.60.1.69913	1.60.1.70245
ERR_TRANSMOGRIFY_INVALID_SOURCE	1.60.1.69913	1.60.1.70245
ERR_TRANSMOGRIFY_LEGENDARY	1.60.1.69913	1.60.1.70245
ERR_TRANSMOGRIFY_MISMATCH	1.60.1.69913	1.60.1.70245
ERR_TRANSMOGRIFY_NOT_SOULBOUND	1.60.1.69913	1.60.1.70245
ERR_TRANSMOGRIFY_SAME_APPEARANCE	1.60.1.69913	1.60.1.70245
ERR_TRANSMOGRIFY_SAME_ITEM	1.60.1.69913	1.60.1.70245
ERR_TRANSMOG_INVALID_ACTION_TRIAL_OF_STYLE	1.60.1.69913	1.60.1.70245
ERR_TRANSMOG_OUTFIT_SLOT_CANNOT_AFFORD	1.60.1.69913	1.60.1.70245
ERR_TRANSMOG_PURCHASE_FAILURE	1.60.1.69913	1.60.1.70245
ERR_TRANSMOG_SET_ALREADY_KNOWN	1.60.1.69913	1.60.1.70245
ERR_TRAVEL_PASS_DIFFERENT_REALM	1.60.1.69913	1.60.1.70245
ERR_TRAVEL_PASS_DIFFERENT_REGION	1.60.1.69913	1.60.1.70245
ERR_TRAVEL_PASS_GAME_MODE	1.60.1.69913	1.60.1.70245
ERR_TRAVEL_PASS_MOBILE	1.60.1.69913	1.60.1.70245
ERR_TRAVEL_PASS_NOT_ALLIED	1.60.1.69913	1.60.1.70245
ERR_TRAVEL_PASS_NOT_LEADER	1.60.1.69913	1.60.1.70245
ERR_TRAVEL_PASS_NOT_WOW	1.60.1.69913	1.60.1.70245
ERR_TRAVEL_PASS_NO_INFO	1.60.1.69913	1.60.1.70245
ERR_TRAVEL_PASS_WRONG_PROJECT	1.60.1.69913	1.60.1.70245
ERR_TRAVEL_PASS_WRONG_PROJECT_CLASSIC_OVERRIDE	1.60.1.69913	1.60.1.70245
ERR_TRAVEL_PASS_WRONG_PROJECT_MAINLINE_OVERRIDE	1.60.1.69913	1.60.1.70245
ERR_UNHEALTHY_TIME	1.60.1.69913	1.60.1.70245
ERR_UNINVITE_YOU	1.60.1.69913	1.60.1.70245
ERR_UNIT_NOT_FOUND	1.60.1.69913	1.60.1.70245
ERR_UNKNOWN_MACRO_OPTION_S	1.60.1.69913	1.60.1.70245
ERR_USER_SQUELCHED	1.60.1.69913	1.60.1.70245
ERR_USE_BAD_ANGLE	1.60.1.69913	1.60.1.70245
ERR_USE_CANT_IMMUNE	1.60.1.69913	1.60.1.70245
ERR_USE_CANT_OPEN	1.60.1.69913	1.60.1.70245
ERR_USE_DESTROYED	1.60.1.69913	1.60.1.70245
ERR_USE_LOCKED	1.60.1.69913	1.60.1.70245
ERR_USE_LOCKED_WITH_ITEM_S	1.60.1.69913	1.60.1.70245
ERR_USE_LOCKED_WITH_SPELL_KNOWN_SI	1.60.1.69913	1.60.1.70245
ERR_USE_LOCKED_WITH_SPELL_S	1.60.1.69913	1.60.1.70245
ERR_USE_OBJECT_MOVING	1.60.1.69913	1.60.1.70245
ERR_USE_PREVENTED_BY_MECHANIC_S	1.60.1.69913	1.60.1.70245
ERR_USE_SPELL_FOCUS	1.60.1.69913	1.60.1.70245
ERR_USE_TOO_FAR	1.60.1.69913	1.60.1.70245
ERR_VENDOR_DOESNT_BUY	1.60.1.69913	1.60.1.70245
ERR_VENDOR_HATES_YOU	1.60.1.69913	1.60.1.70245
ERR_VENDOR_MISSING_TURNINS	1.60.1.69913	1.60.1.70245
ERR_VENDOR_NOT_INTERESTED	1.60.1.69913	1.60.1.70245
ERR_VENDOR_SOLD_OUT	1.60.1.69913	1.60.1.70245
ERR_VENDOR_TOO_FAR	1.60.1.69913	1.60.1.70245
ERR_VOICESESSION_FULL	1.60.1.69913	1.60.1.70245
ERR_VOICE_CHAT_CHANNEL_ALREADY_EXISTS	1.60.1.69913	1.60.1.70245
ERR_VOICE_CHAT_CHANNEL_NAME_TOO_LONG	1.60.1.69913	1.60.1.70245
ERR_VOICE_CHAT_CHANNEL_NAME_TOO_SHORT	1.60.1.69913	1.60.1.70245
ERR_VOICE_CHAT_DISABLED	1.60.1.69913	1.60.1.70245
ERR_VOICE_CHAT_GENERIC_UNABLE_TO_CONNECT	1.60.1.69913	1.60.1.70245
ERR_VOICE_CHAT_PARENTAL_DISABLE_ALL	1.60.1.69913	1.60.1.70245
ERR_VOICE_CHAT_PARENTAL_DISABLE_MIC	1.60.1.69913	1.60.1.70245
ERR_VOICE_CHAT_PLAYER_NO_VOICE_PARENTAL_CONTROLS	1.60.1.69913	1.60.1.70245
ERR_VOICE_CHAT_PLAYER_SILENCED	1.60.1.69913	1.60.1.70245
ERR_VOICE_CHAT_SERVICE_LOST	1.60.1.69913	1.60.1.70245
ERR_VOICE_CHAT_SERVICE_UNABLE_TO_CONNECT	1.60.1.69913	1.60.1.70245
ERR_VOICE_CHAT_TARGET_NOT_FOUND	1.60.1.69913	1.60.1.70245
ERR_VOICE_CHAT_TOO_MANY_REQUESTS	1.60.1.69913	1.60.1.70245
ERR_VOICE_IGNORE_ADDED_S	1.60.1.69913	1.60.1.70245
ERR_VOICE_IGNORE_ALREADY_S	1.60.1.69913	1.60.1.70245
ERR_VOICE_IGNORE_AMBIGUOUS	1.60.1.69913	1.60.1.70245
ERR_VOICE_IGNORE_DELETED	1.60.1.69913	1.60.1.70245
ERR_VOICE_IGNORE_FULL	1.60.1.69913	1.60.1.70245
ERR_VOICE_IGNORE_NOT_FOUND	1.60.1.69913	1.60.1.70245
ERR_VOICE_IGNORE_REMOVED_S	1.60.1.69913	1.60.1.70245
ERR_VOICE_IGNORE_SELF	1.60.1.69913	1.60.1.70245
ERR_VOID_DEPOSIT_FULL	1.60.1.69913	1.60.1.70245
ERR_VOID_STORAGE_ACCOUNT_ITEM	1.60.1.69913	1.60.1.70245
ERR_VOID_STORAGE_BAG	1.60.1.69913	1.60.1.70245
ERR_VOID_STORAGE_CHARGES	1.60.1.69913	1.60.1.70245
ERR_VOID_STORAGE_CONJURED	1.60.1.69913	1.60.1.70245
ERR_VOID_STORAGE_DURATION	1.60.1.69913	1.60.1.70245
ERR_VOID_STORAGE_HOLIDAY	1.60.1.69913	1.60.1.70245
ERR_VOID_STORAGE_INVALID_ITEM	1.60.1.69913	1.60.1.70245
ERR_VOID_STORAGE_LOAD_FAILED	1.60.1.69913	1.60.1.70245
ERR_VOID_STORAGE_LOOT	1.60.1.69913	1.60.1.70245
ERR_VOID_STORAGE_MAIL	1.60.1.69913	1.60.1.70245
ERR_VOID_STORAGE_QUEST	1.60.1.69913	1.60.1.70245
ERR_VOID_STORAGE_REPAIR	1.60.1.69913	1.60.1.70245
ERR_VOID_STORAGE_STACKABLE	1.60.1.69913	1.60.1.70245
ERR_VOID_STORAGE_UNBOUND	1.60.1.69913	1.60.1.70245
ERR_VOID_STORAGE_UNIQUE	1.60.1.69913	1.60.1.70245
ERR_VOID_STORAGE_WRAPPED	1.60.1.69913	1.60.1.70245
ERR_VOID_TRANSFER_INTERNAL_ERROR	1.60.1.69913	1.60.1.70245
ERR_VOID_TRANSFER_INV_FULL	1.60.1.69913	1.60.1.70245
ERR_VOID_TRANSFER_ITEM_INVALID	1.60.1.69913	1.60.1.70245
ERR_VOID_TRANSFER_STORAGE_FULL	1.60.1.69913	1.60.1.70245
ERR_VOID_WITHDRAW_FULL	1.60.1.69913	1.60.1.70245
ERR_VOTE_TO_ABANDON_ENCOUNTER	1.60.1.69913	1.60.1.70245
ERR_VOTE_TO_ABANDON_NOT_YET	1.60.1.69913	1.60.1.70245
ERR_WARBAND_HEARTHSTONE	1.60.1.69913	1.60.1.70245
ERR_WARGAME_REQUEST_FAILURE	1.60.1.69913	1.60.1.70245
ERR_WARGAME_REQUEST_SENT	1.60.1.69913	1.60.1.70245
ERR_WOW_LABS_SET_WOW_LABS_AREA_ID_FAILED	1.60.1.69913	1.60.1.70245
ERR_WRONG_BAG_TYPE	1.60.1.69913	1.60.1.70245
ERR_WRONG_BAG_TYPE_SUBCLASS	1.60.1.69913	1.60.1.70245
ERR_WRONG_DIRECTION_FOR_ATTACK	1.60.1.69913	1.60.1.70245
ERR_WRONG_SLOT	1.60.1.69913	1.60.1.70245
ERR_ZONE_EXPLORED	1.60.1.69913	1.60.1.70245
ERR_ZONE_EXPLORED_XP	1.60.1.69913	1.60.1.70245
ESCAPE_TO_UNBIND	1.60.1.69913	1.60.1.70245
ESTIMATED_TIME_TO_SELL	1.60.1.69913	1.60.1.70245
ESTIMATED_TIME_TO_SELL_LABEL	1.60.1.69913	1.60.1.70245
EVADE	1.60.1.69913	1.60.1.70245
EVENTTRACE_APPLY_DEFAULT_FILTER	1.60.1.69913	1.60.1.70245
EVENTTRACE_ARG_FMT	1.60.1.69913	1.60.1.70245
EVENTTRACE_BUTTON_DISABLE_FILTERS	1.60.1.69913	1.60.1.70245
EVENTTRACE_BUTTON_DISCARD_FILTER	1.60.1.69913	1.60.1.70245
EVENTTRACE_BUTTON_ENABLE_FILTERS	1.60.1.69913	1.60.1.70245
EVENTTRACE_BUTTON_MARKER	1.60.1.69913	1.60.1.70245
EVENTTRACE_BUTTON_PAUSE	1.60.1.69913	1.60.1.70245
EVENTTRACE_BUTTON_PLAY	1.60.1.69913	1.60.1.70245
EVENTTRACE_FILTER_HEADER	1.60.1.69913	1.60.1.70245
EVENTTRACE_HEADER	1.60.1.69913	1.60.1.70245
EVENTTRACE_LOG_CR_EVENTS	1.60.1.69913	1.60.1.70245
EVENTTRACE_LOG_DISCARD	1.60.1.69913	1.60.1.70245
EVENTTRACE_LOG_HEADER	1.60.1.69913	1.60.1.70245
EVENTTRACE_LOG_PAUSE	1.60.1.69913	1.60.1.70245
EVENTTRACE_LOG_PAUSE_WHILE_HIDDEN	1.60.1.69913	1.60.1.70245
EVENTTRACE_LOG_START	1.60.1.69913	1.60.1.70245
EVENTTRACE_LOG_WHEN_HIDDEN	1.60.1.69913	1.60.1.70245
EVENTTRACE_MARKER	1.60.1.69913	1.60.1.70245
EVENTTRACE_OPTIONS	1.60.1.69913	1.60.1.70245
EVENTTRACE_RESULTS	1.60.1.69913	1.60.1.70245
EVENTTRACE_SHOW_ARGUMENTS	1.60.1.69913	1.60.1.70245
EVENTTRACE_SHOW_SECRET_VALUES	1.60.1.69913	1.60.1.70245
EVENTTRACE_SHOW_TIMESTAMP	1.60.1.69913	1.60.1.70245
EVENTTRACE_TIMESTAMP	1.60.1.69913	1.60.1.70245
EVENT_SCHEDULER_CHAT_REMINDER_NOW	1.60.1.69913	1.60.1.70245
EVENT_SCHEDULER_CHAT_REMINDER_SOON	1.60.1.69913	1.60.1.70245
EVENT_TOAST_EXPANDED_DESCRIPTION	1.60.1.69913	1.60.1.70245
EVENT_TOAST_NOT_EXPANDED_DESCRIPTION	1.60.1.69913	1.60.1.70245
EVERY_X_PERCENT	1.60.1.69913	1.60.1.70245
EXAMPLE_TEXT	1.60.1.69913	1.60.1.70245
EXHAUSTION_LABEL	1.60.1.69913	1.60.1.70245
EXHAUST_TOOLTIP1	1.60.1.69913	1.60.1.70245
EXHAUST_TOOLTIP2	1.60.1.69913	1.60.1.70245
EXIT	1.60.1.69913	1.60.1.70245
EXIT_GAME	1.60.1.69913	1.60.1.70245
EXPANSION_FILTER_TEXT	1.60.1.69913	1.60.1.70245
EXPANSION_SEASON_NAME	1.60.1.69913	1.60.1.70245
EXPERIENCE_COLON	1.60.1.69913	1.60.1.70245
EXPERIMENTAL_FEATURE_TURNED_ON_WARNING	1.60.1.69913	1.60.1.70245
EXPERT	1.60.1.69913	1.60.1.70245
EXTENDED	1.60.1.69913	1.60.1.70245
EXTEND_RAID_LOCK	1.60.1.69913	1.60.1.70245
EXTRA_ATTACKS	1.60.1.69913	1.60.1.70245
EmoteText:1	1.60.1.70009	1.60.1.70245
EmoteText:10	1.60.1.70009	1.60.1.70245
EmoteText:100	1.60.1.70009	1.60.1.70245
EmoteText:1001	1.60.1.70009	1.60.1.70245
EmoteText:1003	1.60.1.70009	1.60.1.70245
EmoteText:1004	1.60.1.70009	1.60.1.70245
EmoteText:1007	1.60.1.70009	1.60.1.70245
EmoteText:1008	1.60.1.70009	1.60.1.70245
EmoteText:1009	1.60.1.70009	1.60.1.70245
EmoteText:101	1.60.1.70009	1.60.1.70245
EmoteText:1010	1.60.1.70009	1.60.1.70245
EmoteText:1011	1.60.1.70009	1.60.1.70245
EmoteText:1012	1.60.1.70009	1.60.1.70245
EmoteText:1013	1.60.1.70009	1.60.1.70245
EmoteText:1014	1.60.1.70009	1.60.1.70245
EmoteText:1015	1.60.1.70009	1.60.1.70245
EmoteText:1016	1.60.1.70009	1.60.1.70245
EmoteText:1017	1.60.1.70009	1.60.1.70245
EmoteText:1018	1.60.1.70009	1.60.1.70245
EmoteText:1019	1.60.1.70009	1.60.1.70245
EmoteText:102	1.60.1.70009	1.60.1.70245
EmoteText:1020	1.60.1.70009	1.60.1.70245
EmoteText:1021	1.60.1.70009	1.60.1.70245
EmoteText:1022	1.60.1.70009	1.60.1.70245
EmoteText:1023	1.60.1.70009	1.60.1.70245
EmoteText:1024	1.60.1.70009	1.60.1.70245
EmoteText:1025	1.60.1.70009	1.60.1.70245
EmoteText:1026	1.60.1.70009	1.60.1.70245
EmoteText:1027	1.60.1.70009	1.60.1.70245
EmoteText:1028	1.60.1.70009	1.60.1.70245
EmoteText:1029	1.60.1.70009	1.60.1.70245
EmoteText:103	1.60.1.70009	1.60.1.70245
EmoteText:1030	1.60.1.70009	1.60.1.70245
EmoteText:1031	1.60.1.70009	1.60.1.70245
EmoteText:1032	1.60.1.70009	1.60.1.70245
EmoteText:1033	1.60.1.70009	1.60.1.70245
EmoteText:1034	1.60.1.70009	1.60.1.70245
EmoteText:1035	1.60.1.70009	1.60.1.70245
EmoteText:1036	1.60.1.70009	1.60.1.70245
EmoteText:1037	1.60.1.70009	1.60.1.70245
EmoteText:1038	1.60.1.70009	1.60.1.70245
EmoteText:1039	1.60.1.70009	1.60.1.70245
EmoteText:104	1.60.1.70009	1.60.1.70245
EmoteText:1040	1.60.1.70009	1.60.1.70245
EmoteText:1041	1.60.1.70009	1.60.1.70245
EmoteText:1042	1.60.1.70009	1.60.1.70245
EmoteText:1043	1.60.1.70009	1.60.1.70245
EmoteText:1044	1.60.1.70009	1.60.1.70245
EmoteText:1045	1.60.1.70009	1.60.1.70245
EmoteText:1046	1.60.1.70009	1.60.1.70245
EmoteText:105	1.60.1.70009	1.60.1.70245
EmoteText:1053	1.60.1.70009	1.60.1.70245
EmoteText:1054	1.60.1.70009	1.60.1.70245
EmoteText:1056	1.60.1.70009	1.60.1.70245
EmoteText:1057	1.60.1.70009	1.60.1.70245
EmoteText:1058	1.60.1.70009	1.60.1.70245
EmoteText:1059	1.60.1.70009	1.60.1.70245
EmoteText:106	1.60.1.70009	1.60.1.70245
EmoteText:1060	1.60.1.70009	1.60.1.70245
EmoteText:1061	1.60.1.70009	1.60.1.70245
EmoteText:1062	1.60.1.70009	1.60.1.70245
EmoteText:1063	1.60.1.70009	1.60.1.70245
EmoteText:1064	1.60.1.70009	1.60.1.70245
EmoteText:1065	1.60.1.70009	1.60.1.70245
EmoteText:1066	1.60.1.70009	1.60.1.70245
EmoteText:1067	1.60.1.70009	1.60.1.70245
EmoteText:1068	1.60.1.70009	1.60.1.70245
EmoteText:1069	1.60.1.70009	1.60.1.70245
EmoteText:107	1.60.1.70009	1.60.1.70245
EmoteText:1070	1.60.1.70009	1.60.1.70245
EmoteText:1071	1.60.1.70009	1.60.1.70245
EmoteText:1072	1.60.1.70009	1.60.1.70245
EmoteText:1073	1.60.1.70009	1.60.1.70245
EmoteText:1074	1.60.1.70009	1.60.1.70245
EmoteText:1075	1.60.1.70009	1.60.1.70245
EmoteText:1076	1.60.1.70009	1.60.1.70245
EmoteText:1077	1.60.1.70009	1.60.1.70245
EmoteText:1078	1.60.1.70009	1.60.1.70245
EmoteText:1079	1.60.1.70009	1.60.1.70245
EmoteText:108	1.60.1.70009	1.60.1.70245
EmoteText:1080	1.60.1.70009	1.60.1.70245
EmoteText:1081	1.60.1.70009	1.60.1.70245
EmoteText:1082	1.60.1.70009	1.60.1.70245
EmoteText:1083	1.60.1.70009	1.60.1.70245
EmoteText:1084	1.60.1.70009	1.60.1.70245
EmoteText:1085	1.60.1.70009	1.60.1.70245
EmoteText:1086	1.60.1.70009	1.60.1.70245
EmoteText:1087	1.60.1.70009	1.60.1.70245
EmoteText:1088	1.60.1.70009	1.60.1.70245
EmoteText:1089	1.60.1.70009	1.60.1.70245
EmoteText:109	1.60.1.70009	1.60.1.70245
EmoteText:1090	1.60.1.70009	1.60.1.70245
EmoteText:1091	1.60.1.70009	1.60.1.70245
EmoteText:1092	1.60.1.70009	1.60.1.70245
EmoteText:1093	1.60.1.70009	1.60.1.70245
EmoteText:11	1.60.1.70009	1.60.1.70245
EmoteText:110	1.60.1.70009	1.60.1.70245
EmoteText:1100	1.60.1.70009	1.60.1.70245
EmoteText:1101	1.60.1.70009	1.60.1.70245
EmoteText:1102	1.60.1.70009	1.60.1.70245
EmoteText:1103	1.60.1.70009	1.60.1.70245
EmoteText:1104	1.60.1.70009	1.60.1.70245
EmoteText:1105	1.60.1.70009	1.60.1.70245
EmoteText:1106	1.60.1.70009	1.60.1.70245
EmoteText:1107	1.60.1.70009	1.60.1.70245
EmoteText:1108	1.60.1.70009	1.60.1.70245
EmoteText:111	1.60.1.70009	1.60.1.70245
EmoteText:1114	1.60.1.70009	1.60.1.70245
EmoteText:1115	1.60.1.70009	1.60.1.70245
EmoteText:1116	1.60.1.70009	1.60.1.70245
EmoteText:1117	1.60.1.70009	1.60.1.70245
EmoteText:1118	1.60.1.70009	1.60.1.70245
EmoteText:1119	1.60.1.70009	1.60.1.70245
EmoteText:112	1.60.1.70009	1.60.1.70245
EmoteText:1120	1.60.1.70009	1.60.1.70245
EmoteText:1121	1.60.1.70009	1.60.1.70245
EmoteText:1122	1.60.1.70009	1.60.1.70245
EmoteText:1123	1.60.1.70009	1.60.1.70245
EmoteText:1124	1.60.1.70009	1.60.1.70245
EmoteText:1125	1.60.1.70009	1.60.1.70245
EmoteText:1126	1.60.1.70009	1.60.1.70245
EmoteText:1127	1.60.1.70009	1.60.1.70245
EmoteText:1128	1.60.1.70009	1.60.1.70245
EmoteText:1129	1.60.1.70009	1.60.1.70245
EmoteText:113	1.60.1.70009	1.60.1.70245
EmoteText:1130	1.60.1.70009	1.60.1.70245
EmoteText:1131	1.60.1.70009	1.60.1.70245
EmoteText:1132	1.60.1.70009	1.60.1.70245
EmoteText:1133	1.60.1.70009	1.60.1.70245
EmoteText:1134	1.60.1.70009	1.60.1.70245
EmoteText:1135	1.60.1.70009	1.60.1.70245
EmoteText:1136	1.60.1.70009	1.60.1.70245
EmoteText:1137	1.60.1.70009	1.60.1.70245
EmoteText:1138	1.60.1.70009	1.60.1.70245
EmoteText:1139	1.60.1.70009	1.60.1.70245
EmoteText:114	1.60.1.70009	1.60.1.70245
EmoteText:1140	1.60.1.70009	1.60.1.70245
EmoteText:1141	1.60.1.70009	1.60.1.70245
EmoteText:1142	1.60.1.70009	1.60.1.70245
EmoteText:1143	1.60.1.70009	1.60.1.70245
EmoteText:1144	1.60.1.70009	1.60.1.70245
EmoteText:1145	1.60.1.70009	1.60.1.70245
EmoteText:1146	1.60.1.70009	1.60.1.70245
EmoteText:1147	1.60.1.70009	1.60.1.70245
EmoteText:1148	1.60.1.70009	1.60.1.70245
EmoteText:1149	1.60.1.70009	1.60.1.70245
EmoteText:115	1.60.1.70009	1.60.1.70245
EmoteText:1150	1.60.1.70009	1.60.1.70245
EmoteText:1151	1.60.1.70009	1.60.1.70245
EmoteText:1152	1.60.1.70009	1.60.1.70245
EmoteText:1153	1.60.1.70009	1.60.1.70245
EmoteText:1154	1.60.1.70009	1.60.1.70245
EmoteText:1155	1.60.1.70009	1.60.1.70245
EmoteText:1156	1.60.1.70009	1.60.1.70245
EmoteText:1157	1.60.1.70009	1.60.1.70245
EmoteText:1158	1.60.1.70009	1.60.1.70245
EmoteText:1159	1.60.1.70009	1.60.1.70245
EmoteText:116	1.60.1.70009	1.60.1.70245
EmoteText:1160	1.60.1.70009	1.60.1.70245
EmoteText:1161	1.60.1.70009	1.60.1.70245
EmoteText:1162	1.60.1.70009	1.60.1.70245
EmoteText:1168	1.60.1.70009	1.60.1.70245
EmoteText:1169	1.60.1.70009	1.60.1.70245
EmoteText:117	1.60.1.70009	1.60.1.70245
EmoteText:1170	1.60.1.70009	1.60.1.70245
EmoteText:1171	1.60.1.70009	1.60.1.70245
EmoteText:1172	1.60.1.70009	1.60.1.70245
EmoteText:1173	1.60.1.70009	1.60.1.70245
EmoteText:1174	1.60.1.70009	1.60.1.70245
EmoteText:1175	1.60.1.70009	1.60.1.70245
EmoteText:1176	1.60.1.70009	1.60.1.70245
EmoteText:1177	1.60.1.70009	1.60.1.70245
EmoteText:1178	1.60.1.70009	1.60.1.70245
EmoteText:1179	1.60.1.70009	1.60.1.70245
EmoteText:118	1.60.1.70009	1.60.1.70245
EmoteText:1180	1.60.1.70009	1.60.1.70245
EmoteText:1181	1.60.1.70009	1.60.1.70245
EmoteText:1182	1.60.1.70009	1.60.1.70245
EmoteText:1183	1.60.1.70009	1.60.1.70245
EmoteText:1184	1.60.1.70009	1.60.1.70245
EmoteText:1185	1.60.1.70009	1.60.1.70245
EmoteText:1186	1.60.1.70009	1.60.1.70245
EmoteText:1187	1.60.1.70009	1.60.1.70245
EmoteText:1188	1.60.1.70009	1.60.1.70245
EmoteText:1189	1.60.1.70009	1.60.1.70245
EmoteText:119	1.60.1.70009	1.60.1.70245
EmoteText:1190	1.60.1.70009	1.60.1.70245
EmoteText:1191	1.60.1.70009	1.60.1.70245
EmoteText:1192	1.60.1.70009	1.60.1.70245
EmoteText:1199	1.60.1.70009	1.60.1.70245
EmoteText:12	1.60.1.70009	1.60.1.70245
EmoteText:120	1.60.1.70009	1.60.1.70245
EmoteText:1200	1.60.1.70009	1.60.1.70245
EmoteText:1201	1.60.1.70009	1.60.1.70245
EmoteText:1202	1.60.1.70009	1.60.1.70245
EmoteText:1203	1.60.1.70009	1.60.1.70245
EmoteText:1204	1.60.1.70009	1.60.1.70245
EmoteText:1205	1.60.1.70009	1.60.1.70245
EmoteText:1206	1.60.1.70009	1.60.1.70245
EmoteText:1207	1.60.1.70009	1.60.1.70245
EmoteText:1208	1.60.1.70009	1.60.1.70245
EmoteText:1209	1.60.1.70009	1.60.1.70245
EmoteText:121	1.60.1.70009	1.60.1.70245
EmoteText:1210	1.60.1.70009	1.60.1.70245
EmoteText:1211	1.60.1.70009	1.60.1.70245
EmoteText:1212	1.60.1.70009	1.60.1.70245
EmoteText:1213	1.60.1.70009	1.60.1.70245
EmoteText:1214	1.60.1.70009	1.60.1.70245
EmoteText:1215	1.60.1.70009	1.60.1.70245
EmoteText:1216	1.60.1.70009	1.60.1.70245
EmoteText:1217	1.60.1.70009	1.60.1.70245
EmoteText:1218	1.60.1.70009	1.60.1.70245
EmoteText:1219	1.60.1.70009	1.60.1.70245
EmoteText:122	1.60.1.70009	1.60.1.70245
EmoteText:1220	1.60.1.70009	1.60.1.70245
EmoteText:1221	1.60.1.70009	1.60.1.70245
EmoteText:1222	1.60.1.70009	1.60.1.70245
EmoteText:1223	1.60.1.70009	1.60.1.70245
EmoteText:1224	1.60.1.70009	1.60.1.70245
EmoteText:1225	1.60.1.70009	1.60.1.70245
EmoteText:1226	1.60.1.70009	1.60.1.70245
EmoteText:1227	1.60.1.70009	1.60.1.70245
EmoteText:1228	1.60.1.70009	1.60.1.70245
EmoteText:1229	1.60.1.70009	1.60.1.70245
EmoteText:123	1.60.1.70009	1.60.1.70245
EmoteText:1230	1.60.1.70009	1.60.1.70245
EmoteText:1231	1.60.1.70009	1.60.1.70245
EmoteText:1232	1.60.1.70009	1.60.1.70245
EmoteText:1233	1.60.1.70009	1.60.1.70245
EmoteText:1234	1.60.1.70009	1.60.1.70245
EmoteText:1235	1.60.1.70009	1.60.1.70245
EmoteText:1236	1.60.1.70009	1.60.1.70245
EmoteText:1237	1.60.1.70009	1.60.1.70245
EmoteText:1239	1.60.1.70009	1.60.1.70245
EmoteText:124	1.60.1.70009	1.60.1.70245
EmoteText:1240	1.60.1.70009	1.60.1.70245
EmoteText:1241	1.60.1.70009	1.60.1.70245
EmoteText:1242	1.60.1.70009	1.60.1.70245
EmoteText:1243	1.60.1.70009	1.60.1.70245
EmoteText:1244	1.60.1.70009	1.60.1.70245
EmoteText:1245	1.60.1.70009	1.60.1.70245
EmoteText:1246	1.60.1.70009	1.60.1.70245
EmoteText:1247	1.60.1.70009	1.60.1.70245
EmoteText:1248	1.60.1.70009	1.60.1.70245
EmoteText:1249	1.60.1.70009	1.60.1.70245
EmoteText:125	1.60.1.70009	1.60.1.70245
EmoteText:1250	1.60.1.70009	1.60.1.70245
EmoteText:1251	1.60.1.70009	1.60.1.70245
EmoteText:1252	1.60.1.70009	1.60.1.70245
EmoteText:1253	1.60.1.70009	1.60.1.70245
EmoteText:1254	1.60.1.70009	1.60.1.70245
EmoteText:1255	1.60.1.70009	1.60.1.70245
EmoteText:1256	1.60.1.70009	1.60.1.70245
EmoteText:1257	1.60.1.70009	1.60.1.70245
EmoteText:1258	1.60.1.70009	1.60.1.70245
EmoteText:1259	1.60.1.70009	1.60.1.70245
EmoteText:126	1.60.1.70009	1.60.1.70245
EmoteText:1260	1.60.1.70009	1.60.1.70245
EmoteText:1262	1.60.1.70009	1.60.1.70245
EmoteText:1263	1.60.1.70009	1.60.1.70245
EmoteText:1264	1.60.1.70009	1.60.1.70245
EmoteText:1265	1.60.1.70009	1.60.1.70245
EmoteText:1266	1.60.1.70009	1.60.1.70245
EmoteText:1267	1.60.1.70009	1.60.1.70245
EmoteText:1268	1.60.1.70009	1.60.1.70245
EmoteText:1269	1.60.1.70009	1.60.1.70245
EmoteText:127	1.60.1.70009	1.60.1.70245
EmoteText:1270	1.60.1.70009	1.60.1.70245
EmoteText:1271	1.60.1.70009	1.60.1.70245
EmoteText:1272	1.60.1.70009	1.60.1.70245
EmoteText:1273	1.60.1.70009	1.60.1.70245
EmoteText:1274	1.60.1.70009	1.60.1.70245
EmoteText:1275	1.60.1.70009	1.60.1.70245
EmoteText:1276	1.60.1.70009	1.60.1.70245
EmoteText:1277	1.60.1.70009	1.60.1.70245
EmoteText:1278	1.60.1.70009	1.60.1.70245
EmoteText:1279	1.60.1.70009	1.60.1.70245
EmoteText:128	1.60.1.70009	1.60.1.70245
EmoteText:1280	1.60.1.70009	1.60.1.70245
EmoteText:1281	1.60.1.70009	1.60.1.70245
EmoteText:1282	1.60.1.70009	1.60.1.70245
EmoteText:1283	1.60.1.70009	1.60.1.70245
EmoteText:1284	1.60.1.70009	1.60.1.70245
EmoteText:1285	1.60.1.70009	1.60.1.70245
EmoteText:1286	1.60.1.70009	1.60.1.70245
EmoteText:1287	1.60.1.70009	1.60.1.70245
EmoteText:1288	1.60.1.70009	1.60.1.70245
EmoteText:1289	1.60.1.70009	1.60.1.70245
EmoteText:129	1.60.1.70009	1.60.1.70245
EmoteText:1290	1.60.1.70009	1.60.1.70245
EmoteText:1291	1.60.1.70009	1.60.1.70245
EmoteText:1292	1.60.1.70009	1.60.1.70245
EmoteText:1293	1.60.1.70009	1.60.1.70245
EmoteText:1294	1.60.1.70009	1.60.1.70245
EmoteText:1295	1.60.1.70009	1.60.1.70245
EmoteText:1296	1.60.1.70009	1.60.1.70245
EmoteText:1297	1.60.1.70009	1.60.1.70245
EmoteText:1298	1.60.1.70009	1.60.1.70245
EmoteText:1299	1.60.1.70009	1.60.1.70245
EmoteText:13	1.60.1.70009	1.60.1.70245
EmoteText:130	1.60.1.70009	1.60.1.70245
EmoteText:1300	1.60.1.70009	1.60.1.70245
EmoteText:1301	1.60.1.70009	1.60.1.70245
EmoteText:1302	1.60.1.70009	1.60.1.70245
EmoteText:1303	1.60.1.70009	1.60.1.70245
EmoteText:1304	1.60.1.70009	1.60.1.70245
EmoteText:1305	1.60.1.70009	1.60.1.70245
EmoteText:1306	1.60.1.70009	1.60.1.70245
EmoteText:1307	1.60.1.70009	1.60.1.70245
EmoteText:1308	1.60.1.70009	1.60.1.70245
EmoteText:1309	1.60.1.70009	1.60.1.70245
EmoteText:131	1.60.1.70009	1.60.1.70245
EmoteText:1310	1.60.1.70009	1.60.1.70245
EmoteText:1311	1.60.1.70009	1.60.1.70245
EmoteText:1312	1.60.1.70009	1.60.1.70245
EmoteText:1313	1.60.1.70009	1.60.1.70245
EmoteText:1314	1.60.1.70009	1.60.1.70245
EmoteText:1315	1.60.1.70009	1.60.1.70245
EmoteText:1316	1.60.1.70009	1.60.1.70245
EmoteText:1317	1.60.1.70009	1.60.1.70245
EmoteText:1318	1.60.1.70009	1.60.1.70245
EmoteText:1319	1.60.1.70009	1.60.1.70245
EmoteText:132	1.60.1.70009	1.60.1.70245
EmoteText:1320	1.60.1.70009	1.60.1.70245
EmoteText:1321	1.60.1.70009	1.60.1.70245
EmoteText:1322	1.60.1.70009	1.60.1.70245
EmoteText:1323	1.60.1.70009	1.60.1.70245
EmoteText:1324	1.60.1.70009	1.60.1.70245
EmoteText:1325	1.60.1.70009	1.60.1.70245
EmoteText:1326	1.60.1.70009	1.60.1.70245
EmoteText:1327	1.60.1.70009	1.60.1.70245
EmoteText:1328	1.60.1.70009	1.60.1.70245
EmoteText:1329	1.60.1.70009	1.60.1.70245
EmoteText:133	1.60.1.70009	1.60.1.70245
EmoteText:1330	1.60.1.70009	1.60.1.70245
EmoteText:1331	1.60.1.70009	1.60.1.70245
EmoteText:1332	1.60.1.70009	1.60.1.70245
EmoteText:1333	1.60.1.70009	1.60.1.70245
EmoteText:1334	1.60.1.70009	1.60.1.70245
EmoteText:1335	1.60.1.70009	1.60.1.70245
EmoteText:1336	1.60.1.70009	1.60.1.70245
EmoteText:1337	1.60.1.70009	1.60.1.70245
EmoteText:1338	1.60.1.70009	1.60.1.70245
EmoteText:1339	1.60.1.70009	1.60.1.70245
EmoteText:134	1.60.1.70009	1.60.1.70245
EmoteText:1340	1.60.1.70009	1.60.1.70245
EmoteText:1341	1.60.1.70009	1.60.1.70245
EmoteText:1342	1.60.1.70009	1.60.1.70245
EmoteText:1343	1.60.1.70009	1.60.1.70245
EmoteText:1344	1.60.1.70009	1.60.1.70245
EmoteText:1345	1.60.1.70009	1.60.1.70245
EmoteText:1346	1.60.1.70009	1.60.1.70245
EmoteText:1347	1.60.1.70009	1.60.1.70245
EmoteText:1348	1.60.1.70009	1.60.1.70245
EmoteText:1349	1.60.1.70009	1.60.1.70245
EmoteText:135	1.60.1.70009	1.60.1.70245
EmoteText:1350	1.60.1.70009	1.60.1.70245
EmoteText:1351	1.60.1.70009	1.60.1.70245
EmoteText:1352	1.60.1.70009	1.60.1.70245
EmoteText:1353	1.60.1.70009	1.60.1.70245
EmoteText:1354	1.60.1.70009	1.60.1.70245
EmoteText:1355	1.60.1.70009	1.60.1.70245
EmoteText:1356	1.60.1.70009	1.60.1.70245
EmoteText:1357	1.60.1.70009	1.60.1.70245
EmoteText:1358	1.60.1.70009	1.60.1.70245
EmoteText:1359	1.60.1.70009	1.60.1.70245
EmoteText:136	1.60.1.70009	1.60.1.70245
EmoteText:1360	1.60.1.70009	1.60.1.70245
EmoteText:1361	1.60.1.70009	1.60.1.70245
EmoteText:1362	1.60.1.70009	1.60.1.70245
EmoteText:1363	1.60.1.70009	1.60.1.70245
EmoteText:1364	1.60.1.70009	1.60.1.70245
EmoteText:1365	1.60.1.70009	1.60.1.70245
EmoteText:1366	1.60.1.70009	1.60.1.70245
EmoteText:1367	1.60.1.70009	1.60.1.70245
EmoteText:1368	1.60.1.70009	1.60.1.70245
EmoteText:1369	1.60.1.70009	1.60.1.70245
EmoteText:137	1.60.1.70009	1.60.1.70245
EmoteText:1370	1.60.1.70009	1.60.1.70245
EmoteText:1371	1.60.1.70009	1.60.1.70245
EmoteText:1372	1.60.1.70009	1.60.1.70245
EmoteText:1373	1.60.1.70009	1.60.1.70245
EmoteText:1374	1.60.1.70009	1.60.1.70245
EmoteText:1375	1.60.1.70009	1.60.1.70245
EmoteText:1376	1.60.1.70009	1.60.1.70245
EmoteText:1377	1.60.1.70009	1.60.1.70245
EmoteText:1378	1.60.1.70009	1.60.1.70245
EmoteText:1379	1.60.1.70009	1.60.1.70245
EmoteText:138	1.60.1.70009	1.60.1.70245
EmoteText:1380	1.60.1.70009	1.60.1.70245
EmoteText:1381	1.60.1.70009	1.60.1.70245
EmoteText:1382	1.60.1.70009	1.60.1.70245
EmoteText:1383	1.60.1.70009	1.60.1.70245
EmoteText:1384	1.60.1.70009	1.60.1.70245
EmoteText:1385	1.60.1.70009	1.60.1.70245
EmoteText:1386	1.60.1.70009	1.60.1.70245
EmoteText:1387	1.60.1.70009	1.60.1.70245
EmoteText:1388	1.60.1.70009	1.60.1.70245
EmoteText:1389	1.60.1.70009	1.60.1.70245
EmoteText:139	1.60.1.70009	1.60.1.70245
EmoteText:1390	1.60.1.70009	1.60.1.70245
EmoteText:1391	1.60.1.70009	1.60.1.70245
EmoteText:1392	1.60.1.70009	1.60.1.70245
EmoteText:1393	1.60.1.70009	1.60.1.70245
EmoteText:1394	1.60.1.70009	1.60.1.70245
EmoteText:1395	1.60.1.70009	1.60.1.70245
EmoteText:1396	1.60.1.70009	1.60.1.70245
EmoteText:1397	1.60.1.70009	1.60.1.70245
EmoteText:1398	1.60.1.70009	1.60.1.70245
EmoteText:1399	1.60.1.70009	1.60.1.70245
EmoteText:14	1.60.1.70009	1.60.1.70245
EmoteText:140	1.60.1.70009	1.60.1.70245
EmoteText:1400	1.60.1.70009	1.60.1.70245
EmoteText:1401	1.60.1.70009	1.60.1.70245
EmoteText:1402	1.60.1.70009	1.60.1.70245
EmoteText:141	1.60.1.70009	1.60.1.70245
EmoteText:142	1.60.1.70009	1.60.1.70245
EmoteText:143	1.60.1.70009	1.60.1.70245
EmoteText:144	1.60.1.70009	1.60.1.70245
EmoteText:145	1.60.1.70009	1.60.1.70245
EmoteText:146	1.60.1.70009	1.60.1.70245
EmoteText:147	1.60.1.70009	1.60.1.70245
EmoteText:148	1.60.1.70009	1.60.1.70245
EmoteText:149	1.60.1.70009	1.60.1.70245
EmoteText:15	1.60.1.70009	1.60.1.70245
EmoteText:150	1.60.1.70009	1.60.1.70245
EmoteText:151	1.60.1.70009	1.60.1.70245
EmoteText:152	1.60.1.70009	1.60.1.70245
EmoteText:153	1.60.1.70009	1.60.1.70245
EmoteText:154	1.60.1.70009	1.60.1.70245
EmoteText:155	1.60.1.70009	1.60.1.70245
EmoteText:156	1.60.1.70009	1.60.1.70245
EmoteText:157	1.60.1.70009	1.60.1.70245
EmoteText:158	1.60.1.70009	1.60.1.70245
EmoteText:159	1.60.1.70009	1.60.1.70245
EmoteText:16	1.60.1.70009	1.60.1.70245
EmoteText:160	1.60.1.70009	1.60.1.70245
EmoteText:161	1.60.1.70009	1.60.1.70245
EmoteText:162	1.60.1.70009	1.60.1.70245
EmoteText:163	1.60.1.70009	1.60.1.70245
EmoteText:164	1.60.1.70009	1.60.1.70245
EmoteText:165	1.60.1.70009	1.60.1.70245
EmoteText:166	1.60.1.70009	1.60.1.70245
EmoteText:167	1.60.1.70009	1.60.1.70245
EmoteText:168	1.60.1.70009	1.60.1.70245
EmoteText:169	1.60.1.70009	1.60.1.70245
EmoteText:17	1.60.1.70009	1.60.1.70245
EmoteText:170	1.60.1.70009	1.60.1.70245
EmoteText:171	1.60.1.70009	1.60.1.70245
EmoteText:172	1.60.1.70009	1.60.1.70245
EmoteText:1729	1.60.1.70009	1.60.1.70245
EmoteText:173	1.60.1.70009	1.60.1.70245
EmoteText:1730	1.60.1.70009	1.60.1.70245
EmoteText:1731	1.60.1.70009	1.60.1.70245
EmoteText:1732	1.60.1.70009	1.60.1.70245
EmoteText:1733	1.60.1.70009	1.60.1.70245
EmoteText:1735	1.60.1.70009	1.60.1.70245
EmoteText:1737	1.60.1.70009	1.60.1.70245
EmoteText:174	1.60.1.70009	1.60.1.70245
EmoteText:175	1.60.1.70009	1.60.1.70245
EmoteText:1751	1.60.1.70009	1.60.1.70245
EmoteText:1752	1.60.1.70009	1.60.1.70245
EmoteText:1753	1.60.1.70009	1.60.1.70245
EmoteText:1754	1.60.1.70009	1.60.1.70245
EmoteText:1755	1.60.1.70009	1.60.1.70245
EmoteText:1756	1.60.1.70009	1.60.1.70245
EmoteText:1757	1.60.1.70009	1.60.1.70245
EmoteText:1758	1.60.1.70009	1.60.1.70245
EmoteText:1759	1.60.1.70009	1.60.1.70245
EmoteText:176	1.60.1.70009	1.60.1.70245
EmoteText:1760	1.60.1.70009	1.60.1.70245
EmoteText:1761	1.60.1.70009	1.60.1.70245
EmoteText:177	1.60.1.70009	1.60.1.70245
EmoteText:178	1.60.1.70009	1.60.1.70245
EmoteText:179	1.60.1.70009	1.60.1.70245
EmoteText:18	1.60.1.70009	1.60.1.70245
EmoteText:180	1.60.1.70009	1.60.1.70245
EmoteText:181	1.60.1.70009	1.60.1.70245
EmoteText:182	1.60.1.70009	1.60.1.70245
EmoteText:183	1.60.1.70009	1.60.1.70245
EmoteText:184	1.60.1.70009	1.60.1.70245
EmoteText:185	1.60.1.70009	1.60.1.70245
EmoteText:186	1.60.1.70009	1.60.1.70245
EmoteText:187	1.60.1.70009	1.60.1.70245
EmoteText:188	1.60.1.70009	1.60.1.70245
EmoteText:189	1.60.1.70009	1.60.1.70245
EmoteText:19	1.60.1.70009	1.60.1.70245
EmoteText:190	1.60.1.70009	1.60.1.70245
EmoteText:191	1.60.1.70009	1.60.1.70245
EmoteText:192	1.60.1.70009	1.60.1.70245
EmoteText:193	1.60.1.70009	1.60.1.70245
EmoteText:194	1.60.1.70009	1.60.1.70245
EmoteText:195	1.60.1.70009	1.60.1.70245
EmoteText:196	1.60.1.70009	1.60.1.70245
EmoteText:197	1.60.1.70009	1.60.1.70245
EmoteText:198	1.60.1.70009	1.60.1.70245
EmoteText:199	1.60.1.70009	1.60.1.70245
EmoteText:2	1.60.1.70009	1.60.1.70245
EmoteText:20	1.60.1.70009	1.60.1.70245
EmoteText:200	1.60.1.70009	1.60.1.70245
EmoteText:201	1.60.1.70009	1.60.1.70245
EmoteText:202	1.60.1.70009	1.60.1.70245
EmoteText:203	1.60.1.70009	1.60.1.70245
EmoteText:204	1.60.1.70009	1.60.1.70245
EmoteText:205	1.60.1.70009	1.60.1.70245
EmoteText:206	1.60.1.70009	1.60.1.70245
EmoteText:207	1.60.1.70009	1.60.1.70245
EmoteText:208	1.60.1.70009	1.60.1.70245
EmoteText:209	1.60.1.70009	1.60.1.70245
EmoteText:21	1.60.1.70009	1.60.1.70245
EmoteText:210	1.60.1.70009	1.60.1.70245
EmoteText:211	1.60.1.70009	1.60.1.70245
EmoteText:212	1.60.1.70009	1.60.1.70245
EmoteText:213	1.60.1.70009	1.60.1.70245
EmoteText:214	1.60.1.70009	1.60.1.70245
EmoteText:215	1.60.1.70009	1.60.1.70245
EmoteText:216	1.60.1.70009	1.60.1.70245
EmoteText:217	1.60.1.70009	1.60.1.70245
EmoteText:218	1.60.1.70009	1.60.1.70245
EmoteText:219	1.60.1.70009	1.60.1.70245
EmoteText:22	1.60.1.70009	1.60.1.70245
EmoteText:220	1.60.1.70009	1.60.1.70245
EmoteText:221	1.60.1.70009	1.60.1.70245
EmoteText:222	1.60.1.70009	1.60.1.70245
EmoteText:223	1.60.1.70009	1.60.1.70245
EmoteText:224	1.60.1.70009	1.60.1.70245
EmoteText:225	1.60.1.70009	1.60.1.70245
EmoteText:226	1.60.1.70009	1.60.1.70245
EmoteText:227	1.60.1.70009	1.60.1.70245
EmoteText:228	1.60.1.70009	1.60.1.70245
EmoteText:229	1.60.1.70009	1.60.1.70245
EmoteText:23	1.60.1.70009	1.60.1.70245
EmoteText:230	1.60.1.70009	1.60.1.70245
EmoteText:231	1.60.1.70009	1.60.1.70245
EmoteText:232	1.60.1.70009	1.60.1.70245
EmoteText:233	1.60.1.70009	1.60.1.70245
EmoteText:234	1.60.1.70009	1.60.1.70245
EmoteText:235	1.60.1.70009	1.60.1.70245
EmoteText:236	1.60.1.70009	1.60.1.70245
EmoteText:237	1.60.1.70009	1.60.1.70245
EmoteText:238	1.60.1.70009	1.60.1.70245
EmoteText:239	1.60.1.70009	1.60.1.70245
EmoteText:24	1.60.1.70009	1.60.1.70245
EmoteText:240	1.60.1.70009	1.60.1.70245
EmoteText:241	1.60.1.70009	1.60.1.70245
EmoteText:242	1.60.1.70009	1.60.1.70245
EmoteText:243	1.60.1.70009	1.60.1.70245
EmoteText:244	1.60.1.70009	1.60.1.70245
EmoteText:245	1.60.1.70009	1.60.1.70245
EmoteText:246	1.60.1.70009	1.60.1.70245
EmoteText:247	1.60.1.70009	1.60.1.70245
EmoteText:248	1.60.1.70009	1.60.1.70245
EmoteText:249	1.60.1.70009	1.60.1.70245
EmoteText:25	1.60.1.70009	1.60.1.70245
EmoteText:250	1.60.1.70009	1.60.1.70245
EmoteText:251	1.60.1.70009	1.60.1.70245
EmoteText:252	1.60.1.70009	1.60.1.70245
EmoteText:253	1.60.1.70009	1.60.1.70245
EmoteText:254	1.60.1.70009	1.60.1.70245
EmoteText:255	1.60.1.70009	1.60.1.70245
EmoteText:256	1.60.1.70009	1.60.1.70245
EmoteText:257	1.60.1.70009	1.60.1.70245
EmoteText:258	1.60.1.70009	1.60.1.70245
EmoteText:259	1.60.1.70009	1.60.1.70245
EmoteText:26	1.60.1.70009	1.60.1.70245
EmoteText:260	1.60.1.70009	1.60.1.70245
EmoteText:261	1.60.1.70009	1.60.1.70245
EmoteText:262	1.60.1.70009	1.60.1.70245
EmoteText:263	1.60.1.70009	1.60.1.70245
EmoteText:264	1.60.1.70009	1.60.1.70245
EmoteText:265	1.60.1.70009	1.60.1.70245
EmoteText:266	1.60.1.70009	1.60.1.70245
EmoteText:267	1.60.1.70009	1.60.1.70245
EmoteText:268	1.60.1.70009	1.60.1.70245
EmoteText:269	1.60.1.70009	1.60.1.70245
EmoteText:27	1.60.1.70009	1.60.1.70245
EmoteText:270	1.60.1.70009	1.60.1.70245
EmoteText:271	1.60.1.70009	1.60.1.70245
EmoteText:272	1.60.1.70009	1.60.1.70245
EmoteText:273	1.60.1.70009	1.60.1.70245
EmoteText:274	1.60.1.70009	1.60.1.70245
EmoteText:275	1.60.1.70009	1.60.1.70245
EmoteText:276	1.60.1.70009	1.60.1.70245
EmoteText:277	1.60.1.70009	1.60.1.70245
EmoteText:278	1.60.1.70009	1.60.1.70245
EmoteText:279	1.60.1.70009	1.60.1.70245
EmoteText:28	1.60.1.70009	1.60.1.70245
EmoteText:280	1.60.1.70009	1.60.1.70245
EmoteText:281	1.60.1.70009	1.60.1.70245
EmoteText:282	1.60.1.70009	1.60.1.70245
EmoteText:283	1.60.1.70009	1.60.1.70245
EmoteText:284	1.60.1.70009	1.60.1.70245
EmoteText:285	1.60.1.70009	1.60.1.70245
EmoteText:286	1.60.1.70009	1.60.1.70245
EmoteText:287	1.60.1.70009	1.60.1.70245
EmoteText:288	1.60.1.70009	1.60.1.70245
EmoteText:289	1.60.1.70009	1.60.1.70245
EmoteText:29	1.60.1.70009	1.60.1.70245
EmoteText:290	1.60.1.70009	1.60.1.70245
EmoteText:291	1.60.1.70009	1.60.1.70245
EmoteText:292	1.60.1.70009	1.60.1.70245
EmoteText:293	1.60.1.70009	1.60.1.70245
EmoteText:294	1.60.1.70009	1.60.1.70245
EmoteText:295	1.60.1.70009	1.60.1.70245
EmoteText:296	1.60.1.70009	1.60.1.70245
EmoteText:297	1.60.1.70009	1.60.1.70245
EmoteText:298	1.60.1.70009	1.60.1.70245
EmoteText:299	1.60.1.70009	1.60.1.70245
EmoteText:3	1.60.1.70009	1.60.1.70245
EmoteText:30	1.60.1.70009	1.60.1.70245
EmoteText:300	1.60.1.70009	1.60.1.70245
EmoteText:301	1.60.1.70009	1.60.1.70245
EmoteText:302	1.60.1.70009	1.60.1.70245
EmoteText:303	1.60.1.70009	1.60.1.70245
EmoteText:304	1.60.1.70009	1.60.1.70245
EmoteText:305	1.60.1.70009	1.60.1.70245
EmoteText:306	1.60.1.70009	1.60.1.70245
EmoteText:307	1.60.1.70009	1.60.1.70245
EmoteText:308	1.60.1.70009	1.60.1.70245
EmoteText:309	1.60.1.70009	1.60.1.70245
EmoteText:31	1.60.1.70009	1.60.1.70245
EmoteText:310	1.60.1.70009	1.60.1.70245
EmoteText:311	1.60.1.70009	1.60.1.70245
EmoteText:312	1.60.1.70009	1.60.1.70245
EmoteText:313	1.60.1.70009	1.60.1.70245
EmoteText:314	1.60.1.70009	1.60.1.70245
EmoteText:315	1.60.1.70009	1.60.1.70245
EmoteText:316	1.60.1.70009	1.60.1.70245
EmoteText:317	1.60.1.70009	1.60.1.70245
EmoteText:318	1.60.1.70009	1.60.1.70245
EmoteText:319	1.60.1.70009	1.60.1.70245
EmoteText:32	1.60.1.70009	1.60.1.70245
EmoteText:320	1.60.1.70009	1.60.1.70245
EmoteText:321	1.60.1.70009	1.60.1.70245
EmoteText:322	1.60.1.70009	1.60.1.70245
EmoteText:323	1.60.1.70009	1.60.1.70245
EmoteText:324	1.60.1.70009	1.60.1.70245
EmoteText:325	1.60.1.70009	1.60.1.70245
EmoteText:326	1.60.1.70009	1.60.1.70245
EmoteText:327	1.60.1.70009	1.60.1.70245
EmoteText:328	1.60.1.70009	1.60.1.70245
EmoteText:329	1.60.1.70009	1.60.1.70245
EmoteText:33	1.60.1.70009	1.60.1.70245
EmoteText:330	1.60.1.70009	1.60.1.70245
EmoteText:331	1.60.1.70009	1.60.1.70245
EmoteText:332	1.60.1.70009	1.60.1.70245
EmoteText:333	1.60.1.70009	1.60.1.70245
EmoteText:334	1.60.1.70009	1.60.1.70245
EmoteText:335	1.60.1.70009	1.60.1.70245
EmoteText:336	1.60.1.70009	1.60.1.70245
EmoteText:337	1.60.1.70009	1.60.1.70245
EmoteText:338	1.60.1.70009	1.60.1.70245
EmoteText:339	1.60.1.70009	1.60.1.70245
EmoteText:34	1.60.1.70009	1.60.1.70245
EmoteText:340	1.60.1.70009	1.60.1.70245
EmoteText:341	1.60.1.70009	1.60.1.70245
EmoteText:342	1.60.1.70009	1.60.1.70245
EmoteText:343	1.60.1.70009	1.60.1.70245
EmoteText:344	1.60.1.70009	1.60.1.70245
EmoteText:345	1.60.1.70009	1.60.1.70245
EmoteText:346	1.60.1.70009	1.60.1.70245
EmoteText:347	1.60.1.70009	1.60.1.70245
EmoteText:348	1.60.1.70009	1.60.1.70245
EmoteText:349	1.60.1.70009	1.60.1.70245
EmoteText:35	1.60.1.70009	1.60.1.70245
EmoteText:350	1.60.1.70009	1.60.1.70245
EmoteText:351	1.60.1.70009	1.60.1.70245
EmoteText:352	1.60.1.70009	1.60.1.70245
EmoteText:353	1.60.1.70009	1.60.1.70245
EmoteText:354	1.60.1.70009	1.60.1.70245
EmoteText:355	1.60.1.70009	1.60.1.70245
EmoteText:356	1.60.1.70009	1.60.1.70245
EmoteText:357	1.60.1.70009	1.60.1.70245
EmoteText:358	1.60.1.70009	1.60.1.70245
EmoteText:359	1.60.1.70009	1.60.1.70245
EmoteText:36	1.60.1.70009	1.60.1.70245
EmoteText:360	1.60.1.70009	1.60.1.70245
EmoteText:361	1.60.1.70009	1.60.1.70245
EmoteText:362	1.60.1.70009	1.60.1.70245
EmoteText:363	1.60.1.70009	1.60.1.70245
EmoteText:364	1.60.1.70009	1.60.1.70245
EmoteText:365	1.60.1.70009	1.60.1.70245
EmoteText:366	1.60.1.70009	1.60.1.70245
EmoteText:367	1.60.1.70009	1.60.1.70245
EmoteText:368	1.60.1.70009	1.60.1.70245
EmoteText:369	1.60.1.70009	1.60.1.70245
EmoteText:37	1.60.1.70009	1.60.1.70245
EmoteText:370	1.60.1.70009	1.60.1.70245
EmoteText:371	1.60.1.70009	1.60.1.70245
EmoteText:372	1.60.1.70009	1.60.1.70245
EmoteText:373	1.60.1.70009	1.60.1.70245
EmoteText:374	1.60.1.70009	1.60.1.70245
EmoteText:375	1.60.1.70009	1.60.1.70245
EmoteText:376	1.60.1.70009	1.60.1.70245
EmoteText:377	1.60.1.70009	1.60.1.70245
EmoteText:378	1.60.1.70009	1.60.1.70245
EmoteText:379	1.60.1.70009	1.60.1.70245
EmoteText:38	1.60.1.70009	1.60.1.70245
EmoteText:380	1.60.1.70009	1.60.1.70245
EmoteText:381	1.60.1.70009	1.60.1.70245
EmoteText:382	1.60.1.70009	1.60.1.70245
EmoteText:383	1.60.1.70009	1.60.1.70245
EmoteText:384	1.60.1.70009	1.60.1.70245
EmoteText:385	1.60.1.70009	1.60.1.70245
EmoteText:386	1.60.1.70009	1.60.1.70245
EmoteText:387	1.60.1.70009	1.60.1.70245
EmoteText:388	1.60.1.70009	1.60.1.70245
EmoteText:389	1.60.1.70009	1.60.1.70245
EmoteText:39	1.60.1.70009	1.60.1.70245
EmoteText:390	1.60.1.70009	1.60.1.70245
EmoteText:391	1.60.1.70009	1.60.1.70245
EmoteText:392	1.60.1.70009	1.60.1.70245
EmoteText:393	1.60.1.70009	1.60.1.70245
EmoteText:394	1.60.1.70009	1.60.1.70245
EmoteText:395	1.60.1.70009	1.60.1.70245
EmoteText:396	1.60.1.70009	1.60.1.70245
EmoteText:397	1.60.1.70009	1.60.1.70245
EmoteText:398	1.60.1.70009	1.60.1.70245
EmoteText:399	1.60.1.70009	1.60.1.70245
EmoteText:4	1.60.1.70009	1.60.1.70245
EmoteText:40	1.60.1.70009	1.60.1.70245
EmoteText:400	1.60.1.70009	1.60.1.70245
EmoteText:401	1.60.1.70009	1.60.1.70245
EmoteText:402	1.60.1.70009	1.60.1.70245
EmoteText:403	1.60.1.70009	1.60.1.70245
EmoteText:404	1.60.1.70009	1.60.1.70245
EmoteText:405	1.60.1.70009	1.60.1.70245
EmoteText:406	1.60.1.70009	1.60.1.70245
EmoteText:407	1.60.1.70009	1.60.1.70245
EmoteText:408	1.60.1.70009	1.60.1.70245
EmoteText:409	1.60.1.70009	1.60.1.70245
EmoteText:41	1.60.1.70009	1.60.1.70245
EmoteText:410	1.60.1.70009	1.60.1.70245
EmoteText:411	1.60.1.70009	1.60.1.70245
EmoteText:412	1.60.1.70009	1.60.1.70245
EmoteText:413	1.60.1.70009	1.60.1.70245
EmoteText:414	1.60.1.70009	1.60.1.70245
EmoteText:415	1.60.1.70009	1.60.1.70245
EmoteText:416	1.60.1.70009	1.60.1.70245
EmoteText:417	1.60.1.70009	1.60.1.70245
EmoteText:418	1.60.1.70009	1.60.1.70245
EmoteText:419	1.60.1.70009	1.60.1.70245
EmoteText:42	1.60.1.70009	1.60.1.70245
EmoteText:420	1.60.1.70009	1.60.1.70245
EmoteText:421	1.60.1.70009	1.60.1.70245
EmoteText:422	1.60.1.70009	1.60.1.70245
EmoteText:423	1.60.1.70009	1.60.1.70245
EmoteText:424	1.60.1.70009	1.60.1.70245
EmoteText:425	1.60.1.70009	1.60.1.70245
EmoteText:426	1.60.1.70009	1.60.1.70245
EmoteText:427	1.60.1.70009	1.60.1.70245
EmoteText:428	1.60.1.70009	1.60.1.70245
EmoteText:429	1.60.1.70009	1.60.1.70245
EmoteText:43	1.60.1.70009	1.60.1.70245
EmoteText:430	1.60.1.70009	1.60.1.70245
EmoteText:431	1.60.1.70009	1.60.1.70245
EmoteText:432	1.60.1.70009	1.60.1.70245
EmoteText:433	1.60.1.70009	1.60.1.70245
EmoteText:434	1.60.1.70009	1.60.1.70245
EmoteText:435	1.60.1.70009	1.60.1.70245
EmoteText:436	1.60.1.70009	1.60.1.70245
EmoteText:437	1.60.1.70009	1.60.1.70245
EmoteText:438	1.60.1.70009	1.60.1.70245
EmoteText:439	1.60.1.70009	1.60.1.70245
EmoteText:44	1.60.1.70009	1.60.1.70245
EmoteText:440	1.60.1.70009	1.60.1.70245
EmoteText:441	1.60.1.70009	1.60.1.70245
EmoteText:442	1.60.1.70009	1.60.1.70245
EmoteText:443	1.60.1.70009	1.60.1.70245
EmoteText:444	1.60.1.70009	1.60.1.70245
EmoteText:445	1.60.1.70009	1.60.1.70245
EmoteText:448	1.60.1.70009	1.60.1.70245
EmoteText:449	1.60.1.70009	1.60.1.70245
EmoteText:45	1.60.1.70009	1.60.1.70245
EmoteText:450	1.60.1.70009	1.60.1.70245
EmoteText:451	1.60.1.70009	1.60.1.70245
EmoteText:452	1.60.1.70009	1.60.1.70245
EmoteText:453	1.60.1.70009	1.60.1.70245
EmoteText:454	1.60.1.70009	1.60.1.70245
EmoteText:455	1.60.1.70009	1.60.1.70245
EmoteText:456	1.60.1.70009	1.60.1.70245
EmoteText:457	1.60.1.70009	1.60.1.70245
EmoteText:458	1.60.1.70009	1.60.1.70245
EmoteText:46	1.60.1.70009	1.60.1.70245
EmoteText:460	1.60.1.70009	1.60.1.70245
EmoteText:463	1.60.1.70009	1.60.1.70245
EmoteText:464	1.60.1.70009	1.60.1.70245
EmoteText:465	1.60.1.70009	1.60.1.70245
EmoteText:466	1.60.1.70009	1.60.1.70245
EmoteText:467	1.60.1.70009	1.60.1.70245
EmoteText:468	1.60.1.70009	1.60.1.70245
EmoteText:469	1.60.1.70009	1.60.1.70245
EmoteText:47	1.60.1.70009	1.60.1.70245
EmoteText:470	1.60.1.70009	1.60.1.70245
EmoteText:471	1.60.1.70009	1.60.1.70245
EmoteText:472	1.60.1.70009	1.60.1.70245
EmoteText:473	1.60.1.70009	1.60.1.70245
EmoteText:474	1.60.1.70009	1.60.1.70245
EmoteText:475	1.60.1.70009	1.60.1.70245
EmoteText:476	1.60.1.70009	1.60.1.70245
EmoteText:477	1.60.1.70009	1.60.1.70245
EmoteText:478	1.60.1.70009	1.60.1.70245
EmoteText:479	1.60.1.70009	1.60.1.70245
EmoteText:48	1.60.1.70009	1.60.1.70245
EmoteText:480	1.60.1.70009	1.60.1.70245
EmoteText:481	1.60.1.70009	1.60.1.70245
EmoteText:482	1.60.1.70009	1.60.1.70245
EmoteText:483	1.60.1.70009	1.60.1.70245
EmoteText:484	1.60.1.70009	1.60.1.70245
EmoteText:485	1.60.1.70009	1.60.1.70245
EmoteText:486	1.60.1.70009	1.60.1.70245
EmoteText:487	1.60.1.70009	1.60.1.70245
EmoteText:488	1.60.1.70009	1.60.1.70245
EmoteText:489	1.60.1.70009	1.60.1.70245
EmoteText:49	1.60.1.70009	1.60.1.70245
EmoteText:490	1.60.1.70009	1.60.1.70245
EmoteText:491	1.60.1.70009	1.60.1.70245
EmoteText:492	1.60.1.70009	1.60.1.70245
EmoteText:493	1.60.1.70009	1.60.1.70245
EmoteText:494	1.60.1.70009	1.60.1.70245
EmoteText:495	1.60.1.70009	1.60.1.70245
EmoteText:496	1.60.1.70009	1.60.1.70245
EmoteText:497	1.60.1.70009	1.60.1.70245
EmoteText:498	1.60.1.70009	1.60.1.70245
EmoteText:499	1.60.1.70009	1.60.1.70245
EmoteText:5	1.60.1.70009	1.60.1.70245
EmoteText:50	1.60.1.70009	1.60.1.70245
EmoteText:500	1.60.1.70009	1.60.1.70245
EmoteText:501	1.60.1.70009	1.60.1.70245
EmoteText:502	1.60.1.70009	1.60.1.70245
EmoteText:503	1.60.1.70009	1.60.1.70245
EmoteText:504	1.60.1.70009	1.60.1.70245
EmoteText:505	1.60.1.70009	1.60.1.70245
EmoteText:506	1.60.1.70009	1.60.1.70245
EmoteText:507	1.60.1.70009	1.60.1.70245
EmoteText:508	1.60.1.70009	1.60.1.70245
EmoteText:509	1.60.1.70009	1.60.1.70245
EmoteText:51	1.60.1.70009	1.60.1.70245
EmoteText:510	1.60.1.70009	1.60.1.70245
EmoteText:511	1.60.1.70009	1.60.1.70245
EmoteText:512	1.60.1.70009	1.60.1.70245
EmoteText:513	1.60.1.70009	1.60.1.70245
EmoteText:514	1.60.1.70009	1.60.1.70245
EmoteText:515	1.60.1.70009	1.60.1.70245
EmoteText:516	1.60.1.70009	1.60.1.70245
EmoteText:517	1.60.1.70009	1.60.1.70245
EmoteText:518	1.60.1.70009	1.60.1.70245
EmoteText:519	1.60.1.70009	1.60.1.70245
EmoteText:52	1.60.1.70009	1.60.1.70245
EmoteText:520	1.60.1.70009	1.60.1.70245
EmoteText:521	1.60.1.70009	1.60.1.70245
EmoteText:522	1.60.1.70009	1.60.1.70245
EmoteText:523	1.60.1.70009	1.60.1.70245
EmoteText:524	1.60.1.70009	1.60.1.70245
EmoteText:525	1.60.1.70009	1.60.1.70245
EmoteText:526	1.60.1.70009	1.60.1.70245
EmoteText:527	1.60.1.70009	1.60.1.70245
EmoteText:528	1.60.1.70009	1.60.1.70245
EmoteText:529	1.60.1.70009	1.60.1.70245
EmoteText:53	1.60.1.70009	1.60.1.70245
EmoteText:530	1.60.1.70009	1.60.1.70245
EmoteText:531	1.60.1.70009	1.60.1.70245
EmoteText:532	1.60.1.70009	1.60.1.70245
EmoteText:533	1.60.1.70009	1.60.1.70245
EmoteText:534	1.60.1.70009	1.60.1.70245
EmoteText:535	1.60.1.70009	1.60.1.70245
EmoteText:536	1.60.1.70009	1.60.1.70245
EmoteText:537	1.60.1.70009	1.60.1.70245
EmoteText:538	1.60.1.70009	1.60.1.70245
EmoteText:539	1.60.1.70009	1.60.1.70245
EmoteText:54	1.60.1.70009	1.60.1.70245
EmoteText:540	1.60.1.70009	1.60.1.70245
EmoteText:541	1.60.1.70009	1.60.1.70245
EmoteText:542	1.60.1.70009	1.60.1.70245
EmoteText:543	1.60.1.70009	1.60.1.70245
EmoteText:544	1.60.1.70009	1.60.1.70245
EmoteText:545	1.60.1.70009	1.60.1.70245
EmoteText:546	1.60.1.70009	1.60.1.70245
EmoteText:547	1.60.1.70009	1.60.1.70245
EmoteText:548	1.60.1.70009	1.60.1.70245
EmoteText:549	1.60.1.70009	1.60.1.70245
EmoteText:55	1.60.1.70009	1.60.1.70245
EmoteText:550	1.60.1.70009	1.60.1.70245
EmoteText:551	1.60.1.70009	1.60.1.70245
EmoteText:552	1.60.1.70009	1.60.1.70245
EmoteText:553	1.60.1.70009	1.60.1.70245
EmoteText:554	1.60.1.70009	1.60.1.70245
EmoteText:555	1.60.1.70009	1.60.1.70245
EmoteText:556	1.60.1.70009	1.60.1.70245
EmoteText:557	1.60.1.70009	1.60.1.70245
EmoteText:558	1.60.1.70009	1.60.1.70245
EmoteText:559	1.60.1.70009	1.60.1.70245
EmoteText:56	1.60.1.70009	1.60.1.70245
EmoteText:560	1.60.1.70009	1.60.1.70245
EmoteText:561	1.60.1.70009	1.60.1.70245
EmoteText:562	1.60.1.70009	1.60.1.70245
EmoteText:563	1.60.1.70009	1.60.1.70245
EmoteText:564	1.60.1.70009	1.60.1.70245
EmoteText:565	1.60.1.70009	1.60.1.70245
EmoteText:566	1.60.1.70009	1.60.1.70245
EmoteText:567	1.60.1.70009	1.60.1.70245
EmoteText:568	1.60.1.70009	1.60.1.70245
EmoteText:569	1.60.1.70009	1.60.1.70245
EmoteText:57	1.60.1.70009	1.60.1.70245
EmoteText:570	1.60.1.70009	1.60.1.70245
EmoteText:571	1.60.1.70009	1.60.1.70245
EmoteText:572	1.60.1.70009	1.60.1.70245
EmoteText:573	1.60.1.70009	1.60.1.70245
EmoteText:574	1.60.1.70009	1.60.1.70245
EmoteText:575	1.60.1.70009	1.60.1.70245
EmoteText:576	1.60.1.70009	1.60.1.70245
EmoteText:577	1.60.1.70009	1.60.1.70245
EmoteText:578	1.60.1.70009	1.60.1.70245
EmoteText:579	1.60.1.70009	1.60.1.70245
EmoteText:58	1.60.1.70009	1.60.1.70245
EmoteText:580	1.60.1.70009	1.60.1.70245
EmoteText:581	1.60.1.70009	1.60.1.70245
EmoteText:582	1.60.1.70009	1.60.1.70245
EmoteText:583	1.60.1.70009	1.60.1.70245
EmoteText:584	1.60.1.70009	1.60.1.70245
EmoteText:585	1.60.1.70009	1.60.1.70245
EmoteText:586	1.60.1.70009	1.60.1.70245
EmoteText:587	1.60.1.70009	1.60.1.70245
EmoteText:588	1.60.1.70009	1.60.1.70245
EmoteText:589	1.60.1.70009	1.60.1.70245
EmoteText:59	1.60.1.70009	1.60.1.70245
EmoteText:590	1.60.1.70009	1.60.1.70245
EmoteText:591	1.60.1.70009	1.60.1.70245
EmoteText:592	1.60.1.70009	1.60.1.70245
EmoteText:593	1.60.1.70009	1.60.1.70245
EmoteText:594	1.60.1.70009	1.60.1.70245
EmoteText:595	1.60.1.70009	1.60.1.70245
EmoteText:596	1.60.1.70009	1.60.1.70245
EmoteText:597	1.60.1.70009	1.60.1.70245
EmoteText:598	1.60.1.70009	1.60.1.70245
EmoteText:599	1.60.1.70009	1.60.1.70245
EmoteText:6	1.60.1.70009	1.60.1.70245
EmoteText:60	1.60.1.70009	1.60.1.70245
EmoteText:600	1.60.1.70009	1.60.1.70245
EmoteText:601	1.60.1.70009	1.60.1.70245
EmoteText:602	1.60.1.70009	1.60.1.70245
EmoteText:603	1.60.1.70009	1.60.1.70245
EmoteText:604	1.60.1.70009	1.60.1.70245
EmoteText:605	1.60.1.70009	1.60.1.70245
EmoteText:606	1.60.1.70009	1.60.1.70245
EmoteText:607	1.60.1.70009	1.60.1.70245
EmoteText:608	1.60.1.70009	1.60.1.70245
EmoteText:609	1.60.1.70009	1.60.1.70245
EmoteText:61	1.60.1.70009	1.60.1.70245
EmoteText:610	1.60.1.70009	1.60.1.70245
EmoteText:611	1.60.1.70009	1.60.1.70245
EmoteText:612	1.60.1.70009	1.60.1.70245
EmoteText:613	1.60.1.70009	1.60.1.70245
EmoteText:614	1.60.1.70009	1.60.1.70245
EmoteText:615	1.60.1.70009	1.60.1.70245
EmoteText:616	1.60.1.70009	1.60.1.70245
EmoteText:617	1.60.1.70009	1.60.1.70245
EmoteText:618	1.60.1.70009	1.60.1.70245
EmoteText:619	1.60.1.70009	1.60.1.70245
EmoteText:62	1.60.1.70009	1.60.1.70245
EmoteText:620	1.60.1.70009	1.60.1.70245
EmoteText:621	1.60.1.70009	1.60.1.70245
EmoteText:622	1.60.1.70009	1.60.1.70245
EmoteText:623	1.60.1.70009	1.60.1.70245
EmoteText:624	1.60.1.70009	1.60.1.70245
EmoteText:625	1.60.1.70009	1.60.1.70245
EmoteText:626	1.60.1.70009	1.60.1.70245
EmoteText:627	1.60.1.70009	1.60.1.70245
EmoteText:628	1.60.1.70009	1.60.1.70245
EmoteText:629	1.60.1.70009	1.60.1.70245
EmoteText:63	1.60.1.70009	1.60.1.70245
EmoteText:630	1.60.1.70009	1.60.1.70245
EmoteText:631	1.60.1.70009	1.60.1.70245
EmoteText:632	1.60.1.70009	1.60.1.70245
EmoteText:633	1.60.1.70009	1.60.1.70245
EmoteText:634	1.60.1.70009	1.60.1.70245
EmoteText:635	1.60.1.70009	1.60.1.70245
EmoteText:636	1.60.1.70009	1.60.1.70245
EmoteText:637	1.60.1.70009	1.60.1.70245
EmoteText:638	1.60.1.70009	1.60.1.70245
EmoteText:639	1.60.1.70009	1.60.1.70245
EmoteText:64	1.60.1.70009	1.60.1.70245
EmoteText:640	1.60.1.70009	1.60.1.70245
EmoteText:641	1.60.1.70009	1.60.1.70245
EmoteText:642	1.60.1.70009	1.60.1.70245
EmoteText:643	1.60.1.70009	1.60.1.70245
EmoteText:644	1.60.1.70009	1.60.1.70245
EmoteText:645	1.60.1.70009	1.60.1.70245
EmoteText:646	1.60.1.70009	1.60.1.70245
EmoteText:647	1.60.1.70009	1.60.1.70245
EmoteText:648	1.60.1.70009	1.60.1.70245
EmoteText:649	1.60.1.70009	1.60.1.70245
EmoteText:65	1.60.1.70009	1.60.1.70245
EmoteText:650	1.60.1.70009	1.60.1.70245
EmoteText:651	1.60.1.70009	1.60.1.70245
EmoteText:652	1.60.1.70009	1.60.1.70245
EmoteText:653	1.60.1.70009	1.60.1.70245
EmoteText:654	1.60.1.70009	1.60.1.70245
EmoteText:655	1.60.1.70009	1.60.1.70245
EmoteText:656	1.60.1.70009	1.60.1.70245
EmoteText:657	1.60.1.70009	1.60.1.70245
EmoteText:658	1.60.1.70009	1.60.1.70245
EmoteText:659	1.60.1.70009	1.60.1.70245
EmoteText:66	1.60.1.70009	1.60.1.70245
EmoteText:660	1.60.1.70009	1.60.1.70245
EmoteText:661	1.60.1.70009	1.60.1.70245
EmoteText:662	1.60.1.70009	1.60.1.70245
EmoteText:663	1.60.1.70009	1.60.1.70245
EmoteText:664	1.60.1.70009	1.60.1.70245
EmoteText:665	1.60.1.70009	1.60.1.70245
EmoteText:666	1.60.1.70009	1.60.1.70245
EmoteText:667	1.60.1.70009	1.60.1.70245
EmoteText:668	1.60.1.70009	1.60.1.70245
EmoteText:669	1.60.1.70009	1.60.1.70245
EmoteText:67	1.60.1.70009	1.60.1.70245
EmoteText:670	1.60.1.70009	1.60.1.70245
EmoteText:671	1.60.1.70009	1.60.1.70245
EmoteText:672	1.60.1.70009	1.60.1.70245
EmoteText:673	1.60.1.70009	1.60.1.70245
EmoteText:674	1.60.1.70009	1.60.1.70245
EmoteText:675	1.60.1.70009	1.60.1.70245
EmoteText:676	1.60.1.70009	1.60.1.70245
EmoteText:677	1.60.1.70009	1.60.1.70245
EmoteText:678	1.60.1.70009	1.60.1.70245
EmoteText:679	1.60.1.70009	1.60.1.70245
EmoteText:68	1.60.1.70009	1.60.1.70245
EmoteText:680	1.60.1.70009	1.60.1.70245
EmoteText:681	1.60.1.70009	1.60.1.70245
EmoteText:682	1.60.1.70009	1.60.1.70245
EmoteText:683	1.60.1.70009	1.60.1.70245
EmoteText:684	1.60.1.70009	1.60.1.70245
EmoteText:685	1.60.1.70009	1.60.1.70245
EmoteText:686	1.60.1.70009	1.60.1.70245
EmoteText:687	1.60.1.70009	1.60.1.70245
EmoteText:688	1.60.1.70009	1.60.1.70245
EmoteText:689	1.60.1.70009	1.60.1.70245
EmoteText:69	1.60.1.70009	1.60.1.70245
EmoteText:690	1.60.1.70009	1.60.1.70245
EmoteText:691	1.60.1.70009	1.60.1.70245
EmoteText:692	1.60.1.70009	1.60.1.70245
EmoteText:693	1.60.1.70009	1.60.1.70245
EmoteText:694	1.60.1.70009	1.60.1.70245
EmoteText:695	1.60.1.70009	1.60.1.70245
EmoteText:696	1.60.1.70009	1.60.1.70245
EmoteText:697	1.60.1.70009	1.60.1.70245
EmoteText:698	1.60.1.70009	1.60.1.70245
EmoteText:699	1.60.1.70009	1.60.1.70245
EmoteText:7	1.60.1.70009	1.60.1.70245
EmoteText:70	1.60.1.70009	1.60.1.70245
EmoteText:700	1.60.1.70009	1.60.1.70245
EmoteText:701	1.60.1.70009	1.60.1.70245
EmoteText:702	1.60.1.70009	1.60.1.70245
EmoteText:703	1.60.1.70009	1.60.1.70245
EmoteText:704	1.60.1.70009	1.60.1.70245
EmoteText:705	1.60.1.70009	1.60.1.70245
EmoteText:706	1.60.1.70009	1.60.1.70245
EmoteText:707	1.60.1.70009	1.60.1.70245
EmoteText:708	1.60.1.70009	1.60.1.70245
EmoteText:709	1.60.1.70009	1.60.1.70245
EmoteText:71	1.60.1.70009	1.60.1.70245
EmoteText:710	1.60.1.70009	1.60.1.70245
EmoteText:711	1.60.1.70009	1.60.1.70245
EmoteText:712	1.60.1.70009	1.60.1.70245
EmoteText:713	1.60.1.70009	1.60.1.70245
EmoteText:714	1.60.1.70009	1.60.1.70245
EmoteText:715	1.60.1.70009	1.60.1.70245
EmoteText:716	1.60.1.70009	1.60.1.70245
EmoteText:717	1.60.1.70009	1.60.1.70245
EmoteText:718	1.60.1.70009	1.60.1.70245
EmoteText:719	1.60.1.70009	1.60.1.70245
EmoteText:72	1.60.1.70009	1.60.1.70245
EmoteText:720	1.60.1.70009	1.60.1.70245
EmoteText:721	1.60.1.70009	1.60.1.70245
EmoteText:722	1.60.1.70009	1.60.1.70245
EmoteText:723	1.60.1.70009	1.60.1.70245
EmoteText:724	1.60.1.70009	1.60.1.70245
EmoteText:725	1.60.1.70009	1.60.1.70245
EmoteText:726	1.60.1.70009	1.60.1.70245
EmoteText:727	1.60.1.70009	1.60.1.70245
EmoteText:728	1.60.1.70009	1.60.1.70245
EmoteText:729	1.60.1.70009	1.60.1.70245
EmoteText:73	1.60.1.70009	1.60.1.70245
EmoteText:730	1.60.1.70009	1.60.1.70245
EmoteText:731	1.60.1.70009	1.60.1.70245
EmoteText:732	1.60.1.70009	1.60.1.70245
EmoteText:733	1.60.1.70009	1.60.1.70245
EmoteText:734	1.60.1.70009	1.60.1.70245
EmoteText:735	1.60.1.70009	1.60.1.70245
EmoteText:736	1.60.1.70009	1.60.1.70245
EmoteText:737	1.60.1.70009	1.60.1.70245
EmoteText:738	1.60.1.70009	1.60.1.70245
EmoteText:739	1.60.1.70009	1.60.1.70245
EmoteText:74	1.60.1.70009	1.60.1.70245
EmoteText:740	1.60.1.70009	1.60.1.70245
EmoteText:741	1.60.1.70009	1.60.1.70245
EmoteText:742	1.60.1.70009	1.60.1.70245
EmoteText:743	1.60.1.70009	1.60.1.70245
EmoteText:744	1.60.1.70009	1.60.1.70245
EmoteText:745	1.60.1.70009	1.60.1.70245
EmoteText:746	1.60.1.70009	1.60.1.70245
EmoteText:747	1.60.1.70009	1.60.1.70245
EmoteText:748	1.60.1.70009	1.60.1.70245
EmoteText:749	1.60.1.70009	1.60.1.70245
EmoteText:75	1.60.1.70009	1.60.1.70245
EmoteText:750	1.60.1.70009	1.60.1.70245
EmoteText:751	1.60.1.70009	1.60.1.70245
EmoteText:752	1.60.1.70009	1.60.1.70245
EmoteText:753	1.60.1.70009	1.60.1.70245
EmoteText:754	1.60.1.70009	1.60.1.70245
EmoteText:755	1.60.1.70009	1.60.1.70245
EmoteText:756	1.60.1.70009	1.60.1.70245
EmoteText:757	1.60.1.70009	1.60.1.70245
EmoteText:758	1.60.1.70009	1.60.1.70245
EmoteText:759	1.60.1.70009	1.60.1.70245
EmoteText:76	1.60.1.70009	1.60.1.70245
EmoteText:760	1.60.1.70009	1.60.1.70245
EmoteText:761	1.60.1.70009	1.60.1.70245
EmoteText:762	1.60.1.70009	1.60.1.70245
EmoteText:763	1.60.1.70009	1.60.1.70245
EmoteText:764	1.60.1.70009	1.60.1.70245
EmoteText:765	1.60.1.70009	1.60.1.70245
EmoteText:766	1.60.1.70009	1.60.1.70245
EmoteText:77	1.60.1.70009	1.60.1.70245
EmoteText:777	1.60.1.70009	1.60.1.70245
EmoteText:78	1.60.1.70009	1.60.1.70245
EmoteText:79	1.60.1.70009	1.60.1.70245
EmoteText:797	1.60.1.70009	1.60.1.70245
EmoteText:798	1.60.1.70009	1.60.1.70245
EmoteText:799	1.60.1.70009	1.60.1.70245
EmoteText:8	1.60.1.70009	1.60.1.70245
EmoteText:80	1.60.1.70009	1.60.1.70245
EmoteText:800	1.60.1.70009	1.60.1.70245
EmoteText:801	1.60.1.70009	1.60.1.70245
EmoteText:802	1.60.1.70009	1.60.1.70245
EmoteText:803	1.60.1.70009	1.60.1.70245
EmoteText:804	1.60.1.70009	1.60.1.70245
EmoteText:805	1.60.1.70009	1.60.1.70245
EmoteText:806	1.60.1.70009	1.60.1.70245
EmoteText:807	1.60.1.70009	1.60.1.70245
EmoteText:808	1.60.1.70009	1.60.1.70245
EmoteText:809	1.60.1.70009	1.60.1.70245
EmoteText:81	1.60.1.70009	1.60.1.70245
EmoteText:810	1.60.1.70009	1.60.1.70245
EmoteText:811	1.60.1.70009	1.60.1.70245
EmoteText:812	1.60.1.70009	1.60.1.70245
EmoteText:817	1.60.1.70009	1.60.1.70245
EmoteText:818	1.60.1.70009	1.60.1.70245
EmoteText:819	1.60.1.70009	1.60.1.70245
EmoteText:82	1.60.1.70009	1.60.1.70245
EmoteText:820	1.60.1.70009	1.60.1.70245
EmoteText:821	1.60.1.70009	1.60.1.70245
EmoteText:822	1.60.1.70009	1.60.1.70245
EmoteText:823	1.60.1.70009	1.60.1.70245
EmoteText:824	1.60.1.70009	1.60.1.70245
EmoteText:825	1.60.1.70009	1.60.1.70245
EmoteText:826	1.60.1.70009	1.60.1.70245
EmoteText:827	1.60.1.70009	1.60.1.70245
EmoteText:828	1.60.1.70009	1.60.1.70245
EmoteText:829	1.60.1.70009	1.60.1.70245
EmoteText:83	1.60.1.70009	1.60.1.70245
EmoteText:830	1.60.1.70009	1.60.1.70245
EmoteText:831	1.60.1.70009	1.60.1.70245
EmoteText:832	1.60.1.70009	1.60.1.70245
EmoteText:833	1.60.1.70009	1.60.1.70245
EmoteText:834	1.60.1.70009	1.60.1.70245
EmoteText:835	1.60.1.70009	1.60.1.70245
EmoteText:836	1.60.1.70009	1.60.1.70245
EmoteText:837	1.60.1.70009	1.60.1.70245
EmoteText:838	1.60.1.70009	1.60.1.70245
EmoteText:839	1.60.1.70009	1.60.1.70245
EmoteText:84	1.60.1.70009	1.60.1.70245
EmoteText:840	1.60.1.70009	1.60.1.70245
EmoteText:841	1.60.1.70009	1.60.1.70245
EmoteText:85	1.60.1.70009	1.60.1.70245
EmoteText:86	1.60.1.70009	1.60.1.70245
EmoteText:865	1.60.1.70009	1.60.1.70245
EmoteText:866	1.60.1.70009	1.60.1.70245
EmoteText:87	1.60.1.70009	1.60.1.70245
EmoteText:870	1.60.1.70009	1.60.1.70245
EmoteText:871	1.60.1.70009	1.60.1.70245
EmoteText:875	1.60.1.70009	1.60.1.70245
EmoteText:876	1.60.1.70009	1.60.1.70245
EmoteText:877	1.60.1.70009	1.60.1.70245
EmoteText:878	1.60.1.70009	1.60.1.70245
EmoteText:879	1.60.1.70009	1.60.1.70245
EmoteText:88	1.60.1.70009	1.60.1.70245
EmoteText:880	1.60.1.70009	1.60.1.70245
EmoteText:881	1.60.1.70009	1.60.1.70245
EmoteText:882	1.60.1.70009	1.60.1.70245
EmoteText:883	1.60.1.70009	1.60.1.70245
EmoteText:884	1.60.1.70009	1.60.1.70245
EmoteText:885	1.60.1.70009	1.60.1.70245
EmoteText:886	1.60.1.70009	1.60.1.70245
EmoteText:887	1.60.1.70009	1.60.1.70245
EmoteText:888	1.60.1.70009	1.60.1.70245
EmoteText:889	1.60.1.70009	1.60.1.70245
EmoteText:89	1.60.1.70009	1.60.1.70245
EmoteText:890	1.60.1.70009	1.60.1.70245
EmoteText:891	1.60.1.70009	1.60.1.70245
EmoteText:893	1.60.1.70009	1.60.1.70245
EmoteText:894	1.60.1.70009	1.60.1.70245
EmoteText:895	1.60.1.70009	1.60.1.70245
EmoteText:896	1.60.1.70009	1.60.1.70245
EmoteText:898	1.60.1.70009	1.60.1.70245
EmoteText:899	1.60.1.70009	1.60.1.70245
EmoteText:9	1.60.1.70009	1.60.1.70245
EmoteText:90	1.60.1.70009	1.60.1.70245
EmoteText:900	1.60.1.70009	1.60.1.70245
EmoteText:901	1.60.1.70009	1.60.1.70245
EmoteText:902	1.60.1.70009	1.60.1.70245
EmoteText:903	1.60.1.70009	1.60.1.70245
EmoteText:904	1.60.1.70009	1.60.1.70245
EmoteText:905	1.60.1.70009	1.60.1.70245
EmoteText:906	1.60.1.70009	1.60.1.70245
EmoteText:907	1.60.1.70009	1.60.1.70245
EmoteText:908	1.60.1.70009	1.60.1.70245
EmoteText:909	1.60.1.70009	1.60.1.70245
EmoteText:91	1.60.1.70009	1.60.1.70245
EmoteText:910	1.60.1.70009	1.60.1.70245
EmoteText:911	1.60.1.70009	1.60.1.70245
EmoteText:912	1.60.1.70009	1.60.1.70245
EmoteText:913	1.60.1.70009	1.60.1.70245
EmoteText:914	1.60.1.70009	1.60.1.70245
EmoteText:915	1.60.1.70009	1.60.1.70245
EmoteText:916	1.60.1.70009	1.60.1.70245
EmoteText:917	1.60.1.70009	1.60.1.70245
EmoteText:918	1.60.1.70009	1.60.1.70245
EmoteText:919	1.60.1.70009	1.60.1.70245
EmoteText:92	1.60.1.70009	1.60.1.70245
EmoteText:920	1.60.1.70009	1.60.1.70245
EmoteText:921	1.60.1.70009	1.60.1.70245
EmoteText:922	1.60.1.70009	1.60.1.70245
EmoteText:923	1.60.1.70009	1.60.1.70245
EmoteText:924	1.60.1.70009	1.60.1.70245
EmoteText:925	1.60.1.70009	1.60.1.70245
EmoteText:926	1.60.1.70009	1.60.1.70245
EmoteText:927	1.60.1.70009	1.60.1.70245
EmoteText:928	1.60.1.70009	1.60.1.70245
EmoteText:929	1.60.1.70009	1.60.1.70245
EmoteText:93	1.60.1.70009	1.60.1.70245
EmoteText:930	1.60.1.70009	1.60.1.70245
EmoteText:931	1.60.1.70009	1.60.1.70245
EmoteText:932	1.60.1.70009	1.60.1.70245
EmoteText:933	1.60.1.70009	1.60.1.70245
EmoteText:934	1.60.1.70009	1.60.1.70245
EmoteText:935	1.60.1.70009	1.60.1.70245
EmoteText:936	1.60.1.70009	1.60.1.70245
EmoteText:937	1.60.1.70009	1.60.1.70245
EmoteText:938	1.60.1.70009	1.60.1.70245
EmoteText:939	1.60.1.70009	1.60.1.70245
EmoteText:94	1.60.1.70009	1.60.1.70245
EmoteText:940	1.60.1.70009	1.60.1.70245
EmoteText:941	1.60.1.70009	1.60.1.70245
EmoteText:942	1.60.1.70009	1.60.1.70245
EmoteText:943	1.60.1.70009	1.60.1.70245
EmoteText:944	1.60.1.70009	1.60.1.70245
EmoteText:945	1.60.1.70009	1.60.1.70245
EmoteText:946	1.60.1.70009	1.60.1.70245
EmoteText:947	1.60.1.70009	1.60.1.70245
EmoteText:948	1.60.1.70009	1.60.1.70245
EmoteText:949	1.60.1.70009	1.60.1.70245
EmoteText:95	1.60.1.70009	1.60.1.70245
EmoteText:950	1.60.1.70009	1.60.1.70245
EmoteText:951	1.60.1.70009	1.60.1.70245
EmoteText:952	1.60.1.70009	1.60.1.70245
EmoteText:953	1.60.1.70009	1.60.1.70245
EmoteText:954	1.60.1.70009	1.60.1.70245
EmoteText:955	1.60.1.70009	1.60.1.70245
EmoteText:956	1.60.1.70009	1.60.1.70245
EmoteText:957	1.60.1.70009	1.60.1.70245
EmoteText:958	1.60.1.70009	1.60.1.70245
EmoteText:959	1.60.1.70009	1.60.1.70245
EmoteText:96	1.60.1.70009	1.60.1.70245
EmoteText:960	1.60.1.70009	1.60.1.70245
EmoteText:961	1.60.1.70009	1.60.1.70245
EmoteText:962	1.60.1.70009	1.60.1.70245
EmoteText:963	1.60.1.70009	1.60.1.70245
EmoteText:964	1.60.1.70009	1.60.1.70245
EmoteText:965	1.60.1.70009	1.60.1.70245
EmoteText:966	1.60.1.70009	1.60.1.70245
EmoteText:967	1.60.1.70009	1.60.1.70245
EmoteText:968	1.60.1.70009	1.60.1.70245
EmoteText:969	1.60.1.70009	1.60.1.70245
EmoteText:97	1.60.1.70009	1.60.1.70245
EmoteText:970	1.60.1.70009	1.60.1.70245
EmoteText:971	1.60.1.70009	1.60.1.70245
EmoteText:972	1.60.1.70009	1.60.1.70245
EmoteText:973	1.60.1.70009	1.60.1.70245
EmoteText:974	1.60.1.70009	1.60.1.70245
EmoteText:975	1.60.1.70009	1.60.1.70245
EmoteText:976	1.60.1.70009	1.60.1.70245
EmoteText:977	1.60.1.70009	1.60.1.70245
EmoteText:978	1.60.1.70009	1.60.1.70245
EmoteText:979	1.60.1.70009	1.60.1.70245
EmoteText:98	1.60.1.70009	1.60.1.70245
EmoteText:980	1.60.1.70009	1.60.1.70245
EmoteText:981	1.60.1.70009	1.60.1.70245
EmoteText:982	1.60.1.70009	1.60.1.70245
EmoteText:983	1.60.1.70009	1.60.1.70245
EmoteText:984	1.60.1.70009	1.60.1.70245
EmoteText:985	1.60.1.70009	1.60.1.70245
EmoteText:986	1.60.1.70009	1.60.1.70245
EmoteText:987	1.60.1.70009	1.60.1.70245
EmoteText:988	1.60.1.70009	1.60.1.70245
EmoteText:989	1.60.1.70009	1.60.1.70245
EmoteText:99	1.60.1.70009	1.60.1.70245
EmoteText:990	1.60.1.70009	1.60.1.70245
EmoteText:991	1.60.1.70009	1.60.1.70245
EmoteText:992	1.60.1.70009	1.60.1.70245
EmoteText:993	1.60.1.70009	1.60.1.70245
EmoteText:994	1.60.1.70009	1.60.1.70245
EmoteText:995	1.60.1.70009	1.60.1.70245
EmoteText:996	1.60.1.70009	1.60.1.70245
EmoteText:997	1.60.1.70009	1.60.1.70245
EmoteText:999	1.60.1.70009	1.60.1.70245
EventToastText:479	1.60.1.70170	1.60.1.70245
EventToastText:513	1.60.1.70170	1.60.1.70245
FACTION	1.60.1.69913	1.60.1.70245
FACTION_CONTROLLED_TERRITORY	1.60.1.69913	1.60.1.70245
FACTION_INACTIVE	1.60.1.69913	1.60.1.70245
FACTION_OTHER	1.60.1.69913	1.60.1.70245
FACTION_STANDING_DECREASED	1.60.1.69913	1.60.1.70245
FACTION_STANDING_DECREASED_ACCOUNT_WIDE	1.60.1.69913	1.60.1.70245
FACTION_STANDING_DECREASED_GENERIC	1.60.1.69913	1.60.1.70245
FACTION_STANDING_DECREASED_GENERIC_ACCOUNT_WIDE	1.60.1.69913	1.60.1.70245
FACTION_STANDING_INCREASED	1.60.1.69913	1.60.1.70245
FACTION_STANDING_INCREASED_ACCOUNT_WIDE	1.60.1.69913	1.60.1.70245
FACTION_STANDING_INCREASED_ACH_BONUS	1.60.1.69913	1.60.1.70245
FACTION_STANDING_INCREASED_ACH_BONUS_ACCOUNT_WIDE	1.60.1.69913	1.60.1.70245
FACTION_STANDING_INCREASED_ACH_PART	1.60.1.69913	1.60.1.70245
FACTION_STANDING_INCREASED_BONUS	1.60.1.69913	1.60.1.70245
FACTION_STANDING_INCREASED_DOUBLE_BONUS	1.60.1.69913	1.60.1.70245
FACTION_STANDING_INCREASED_GENERIC	1.60.1.69913	1.60.1.70245
FACTION_STANDING_INCREASED_GENERIC_ACCOUNT_WIDE	1.60.1.69913	1.60.1.70245
FACTION_STANDING_INCREASED_GUARDIAN	1.60.1.69913	1.60.1.70245
FACTION_STANDING_INCREASED_REFER_PART	1.60.1.69913	1.60.1.70245
FACTION_STANDING_INCREASED_REST_PART	1.60.1.69913	1.60.1.70245
FACTION_STANDING_LABEL1	1.60.1.69913	1.60.1.70245
FACTION_STANDING_LABEL1_FEMALE	1.60.1.69913	1.60.1.70245
FACTION_STANDING_LABEL2	1.60.1.69913	1.60.1.70245
FACTION_STANDING_LABEL2_FEMALE	1.60.1.69913	1.60.1.70245
FACTION_STANDING_LABEL3	1.60.1.69913	1.60.1.70245
FACTION_STANDING_LABEL3_FEMALE	1.60.1.69913	1.60.1.70245
FACTION_STANDING_LABEL4	1.60.1.69913	1.60.1.70245
FACTION_STANDING_LABEL4_FEMALE	1.60.1.69913	1.60.1.70245
FACTION_STANDING_LABEL5	1.60.1.69913	1.60.1.70245
FACTION_STANDING_LABEL5_FEMALE	1.60.1.69913	1.60.1.70245
FACTION_STANDING_LABEL6	1.60.1.69913	1.60.1.70245
FACTION_STANDING_LABEL6_FEMALE	1.60.1.69913	1.60.1.70245
FACTION_STANDING_LABEL7	1.60.1.69913	1.60.1.70245
FACTION_STANDING_LABEL7_FEMALE	1.60.1.69913	1.60.1.70245
FACTION_STANDING_LABEL8	1.60.1.69913	1.60.1.70245
FACTION_STANDING_LABEL8_FEMALE	1.60.1.69913	1.60.1.70245
FAILED	1.60.1.69913	1.60.1.70245
FAILURES	1.60.1.69913	1.60.1.70245
FARCLIP	1.60.1.69913	1.60.1.70245
FAST	1.60.1.69913	1.60.1.70245
FEATURE_BECOMES_AVAILABLE_AT_LEVEL	1.60.1.69913	1.60.1.70245
FEATURE_NOT_YET_AVAILABLE	1.60.1.69913	1.60.1.70245
FEATURE_UNAVAILBLE_PLAYER_IS_NEUTRAL	1.60.1.69913	1.60.1.70245
FEAT_OF_STRENGTH_DESCRIPTION	1.60.1.69913	1.60.1.70245
FEETSLOT	1.60.1.69913	1.60.1.70245
FILTER	1.60.1.69913	1.60.1.70245
FILTERS	1.60.1.69913	1.60.1.70245
FILTER_BY_ENEMIES_COMBATLOG_TOOLTIP	1.60.1.69913	1.60.1.70245
FILTER_BY_FRIENDS_COMBATLOG_TOOLTIP	1.60.1.69913	1.60.1.70245
FILTER_BY_HOSTILE_PLAYERS_COMBATLOG_TOOLTIP	1.60.1.69913	1.60.1.70245
FILTER_BY_ME_COMBATLOG_TOOLTIP	1.60.1.69913	1.60.1.70245
FILTER_BY_NEUTRAL_COMBATLOG_TOOLTIP	1.60.1.69913	1.60.1.70245
FILTER_BY_PET_COMBATLOG_TOOLTIP	1.60.1.69913	1.60.1.70245
FILTER_BY_UNKNOWN_COMBATLOG_TOOLTIP	1.60.1.69913	1.60.1.70245
FILTER_NAME	1.60.1.69913	1.60.1.70245
FILTER_TO_FRIENDS_COMBATLOG_TOOLTIP	1.60.1.69913	1.60.1.70245
FILTER_TO_HOSTILE_COMBATLOG_TOOLTIP	1.60.1.69913	1.60.1.70245
FILTER_TO_HOSTILE_PLAYERS_COMBATLOG_TOOLTIP	1.60.1.69913	1.60.1.70245
FILTER_TO_ME_COMBATLOG_TOOLTIP	1.60.1.69913	1.60.1.70245
FILTER_TO_NEUTRAL_COMBATLOG_TOOLTIP	1.60.1.69913	1.60.1.70245
FILTER_TO_PET_COMBATLOG_TOOLTIP	1.60.1.69913	1.60.1.70245
FILTER_TO_UNKNOWN_COMBATLOG_TOOLTIP	1.60.1.69913	1.60.1.70245
FINGER0SLOT	1.60.1.69913	1.60.1.70245
FINGER1SLOT	1.60.1.69913	1.60.1.70245
FINISH	1.60.1.70170	1.60.1.70245
FLASH_LOW_HEALTH_WARNING	1.60.1.69913	1.60.1.70245
FLEX_RAID	1.60.1.70170	1.60.1.70245
FLIGHT_MAP	1.60.1.69913	1.60.1.70245
FLIGHT_MAP_CLICK_TO_ZOOM_HINT	1.60.1.69913	1.60.1.70245
FLIGHT_MAP_CLICK_TO_ZOOM_IN	1.60.1.69913	1.60.1.70245
FLIGHT_MAP_CLICK_TO_ZOOM_OUT_HINT	1.60.1.69913	1.60.1.70245
FLIGHT_MAP_WORLD_QUESTS	1.60.1.69913	1.60.1.70245
FOCUS	1.60.1.69913	1.60.1.70245
FOCUS_CAST_KEY_TEXT	1.60.1.69913	1.60.1.70245
FOCUS_COST	1.60.1.69913	1.60.1.70245
FOCUS_COST_PER_TIME	1.60.1.69913	1.60.1.70245
FOCUS_COST_PER_TIME_NO_BASE	1.60.1.69913	1.60.1.70245
FOCUS_GLOW_COLOR	1.60.1.69913	1.60.1.70245
FOCUS_MODIFICATIONS_HEADER	1.60.1.69913	1.60.1.70245
FOCUS_OPACITY	1.60.1.69913	1.60.1.70245
FOLLOW	1.60.1.69913	1.60.1.70245
FOLLOW_TERRAIN	1.60.1.69913	1.60.1.70245
FONT_SIZE	1.60.1.69913	1.60.1.70245
FONT_SIZE_TEMPLATE	1.60.1.69913	1.60.1.70245
FORMATTING	1.60.1.69913	1.60.1.70245
FPS_COUNTER_CPU_BOUND	1.60.1.69913	1.60.1.70245
FPS_COUNTER_GPU_BOUND	1.60.1.69913	1.60.1.70245
FRAMERATE_LABEL	1.60.1.70170	1.60.1.70245
FRAME_ACTION_ACCEPT	1.60.1.70009	1.60.1.70245
FRAME_ACTION_AMOUNT	1.60.1.70009	1.60.1.70245
FRAME_ACTION_BACK	1.60.1.70009	1.60.1.70245
FRAME_ACTION_CANCEL	1.60.1.69913	1.60.1.70245
FRAME_ACTION_CHANGE_MAP	1.60.1.70009	1.60.1.70245
FRAME_ACTION_CLOSE	1.60.1.70009	1.60.1.70245
FRAME_ACTION_COMPLETE	1.60.1.70009	1.60.1.70245
FRAME_ACTION_CONFIRM	1.60.1.70009	1.60.1.70245
FRAME_ACTION_CONTINUE	1.60.1.70009	1.60.1.70245
FRAME_ACTION_EDIT_ACTION_BAR	1.60.1.70009	1.60.1.70245
FRAME_ACTION_EXIT	1.60.1.70009	1.60.1.70245
FRAME_ACTION_HOLD_TO_UNLEARN	1.60.1.70009	1.60.1.70245
FRAME_ACTION_LOOT	1.60.1.70009	1.60.1.70245
FRAME_ACTION_LOOT_ALL	1.60.1.70009	1.60.1.70245
FRAME_ACTION_MAP_MARKER	1.60.1.70009	1.60.1.70245
FRAME_ACTION_NAVIGATE	1.60.1.70009	1.60.1.70245
FRAME_ACTION_OPEN_FULLMAP	1.60.1.70009	1.60.1.70245
FRAME_ACTION_OPEN_MAP	1.60.1.70009	1.60.1.70245
FRAME_ACTION_PAN	1.60.1.70009	1.60.1.70245
FRAME_ACTION_TOGGLE_ITEM_COMPARE	1.60.1.70009	1.60.1.70245
FRAME_ACTION_ZOOM	1.60.1.70009	1.60.1.70245
FRAME_LABEL_MAIN_MENU	1.60.1.70009	1.60.1.70245
FREE_FOR_ALL_TERRITORY	1.60.1.69913	1.60.1.70245
FRIEND	1.60.1.70170	1.60.1.70245
FRIENDS	1.60.1.69913	1.60.1.70245
FRIENDS_FRIENDS_CHOICE_EVERYONE	1.60.1.69913	1.60.1.70245
FRIENDS_FRIENDS_CHOICE_MUTUAL	1.60.1.69913	1.60.1.70245
FRIENDS_FRIENDS_CHOICE_POTENTIAL	1.60.1.69913	1.60.1.70245
FRIENDS_FRIENDS_HEADER	1.60.1.70170	1.60.1.70245
FRIENDS_FRIENDS_MUTUAL_TEXT	1.60.1.70170	1.60.1.70245
FRIENDS_FRIENDS_REQUESTED_TEXT	1.60.1.70170	1.60.1.70245
FRIENDS_FRIENDS_WAITING	1.60.1.70170	1.60.1.70245
FRIENDS_LEVEL_TEMPLATE	1.60.1.69913	1.60.1.70245
FRIENDS_LIST	1.60.1.69913	1.60.1.70245
FRIENDS_LIST_AVAILABLE	1.60.1.69913	1.60.1.70245
FRIENDS_LIST_AWAY	1.60.1.69913	1.60.1.70245
FRIENDS_LIST_BUSY	1.60.1.69913	1.60.1.70245
FRIENDS_LIST_ENTER_TEXT	1.60.1.69913	1.60.1.70245
FRIENDS_LIST_OFFLINE	1.60.1.69913	1.60.1.70245
FRIENDS_LIST_PLAYING	1.60.1.69913	1.60.1.70245
FRIENDS_LIST_STATUS_TOOLTIP	1.60.1.69913	1.60.1.70245
FRIENDS_TOOLTIP_TOO_MANY_CHARACTERS	1.60.1.69913	1.60.1.70245
FRIEND_REQUESTS	1.60.1.69913	1.60.1.70245
FROM	1.60.1.69913	1.60.1.70245
FULLDATE	1.60.1.69913	1.60.1.70245
FULLDATE_MONTH_APRIL	1.60.1.70170	1.60.1.70245
FULLDATE_MONTH_AUGUST	1.60.1.70170	1.60.1.70245
FULLDATE_MONTH_DECEMBER	1.60.1.70170	1.60.1.70245
FULLDATE_MONTH_FEBRUARY	1.60.1.70170	1.60.1.70245
FULLDATE_MONTH_JANUARY	1.60.1.70170	1.60.1.70245
FULLDATE_MONTH_JULY	1.60.1.70170	1.60.1.70245
FULLDATE_MONTH_JUNE	1.60.1.70170	1.60.1.70245
FULLDATE_MONTH_MARCH	1.60.1.70170	1.60.1.70245
FULLDATE_MONTH_MAY	1.60.1.70170	1.60.1.70245
FULLDATE_MONTH_NOVEMBER	1.60.1.70170	1.60.1.70245
FULLDATE_MONTH_OCTOBER	1.60.1.70170	1.60.1.70245
FULLDATE_MONTH_SEPTEMBER	1.60.1.70170	1.60.1.70245
FULLDATE_NO_YEAR	1.60.1.70170	1.60.1.70245
FULL_TEXT_COMBATLOG_TOOLTIP	1.60.1.69913	1.60.1.70245
FXAA_CMAA_LABEL	1.60.1.69913	1.60.1.70245
FX_VOLUME	1.60.1.69913	1.60.1.70245
FactionDescription:21	1.60.1.70009	1.60.1.70245
FactionDescription:2586	1.60.1.70009	1.60.1.70245
FactionDescription:2587	1.60.1.70009	1.60.1.70245
FactionDescription:2634	1.60.1.70009	1.60.1.70245
FactionDescription:2641	1.60.1.70009	1.60.1.70245
FactionDescription:2679	1.60.1.70009	1.60.1.70245
FactionDescription:270	1.60.1.70009	1.60.1.70245
FactionDescription:2719	1.60.1.70009	1.60.1.70245
FactionDescription:2740	1.60.1.70009	1.60.1.70245
FactionDescription:2747	1.60.1.70009	1.60.1.70245
FactionDescription:2758	1.60.1.70009	1.60.1.70245
FactionDescription:2765	1.60.1.70009	1.60.1.70245
FactionDescription:2778	1.60.1.70009	1.60.1.70245
FactionDescription:2779	1.60.1.70009	1.60.1.70245
FactionDescription:2782	1.60.1.70009	1.60.1.70245
FactionDescription:2787	1.60.1.70009	1.60.1.70245
FactionDescription:2797	1.60.1.70009	1.60.1.70245
FactionDescription:2798	1.60.1.70009	1.60.1.70245
FactionDescription:2799	1.60.1.70009	1.60.1.70245
FactionDescription:2819	1.60.1.70009	1.60.1.70245
FactionDescription:2826	1.60.1.70009	1.60.1.70245
FactionDescription:2827	1.60.1.70009	1.60.1.70245
FactionDescription:349	1.60.1.70009	1.60.1.70245
FactionDescription:369	1.60.1.70009	1.60.1.70245
FactionDescription:47	1.60.1.70009	1.60.1.70245
FactionDescription:470	1.60.1.70009	1.60.1.70245
FactionDescription:471	1.60.1.70009	1.60.1.70245
FactionDescription:509	1.60.1.70009	1.60.1.70245
FactionDescription:510	1.60.1.70009	1.60.1.70245
FactionDescription:529	1.60.1.70009	1.60.1.70245
FactionDescription:530	1.60.1.70009	1.60.1.70245
FactionDescription:54	1.60.1.70009	1.60.1.70245
FactionDescription:576	1.60.1.70009	1.60.1.70245
FactionDescription:577	1.60.1.70009	1.60.1.70245
FactionDescription:589	1.60.1.70009	1.60.1.70245
FactionDescription:59	1.60.1.70009	1.60.1.70245
FactionDescription:609	1.60.1.70009	1.60.1.70245
FactionDescription:630	1.60.1.70009	1.60.1.70245
FactionDescription:68	1.60.1.70009	1.60.1.70245
FactionDescription:69	1.60.1.70009	1.60.1.70245
FactionDescription:70	1.60.1.70009	1.60.1.70245
FactionDescription:72	1.60.1.70009	1.60.1.70245
FactionDescription:729	1.60.1.70009	1.60.1.70245
FactionDescription:730	1.60.1.70009	1.60.1.70245
FactionDescription:749	1.60.1.70009	1.60.1.70245
FactionDescription:76	1.60.1.70009	1.60.1.70245
FactionDescription:809	1.60.1.70009	1.60.1.70245
FactionDescription:81	1.60.1.70009	1.60.1.70245
FactionDescription:87	1.60.1.70009	1.60.1.70245
FactionDescription:889	1.60.1.70009	1.60.1.70245
FactionDescription:890	1.60.1.70009	1.60.1.70245
FactionDescription:909	1.60.1.70009	1.60.1.70245
FactionDescription:910	1.60.1.70009	1.60.1.70245
FactionDescription:92	1.60.1.70009	1.60.1.70245
FactionDescription:93	1.60.1.70009	1.60.1.70245
FlyoutDescription:248	1.60.1.70170	1.60.1.70245
FlyoutDescription:249	1.60.1.70170	1.60.1.70245
FlyoutDescription:250	1.60.1.70170	1.60.1.70245
FlyoutDescription:251	1.60.1.70170	1.60.1.70245
FlyoutDescription:252	1.60.1.70170	1.60.1.70245
FlyoutDescription:253	1.60.1.70170	1.60.1.70245
FlyoutDescription:257	1.60.1.70170	1.60.1.70245
FlyoutDescription:259	1.60.1.70170	1.60.1.70245
FlyoutDescription:261	1.60.1.70170	1.60.1.70245
FlyoutDescription:262	1.60.1.70170	1.60.1.70245
FlyoutDescription:263	1.60.1.70170	1.60.1.70245
FlyoutDescription:264	1.60.1.70170	1.60.1.70245
FlyoutDescription:265	1.60.1.70170	1.60.1.70245
FlyoutDescription:267	1.60.1.70170	1.60.1.70245
FlyoutDescription:268	1.60.1.70170	1.60.1.70245
FlyoutDescription:269	1.60.1.70170	1.60.1.70245
FlyoutDescription:270	1.60.1.70170	1.60.1.70245
FlyoutDescription:272	1.60.1.70170	1.60.1.70245
FlyoutDescription:273	1.60.1.70170	1.60.1.70245
FlyoutName:248	1.60.1.70170	1.60.1.70245
FlyoutName:249	1.60.1.70170	1.60.1.70245
FlyoutName:250	1.60.1.70170	1.60.1.70245
FlyoutName:251	1.60.1.70170	1.60.1.70245
FlyoutName:252	1.60.1.70170	1.60.1.70245
FlyoutName:253	1.60.1.70170	1.60.1.70245
FlyoutName:257	1.60.1.70170	1.60.1.70245
FlyoutName:259	1.60.1.70170	1.60.1.70245
FlyoutName:261	1.60.1.70170	1.60.1.70245
FlyoutName:262	1.60.1.70170	1.60.1.70245
FlyoutName:263	1.60.1.70170	1.60.1.70245
FlyoutName:264	1.60.1.70170	1.60.1.70245
FlyoutName:265	1.60.1.70170	1.60.1.70245
FlyoutName:267	1.60.1.70170	1.60.1.70245
FlyoutName:268	1.60.1.70170	1.60.1.70245
FlyoutName:269	1.60.1.70170	1.60.1.70245
FlyoutName:270	1.60.1.70170	1.60.1.70245
FlyoutName:272	1.60.1.70170	1.60.1.70245
FlyoutName:273	1.60.1.70170	1.60.1.70245
FriendshipGain:513	1.60.1.70170	1.60.1.70245
GAINING_LOYALTY	1.60.1.69913	1.60.1.70245
GAMEFIELD_DESELECT_TEXT	1.60.1.69913	1.60.1.70245
GAMEMENU_EXTERNALEVENT	1.60.1.69913	1.60.1.70245
GAMEMENU_NEW_BUTTON	1.60.1.69913	1.60.1.70245
GAMEMENU_OPTIONS	1.60.1.69913	1.60.1.70245
GAMEMENU_SUPPORT	1.60.1.69913	1.60.1.70245
GAMEPAD_ACTION_BAR_HIGHLIGHT_TOGGLE	1.60.1.69913	1.60.1.70245
GAMEPAD_ACTION_BAR_INPUT_PROMPT_TOGGLE	1.60.1.69913	1.60.1.70245
GAMEPAD_ACTION_BAR_SCALING_TOGGLE	1.60.1.69913	1.60.1.70245
GAMEPAD_BACK_PEDAL_THRESHOLD	1.60.1.69913	1.60.1.70245
GAMEPAD_BAR_PAGE1_BOTTOM	1.60.1.69913	1.60.1.70245
GAMEPAD_BAR_PAGE1_LEFT	1.60.1.69913	1.60.1.70245
GAMEPAD_BAR_PAGE1_RIGHT	1.60.1.69913	1.60.1.70245
GAMEPAD_BAR_PAGE2_BOTTOM	1.60.1.69913	1.60.1.70245
GAMEPAD_BAR_PAGE2_LEFT	1.60.1.69913	1.60.1.70245
GAMEPAD_BAR_PAGE2_RIGHT	1.60.1.69913	1.60.1.70245
GAMEPAD_BAR_PAGE2_TOP	1.60.1.69913	1.60.1.70245
GAMEPAD_BAR_PAGE3_BOTTOM	1.60.1.69913	1.60.1.70245
GAMEPAD_BAR_PAGE3_LEFT	1.60.1.69913	1.60.1.70245
GAMEPAD_BAR_PAGE3_RIGHT	1.60.1.69913	1.60.1.70245
GAMEPAD_BAR_PAGE3_TOP	1.60.1.69913	1.60.1.70245
GAMEPAD_BIND_FAILURE_FAILED_REBIND_OLD_ACTION	1.60.1.69913	1.60.1.70245
GAMEPAD_BIND_FAILURE_GENERIC_FAIL	1.60.1.69913	1.60.1.70245
GAMEPAD_BIND_FAILURE_INVALID_POSSESS_SLOT	1.60.1.69913	1.60.1.70245
GAMEPAD_BIND_FAILURE_INVALID_STANDARD_SLOT	1.60.1.69913	1.60.1.70245
GAMEPAD_BIND_FAILURE_NON_PET_ACTION	1.60.1.69913	1.60.1.70245
GAMEPAD_BIND_FAILURE_NO_ACTION_ON_CURSOR	1.60.1.69913	1.60.1.70245
GAMEPAD_BIND_FAILURE_NO_ACTIVE_PET	1.60.1.69913	1.60.1.70245
GAMEPAD_EDIT_FRAME_ABORT_BIND_PET_NOT_ACTIVE	1.60.1.69913	1.60.1.70245
GAMEPAD_EDIT_FRAME_ABORT_MOVE_PET_NOT_ACTIVE	1.60.1.69913	1.60.1.70245
GAMEPAD_EDIT_FRAME_ATTEMPTED_MOVE_EMPTY_SLOT	1.60.1.69913	1.60.1.70245
GAMEPAD_EDIT_FRAME_BIND_INFO_FRAME_BIND_INSTRUCTION	1.60.1.69913	1.60.1.70245
GAMEPAD_EDIT_FRAME_BIND_INFO_FRAME_TITLE	1.60.1.69913	1.60.1.70245
GAMEPAD_EDIT_FRAME_EDIT_ACTION_BARS_INFO_FRAME_PICKUP_INSTRUCTION	1.60.1.69913	1.60.1.70245
GAMEPAD_EDIT_FRAME_EDIT_ACTION_BARS_INFO_FRAME_TITLE	1.60.1.69913	1.60.1.70245
GAMEPAD_FACE_MOVEMENT_GLIDING	1.60.1.69913	1.60.1.70245
GAMEPAD_FACE_MOVEMENT_MOUNTED	1.60.1.69913	1.60.1.70245
GAMEPAD_FACE_MOVEMENT_SWIMMING	1.60.1.69913	1.60.1.70245
GAMEPAD_FOLLOW_CAMERA	1.60.1.69913	1.60.1.70245
GAMEPAD_FOLLOW_CAMERA_PITCH_OFFSET	1.60.1.69913	1.60.1.70245
GAMEPAD_LABEL	1.60.1.69913	1.60.1.70245
GAMEPAD_MODIFIER_LABEL	1.60.1.69913	1.60.1.70245
GAMEPAD_MODIFIER_TOGGLE	1.60.1.69913	1.60.1.70245
GAMEPAD_MOVEMENT_FACE_ANGLE	1.60.1.69913	1.60.1.70245
GAMEPAD_MOVEMENT_FACE_ANGLE_COMBAT	1.60.1.69913	1.60.1.70245
GAMEPAD_MOVE_ACTION_FAILURE_NO_PICK_UP	1.60.1.69913	1.60.1.70245
GAMEPAD_MOVE_ACTION_FAILURE_PLACEMENT_NO_LONGER_AVAILABLE	1.60.1.69913	1.60.1.70245
GAMEPAD_MOVE_ACTION_FAILURE_UNKNOWN_PET_ACTION	1.60.1.69913	1.60.1.70245
GAMEPAD_PARTY_TARGETING_TOGGLE	1.60.1.70009	1.60.1.70245
GAMEPAD_PARTY_TARGETING_TOGGLE_TOOLTIP	1.60.1.70009	1.60.1.70245
GAMEPAD_PITCH_SPEED	1.60.1.69913	1.60.1.70245
GAMEPAD_PITCH_SPEED_TOOLTIP	1.60.1.69913	1.60.1.70245
GAMEPAD_POSSESS_BAR_MODIFICATION_NOT_POSSIBLE	1.60.1.69913	1.60.1.70245
GAMEPAD_POSSESS_BAR_OVERRIDE	1.60.1.69913	1.60.1.70245
GAMEPAD_POSSESS_BAR_SPECIAL_PAGE	1.60.1.69913	1.60.1.70245
GAMEPAD_RUN_THRESHOLD	1.60.1.69913	1.60.1.70245
GAMEPAD_SHOW_EMPTY_ACTIONBARS	1.60.1.69913	1.60.1.70245
GAMEPAD_SHOW_LEGEND	1.60.1.69913	1.60.1.70245
GAMEPAD_STANCE_BAR_NONE	1.60.1.69913	1.60.1.70245
GAMEPAD_STANCE_BAR_OVERRIDE	1.60.1.69913	1.60.1.70245
GAMEPAD_SWAP_FRIENDLY_TARGET_ACTIONS	1.60.1.70009	1.60.1.70245
GAMEPAD_SWAP_FRIENDLY_TARGET_ACTIONS_TOOLTIP	1.60.1.70009	1.60.1.70245
GAMEPAD_SWAP_HOSTILE_TARGET_ACTIONS	1.60.1.70009	1.60.1.70245
GAMEPAD_SWAP_HOSTILE_TARGET_ACTIONS_TOOLTIP	1.60.1.70009	1.60.1.70245
GAMEPAD_SWAP_TARGET_MODIFIERS	1.60.1.70009	1.60.1.70245
GAMEPAD_SWAP_TARGET_MODIFIERS_TOOLTIP	1.60.1.70009	1.60.1.70245
GAMEPAD_TALENT_ADD_POINT	1.60.1.70009	1.60.1.70245
GAMEPAD_TALENT_APPLY	1.60.1.70009	1.60.1.70245
GAMEPAD_TALENT_REMOVE_POINT	1.60.1.70009	1.60.1.70245
GAMEPAD_TOGGLE_COMPACT_ACTION_BAR	1.60.1.70009	1.60.1.70245
GAMEPAD_TOGGLE_COMPACT_ACTION_BAR_TOOLTIP	1.60.1.70009	1.60.1.70245
GAMEPAD_TURN_WITH_CAMERA	1.60.1.69913	1.60.1.70245
GAMEPAD_TURN_WITH_CAMERA_OPTION_ALWAYS	1.60.1.69913	1.60.1.70245
GAMEPAD_TURN_WITH_CAMERA_OPTION_MOVING	1.60.1.69913	1.60.1.70245
GAMEPAD_TURN_WITH_CAMERA_OPTION_MOVING_COMBAT	1.60.1.69913	1.60.1.70245
GAMEPAD_TURN_WITH_CAMERA_OPTION_MOVING_COMBAT_CASTING	1.60.1.69913	1.60.1.70245
GAMEPAD_YAW_SPEED	1.60.1.69913	1.60.1.70245
GAMEPAD_YAW_SPEED_TOOLTIP	1.60.1.69913	1.60.1.70245
GAMEPLAY_SFX_VOLUME	1.60.1.69913	1.60.1.70245
GAMETIME_TOOLTIP_CALENDAR_INVITES	1.60.1.69913	1.60.1.70245
GAMETIME_TOOLTIP_TOGGLE_CALENDAR	1.60.1.69913	1.60.1.70245
GAMETIME_TOOLTIP_TOGGLE_CLOCK	1.60.1.69913	1.60.1.70245
GAME_MENU_SHOW_REWARDS	1.60.1.69913	1.60.1.70245
GAMMA	1.60.1.69913	1.60.1.70245
GARRISON_BOOT_TIMER	1.60.1.69913	1.60.1.70245
GARRISON_FOLLOWER_ADDED_TOAST	1.60.1.69913	1.60.1.70245
GARRISON_MISSION_COMPLETE	1.60.1.69913	1.60.1.70245
GARRISON_MISSION_RARE	1.60.1.69913	1.60.1.70245
GARRISON_SHIPYARD_FOLLOWER_ADDED_TOAST	1.60.1.69913	1.60.1.70245
GARRISON_SHIPYARD_FOLLOWER_ADDED_UPGRADED_TOAST	1.60.1.69913	1.60.1.70245
GARRISON_TALENT_ORDER_ADVANCEMENT	1.60.1.69913	1.60.1.70245
GARRISON_UPDATE	1.60.1.69913	1.60.1.70245
GEARSETS_POPUP_TEXT	1.60.1.69913	1.60.1.70245
GENERAL_MACROS	1.60.1.69913	1.60.1.70245
GENERIC_ITEM_CONVERSION_SLOT_TOOLTIP	1.60.1.69913	1.60.1.70245
GENERIC_MONEY_GAINED_RECEIPT	1.60.1.69913	1.60.1.70245
GENERIC_TRAIT_FRAME_CONFIRM_PURCHASE	1.60.1.70170	1.60.1.70245
GENERIC_TRAIT_FRAME_CONFIRM_PURCHASE_FORMAT	1.60.1.70170	1.60.1.70245
GENERIC_TRAIT_FRAME_EDGE_REQUIREMENTS_BUTTON_TOOLTIP	1.60.1.69913	1.60.1.70245
GENERIC_TRAIT_FRAME_INTERNAL_ERROR	1.60.1.69913	1.60.1.70245
GLOBAL_CHANNELS	1.60.1.69913	1.60.1.70245
GM_CHAT	1.60.1.69913	1.60.1.70245
GM_CHAT_LAST_SESSION	1.60.1.70170	1.60.1.70245
GM_CHAT_STATUS_READY	1.60.1.69913	1.60.1.70245
GM_CHAT_STATUS_READY_DESCRIPTION	1.60.1.69913	1.60.1.70245
GM_RESPONSE_ALERT	1.60.1.69913	1.60.1.70245
GM_TICKET_HIGH_VOLUME	1.60.1.69913	1.60.1.70245
GM_TICKET_UNAVAILABLE	1.60.1.69913	1.60.1.70245
GM_TICKET_WAIT_TIME	1.60.1.69913	1.60.1.70245
GOLD_PER_DAY	1.60.1.69913	1.60.1.70245
GOODBYE	1.60.1.69913	1.60.1.70245
GOSSIP_OPTION_PREPEND	1.60.1.69913	1.60.1.70245
GRAPHICS_CARD	1.60.1.69913	1.60.1.70245
GRAPHICS_LABEL	1.60.1.69913	1.60.1.70245
GRAPHICS_QUALITY	1.60.1.69913	1.60.1.70245
GRAVEYARD_ELIGIBLE	1.60.1.69913	1.60.1.70245
GRAVEYARD_ELIGIBLE_TOOLTIP	1.60.1.69913	1.60.1.70245
GRAVEYARD_SELECTED	1.60.1.69913	1.60.1.70245
GRAVEYARD_SELECTED_TOOLTIP	1.60.1.69913	1.60.1.70245
GREED	1.60.1.69913	1.60.1.70245
GROUND_CLUTTER	1.60.1.69913	1.60.1.70245
GROUP	1.60.1.69913	1.60.1.70245
GROUPMANAGER_GROUND_MARKER	1.60.1.69913	1.60.1.70245
GROUPMANAGER_UNIT_MARKER	1.60.1.69913	1.60.1.70245
GROUP_BUFF_FILTER_MOVE_TO_HIDDEN	1.60.1.69913	1.60.1.70245
GROUP_BUFF_FILTER_MOVE_TO_SHOWN	1.60.1.69913	1.60.1.70245
GROUP_BUFF_FILTER_NEW_VISUAL_ALERT	1.60.1.69913	1.60.1.70245
GROUP_BUFF_FILTER_SECTION_HIDDEN	1.60.1.69913	1.60.1.70245
GROUP_BUFF_FILTER_SECTION_SHOWN	1.60.1.69913	1.60.1.70245
GROUP_BUFF_FILTER_VISUAL_ALERT_DIALOG_LABEL_VISUAL_TYPE	1.60.1.69913	1.60.1.70245
GROUP_FINDER_AUTHENTICATOR_POPUP_DESC	1.60.1.69913	1.60.1.70245
GROUP_FINDER_DELIST_WARNING_SUBTEXT	1.60.1.69913	1.60.1.70245
GROUP_FINDER_DELIST_WARNING_TITLE	1.60.1.69913	1.60.1.70245
GROUP_FINDER_DESLIST_WARNING_EDIT_LISTING	1.60.1.69913	1.60.1.70245
GROUP_FINDER_GENERAL_PLAYSTYLE1	1.60.1.70170	1.60.1.70245
GROUP_FINDER_GENERAL_PLAYSTYLE2	1.60.1.70170	1.60.1.70245
GROUP_FINDER_GENERAL_PLAYSTYLE3	1.60.1.70170	1.60.1.70245
GROUP_FINDER_GENERAL_PLAYSTYLE4	1.60.1.70170	1.60.1.70245
GROUP_FINDER_PLAYSTYLE_REQUIRED	1.60.1.70170	1.60.1.70245
GROUP_INVITE	1.60.1.69913	1.60.1.70245
GROUP_NUMBER	1.60.1.69913	1.60.1.70245
GROUP_TARGETING_CLOSE	1.60.1.70009	1.60.1.70245
GUILD	1.60.1.69913	1.60.1.70245
GUILDADDRANK_BUTTON_TOOLTIP	1.60.1.69913	1.60.1.69913
GUILDBANK_AVAILABLE_MONEY	1.60.1.69913	1.60.1.70245
GUILDBANK_AWARD_MONEY_SUMMARY_FORMAT	1.60.1.69913	1.60.1.70245
GUILDBANK_BUYTAB_MONEY_FORMAT	1.60.1.69913	1.60.1.70245
GUILDBANK_DEPOSIT	1.60.1.69913	1.60.1.70245
GUILDBANK_DEPOSIT_FORMAT	1.60.1.69913	1.60.1.70245
GUILDBANK_DEPOSIT_MONEY_FORMAT	1.60.1.69913	1.60.1.70245
GUILDBANK_GUILD_RENAME_PURCHASE	1.60.1.69913	1.60.1.70245
GUILDBANK_GUILD_RENAME_REFUND	1.60.1.69913	1.60.1.70245
GUILDBANK_INFO_TITLE_FORMAT	1.60.1.69913	1.60.1.70245
GUILDBANK_LOG_TITLE_FORMAT	1.60.1.69913	1.60.1.70245
GUILDBANK_MOVE_FORMAT	1.60.1.69913	1.60.1.70245
GUILDBANK_POPUP_TEXT	1.60.1.69913	1.60.1.70245
GUILDBANK_REMAINING_MONEY	1.60.1.69913	1.60.1.70245
GUILDBANK_REPAIR	1.60.1.69913	1.60.1.70245
GUILDBANK_REPAIR_INSUFFICIENT_FUNDS	1.60.1.69913	1.60.1.70245
GUILDBANK_REPAIR_MONEY_FORMAT	1.60.1.69913	1.60.1.70245
GUILDBANK_REPAIR_PERSONAL	1.60.1.69913	1.60.1.70245
GUILDBANK_TAB_COLON	1.60.1.69913	1.60.1.69913
GUILDBANK_TAB_DEPOSIT_ONLY	1.60.1.69913	1.60.1.70245
GUILDBANK_TAB_FULL_ACCESS	1.60.1.69913	1.60.1.70245
GUILDBANK_TAB_LOCKED	1.60.1.69913	1.60.1.70245
GUILDBANK_TAB_WITHDRAW_ONLY	1.60.1.69913	1.60.1.70245
GUILDBANK_UNLOCKTAB_FORMAT	1.60.1.69913	1.60.1.70245
GUILDBANK_WITHDRAW	1.60.1.69913	1.60.1.70245
GUILDBANK_WITHDRAWFORTAB_MONEY_FORMAT	1.60.1.69913	1.60.1.70245
GUILDBANK_WITHDRAW_FORMAT	1.60.1.69913	1.60.1.70245
GUILDBANK_WITHDRAW_MONEY_FORMAT	1.60.1.69913	1.60.1.70245
GUILDCONTROL	1.60.1.69913	1.60.1.70245
GUILDCONTROL_ALLOWRANK	1.60.1.69913	1.60.1.69913
GUILDCONTROL_BANK_PERMISSIONS	1.60.1.69913	1.60.1.70245
GUILDCONTROL_DEPOSIT_ITEMS	1.60.1.69913	1.60.1.70245
GUILDCONTROL_DISCORD_SETTINGS	1.60.1.69913	1.60.1.70245
GUILDCONTROL_GUILDRANKS	1.60.1.69913	1.60.1.70245
GUILDCONTROL_OPTION1	1.60.1.69913	1.60.1.70245
GUILDCONTROL_OPTION10	1.60.1.69913	1.60.1.70245
GUILDCONTROL_OPTION11	1.60.1.69913	1.60.1.70245
GUILDCONTROL_OPTION12	1.60.1.69913	1.60.1.70245
GUILDCONTROL_OPTION13	1.60.1.69913	1.60.1.70245
GUILDCONTROL_OPTION15	1.60.1.69913	1.60.1.70245
GUILDCONTROL_OPTION15_TOOLTIP	1.60.1.69913	1.60.1.69913
GUILDCONTROL_OPTION16	1.60.1.69913	1.60.1.70245
GUILDCONTROL_OPTION16_TOOLTIP	1.60.1.69913	1.60.1.69913
GUILDCONTROL_OPTION18	1.60.1.69913	1.60.1.70245
GUILDCONTROL_OPTION19	1.60.1.69913	1.60.1.70245
GUILDCONTROL_OPTION2	1.60.1.69913	1.60.1.70245
GUILDCONTROL_OPTION21	1.60.1.69913	1.60.1.70245
GUILDCONTROL_OPTION3	1.60.1.69913	1.60.1.70245
GUILDCONTROL_OPTION4	1.60.1.69913	1.60.1.70245
GUILDCONTROL_OPTION5	1.60.1.69913	1.60.1.70245
GUILDCONTROL_OPTION6	1.60.1.69913	1.60.1.70245
GUILDCONTROL_OPTION7	1.60.1.69913	1.60.1.70245
GUILDCONTROL_OPTION8	1.60.1.69913	1.60.1.70245
GUILDCONTROL_OPTION9	1.60.1.69913	1.60.1.70245
GUILDCONTROL_RANKLABEL	1.60.1.69913	1.60.1.69913
GUILDCONTROL_RANK_PERMISSIONS	1.60.1.69913	1.60.1.70245
GUILDCONTROL_SELECTRANK	1.60.1.69913	1.60.1.70245
GUILDCONTROL_VIEW_TAB	1.60.1.69913	1.60.1.70245
GUILDCONTROL_WITHDRAW_GOLD	1.60.1.69913	1.60.1.69913
GUILDCONTROL_WITHDRAW_ITEMS	1.60.1.69913	1.60.1.70245
GUILDEVENT_TYPE_DEMOTE	1.60.1.69913	1.60.1.70245
GUILDEVENT_TYPE_INVITE	1.60.1.69913	1.60.1.70245
GUILDEVENT_TYPE_JOIN	1.60.1.69913	1.60.1.70245
GUILDEVENT_TYPE_PROMOTE	1.60.1.69913	1.60.1.70245
GUILDEVENT_TYPE_QUIT	1.60.1.69913	1.60.1.70245
GUILDEVENT_TYPE_REMOVE	1.60.1.69913	1.60.1.70245
GUILDMEMBER_ALERT	1.60.1.69913	1.60.1.70245
GUILDREMOVERANK_BUTTON_TOOLTIP	1.60.1.69913	1.60.1.70245
GUILD_ACHIEVEMENT	1.60.1.69913	1.60.1.70245
GUILD_ACHIEVEMENTS_ELIGIBLE	1.60.1.69913	1.60.1.70245
GUILD_ACHIEVEMENTS_ELIGIBLE_MAXXP	1.60.1.69913	1.60.1.70245
GUILD_ACHIEVEMENTS_ELIGIBLE_MINXP	1.60.1.69913	1.60.1.70245
GUILD_ACHIEVEMENTS_TITLE	1.60.1.69913	1.60.1.70245
GUILD_ACHIEVEMENT_EARNED_BY	1.60.1.69913	1.60.1.70245
GUILD_ACHIEVEMENT_UNLOCKED	1.60.1.69913	1.60.1.70245
GUILD_AND_COMMUNITIES	1.60.1.69913	1.60.1.70245
GUILD_BANK	1.60.1.69913	1.60.1.70245
GUILD_BANK_LOG	1.60.1.69913	1.60.1.70245
GUILD_BANK_LOG_TIME	1.60.1.69913	1.60.1.70245
GUILD_BANK_MONEY_LOG	1.60.1.69913	1.60.1.70245
GUILD_BANK_TAB_INFO	1.60.1.69913	1.60.1.70245
GUILD_CHARTER_PURCHASE	1.60.1.69913	1.60.1.70245
GUILD_CHARTER_REGISTER	1.60.1.69913	1.60.1.70245
GUILD_CHARTER_TEMPLATE	1.60.1.69913	1.60.1.70245
GUILD_CHAT	1.60.1.69913	1.60.1.70245
GUILD_CONTROL_BUTTON_TEXT	1.60.1.69913	1.60.1.70245
GUILD_CONTROL_RANK_PERMISSION_HAS_OFFICER_PRIVLEGES	1.60.1.69913	1.60.1.70245
GUILD_CRAFTERS	1.60.1.69913	1.60.1.70245
GUILD_CREATION	1.60.1.69913	1.60.1.70245
GUILD_CREST_DESIGN	1.60.1.69913	1.60.1.70245
GUILD_DISCORD_CHAT	1.60.1.69913	1.60.1.70245
GUILD_DUP_RANK	1.60.1.69913	1.60.1.70245
GUILD_EDIT_TEXT_LINK	1.60.1.69913	1.60.1.70245
GUILD_EVENT_FORMAT	1.60.1.69913	1.60.1.70245
GUILD_EVENT_LOG	1.60.1.69913	1.60.1.70245
GUILD_EVENT_TODAY	1.60.1.69913	1.60.1.70245
GUILD_EXPERIENCE_CURRENT	1.60.1.69913	1.60.1.70245
GUILD_FEAT_OF_STRENGTH_DESCRIPTION	1.60.1.69913	1.60.1.70245
GUILD_FINDER_POSTING_EXPIRED	1.60.1.69913	1.60.1.70245
GUILD_FINDER_POSTING_GOING_TO_EXPIRE	1.60.1.69913	1.60.1.70245
GUILD_FRAME_CHALLENGES	1.60.1.69913	1.60.1.70245
GUILD_GROUP	1.60.1.69913	1.60.1.70245
GUILD_IMPEACH_BUTTON_TEXT	1.60.1.69913	1.60.1.70245
GUILD_IMPEACH_POPUP_CONFIRM	1.60.1.69913	1.60.1.70245
GUILD_IMPEACH_POPUP_TEXT	1.60.1.69913	1.60.1.70245
GUILD_INFORMATION	1.60.1.69913	1.60.1.70245
GUILD_INFO_EDITLABEL	1.60.1.69913	1.60.1.70245
GUILD_INFO_TITLE	1.60.1.69913	1.60.1.70245
GUILD_INTEREST_DUNGEON	1.60.1.69913	1.60.1.70245
GUILD_INTEREST_RAID	1.60.1.69913	1.60.1.70245
GUILD_INTEREST_RP	1.60.1.69913	1.60.1.70245
GUILD_INVITATION	1.60.1.69913	1.60.1.70245
GUILD_INVITE_DECLINE	1.60.1.69913	1.60.1.70245
GUILD_INVITE_JOIN	1.60.1.69913	1.60.1.70245
GUILD_LEAVE	1.60.1.69913	1.60.1.70245
GUILD_LOWERRANK_BUTTON_TOOLTIP	1.60.1.69913	1.60.1.70245
GUILD_MEMBER_OPTIONS	1.60.1.69913	1.60.1.69913
GUILD_MESSAGE	1.60.1.69913	1.60.1.70245
GUILD_MOTD_EDITLABEL	1.60.1.69913	1.60.1.70245
GUILD_MOTD_LABEL	1.60.1.69913	1.60.1.70245
GUILD_MOTD_TEMPLATE	1.60.1.69913	1.60.1.70245
GUILD_NAME	1.60.1.69913	1.60.1.70245
GUILD_NAME_ALERT	1.60.1.69913	1.60.1.70245
GUILD_NAME_ALERT_GM_HELP	1.60.1.69913	1.60.1.70245
GUILD_NAME_ALERT_MEMBER_HELP	1.60.1.69913	1.60.1.70245
GUILD_NAME_ALERT_WARNING	1.60.1.69913	1.60.1.70245
GUILD_NEWS	1.60.1.69913	1.60.1.70245
GUILD_NEWS_DUNGEON_ENCOUNTER_HEROIC	1.60.1.70170	1.60.1.70245
GUILD_NEWS_DUNGEON_ENCOUNTER_MYTHIC	1.60.1.70170	1.60.1.70245
GUILD_NEWS_FILTERS	1.60.1.69913	1.60.1.70245
GUILD_NEWS_LINK_ITEM	1.60.1.69913	1.60.1.70245
GUILD_NEWS_MAKE_STICKY	1.60.1.69913	1.60.1.70245
GUILD_NEWS_MOTD	1.60.1.70170	1.60.1.70245
GUILD_NEWS_REMOVE_STICKY	1.60.1.69913	1.60.1.70245
GUILD_NEWS_TITLE	1.60.1.69913	1.60.1.70245
GUILD_NEWS_VIEW_ACHIEVEMENT	1.60.1.69913	1.60.1.70245
GUILD_NEW_RANK	1.60.1.69913	1.60.1.70245
GUILD_NOTE_EDITLABEL	1.60.1.69913	1.60.1.70245
GUILD_NO_GUILD_NEWS	1.60.1.69913	1.60.1.70245
GUILD_OFFICERNOTE_EDITLABEL	1.60.1.69913	1.60.1.70245
GUILD_OFFICER_PERMISSION_ACCESS_CHANNELS	1.60.1.69913	1.60.1.70245
GUILD_OFFICER_PERMISSION_DELETE_EVENTS	1.60.1.69913	1.60.1.70245
GUILD_OFFICER_PERMISSION_DELETE_MESSAGES	1.60.1.69913	1.60.1.70245
GUILD_OFFICER_PERMISSION_FINDER_LIST	1.60.1.69913	1.60.1.70245
GUILD_OFFICER_PERMISSION_GUILD_INFO	1.60.1.69913	1.60.1.70245
GUILD_OFFICER_PERMISSION_INVITE_APPLICANTS	1.60.1.69913	1.60.1.70245
GUILD_OFFICER_PERMISSION_MOTD	1.60.1.69913	1.60.1.70245
GUILD_OFFICER_PERMISSION_OFFICER_NOTES	1.60.1.69913	1.60.1.70245
GUILD_OFFICER_PERMISSION_PUBLIC_NOTES	1.60.1.69913	1.60.1.70245
GUILD_OFFICER_PERMISSION_REMOVE_FROM_VOICE	1.60.1.69913	1.60.1.70245
GUILD_OFFICER_PERMISSION_SET_DISCORD	1.60.1.69913	1.60.1.70245
GUILD_ONLINE_LABEL	1.60.1.69913	1.60.1.70245
GUILD_PERKS_TITLE	1.60.1.69913	1.60.1.70245
GUILD_PETITION_LEADER_INSTRUCTIONS	1.60.1.69913	1.60.1.70245
GUILD_PETITION_MEMBER_INSTRUCTIONS	1.60.1.69913	1.60.1.70245
GUILD_POINTS_TT	1.60.1.69913	1.60.1.70245
GUILD_PREFERRED_PLAY_SETTINGS_NO_PERMISSION	1.60.1.69913	1.60.1.70245
GUILD_PROMOTE	1.60.1.69913	1.60.1.70245
GUILD_RAISERANK_BUTTON_TOOLTIP	1.60.1.69913	1.60.1.70245
GUILD_RANK_AUTHENTICATOR_TOOLTIP	1.60.1.69913	1.60.1.70245
GUILD_RANK_UNAVAILABLE	1.60.1.69913	1.60.1.70245
GUILD_RANK_UNAVAILABLE_AUTHENTICATOR	1.60.1.69913	1.60.1.70245
GUILD_RECRUITMENT	1.60.1.69913	1.60.1.70245
GUILD_REGISTRAR_PURCHASE_TEXT	1.60.1.69913	1.60.1.70245
GUILD_RENAME_COMMAND_DO_RENAME	1.60.1.69913	1.60.1.70245
GUILD_RENAME_COSTS_LABEL	1.60.1.69913	1.60.1.70245
GUILD_RENAME_COSTS_TOOLTIP	1.60.1.69913	1.60.1.70245
GUILD_RENAME_DESCRIPTION	1.60.1.69913	1.60.1.70245
GUILD_RENAME_DIALOG_CANCEL_BUTTON	1.60.1.69913	1.60.1.70245
GUILD_RENAME_DIALOG_CONFIRM_BUTTON	1.60.1.69913	1.60.1.70245
GUILD_RENAME_DIALOG_TEXT	1.60.1.69913	1.60.1.70245
GUILD_RENAME_EDITBOX_INSTRUCTIONS	1.60.1.69913	1.60.1.70245
GUILD_RENAME_ERROR_IN_COOLDOWN	1.60.1.69913	1.60.1.70245
GUILD_RENAME_ERROR_MUST_BE_IN_A_GUILD	1.60.1.69913	1.60.1.70245
GUILD_RENAME_ERROR_NAME_ALREADY_EXISTS	1.60.1.69913	1.60.1.70245
GUILD_RENAME_ERROR_NAME_INVALID	1.60.1.69913	1.60.1.70245
GUILD_RENAME_ERROR_NOT_ENOUGH_MONEY	1.60.1.69913	1.60.1.70245
GUILD_RENAME_ERROR_NO_PERMISSION	1.60.1.69913	1.60.1.70245
GUILD_RENAME_ERROR_RESERVATION_EXPIRED	1.60.1.69913	1.60.1.70245
GUILD_RENAME_ERROR_TOO_MUCH_MONEY	1.60.1.69913	1.60.1.70245
GUILD_RENAME_ERROR_UNKNOWN	1.60.1.69913	1.60.1.70245
GUILD_RENAME_GUILD_BANK_MONEY_TOOLTIP	1.60.1.69913	1.60.1.70245
GUILD_RENAME_OPTIONS_DESCRIPTION	1.60.1.69913	1.60.1.70245
GUILD_RENAME_OPTIONS_DESCRIPTION_DISABLED	1.60.1.69913	1.60.1.70245
GUILD_RENAME_OPTIONS_REFUND	1.60.1.69913	1.60.1.70245
GUILD_RENAME_OPTIONS_RENAME_AVAILABLE	1.60.1.69913	1.60.1.70245
GUILD_RENAME_OPTIONS_RENAME_COOLDOWN	1.60.1.69913	1.60.1.70245
GUILD_RENAME_REFUND_DIALOG_SUBTEXT	1.60.1.69913	1.60.1.70245
GUILD_RENAME_REFUND_DIALOG_TEXT	1.60.1.69913	1.60.1.70245
GUILD_RENAME_TOAST_LABEL	1.60.1.69913	1.60.1.70245
GUILD_REPUTATION	1.60.1.69913	1.60.1.70245
GUILD_REPUTATION_COLON	1.60.1.69913	1.60.1.70245
GUILD_REPUTATION_WARNING	1.60.1.69913	1.60.1.70245
GUILD_REPUTATION_WARNING_GENERIC	1.60.1.69913	1.60.1.70245
GUILD_REWARDS_TITLE	1.60.1.69913	1.60.1.70245
GUILD_REWARDS_VISIT_VENDOR	1.60.1.69913	1.60.1.70245
GUILD_ROSTER_DROPDOWN_ACHIEVEMENT_POINTS	1.60.1.69913	1.60.1.70245
GUILD_ROSTER_DROPDOWN_PROFESSION	1.60.1.69913	1.60.1.70245
GUILD_SET_FILTERS_LINK	1.60.1.69913	1.60.1.70245
GUILD_STATUS	1.60.1.69913	1.60.1.69913
GUILD_TOTAL	1.60.1.69913	1.60.1.70245
GUILD_TOTALONLINE	1.60.1.69913	1.60.1.69913
GUILD_TRADE_SKILL_TITLE	1.60.1.69913	1.60.1.70245
GUILD_TRADE_SKILL_VIEW_CRAFTERS	1.60.1.69913	1.60.1.70245
GUILD_VIEW_LOG	1.60.1.69913	1.60.1.70245
GXAPI	1.60.1.69913	1.60.1.70245
GXAPI_TOOLTIP_AUTO_SELECTED	1.60.1.69913	1.60.1.70245
GXAPI_TOOLTIP_CURRENT_API	1.60.1.69913	1.60.1.70245
GXAPI_TOOLTIP_FAILED_SELECTED	1.60.1.69913	1.60.1.70245
GX_ADAPTER_AUTO_DETECT	1.60.1.69913	1.60.1.70245
GX_ADAPTER_EXTERNAL	1.60.1.69913	1.60.1.70245
GX_ADAPTER_LOW_POWER	1.60.1.69913	1.60.1.70245
HANDSSLOT	1.60.1.69913	1.60.1.70245
HARDCORE_DEATH	1.60.1.69913	1.60.1.70245
HARDCORE_GO_AGAIN	1.60.1.69913	1.60.1.70245
HARDCORE_GUILDLEADER_DEATH	1.60.1.69913	1.60.1.70245
HARDCORE_RECOVER_CORPSE	1.60.1.69913	1.60.1.70245
HARMFUL_AURA_COMBATLOG_TOOLTIP	1.60.1.69913	1.60.1.70245
HARMFUL_TO_MINORS_DISABLED_TOOLTIP	1.60.1.69913	1.60.1.70245
HAVE_MAIL	1.60.1.69913	1.60.1.70245
HAVE_MAIL_FROM	1.60.1.69913	1.60.1.70245
HD_TEXTURES_BUTTON	1.60.1.69913	1.60.1.70245
HD_TEXTURES_DLG_ACCEPT	1.60.1.70170	1.60.1.70245
HD_TEXTURES_DLG_ACCEPT_MAC	1.60.1.70170	1.60.1.70245
HD_TEXTURES_DLG_TEXT	1.60.1.70170	1.60.1.70245
HD_TEXTURES_DLG_TEXT_MAC	1.60.1.70170	1.60.1.70245
HEADSLOT	1.60.1.69913	1.60.1.70245
HEAD_BOB	1.60.1.69913	1.60.1.70245
HEALER	1.60.1.69913	1.60.1.70245
HEALING_DONE_TOOLTIP	1.60.1.69913	1.60.1.70245
HEALING_DONE_TOOLTIP_TITLE	1.60.1.69913	1.60.1.70245
HEALS	1.60.1.69913	1.60.1.70245
HEALTH	1.60.1.69913	1.60.1.70245
HEALTH_COST	1.60.1.69913	1.60.1.70245
HEALTH_COST_PCT	1.60.1.69913	1.60.1.70245
HEALTH_COST_PER_TIME	1.60.1.69913	1.60.1.70245
HEALTH_COST_PER_TIME_NO_BASE	1.60.1.69913	1.60.1.70245
HEALTH_LOW	1.60.1.69913	1.60.1.70245
HEIRLOOMS	1.60.1.69913	1.60.1.70245
HEIRLOOMS_CATEGORY_BACK	1.60.1.69913	1.60.1.70245
HEIRLOOMS_CATEGORY_CHEST	1.60.1.69913	1.60.1.70245
HEIRLOOMS_CATEGORY_HEAD	1.60.1.69913	1.60.1.70245
HEIRLOOMS_CATEGORY_LEGS	1.60.1.69913	1.60.1.70245
HEIRLOOMS_CATEGORY_SHOULDER	1.60.1.69913	1.60.1.70245
HEIRLOOMS_CATEGORY_TRINKETS_RINGS_AND_NECKLACES	1.60.1.69913	1.60.1.70245
HEIRLOOMS_CATEGORY_WEAPON	1.60.1.69913	1.60.1.70245
HEIRLOOMS_JOURNAL_TUTORIAL_UPGRADE	1.60.1.69913	1.60.1.70245
HEIRLOOMS_PVP	1.60.1.69913	1.60.1.70245
HELPFRAME_REPORTLAG_TEXT1	1.60.1.69913	1.60.1.70245
HELPFRAME_TICKET_CLICK_HELP	1.60.1.69913	1.60.1.70245
HELP_BUTTON	1.60.1.69913	1.60.1.70245
HELP_FRAME_TITLE	1.60.1.69913	1.60.1.70245
HELP_TEXT_SIMPLE	1.60.1.69913	1.60.1.70245
HELP_TICKET_QUEUE_DISABLED	1.60.1.69913	1.60.1.70245
HELP_TIP_BUTTON_GOT_IT	1.60.1.70170	1.60.1.70245
HELP_TIP_EXIT	1.60.1.70170	1.60.1.70245
HIDE	1.60.1.69913	1.60.1.70245
HIGH	1.60.1.69913	1.60.1.70245
HIGHLIGHTING	1.60.1.69913	1.60.1.70245
HIGHLIGHT_ABILITY_COMBATLOG_TOOLTIP	1.60.1.69913	1.60.1.70245
HIGHLIGHT_DAMAGE_COMBATLOG_TOOLTIP	1.60.1.69913	1.60.1.70245
HIGHLIGHT_KILL_COMBATLOG_TOOLTIP	1.60.1.69913	1.60.1.70245
HIGHLIGHT_SCHOOL_COMBATLOG_TOOLTIP	1.60.1.69913	1.60.1.70245
HIGH_BIDDER	1.60.1.69913	1.60.1.69913
HIGH_DEFINITION	1.60.1.69913	1.60.1.70245
HIGH_DEFINITION_TOOLTIP	1.60.1.69913	1.60.1.70245
HOME	1.60.1.70170	1.60.1.70245
HONOR	1.60.1.69913	1.60.1.70245
HONORABLE_KILLS	1.60.1.69913	1.60.1.69913
HONORABLE_KILLS_TOOLTIP	1.60.1.69913	1.60.1.70245
HONORABLE_KILLS_TOOLTIP_TITLE	1.60.1.69913	1.60.1.70245
HONOR_BAR	1.60.1.69913	1.60.1.70245
HONOR_CONTRIBUTION_POINTS	1.60.1.69913	1.60.1.69913
HONOR_HIGHEST_RANK	1.60.1.69913	1.60.1.69913
HONOR_LASTWEEK	1.60.1.69913	1.60.1.69913
HONOR_LEVEL_LABEL	1.60.1.70170	1.60.1.70245
HONOR_LEVEL_TOOLTIP	1.60.1.69913	1.60.1.70245
HONOR_LIFETIME	1.60.1.69913	1.60.1.69913
HONOR_REWARD_ARTIFACT_POWER	1.60.1.70170	1.60.1.70245
HONOR_REWARD_MONEY	1.60.1.70170	1.60.1.70245
HONOR_REWARD_TITLE_TOOLTIP	1.60.1.70170	1.60.1.70245
HONOR_THIS_SESSION	1.60.1.69913	1.60.1.69913
HONOR_YESTERDAY	1.60.1.69913	1.60.1.69913
HONOR_YOUVE_REACHED	1.60.1.70170	1.60.1.70245
HORDE_CHEER	1.60.1.70170	1.60.1.70245
HOSTILE	1.60.1.69913	1.60.1.70245
HOT_ITEM	1.60.1.69913	1.60.1.70245
HOT_ITEM_SELLER	1.60.1.69913	1.60.1.70245
HOURS_ABBR	1.60.1.69913	1.60.1.70245
HOUR_ONELETTER_ABBR	1.60.1.69913	1.60.1.70245
HOUSING_DASHBOARD_NEIGHBORHOOD_FAVOR	1.60.1.70170	1.60.1.70245
HOUSING_DASHBOARD_REWARD_ESTATE_XP	1.60.1.70170	1.60.1.70245
HOUSING_MICROBUTTON_NPE_RESTRICTED_TOOLTIP	1.60.1.69913	1.60.1.70245
HOUSING_MICRO_BUTTON	1.60.1.69913	1.60.1.70245
HOUSING_SETTINGS_LABEL	1.60.1.69913	1.60.1.70245
HUD_EDIT_MODE_ACTION_BAR_LABEL	1.60.1.69913	1.60.1.70245
HUD_EDIT_MODE_ACTION_BAR_SETTINGS	1.60.1.69913	1.60.1.70245
HUD_EDIT_MODE_ARCHAEOLOGY_BAR_LABEL	1.60.1.69913	1.60.1.70245
HUD_EDIT_MODE_ARENA_FRAMES_LABEL	1.60.1.69913	1.60.1.70245
HUD_EDIT_MODE_AUTO_ENABLE_CVAR_TOOLTIP	1.60.1.69913	1.60.1.70245
HUD_EDIT_MODE_BAGS_LABEL	1.60.1.69913	1.60.1.70245
HUD_EDIT_MODE_BOSS_FRAMES_LABEL	1.60.1.69913	1.60.1.70245
HUD_EDIT_MODE_BUFFS_AND_DEBUFFS_LABEL	1.60.1.69913	1.60.1.70245
HUD_EDIT_MODE_BUFF_FRAME_LABEL	1.60.1.70170	1.60.1.70245
HUD_EDIT_MODE_CAST_BAR_LABEL	1.60.1.69913	1.60.1.70245
HUD_EDIT_MODE_CHARACTER_LAYOUTS_HEADER	1.60.1.69913	1.60.1.70245
HUD_EDIT_MODE_CHARACTER_SPECIFIC_LAYOUT	1.60.1.69913	1.60.1.70245
HUD_EDIT_MODE_CHAT_FRAME_LABEL	1.60.1.69913	1.60.1.70245
HUD_EDIT_MODE_COLLAPSE_OPTIONS	1.60.1.69913	1.60.1.70245
HUD_EDIT_MODE_COOLDOWN_VIEWER_DISABLED_TOOLTIP	1.60.1.69913	1.60.1.70245
HUD_EDIT_MODE_COOLDOWN_VIEWER_LABEL	1.60.1.69913	1.60.1.70245
HUD_EDIT_MODE_COOLDOWN_VIEWER_OPTIONS	1.60.1.69913	1.60.1.70245
HUD_EDIT_MODE_COOLDOWN_VIEWER_SETTINGS	1.60.1.69913	1.60.1.70245
HUD_EDIT_MODE_COPY_LAYOUT	1.60.1.69913	1.60.1.70245
HUD_EDIT_MODE_COPY_TO_CLIPBOARD	1.60.1.69913	1.60.1.70245
HUD_EDIT_MODE_COPY_TO_CLIPBOARD_NOTICE	1.60.1.69913	1.60.1.70245
HUD_EDIT_MODE_DAMAGE_METER_DISABLED_TOOLTIP	1.60.1.69913	1.60.1.70245
HUD_EDIT_MODE_DAMAGE_METER_LABEL	1.60.1.69913	1.60.1.70245
HUD_EDIT_MODE_DEBUFF_FRAME_LABEL	1.60.1.70170	1.60.1.70245
HUD_EDIT_MODE_DELETE_LAYOUT	1.60.1.69913	1.60.1.70245
HUD_EDIT_MODE_DELETE_LAYOUT_DIALOG_TITLE	1.60.1.69913	1.60.1.70245
HUD_EDIT_MODE_DURABILITY_FRAME_LABEL	1.60.1.69913	1.60.1.70245
HUD_EDIT_MODE_ENABLE_ADVANCED_OPTIONS	1.60.1.69913	1.60.1.70245
HUD_EDIT_MODE_ENABLE_SNAP	1.60.1.69913	1.60.1.70245
HUD_EDIT_MODE_ENCOUNTER_BAR_LABEL	1.60.1.69913	1.60.1.70245
HUD_EDIT_MODE_ENCOUNTER_EVENTS_DISABLED_TOOLTIP	1.60.1.69913	1.60.1.70245
HUD_EDIT_MODE_ENCOUNTER_EVENTS_LABEL	1.60.1.69913	1.60.1.70245
HUD_EDIT_MODE_END_CAP_LEFT_LABEL	1.60.1.69913	1.60.1.70245
HUD_EDIT_MODE_END_CAP_RIGHT_LABEL	1.60.1.69913	1.60.1.70245
HUD_EDIT_MODE_ERROR_COPY	1.60.1.69913	1.60.1.70245
HUD_EDIT_MODE_ERROR_COPY_MAX_LAYOUTS	1.60.1.69913	1.60.1.70245
HUD_EDIT_MODE_ERROR_DUPLICATE_NAME	1.60.1.69913	1.60.1.70245
HUD_EDIT_MODE_ERROR_ENTER_IMPORT_STRING_AND_NAME	1.60.1.69913	1.60.1.70245
HUD_EDIT_MODE_ERROR_ENTER_NAME	1.60.1.69913	1.60.1.70245
HUD_EDIT_MODE_ERROR_MAX_ACCOUNT_LAYOUTS	1.60.1.69913	1.60.1.70245
HUD_EDIT_MODE_ERROR_MAX_CHAR_LAYOUTS	1.60.1.69913	1.60.1.70245
HUD_EDIT_MODE_ERROR_MAX_LAYOUTS	1.60.1.69913	1.60.1.70245
HUD_EDIT_MODE_EXIT	1.60.1.69913	1.60.1.70245
HUD_EDIT_MODE_EXPAND_OPTIONS	1.60.1.69913	1.60.1.70245
HUD_EDIT_MODE_EXPERIENCE_BAR_LABEL	1.60.1.69913	1.60.1.70245
HUD_EDIT_MODE_EXTERNAL_DEFENSIVES_DISABLED_TOOLTIP	1.60.1.69913	1.60.1.70245
HUD_EDIT_MODE_EXTERNAL_DEFENSIVES_FRAME_LABEL	1.60.1.70170	1.60.1.70245
HUD_EDIT_MODE_EXTERNAL_DEFENSIVES_LABEL	1.60.1.69913	1.60.1.70245
HUD_EDIT_MODE_EXTRA_ABILITIES_LABEL	1.60.1.69913	1.60.1.70245
HUD_EDIT_MODE_FOCUS_FRAME_LABEL	1.60.1.69913	1.60.1.70245
HUD_EDIT_MODE_GROUP_AURA_SETTINGS	1.60.1.69913	1.60.1.70245
HUD_EDIT_MODE_GROUP_FINDER_LABEL	1.60.1.69913	1.60.1.70245
HUD_EDIT_MODE_HUD_TOOLTIP_LABEL	1.60.1.69913	1.60.1.70245
HUD_EDIT_MODE_IMPORT_LAYOUT	1.60.1.69913	1.60.1.70245
HUD_EDIT_MODE_IMPORT_LAYOUT_DIALOG_EDIT_BOX_LABEL	1.60.1.69913	1.60.1.70245
HUD_EDIT_MODE_IMPORT_LAYOUT_DIALOG_TITLE	1.60.1.69913	1.60.1.70245
HUD_EDIT_MODE_IMPORT_LAYOUT_INSTRUCTIONS	1.60.1.69913	1.60.1.70245
HUD_EDIT_MODE_IMPORT_LAYOUT_LINK_DIALOG_EDIT_BOX_LABEL	1.60.1.69913	1.60.1.70245
HUD_EDIT_MODE_INSTRUCTIONS_CLICK_TO_EDIT	1.60.1.69913	1.60.1.70245
HUD_EDIT_MODE_LAYOUT	1.60.1.69913	1.60.1.70245
HUD_EDIT_MODE_LAYOUT_APPLIED	1.60.1.69913	1.60.1.70245
HUD_EDIT_MODE_LOOT_FRAME_DISABLED_TOOLTIP	1.60.1.69913	1.60.1.70245
HUD_EDIT_MODE_LOOT_FRAME_LABEL	1.60.1.69913	1.60.1.70245
HUD_EDIT_MODE_LOSS_OF_CONTROL_LABEL	1.60.1.69913	1.60.1.70245
HUD_EDIT_MODE_MENU	1.60.1.69913	1.60.1.70245
HUD_EDIT_MODE_MICRO_MENU_LABEL	1.60.1.69913	1.60.1.70245
HUD_EDIT_MODE_MINIMAP_LABEL	1.60.1.69913	1.60.1.70245
HUD_EDIT_MODE_NAME_LAYOUT_DIALOG_TITLE	1.60.1.69913	1.60.1.70245
HUD_EDIT_MODE_NEW_LAYOUT	1.60.1.69913	1.60.1.70245
HUD_EDIT_MODE_NEW_LAYOUT_DISABLED	1.60.1.69913	1.60.1.70245
HUD_EDIT_MODE_OBJECTIVE_TRACKER_LABEL	1.60.1.69913	1.60.1.70245
HUD_EDIT_MODE_PARTY_FRAMES_LABEL	1.60.1.69913	1.60.1.70245
HUD_EDIT_MODE_PERSONAL_RESOURCE_DISPLAY_DISABLED_TOOLTIP	1.60.1.69913	1.60.1.70245
HUD_EDIT_MODE_PERSONAL_RESOURCE_DISPLAY_LABEL	1.60.1.69913	1.60.1.70245
HUD_EDIT_MODE_PERSONAL_RESOURCE_DISPLAY_NO_ALT_POWER_BAR_TOOLTIP	1.60.1.69913	1.60.1.70245
HUD_EDIT_MODE_PERSONAL_RESOURCE_DISPLAY_NO_CLASS_RESOURCES_TOOLTIP	1.60.1.69913	1.60.1.70245
HUD_EDIT_MODE_PET_ACTION_BAR_LABEL	1.60.1.69913	1.60.1.70245
HUD_EDIT_MODE_PET_FRAME_LABEL	1.60.1.69913	1.60.1.70245
HUD_EDIT_MODE_PLAYER_FRAME_LABEL	1.60.1.69913	1.60.1.70245
HUD_EDIT_MODE_POSSESS_ACTION_BAR_LABEL	1.60.1.69913	1.60.1.70245
HUD_EDIT_MODE_PVP_FRAME_SETTINGS	1.60.1.69913	1.60.1.70245
HUD_EDIT_MODE_RAID_FRAMES_LABEL	1.60.1.69913	1.60.1.70245
HUD_EDIT_MODE_RAID_FRAME_SETTINGS	1.60.1.69913	1.60.1.70245
HUD_EDIT_MODE_RAID_WARNING_LABEL	1.60.1.69913	1.60.1.70245
HUD_EDIT_MODE_RENAME_LAYOUT	1.60.1.69913	1.60.1.70245
HUD_EDIT_MODE_RENAME_LAYOUT_DIALOG_TITLE	1.60.1.69913	1.60.1.70245
HUD_EDIT_MODE_RENAME_OR_COPY_LAYOUT	1.60.1.69913	1.60.1.70245
HUD_EDIT_MODE_RESET_POSITION	1.60.1.69913	1.60.1.70245
HUD_EDIT_MODE_REVERT_ALL_CHANGES	1.60.1.69913	1.60.1.70245
HUD_EDIT_MODE_REVERT_CHANGES	1.60.1.69913	1.60.1.70245
HUD_EDIT_MODE_SAVE_AND_EXIT	1.60.1.69913	1.60.1.70245
HUD_EDIT_MODE_SAVE_AND_SWITCH	1.60.1.69913	1.60.1.70245
HUD_EDIT_MODE_SAVE_LAYOUT	1.60.1.69913	1.60.1.70245
HUD_EDIT_MODE_SETTINGS_CATEGORY_TITLE_COMBAT	1.60.1.69913	1.60.1.70245
HUD_EDIT_MODE_SETTINGS_CATEGORY_TITLE_FRAMES	1.60.1.69913	1.60.1.70245
HUD_EDIT_MODE_SETTINGS_CATEGORY_TITLE_MISC	1.60.1.69913	1.60.1.70245
HUD_EDIT_MODE_SETTING_ACTION_BAR_ALWAYS_SHOW_BUTTONS	1.60.1.69913	1.60.1.70245
HUD_EDIT_MODE_SETTING_ACTION_BAR_HIDE_BAR_ART	1.60.1.69913	1.60.1.70245
HUD_EDIT_MODE_SETTING_ACTION_BAR_HIDE_BAR_SCROLLING	1.60.1.69913	1.60.1.70245
HUD_EDIT_MODE_SETTING_ACTION_BAR_ICON_PADDING	1.60.1.69913	1.60.1.70245
HUD_EDIT_MODE_SETTING_ACTION_BAR_ICON_SIZE	1.60.1.69913	1.60.1.70245
HUD_EDIT_MODE_SETTING_ACTION_BAR_NUM_COLUMNS	1.60.1.69913	1.60.1.70245
HUD_EDIT_MODE_SETTING_ACTION_BAR_NUM_ICONS	1.60.1.69913	1.60.1.70245
HUD_EDIT_MODE_SETTING_ACTION_BAR_NUM_ROWS	1.60.1.69913	1.60.1.70245
HUD_EDIT_MODE_SETTING_ACTION_BAR_ORIENTATION	1.60.1.69913	1.60.1.70245
HUD_EDIT_MODE_SETTING_ACTION_BAR_ORIENTATION_HORIZONTAL	1.60.1.69913	1.60.1.70245
HUD_EDIT_MODE_SETTING_ACTION_BAR_ORIENTATION_VERTICAL	1.60.1.69913	1.60.1.70245
HUD_EDIT_MODE_SETTING_ACTION_BAR_VISIBLE_SETTING	1.60.1.69913	1.60.1.70245
HUD_EDIT_MODE_SETTING_ACTION_BAR_VISIBLE_SETTING_ALWAYS	1.60.1.69913	1.60.1.70245
HUD_EDIT_MODE_SETTING_ACTION_BAR_VISIBLE_SETTING_HIDDEN	1.60.1.69913	1.60.1.70245
HUD_EDIT_MODE_SETTING_ACTION_BAR_VISIBLE_SETTING_IN_COMBAT	1.60.1.69913	1.60.1.70245
HUD_EDIT_MODE_SETTING_ACTION_BAR_VISIBLE_SETTING_OUT_OF_COMBAT	1.60.1.69913	1.60.1.70245
HUD_EDIT_MODE_SETTING_ARCHAEOLOGY_BAR_SIZE	1.60.1.69913	1.60.1.70245
HUD_EDIT_MODE_SETTING_AURA_FRAME_ICON_DIRECTION	1.60.1.69913	1.60.1.70245
HUD_EDIT_MODE_SETTING_AURA_FRAME_ICON_DIRECTION_LEFT	1.60.1.69913	1.60.1.70245
HUD_EDIT_MODE_SETTING_AURA_FRAME_ICON_DIRECTION_RIGHT	1.60.1.69913	1.60.1.70245
HUD_EDIT_MODE_SETTING_AURA_FRAME_ICON_LIMIT	1.60.1.69913	1.60.1.70245
HUD_EDIT_MODE_SETTING_AURA_FRAME_ICON_PADDING	1.60.1.69913	1.60.1.70245
HUD_EDIT_MODE_SETTING_AURA_FRAME_ICON_SIZE	1.60.1.69913	1.60.1.70245
HUD_EDIT_MODE_SETTING_AURA_FRAME_ICON_WRAP	1.60.1.69913	1.60.1.70245
HUD_EDIT_MODE_SETTING_AURA_FRAME_ICON_WRAP_DOWN	1.60.1.69913	1.60.1.70245
HUD_EDIT_MODE_SETTING_AURA_FRAME_ICON_WRAP_UP	1.60.1.69913	1.60.1.70245
HUD_EDIT_MODE_SETTING_AURA_FRAME_OPACITY	1.60.1.69913	1.60.1.70245
HUD_EDIT_MODE_SETTING_AURA_FRAME_ORIENTATION	1.60.1.69913	1.60.1.70245
HUD_EDIT_MODE_SETTING_AURA_FRAME_ORIENTATION_HORIZONTAL	1.60.1.69913	1.60.1.70245
HUD_EDIT_MODE_SETTING_AURA_FRAME_ORIENTATION_VERTICAL	1.60.1.69913	1.60.1.70245
HUD_EDIT_MODE_SETTING_AURA_FRAME_SHOW_DISPEL_TYPE	1.60.1.69913	1.60.1.70245
HUD_EDIT_MODE_SETTING_AURA_FRAME_VISIBLE_SETTING	1.60.1.69913	1.60.1.70245
HUD_EDIT_MODE_SETTING_AURA_FRAME_VISIBLE_SETTING_ALWAYS	1.60.1.69913	1.60.1.70245
HUD_EDIT_MODE_SETTING_AURA_FRAME_VISIBLE_SETTING_HIDDEN	1.60.1.69913	1.60.1.70245
HUD_EDIT_MODE_SETTING_AURA_FRAME_VISIBLE_SETTING_IN_COMBAT	1.60.1.69913	1.60.1.70245
HUD_EDIT_MODE_SETTING_BAGS_BAG_SLOT_PADDING	1.60.1.69913	1.60.1.70245
HUD_EDIT_MODE_SETTING_BAGS_DIRECTION	1.60.1.69913	1.60.1.70245
HUD_EDIT_MODE_SETTING_BAGS_DIRECTION_DOWN	1.60.1.69913	1.60.1.70245
HUD_EDIT_MODE_SETTING_BAGS_DIRECTION_LEFT	1.60.1.69913	1.60.1.70245
HUD_EDIT_MODE_SETTING_BAGS_DIRECTION_RIGHT	1.60.1.69913	1.60.1.70245
HUD_EDIT_MODE_SETTING_BAGS_DIRECTION_UP	1.60.1.69913	1.60.1.70245
HUD_EDIT_MODE_SETTING_BAGS_ORIENTATION	1.60.1.69913	1.60.1.70245
HUD_EDIT_MODE_SETTING_BAGS_ORIENTATION_HORIZONTAL	1.60.1.69913	1.60.1.70245
HUD_EDIT_MODE_SETTING_BAGS_ORIENTATION_VERTICAL	1.60.1.69913	1.60.1.70245
HUD_EDIT_MODE_SETTING_BAGS_SIZE	1.60.1.69913	1.60.1.70245
HUD_EDIT_MODE_SETTING_CAST_BAR_LOCK_TO_PLAYER_FRAME	1.60.1.69913	1.60.1.70245
HUD_EDIT_MODE_SETTING_CAST_BAR_SHOW_CAST_TIME	1.60.1.69913	1.60.1.70245
HUD_EDIT_MODE_SETTING_CAST_BAR_SIZE	1.60.1.69913	1.60.1.70245
HUD_EDIT_MODE_SETTING_CHAT_FRAME_HEIGHT	1.60.1.69913	1.60.1.70245
HUD_EDIT_MODE_SETTING_CHAT_FRAME_WIDTH	1.60.1.69913	1.60.1.70245
HUD_EDIT_MODE_SETTING_COOLDOWN_VIEWER_BAR_CONTENT	1.60.1.69913	1.60.1.70245
HUD_EDIT_MODE_SETTING_COOLDOWN_VIEWER_BAR_CONTENT_TYPE_ICON_AND_NAME	1.60.1.69913	1.60.1.70245
HUD_EDIT_MODE_SETTING_COOLDOWN_VIEWER_BAR_CONTENT_TYPE_ICON_ONLY	1.60.1.69913	1.60.1.70245
HUD_EDIT_MODE_SETTING_COOLDOWN_VIEWER_BAR_CONTENT_TYPE_NAME_ONLY	1.60.1.69913	1.60.1.70245
HUD_EDIT_MODE_SETTING_COOLDOWN_VIEWER_BUFFBAR_WIDTH_SCALE	1.60.1.69913	1.60.1.70245
HUD_EDIT_MODE_SETTING_COOLDOWN_VIEWER_HIDE_WHEN_INACTIVE	1.60.1.69913	1.60.1.70245
HUD_EDIT_MODE_SETTING_COOLDOWN_VIEWER_ICON_DIRECTION	1.60.1.69913	1.60.1.70245
HUD_EDIT_MODE_SETTING_COOLDOWN_VIEWER_ICON_DIRECTION_LEFT	1.60.1.69913	1.60.1.70245
HUD_EDIT_MODE_SETTING_COOLDOWN_VIEWER_ICON_DIRECTION_RIGHT	1.60.1.69913	1.60.1.70245
HUD_EDIT_MODE_SETTING_COOLDOWN_VIEWER_ICON_LIMIT	1.60.1.69913	1.60.1.70245
HUD_EDIT_MODE_SETTING_COOLDOWN_VIEWER_ICON_LIMIT_ALT	1.60.1.69913	1.60.1.70245
HUD_EDIT_MODE_SETTING_COOLDOWN_VIEWER_ICON_PADDING	1.60.1.69913	1.60.1.70245
HUD_EDIT_MODE_SETTING_COOLDOWN_VIEWER_ICON_SIZE	1.60.1.69913	1.60.1.70245
HUD_EDIT_MODE_SETTING_COOLDOWN_VIEWER_OPACITY	1.60.1.69913	1.60.1.70245
HUD_EDIT_MODE_SETTING_COOLDOWN_VIEWER_ORIENTATION	1.60.1.69913	1.60.1.70245
HUD_EDIT_MODE_SETTING_COOLDOWN_VIEWER_ORIENTATION_HORIZONTAL	1.60.1.69913	1.60.1.70245
HUD_EDIT_MODE_SETTING_COOLDOWN_VIEWER_ORIENTATION_VERTICAL	1.60.1.69913	1.60.1.70245
HUD_EDIT_MODE_SETTING_COOLDOWN_VIEWER_SHOW_TIMER	1.60.1.69913	1.60.1.70245
HUD_EDIT_MODE_SETTING_COOLDOWN_VIEWER_SHOW_TOOLTIPS	1.60.1.69913	1.60.1.70245
HUD_EDIT_MODE_SETTING_COOLDOWN_VIEWER_VISIBLE_SETTING	1.60.1.69913	1.60.1.70245
HUD_EDIT_MODE_SETTING_COOLDOWN_VIEWER_VISIBLE_SETTING_ALWAYS	1.60.1.69913	1.60.1.70245
HUD_EDIT_MODE_SETTING_COOLDOWN_VIEWER_VISIBLE_SETTING_HIDDEN	1.60.1.69913	1.60.1.70245
HUD_EDIT_MODE_SETTING_COOLDOWN_VIEWER_VISIBLE_SETTING_IN_COMBAT	1.60.1.69913	1.60.1.70245
HUD_EDIT_MODE_SETTING_DAMAGE_METER_BACKGROUND	1.60.1.69913	1.60.1.70245
HUD_EDIT_MODE_SETTING_DAMAGE_METER_BAR_HEIGHT	1.60.1.69913	1.60.1.70245
HUD_EDIT_MODE_SETTING_DAMAGE_METER_FRAME_HEIGHT	1.60.1.69913	1.60.1.70245
HUD_EDIT_MODE_SETTING_DAMAGE_METER_FRAME_WIDTH	1.60.1.69913	1.60.1.70245
HUD_EDIT_MODE_SETTING_DAMAGE_METER_NUMBERS	1.60.1.69913	1.60.1.70245
HUD_EDIT_MODE_SETTING_DAMAGE_METER_NUMBERS_COMPACT	1.60.1.69913	1.60.1.70245
HUD_EDIT_MODE_SETTING_DAMAGE_METER_NUMBERS_COMPLETE	1.60.1.69913	1.60.1.70245
HUD_EDIT_MODE_SETTING_DAMAGE_METER_NUMBERS_MINIMAL	1.60.1.69913	1.60.1.70245
HUD_EDIT_MODE_SETTING_DAMAGE_METER_PADDING	1.60.1.69913	1.60.1.70245
HUD_EDIT_MODE_SETTING_DAMAGE_METER_SHOW_CLASS_COLOR	1.60.1.69913	1.60.1.70245
HUD_EDIT_MODE_SETTING_DAMAGE_METER_SHOW_SPEC_ICON	1.60.1.69913	1.60.1.70245
HUD_EDIT_MODE_SETTING_DAMAGE_METER_STYLE	1.60.1.69913	1.60.1.70245
HUD_EDIT_MODE_SETTING_DAMAGE_METER_STYLE_BORDERED	1.60.1.69913	1.60.1.70245
HUD_EDIT_MODE_SETTING_DAMAGE_METER_STYLE_DEFAULT	1.60.1.69913	1.60.1.70245
HUD_EDIT_MODE_SETTING_DAMAGE_METER_STYLE_THIN	1.60.1.69913	1.60.1.70245
HUD_EDIT_MODE_SETTING_DAMAGE_METER_TEXT_SIZE	1.60.1.69913	1.60.1.70245
HUD_EDIT_MODE_SETTING_DAMAGE_METER_TRANSPARENCY	1.60.1.69913	1.60.1.70245
HUD_EDIT_MODE_SETTING_DAMAGE_METER_VISIBILITY	1.60.1.69913	1.60.1.70245
HUD_EDIT_MODE_SETTING_DAMAGE_METER_VISIBILITY_ALWAYS	1.60.1.69913	1.60.1.70245
HUD_EDIT_MODE_SETTING_DAMAGE_METER_VISIBILITY_HIDDEN	1.60.1.69913	1.60.1.70245
HUD_EDIT_MODE_SETTING_DAMAGE_METER_VISIBILITY_IN_COMBAT	1.60.1.69913	1.60.1.70245
HUD_EDIT_MODE_SETTING_DAMAGE_METER_VISIBILITY_IN_GROUP	1.60.1.69913	1.60.1.70245
HUD_EDIT_MODE_SETTING_DURABILITY_FRAME_SIZE	1.60.1.69913	1.60.1.70245
HUD_EDIT_MODE_SETTING_ENCOUNTER_EVENTS_BACKGROUND	1.60.1.69913	1.60.1.70245
HUD_EDIT_MODE_SETTING_ENCOUNTER_EVENTS_BAR_WIDTH	1.60.1.69913	1.60.1.70245
HUD_EDIT_MODE_SETTING_ENCOUNTER_EVENTS_FLIP_HORIZONTAL	1.60.1.69913	1.60.1.70245
HUD_EDIT_MODE_SETTING_ENCOUNTER_EVENTS_ICON_DIRECTION	1.60.1.69913	1.60.1.70245
HUD_EDIT_MODE_SETTING_ENCOUNTER_EVENTS_ICON_DIRECTION_BOTTOM	1.60.1.69913	1.60.1.70245
HUD_EDIT_MODE_SETTING_ENCOUNTER_EVENTS_ICON_DIRECTION_LEFT	1.60.1.69913	1.60.1.70245
HUD_EDIT_MODE_SETTING_ENCOUNTER_EVENTS_ICON_DIRECTION_RIGHT	1.60.1.69913	1.60.1.70245
HUD_EDIT_MODE_SETTING_ENCOUNTER_EVENTS_ICON_DIRECTION_TOP	1.60.1.69913	1.60.1.70245
HUD_EDIT_MODE_SETTING_ENCOUNTER_EVENTS_ICON_SIZE	1.60.1.69913	1.60.1.70245
HUD_EDIT_MODE_SETTING_ENCOUNTER_EVENTS_ORIENTATION	1.60.1.69913	1.60.1.70245
HUD_EDIT_MODE_SETTING_ENCOUNTER_EVENTS_ORIENTATION_HORIZONTAL	1.60.1.69913	1.60.1.70245
HUD_EDIT_MODE_SETTING_ENCOUNTER_EVENTS_ORIENTATION_VERTICAL	1.60.1.69913	1.60.1.70245
HUD_EDIT_MODE_SETTING_ENCOUNTER_EVENTS_OVERALL_SIZE	1.60.1.69913	1.60.1.70245
HUD_EDIT_MODE_SETTING_ENCOUNTER_EVENTS_PADDING	1.60.1.69913	1.60.1.70245
HUD_EDIT_MODE_SETTING_ENCOUNTER_EVENTS_SHOW_SPELL_NAME	1.60.1.69913	1.60.1.70245
HUD_EDIT_MODE_SETTING_ENCOUNTER_EVENTS_SHOW_TIMER	1.60.1.69913	1.60.1.70245
HUD_EDIT_MODE_SETTING_ENCOUNTER_EVENTS_TOOLTIPS	1.60.1.69913	1.60.1.70245
HUD_EDIT_MODE_SETTING_ENCOUNTER_EVENTS_TOOLTIPS_CURSOR	1.60.1.69913	1.60.1.70245
HUD_EDIT_MODE_SETTING_ENCOUNTER_EVENTS_TOOLTIPS_HUD	1.60.1.69913	1.60.1.70245
HUD_EDIT_MODE_SETTING_ENCOUNTER_EVENTS_TOOLTIPS_NONE	1.60.1.69913	1.60.1.70245
HUD_EDIT_MODE_SETTING_ENCOUNTER_EVENTS_TRANSPARENCY	1.60.1.69913	1.60.1.70245
HUD_EDIT_MODE_SETTING_ENCOUNTER_EVENTS_TYPE	1.60.1.69913	1.60.1.70245
HUD_EDIT_MODE_SETTING_ENCOUNTER_EVENTS_TYPE_BARS	1.60.1.69913	1.60.1.70245
HUD_EDIT_MODE_SETTING_ENCOUNTER_EVENTS_TYPE_TIMELINE	1.60.1.69913	1.60.1.70245
HUD_EDIT_MODE_SETTING_ENCOUNTER_EVENTS_VISIBILITY	1.60.1.69913	1.60.1.70245
HUD_EDIT_MODE_SETTING_ENCOUNTER_EVENTS_VISIBILITY_ALWAYS	1.60.1.69913	1.60.1.70245
HUD_EDIT_MODE_SETTING_ENCOUNTER_EVENTS_VISIBILITY_IN_ENCOUNTER	1.60.1.69913	1.60.1.70245
HUD_EDIT_MODE_SETTING_END_CAP_HIDDEN	1.60.1.69913	1.60.1.70245
HUD_EDIT_MODE_SETTING_GROUP_FINDER_SIZE	1.60.1.69913	1.60.1.70245
HUD_EDIT_MODE_SETTING_LOSS_OF_CONTROL_SIZE	1.60.1.69913	1.60.1.70245
HUD_EDIT_MODE_SETTING_MICRO_MENU_ORDER	1.60.1.69913	1.60.1.70245
HUD_EDIT_MODE_SETTING_MICRO_MENU_ORDER_DEFAULT	1.60.1.69913	1.60.1.70245
HUD_EDIT_MODE_SETTING_MICRO_MENU_ORDER_REVERSE	1.60.1.69913	1.60.1.70245
HUD_EDIT_MODE_SETTING_MICRO_MENU_ORIENTATION	1.60.1.69913	1.60.1.70245
HUD_EDIT_MODE_SETTING_MICRO_MENU_ORIENTATION_HORIZONTAL	1.60.1.69913	1.60.1.70245
HUD_EDIT_MODE_SETTING_MICRO_MENU_ORIENTATION_VERTICAL	1.60.1.69913	1.60.1.70245
HUD_EDIT_MODE_SETTING_MICRO_MENU_SIZE	1.60.1.69913	1.60.1.70245
HUD_EDIT_MODE_SETTING_MINIMAP_HEADER_UNDERNEATH	1.60.1.69913	1.60.1.70245
HUD_EDIT_MODE_SETTING_MINIMAP_ICON_SCALE	1.60.1.69913	1.60.1.70245
HUD_EDIT_MODE_SETTING_MINIMAP_ROTATE_MINIMAP	1.60.1.69913	1.60.1.70245
HUD_EDIT_MODE_SETTING_MINIMAP_SIZE	1.60.1.69913	1.60.1.70245
HUD_EDIT_MODE_SETTING_OBJECTIVE_TRACKER_HEIGHT	1.60.1.69913	1.60.1.70245
HUD_EDIT_MODE_SETTING_OBJECTIVE_TRACKER_OPACITY	1.60.1.69913	1.60.1.70245
HUD_EDIT_MODE_SETTING_OBJECTIVE_TRACKER_TEXT_SIZE	1.60.1.69913	1.60.1.70245
HUD_EDIT_MODE_SETTING_PERSONAL_RESOURCE_DISPLAY_BAR_WIDTH	1.60.1.69913	1.60.1.70245
HUD_EDIT_MODE_SETTING_PERSONAL_RESOURCE_DISPLAY_HEALTH_BAR_HEIGHT	1.60.1.69913	1.60.1.70245
HUD_EDIT_MODE_SETTING_PERSONAL_RESOURCE_DISPLAY_HIDE_ALT_POWER_BAR	1.60.1.69913	1.60.1.70245
HUD_EDIT_MODE_SETTING_PERSONAL_RESOURCE_DISPLAY_HIDE_CLASS_INFO	1.60.1.69913	1.60.1.70245
HUD_EDIT_MODE_SETTING_PERSONAL_RESOURCE_DISPLAY_HIDE_CLASS_INFO_ON_PLAYER_FRAME	1.60.1.69913	1.60.1.70245
HUD_EDIT_MODE_SETTING_PERSONAL_RESOURCE_DISPLAY_HIDE_HEALTH_BAR	1.60.1.69913	1.60.1.70245
HUD_EDIT_MODE_SETTING_PERSONAL_RESOURCE_DISPLAY_HIDE_POWER_BAR	1.60.1.69913	1.60.1.70245
HUD_EDIT_MODE_SETTING_PERSONAL_RESOURCE_DISPLAY_OPACITY	1.60.1.69913	1.60.1.70245
HUD_EDIT_MODE_SETTING_PERSONAL_RESOURCE_DISPLAY_PADDING	1.60.1.69913	1.60.1.70245
HUD_EDIT_MODE_SETTING_PERSONAL_RESOURCE_DISPLAY_POWER_BAR_HEIGHT	1.60.1.69913	1.60.1.70245
HUD_EDIT_MODE_SETTING_PERSONAL_RESOURCE_DISPLAY_SHOW_BAR_TEXT	1.60.1.69913	1.60.1.70245
HUD_EDIT_MODE_SETTING_PERSONAL_RESOURCE_DISPLAY_SHOW_CLASS_COLOR	1.60.1.69913	1.60.1.70245
HUD_EDIT_MODE_SETTING_PERSONAL_RESOURCE_DISPLAY_SIZE	1.60.1.69913	1.60.1.70245
HUD_EDIT_MODE_SETTING_PERSONAL_RESOURCE_DISPLAY_VISIBLE_SETTING	1.60.1.69913	1.60.1.70245
HUD_EDIT_MODE_SETTING_PERSONAL_RESOURCE_DISPLAY_VISIBLE_SETTING_ALWAYS	1.60.1.69913	1.60.1.70245
HUD_EDIT_MODE_SETTING_PERSONAL_RESOURCE_DISPLAY_VISIBLE_SETTING_HIDDEN	1.60.1.69913	1.60.1.70245
HUD_EDIT_MODE_SETTING_PERSONAL_RESOURCE_DISPLAY_VISIBLE_SETTING_IN_COMBAT	1.60.1.69913	1.60.1.70245
HUD_EDIT_MODE_SETTING_STATUS_TACKING_BAR_SIZE	1.60.1.69913	1.60.1.70245
HUD_EDIT_MODE_SETTING_SWING_TIMER_HEIGHT	1.60.1.69913	1.60.1.70245
HUD_EDIT_MODE_SETTING_SWING_TIMER_OPACITY	1.60.1.69913	1.60.1.70245
HUD_EDIT_MODE_SETTING_SWING_TIMER_SCALE	1.60.1.69913	1.60.1.70245
HUD_EDIT_MODE_SETTING_SWING_TIMER_SHOW_BAR_TITLE	1.60.1.69913	1.60.1.70245
HUD_EDIT_MODE_SETTING_SWING_TIMER_SHOW_TIME	1.60.1.69913	1.60.1.70245
HUD_EDIT_MODE_SETTING_SWING_TIMER_VISIBLE_SETTING	1.60.1.69913	1.60.1.70245
HUD_EDIT_MODE_SETTING_SWING_TIMER_VISIBLE_SETTING_ALWAYS	1.60.1.69913	1.60.1.70245
HUD_EDIT_MODE_SETTING_SWING_TIMER_VISIBLE_SETTING_HIDDEN	1.60.1.69913	1.60.1.70245
HUD_EDIT_MODE_SETTING_SWING_TIMER_VISIBLE_SETTING_IN_COMBAT	1.60.1.69913	1.60.1.70245
HUD_EDIT_MODE_SETTING_SWING_TIMER_WIDTH	1.60.1.69913	1.60.1.70245
HUD_EDIT_MODE_SETTING_TIMER_BARS_SIZE	1.60.1.69913	1.60.1.70245
HUD_EDIT_MODE_SETTING_UNIT_FRAME_AURA_ICON_SIZE	1.60.1.69913	1.60.1.70245
HUD_EDIT_MODE_SETTING_UNIT_FRAME_AURA_ORGANIZATION	1.60.1.69913	1.60.1.70245
HUD_EDIT_MODE_SETTING_UNIT_FRAME_AURA_ORGANIZATION_BUFFS_RIGHT	1.60.1.69913	1.60.1.70245
HUD_EDIT_MODE_SETTING_UNIT_FRAME_AURA_ORGANIZATION_BUFFS_TOP	1.60.1.69913	1.60.1.70245
HUD_EDIT_MODE_SETTING_UNIT_FRAME_AURA_ORGANIZATION_LEGACY	1.60.1.69913	1.60.1.70245
HUD_EDIT_MODE_SETTING_UNIT_FRAME_BIGDEFENSIVE_AURA_ICON_SIZE	1.60.1.69913	1.60.1.70245
HUD_EDIT_MODE_SETTING_UNIT_FRAME_BUFFS_ON_TOP	1.60.1.69913	1.60.1.70245
HUD_EDIT_MODE_SETTING_UNIT_FRAME_BUFF_AURA_ICON_SIZE	1.60.1.69913	1.60.1.70245
HUD_EDIT_MODE_SETTING_UNIT_FRAME_CAST_BAR_ON_SIDE	1.60.1.69913	1.60.1.70245
HUD_EDIT_MODE_SETTING_UNIT_FRAME_CAST_BAR_UNDERNEATH	1.60.1.69913	1.60.1.70245
HUD_EDIT_MODE_SETTING_UNIT_FRAME_COLUMN_SIZE	1.60.1.69913	1.60.1.70245
HUD_EDIT_MODE_SETTING_UNIT_FRAME_CONTAINER_OPACITY	1.60.1.69913	1.60.1.70245
HUD_EDIT_MODE_SETTING_UNIT_FRAME_DISPLAY_BORDER	1.60.1.69913	1.60.1.70245
HUD_EDIT_MODE_SETTING_UNIT_FRAME_FRAME_SIZE	1.60.1.69913	1.60.1.70245
HUD_EDIT_MODE_SETTING_UNIT_FRAME_GROUPS	1.60.1.69913	1.60.1.70245
HUD_EDIT_MODE_SETTING_UNIT_FRAME_GROUPS_COMBINE_GROUPS_HORIZONTAL	1.60.1.69913	1.60.1.70245
HUD_EDIT_MODE_SETTING_UNIT_FRAME_GROUPS_COMBINE_GROUPS_VERTICAL	1.60.1.69913	1.60.1.70245
HUD_EDIT_MODE_SETTING_UNIT_FRAME_GROUPS_SEPARATE_GROUPS_HORIZONTAL	1.60.1.69913	1.60.1.70245
HUD_EDIT_MODE_SETTING_UNIT_FRAME_GROUPS_SEPARATE_GROUPS_VERTICAL	1.60.1.69913	1.60.1.70245
HUD_EDIT_MODE_SETTING_UNIT_FRAME_HEIGHT	1.60.1.69913	1.60.1.70245
HUD_EDIT_MODE_SETTING_UNIT_FRAME_RAID_SIZE	1.60.1.69913	1.60.1.70245
HUD_EDIT_MODE_SETTING_UNIT_FRAME_RAID_STYLE_PARTY_FRAMES	1.60.1.69913	1.60.1.70245
HUD_EDIT_MODE_SETTING_UNIT_FRAME_ROW_SIZE	1.60.1.69913	1.60.1.70245
HUD_EDIT_MODE_SETTING_UNIT_FRAME_SHOW_CAST_TIME	1.60.1.69913	1.60.1.70245
HUD_EDIT_MODE_SETTING_UNIT_FRAME_SHOW_PARTY_FRAME_BACKGROUND	1.60.1.69913	1.60.1.70245
HUD_EDIT_MODE_SETTING_UNIT_FRAME_SORT_BY	1.60.1.69913	1.60.1.70245
HUD_EDIT_MODE_SETTING_UNIT_FRAME_SORT_BY_SETTING_ALPHABETICAL	1.60.1.69913	1.60.1.70245
HUD_EDIT_MODE_SETTING_UNIT_FRAME_SORT_BY_SETTING_GROUP	1.60.1.69913	1.60.1.70245
HUD_EDIT_MODE_SETTING_UNIT_FRAME_SORT_BY_SETTING_ROLE	1.60.1.69913	1.60.1.70245
HUD_EDIT_MODE_SETTING_UNIT_FRAME_USE_HORIZONTAL_GROUPS	1.60.1.69913	1.60.1.70245
HUD_EDIT_MODE_SETTING_UNIT_FRAME_USE_LARGER_FRAME	1.60.1.69913	1.60.1.70245
HUD_EDIT_MODE_SETTING_UNIT_FRAME_VIEW_ARENA_SIZE	1.60.1.69913	1.60.1.70245
HUD_EDIT_MODE_SETTING_UNIT_FRAME_VIEW_ARENA_SIZE_THREE	1.60.1.69913	1.60.1.70245
HUD_EDIT_MODE_SETTING_UNIT_FRAME_VIEW_ARENA_SIZE_TWO	1.60.1.69913	1.60.1.70245
HUD_EDIT_MODE_SETTING_UNIT_FRAME_WIDTH	1.60.1.69913	1.60.1.70245
HUD_EDIT_MODE_SETTING_VEHICLE_SEAT_INDICATOR_SIZE	1.60.1.69913	1.60.1.70245
HUD_EDIT_MODE_SHARE_LAYOUT	1.60.1.69913	1.60.1.70245
HUD_EDIT_MODE_SHOW_GRID	1.60.1.69913	1.60.1.70245
HUD_EDIT_MODE_STANCE_BAR_LABEL	1.60.1.69913	1.60.1.70245
HUD_EDIT_MODE_STATUS_TRACKING_BAR_LABEL	1.60.1.69913	1.60.1.70245
HUD_EDIT_MODE_SWING_TIMER_DISABLED_TOOLTIP	1.60.1.69913	1.60.1.70245
HUD_EDIT_MODE_SWING_TIMER_LABEL	1.60.1.69913	1.60.1.70245
HUD_EDIT_MODE_SWITCH	1.60.1.69913	1.60.1.70245
HUD_EDIT_MODE_SYSTEM_ESSENTIAL_COOLDOWNS	1.60.1.69913	1.60.1.70245
HUD_EDIT_MODE_SYSTEM_TRACKED_BUFFS	1.60.1.69913	1.60.1.70245
HUD_EDIT_MODE_SYSTEM_TRACKED_BUFF_BARS	1.60.1.69913	1.60.1.70245
HUD_EDIT_MODE_SYSTEM_UTILITY_COOLDOWNS	1.60.1.69913	1.60.1.70245
HUD_EDIT_MODE_TALKING_HEAD_FRAME_LABEL	1.60.1.69913	1.60.1.70245
HUD_EDIT_MODE_TARGET_AND_FOCUS	1.60.1.69913	1.60.1.70245
HUD_EDIT_MODE_TARGET_FRAME_LABEL	1.60.1.69913	1.60.1.70245
HUD_EDIT_MODE_TIMER_BARS_LABEL	1.60.1.69913	1.60.1.70245
HUD_EDIT_MODE_TITLE	1.60.1.69913	1.60.1.70245
HUD_EDIT_MODE_TOTEM_ACTION_BAR_LABEL	1.60.1.69913	1.60.1.70245
HUD_EDIT_MODE_UNSAVED_CHANGES	1.60.1.69913	1.60.1.70245
HUD_EDIT_MODE_UNSAVED_CHANGES_EXIT_DIALOG_TITLE	1.60.1.69913	1.60.1.70245
HUD_EDIT_MODE_UNSAVED_CHANGES_LAYOUT_CHANGE_DIALOG_TITLE	1.60.1.69913	1.60.1.70245
HUD_EDIT_MODE_VEHICLE_LEAVE_BUTTON_LABEL	1.60.1.69913	1.60.1.70245
HUD_EDIT_MODE_VEHICLE_SEAT_INDICATOR_LABEL	1.60.1.69913	1.60.1.70245
HUNTER_AGILITY_TOOLTIP	1.60.1.69913	1.60.1.70245
HUNTER_MELEE_ATTACK_POWER_TOOLTIP	1.60.1.69913	1.60.1.70245
HUNTER_TRACKING_TEXT	1.60.1.69913	1.60.1.70245
HolidayDescription:1	1.60.1.70009	1.60.1.70245
HolidayDescription:10	1.60.1.70009	1.60.1.70245
HolidayDescription:11	1.60.1.70009	1.60.1.70245
HolidayDescription:12	1.60.1.70009	1.60.1.70245
HolidayDescription:13	1.60.1.70009	1.60.1.70245
HolidayDescription:14	1.60.1.70009	1.60.1.70245
HolidayDescription:15	1.60.1.70009	1.60.1.70245
HolidayDescription:16	1.60.1.70009	1.60.1.70245
HolidayDescription:17	1.60.1.70009	1.60.1.70245
HolidayDescription:2	1.60.1.70009	1.60.1.70245
HolidayDescription:22	1.60.1.70009	1.60.1.70245
HolidayDescription:23	1.60.1.70009	1.60.1.70245
HolidayDescription:25	1.60.1.70009	1.60.1.70245
HolidayDescription:26	1.60.1.70009	1.60.1.70245
HolidayDescription:4	1.60.1.70009	1.60.1.70245
HolidayDescription:512	1.60.1.70009	1.60.1.70245
HolidayDescription:9	1.60.1.70009	1.60.1.70245
ICON_SELECTION_CLICK	1.60.1.69913	1.60.1.70245
ICON_SELECTION_DRAG	1.60.1.70170	1.60.1.70245
ICON_SELECTION_NOTINLIST	1.60.1.69913	1.60.1.70245
ICON_SELECTION_TITLE_CURRENT	1.60.1.69913	1.60.1.70245
IF_EQUIPPED_TOGETHER	1.60.1.70170	1.60.1.70245
IGNORE	1.60.1.69913	1.60.1.70245
IGNORED	1.60.1.69913	1.60.1.70245
IGNORED_QUEST_DISPLAY	1.60.1.69913	1.60.1.70245
IGNORE_DIALOG	1.60.1.69913	1.60.1.70245
IGNORE_ERRORS	1.60.1.69913	1.60.1.70245
IGNORE_LIST	1.60.1.69913	1.60.1.70245
IGNORE_PLAYER	1.60.1.69913	1.60.1.69913
IGNORE_REMOVE	1.60.1.69913	1.60.1.70245
IGR_BILLING_NAG_DIALOG	1.60.1.69913	1.60.1.70245
IMMUNE	1.60.1.69913	1.60.1.70245
IM_STYLE	1.60.1.69913	1.60.1.70245
INBOX	1.60.1.69913	1.60.1.70245
INBOX_TOO_MUCH_MAIL	1.60.1.69913	1.60.1.70245
INBOX_TOO_MUCH_MAIL_TOOLTIP	1.60.1.69913	1.60.1.70245
INCOMING_SUMMON_TOOLTIP_SUMMON_ACCEPTED	1.60.1.69913	1.60.1.70245
INCOMING_SUMMON_TOOLTIP_SUMMON_DECLINED	1.60.1.69913	1.60.1.70245
INCOMING_SUMMON_TOOLTIP_SUMMON_PENDING	1.60.1.69913	1.60.1.70245
INCOMPLETE	1.60.1.69913	1.60.1.70245
INSPECT	1.60.1.69913	1.60.1.70245
INSPECT_GUILD_FACTION	1.60.1.69913	1.60.1.70245
INSPECT_GUILD_NUM_MEMBERS	1.60.1.69913	1.60.1.70245
INSPECT_REQUIREMENTS	1.60.1.69913	1.60.1.70245
INSPECT_TALENTS_BUTTON	1.60.1.69913	1.60.1.70245
INSTANCE	1.60.1.69913	1.60.1.70245
INSTANCE_BOOT_TIMER	1.60.1.69913	1.60.1.70245
INSTANCE_CHAT	1.60.1.69913	1.60.1.70245
INSTANCE_CHAT_LEADER	1.60.1.69913	1.60.1.70245
INSTANCE_CHAT_MESSAGE	1.60.1.69913	1.60.1.70245
INSTANCE_ENTRANCES_FILTER_DESCRIPTION	1.60.1.69913	1.60.1.70245
INSTANCE_LEAVE	1.60.1.69913	1.60.1.70245
INSTANCE_LOCK_TIMER	1.60.1.69913	1.60.1.70245
INSTANCE_LOCK_TIMER_PREVIOUSLY_SAVED	1.60.1.70170	1.60.1.70245
INSTANCE_LOCK_WARNING	1.60.1.70170	1.60.1.70245
INSTANCE_LOCK_WARNING_PREVIOUSLY_SAVED	1.60.1.70170	1.60.1.70245
INSTANCE_PARTY_LEAVE	1.60.1.69913	1.60.1.70245
INSTANCE_RESET_FAILED	1.60.1.69913	1.60.1.70245
INSTANCE_RESET_FAILED_OFFLINE	1.60.1.69913	1.60.1.70245
INSTANCE_RESET_FAILED_ZONING	1.60.1.69913	1.60.1.70245
INSTANCE_RESET_SUCCESS	1.60.1.69913	1.60.1.70245
INSTANCE_SHUTDOWN_MESSAGE	1.60.1.69913	1.60.1.70245
INSTANCE_UNAVAILABLE_OTHER_NO_VALID_ROLES	1.60.1.70170	1.60.1.70245
INSTANCE_WALK_IN_LEAVE	1.60.1.69913	1.60.1.70245
INTERACT_ICONS_DEFAULT	1.60.1.69913	1.60.1.70245
INTERACT_ICONS_OPTION	1.60.1.69913	1.60.1.70245
INTERACT_ICONS_SHOW_ALL	1.60.1.69913	1.60.1.70245
INTERACT_ICONS_SHOW_NONE	1.60.1.69913	1.60.1.70245
INTERACT_KEY_TUTORIAL	1.60.1.69913	1.60.1.70245
INTERACT_KEY_TUTORIAL_NO_INTERACT_KEY_ASSIGNED	1.60.1.69913	1.60.1.70245
INTERACT_ON_LEFT_CLICK_TEXT	1.60.1.69913	1.60.1.70245
INTERFACE_ACTION_BLOCKED	1.60.1.69913	1.60.1.70245
INTERFACE_ACTION_BLOCKED_TOOLTIP	1.60.1.69913	1.60.1.70245
INTERFACE_LABEL	1.60.1.69913	1.60.1.70245
INTERRUPT	1.60.1.69913	1.60.1.70245
INTERRUPTED	1.60.1.69913	1.60.1.70245
INTERRUPTS	1.60.1.69913	1.60.1.70245
INT_SPELL_DURATION_DAYS	1.60.1.69913	1.60.1.70245
INT_SPELL_DURATION_HOURS	1.60.1.69913	1.60.1.70245
INT_SPELL_DURATION_MIN	1.60.1.69913	1.60.1.70245
INT_SPELL_DURATION_SEC	1.60.1.69913	1.60.1.70245
INVERT_GAMEPAD_PITCH	1.60.1.69913	1.60.1.70245
INVERT_GAMEPAD_YAW	1.60.1.69913	1.60.1.70245
INVERT_MOUSE	1.60.1.69913	1.60.1.70245
INVITATION	1.60.1.69913	1.60.1.70245
INVITATION_XREALM	1.60.1.70170	1.60.1.70245
INVITE	1.60.1.69913	1.60.1.70245
INVITE_COMMUNITY_MEMBER_POPUP_INVITE_EDITBOX_INSTRUCTIONS	1.60.1.70170	1.60.1.70245
INVITE_COMMUNITY_MEMBER_POPUP_INVITE_SUB_TEXT_BNET_FRIEND	1.60.1.70170	1.60.1.70245
INVITE_COMMUNITY_MEMBER_POPUP_INVITE_SUB_TEXT_BTAG	1.60.1.69913	1.60.1.70245
INVITE_COMMUNITY_MEMBER_POPUP_INVITE_SUB_TEXT_CHARACTER	1.60.1.70170	1.60.1.70245
INVITE_COMMUNITY_MEMBER_POPUP_INVITE_TEXT	1.60.1.69913	1.60.1.70245
INVITE_COMMUNITY_MEMBER_POPUP_OPEN_INVITE_MANAGER	1.60.1.70170	1.60.1.70245
INVITE_COMMUNITY_MEMBER_POPUP_SEND_INVITE	1.60.1.69913	1.60.1.70245
INVITE_CONFIRMATION_QUEUE_WARNING	1.60.1.70170	1.60.1.70245
INVITE_CONFIRMATION_REQUEST	1.60.1.70170	1.60.1.70245
INVITE_CONFIRMATION_REQUEST_COMMUNITY	1.60.1.70170	1.60.1.70245
INVITE_CONFIRMATION_REQUEST_COMMUNITY_QUICKJOIN	1.60.1.70170	1.60.1.70245
INVITE_CONFIRMATION_REQUEST_FRIEND	1.60.1.70170	1.60.1.70245
INVITE_CONFIRMATION_REQUEST_FRIEND_QUICKJOIN	1.60.1.70170	1.60.1.70245
INVITE_CONFIRMATION_REQUEST_FROM_COMMUNITY	1.60.1.70170	1.60.1.70245
INVITE_CONFIRMATION_REQUEST_FROM_COMMUNITY_QUICKJOIN	1.60.1.70170	1.60.1.70245
INVITE_CONFIRMATION_REQUEST_GUILD	1.60.1.70170	1.60.1.70245
INVITE_CONFIRMATION_REQUEST_GUILD_QUICKJOIN	1.60.1.70170	1.60.1.70245
INVITE_CONFIRMATION_REQUEST_QUICKJOIN	1.60.1.70170	1.60.1.70245
INVITE_CONFIRMATION_SUGGEST	1.60.1.70170	1.60.1.70245
INVTYPE_2HWEAPON	1.60.1.69913	1.60.1.70245
INVTYPE_AMMO	1.60.1.69913	1.60.1.70245
INVTYPE_BAG	1.60.1.69913	1.60.1.70245
INVTYPE_BODY	1.60.1.69913	1.60.1.70245
INVTYPE_CHEST	1.60.1.69913	1.60.1.70245
INVTYPE_CLOAK	1.60.1.69913	1.60.1.70245
INVTYPE_FEET	1.60.1.69913	1.60.1.70245
INVTYPE_FINGER	1.60.1.69913	1.60.1.70245
INVTYPE_HAND	1.60.1.69913	1.60.1.70245
INVTYPE_HEAD	1.60.1.69913	1.60.1.70245
INVTYPE_HOLDABLE	1.60.1.69913	1.60.1.70245
INVTYPE_LEGS	1.60.1.69913	1.60.1.70245
INVTYPE_NECK	1.60.1.69913	1.60.1.70245
INVTYPE_QUIVER	1.60.1.69913	1.60.1.70245
INVTYPE_RANGED	1.60.1.69913	1.60.1.70245
INVTYPE_RANGEDRIGHT	1.60.1.69913	1.60.1.70245
INVTYPE_RELIC	1.60.1.69913	1.60.1.70245
INVTYPE_ROBE	1.60.1.69913	1.60.1.70245
INVTYPE_SHIELD	1.60.1.69913	1.60.1.70245
INVTYPE_SHOULDER	1.60.1.69913	1.60.1.70245
INVTYPE_TABARD	1.60.1.69913	1.60.1.70245
INVTYPE_THROWN	1.60.1.69913	1.60.1.70245
INVTYPE_TRINKET	1.60.1.69913	1.60.1.70245
INVTYPE_WAIST	1.60.1.69913	1.60.1.70245
INVTYPE_WEAPON	1.60.1.69913	1.60.1.70245
INVTYPE_WEAPONMAINHAND	1.60.1.69913	1.60.1.70245
INVTYPE_WEAPONMAINHAND_PET	1.60.1.69913	1.60.1.70245
INVTYPE_WEAPONOFFHAND	1.60.1.69913	1.60.1.70245
INVTYPE_WRIST	1.60.1.69913	1.60.1.70245
ISLAND_LEAVE	1.60.1.69913	1.60.1.70245
ITEMS	1.60.1.69913	1.60.1.70245
ITEMSLOTTEXT	1.60.1.69913	1.60.1.70245
ITEM_BIND_ON_EQUIP	1.60.1.69913	1.60.1.70245
ITEM_BIND_ON_PICKUP	1.60.1.69913	1.60.1.70245
ITEM_BIND_ON_USE	1.60.1.69913	1.60.1.70245
ITEM_BIND_QUEST	1.60.1.69913	1.60.1.70245
ITEM_CAN_BE_READ	1.60.1.69913	1.60.1.70245
ITEM_CLASSES_ALLOWED	1.60.1.69913	1.60.1.70245
ITEM_COMPARISON_CYCLING_DISABLED_MSG_MAINHAND	1.60.1.69913	1.60.1.70245
ITEM_COMPARISON_CYCLING_DISABLED_MSG_OFFHAND	1.60.1.69913	1.60.1.70245
ITEM_COMPARISON_SWAP_ITEM_MAINHAND_DESCRIPTION	1.60.1.69913	1.60.1.70245
ITEM_COMPARISON_SWAP_ITEM_OFFHAND_DESCRIPTION	1.60.1.69913	1.60.1.70245
ITEM_CONJURED	1.60.1.69913	1.60.1.70245
ITEM_COOLDOWN_TIME	1.60.1.69913	1.60.1.70245
ITEM_COOLDOWN_TIME_MIN	1.60.1.69913	1.60.1.70245
ITEM_COOLDOWN_TIME_SEC	1.60.1.69913	1.60.1.70245
ITEM_COOLDOWN_TOTAL	1.60.1.69913	1.60.1.70245
ITEM_COOLDOWN_TOTAL_MIN	1.60.1.69913	1.60.1.70245
ITEM_COOLDOWN_TOTAL_SEC	1.60.1.69913	1.60.1.70245
ITEM_DELTA_DESCRIPTION	1.60.1.69913	1.60.1.70245
ITEM_DELTA_MULTIPLE_COMPARISON_DESCRIPTION	1.60.1.69913	1.60.1.70245
ITEM_DURATION_DAYS	1.60.1.69913	1.60.1.70245
ITEM_DURATION_HOURS	1.60.1.69913	1.60.1.70245
ITEM_DURATION_MIN	1.60.1.69913	1.60.1.70245
ITEM_DURATION_SEC	1.60.1.69913	1.60.1.70245
ITEM_LEVEL	1.60.1.69913	1.60.1.70245
ITEM_LEVEL_ABBR	1.60.1.69913	1.60.1.70245
ITEM_LEVEL_RANGE	1.60.1.69913	1.60.1.70245
ITEM_LEVEL_RANGE_CURRENT	1.60.1.69913	1.60.1.70245
ITEM_LIMIT_CATEGORY	1.60.1.69913	1.60.1.70245
ITEM_LIMIT_CATEGORY_MULTIPLE	1.60.1.69913	1.60.1.70245
ITEM_LOOT	1.60.1.69913	1.60.1.70245
ITEM_MIN_LEVEL	1.60.1.69913	1.60.1.70245
ITEM_MIN_SKILL	1.60.1.69913	1.60.1.70245
ITEM_MOD_AGILITY	1.60.1.69913	1.60.1.70245
ITEM_MOD_AGILITY_OR_INTELLECT_SHORT	1.60.1.70170	1.60.1.70245
ITEM_MOD_AGILITY_OR_STRENGTH_OR_INTELLECT_SHORT	1.60.1.70170	1.60.1.70245
ITEM_MOD_AGILITY_OR_STRENGTH_SHORT	1.60.1.70170	1.60.1.70245
ITEM_MOD_AGILITY_SHORT	1.60.1.70170	1.60.1.70245
ITEM_MOD_ALCHEMY	1.60.1.69913	1.60.1.70245
ITEM_MOD_ALCHEMY_SHORT	1.60.1.70170	1.60.1.70245
ITEM_MOD_ARCANE_DAMAGE_DONE	1.60.1.69913	1.60.1.70245
ITEM_MOD_ARCANE_DAMAGE_DONE_SHORT	1.60.1.70170	1.60.1.70245
ITEM_MOD_ARCANE_PENETRATION	1.60.1.69913	1.60.1.70245
ITEM_MOD_ARCANE_PENETRATION_SHORT	1.60.1.70170	1.60.1.70245
ITEM_MOD_ARMOR_PENETRATION_RATING_SHORT	1.60.1.70170	1.60.1.70245
ITEM_MOD_ATTACK_POWER	1.60.1.69913	1.60.1.70245
ITEM_MOD_ATTACK_POWER_SHORT	1.60.1.70170	1.60.1.70245
ITEM_MOD_ATTACK_POWER_VS_BEAST_SHORT	1.60.1.70170	1.60.1.70245
ITEM_MOD_ATTACK_POWER_VS_DEMON_SHORT	1.60.1.70170	1.60.1.70245
ITEM_MOD_ATTACK_POWER_VS_DRAGONKIN_SHORT	1.60.1.70170	1.60.1.70245
ITEM_MOD_ATTACK_POWER_VS_ELEMENTAL_SHORT	1.60.1.70170	1.60.1.70245
ITEM_MOD_ATTACK_POWER_VS_GIANT_SHORT	1.60.1.70170	1.60.1.70245
ITEM_MOD_ATTACK_POWER_VS_HUMANOID_SHORT	1.60.1.70170	1.60.1.70245
ITEM_MOD_ATTACK_POWER_VS_MECHANICAL_SHORT	1.60.1.70170	1.60.1.70245
ITEM_MOD_ATTACK_POWER_VS_UNDEAD_SHORT	1.60.1.70170	1.60.1.70245
ITEM_MOD_AXES	1.60.1.69913	1.60.1.70245
ITEM_MOD_AXES_SHORT	1.60.1.70170	1.60.1.70245
ITEM_MOD_BLACKSMITHING	1.60.1.69913	1.60.1.70245
ITEM_MOD_BLACKSMITHING_SHORT	1.60.1.70170	1.60.1.70245
ITEM_MOD_BLOCK_RATING_SHORT	1.60.1.70170	1.60.1.70245
ITEM_MOD_BLOCK_VALUE	1.60.1.69913	1.60.1.70245
ITEM_MOD_BLOCK_VALUE_SHORT	1.60.1.70170	1.60.1.70245
ITEM_MOD_BOWS	1.60.1.69913	1.60.1.70245
ITEM_MOD_BOWS_SHORT	1.60.1.70170	1.60.1.70245
ITEM_MOD_COOKING	1.60.1.69913	1.60.1.70245
ITEM_MOD_COOKING_SHORT	1.60.1.70170	1.60.1.70245
ITEM_MOD_CRAFTING_SPEED_SHORT	1.60.1.70170	1.60.1.70245
ITEM_MOD_CRIT_MELEE_RATING_SHORT	1.60.1.70170	1.60.1.70245
ITEM_MOD_CRIT_RANGED_RATING_SHORT	1.60.1.70170	1.60.1.70245
ITEM_MOD_CRIT_RATING_SHORT	1.60.1.70170	1.60.1.70245
ITEM_MOD_CRIT_SPELL_RATING_SHORT	1.60.1.70170	1.60.1.70245
ITEM_MOD_CRIT_TAKEN_MELEE_RATING_SHORT	1.60.1.70170	1.60.1.70245
ITEM_MOD_CRIT_TAKEN_RANGED_RATING_SHORT	1.60.1.70170	1.60.1.70245
ITEM_MOD_CRIT_TAKEN_RATING_SHORT	1.60.1.70170	1.60.1.70245
ITEM_MOD_CRIT_TAKEN_SPELL_RATING_SHORT	1.60.1.70170	1.60.1.70245
ITEM_MOD_CROSSBOWS	1.60.1.69913	1.60.1.70245
ITEM_MOD_CROSSBOWS_SHORT	1.60.1.70170	1.60.1.70245
ITEM_MOD_CR_AVOIDANCE_SHORT	1.60.1.70170	1.60.1.70245
ITEM_MOD_CR_LIFESTEAL_SHORT	1.60.1.70170	1.60.1.70245
ITEM_MOD_CR_MULTISTRIKE_SHORT	1.60.1.70170	1.60.1.70245
ITEM_MOD_CR_SPEED_SHORT	1.60.1.70170	1.60.1.70245
ITEM_MOD_CR_STURDINESS_SHORT	1.60.1.70170	1.60.1.70245
ITEM_MOD_CR_UNUSED_1_SHORT	1.60.1.70170	1.60.1.70245
ITEM_MOD_CR_UNUSED_3_SHORT	1.60.1.70170	1.60.1.70245
ITEM_MOD_CR_UNUSED_4_SHORT	1.60.1.70170	1.60.1.70245
ITEM_MOD_CR_UNUSED_5_SHORT	1.60.1.70170	1.60.1.70245
ITEM_MOD_CR_UNUSED_6_SHORT	1.60.1.70170	1.60.1.70245
ITEM_MOD_CR_UNUSED_9_SHORT	1.60.1.70170	1.60.1.70245
ITEM_MOD_DAGGERS	1.60.1.69913	1.60.1.70245
ITEM_MOD_DAGGERS_SHORT	1.60.1.70170	1.60.1.70245
ITEM_MOD_DAMAGE_PER_SECOND_SHORT	1.60.1.70170	1.60.1.70245
ITEM_MOD_DEFENSE_SKILL_RATING_SHORT	1.60.1.70170	1.60.1.70245
ITEM_MOD_DEFTNESS_SHORT	1.60.1.70170	1.60.1.70245
ITEM_MOD_DODGE_RATING_SHORT	1.60.1.70170	1.60.1.70245
ITEM_MOD_DUAL_WIELD	1.60.1.69913	1.60.1.70245
ITEM_MOD_DUAL_WIELD_SHORT	1.60.1.70170	1.60.1.70245
ITEM_MOD_ENCHANTING	1.60.1.69913	1.60.1.70245
ITEM_MOD_ENCHANTING_SHORT	1.60.1.70170	1.60.1.70245
ITEM_MOD_ENGINEERING	1.60.1.69913	1.60.1.70245
ITEM_MOD_ENGINEERING_SHORT	1.60.1.70170	1.60.1.70245
ITEM_MOD_EXPERTISE_RATING_SHORT	1.60.1.70170	1.60.1.70245
ITEM_MOD_EXTRA_ARMOR_SHORT	1.60.1.70170	1.60.1.70245
ITEM_MOD_FERAL_ATTACK_POWER	1.60.1.69913	1.60.1.70245
ITEM_MOD_FERAL_ATTACK_POWER_SHORT	1.60.1.70170	1.60.1.70245
ITEM_MOD_FINESSE_SHORT	1.60.1.70170	1.60.1.70245
ITEM_MOD_FIRE_DAMAGE_DONE	1.60.1.69913	1.60.1.70245
ITEM_MOD_FIRE_DAMAGE_DONE_SHORT	1.60.1.70170	1.60.1.70245
ITEM_MOD_FIRE_PENETRATION	1.60.1.69913	1.60.1.70245
ITEM_MOD_FIRE_PENETRATION_SHORT	1.60.1.70170	1.60.1.70245
ITEM_MOD_FIRST_AID	1.60.1.69913	1.60.1.70245
ITEM_MOD_FIRST_AID_SHORT	1.60.1.70170	1.60.1.70245
ITEM_MOD_FISHING	1.60.1.69913	1.60.1.70245
ITEM_MOD_FISHING_SHORT	1.60.1.70170	1.60.1.70245
ITEM_MOD_FIST_WEAPONS	1.60.1.69913	1.60.1.70245
ITEM_MOD_FIST_WEAPONS_SHORT	1.60.1.70170	1.60.1.70245
ITEM_MOD_FROST_DAMAGE_DONE	1.60.1.69913	1.60.1.70245
ITEM_MOD_FROST_DAMAGE_DONE_SHORT	1.60.1.70170	1.60.1.70245
ITEM_MOD_FROST_PENETRATION	1.60.1.69913	1.60.1.70245
ITEM_MOD_FROST_PENETRATION_SHORT	1.60.1.70170	1.60.1.70245
ITEM_MOD_GUNS	1.60.1.69913	1.60.1.70245
ITEM_MOD_GUNS_SHORT	1.60.1.70170	1.60.1.70245
ITEM_MOD_HASTE_RATING_SHORT	1.60.1.70170	1.60.1.70245
ITEM_MOD_HEALTH	1.60.1.69913	1.60.1.70245
ITEM_MOD_HEALTH_REGEN	1.60.1.69913	1.60.1.70245
ITEM_MOD_HEALTH_REGENERATION	1.60.1.69913	1.60.1.70245
ITEM_MOD_HEALTH_REGENERATION_SHORT	1.60.1.70170	1.60.1.70245
ITEM_MOD_HEALTH_REGEN_SHORT	1.60.1.70170	1.60.1.70245
ITEM_MOD_HEALTH_SHORT	1.60.1.70170	1.60.1.70245
ITEM_MOD_HERBALISM	1.60.1.69913	1.60.1.70245
ITEM_MOD_HERBALISM_SHORT	1.60.1.70170	1.60.1.70245
ITEM_MOD_HIT_MELEE_RATING_SHORT	1.60.1.70170	1.60.1.70245
ITEM_MOD_HIT_RANGED_RATING_SHORT	1.60.1.70170	1.60.1.70245
ITEM_MOD_HIT_RATING_SHORT	1.60.1.70170	1.60.1.70245
ITEM_MOD_HIT_SPELL_RATING_SHORT	1.60.1.70170	1.60.1.70245
ITEM_MOD_HIT_TAKEN_MELEE_RATING_SHORT	1.60.1.70170	1.60.1.70245
ITEM_MOD_HIT_TAKEN_RANGED_RATING_SHORT	1.60.1.70170	1.60.1.70245
ITEM_MOD_HIT_TAKEN_RATING_SHORT	1.60.1.70170	1.60.1.70245
ITEM_MOD_HIT_TAKEN_SPELL_RATING_SHORT	1.60.1.70170	1.60.1.70245
ITEM_MOD_HOLY_DAMAGE_DONE	1.60.1.69913	1.60.1.70245
ITEM_MOD_HOLY_DAMAGE_DONE_SHORT	1.60.1.70170	1.60.1.70245
ITEM_MOD_INGENUITY_SHORT	1.60.1.70170	1.60.1.70245
ITEM_MOD_INSPIRATION_SHORT	1.60.1.70170	1.60.1.70245
ITEM_MOD_INTELLECT	1.60.1.69913	1.60.1.70245
ITEM_MOD_INTELLECT_SHORT	1.60.1.70170	1.60.1.70245
ITEM_MOD_JEWELCRAFTING_SHORT	1.60.1.70170	1.60.1.70245
ITEM_MOD_LEATHERWORKING	1.60.1.69913	1.60.1.70245
ITEM_MOD_LEATHERWORKING_SHORT	1.60.1.70170	1.60.1.70245
ITEM_MOD_MACES	1.60.1.69913	1.60.1.70245
ITEM_MOD_MACES_SHORT	1.60.1.70170	1.60.1.70245
ITEM_MOD_MANA	1.60.1.69913	1.60.1.70245
ITEM_MOD_MANA_REGENERATION	1.60.1.69913	1.60.1.70245
ITEM_MOD_MANA_REGENERATION_SHORT	1.60.1.70170	1.60.1.70245
ITEM_MOD_MANA_SHORT	1.60.1.70170	1.60.1.70245
ITEM_MOD_MASTERY_RATING_SHORT	1.60.1.70170	1.60.1.70245
ITEM_MOD_MELEE_ATTACK_POWER_SHORT	1.60.1.70170	1.60.1.70245
ITEM_MOD_MINING	1.60.1.69913	1.60.1.70245
ITEM_MOD_MINING_SHORT	1.60.1.70170	1.60.1.70245
ITEM_MOD_MULTICRAFT_SHORT	1.60.1.70170	1.60.1.70245
ITEM_MOD_NATURE_DAMAGE_DONE	1.60.1.69913	1.60.1.70245
ITEM_MOD_NATURE_DAMAGE_DONE_SHORT	1.60.1.70170	1.60.1.70245
ITEM_MOD_NATURE_PENETRATION	1.60.1.69913	1.60.1.70245
ITEM_MOD_NATURE_PENETRATION_SHORT	1.60.1.70170	1.60.1.70245
ITEM_MOD_PARRY_RATING_SHORT	1.60.1.70170	1.60.1.70245
ITEM_MOD_PERCEPTION_SHORT	1.60.1.70170	1.60.1.70245
ITEM_MOD_PHYSICAL_DAMAGE_DONE	1.60.1.69913	1.60.1.70245
ITEM_MOD_PHYSICAL_DAMAGE_DONE_SHORT	1.60.1.70170	1.60.1.70245
ITEM_MOD_POLEARMS	1.60.1.69913	1.60.1.70245
ITEM_MOD_POLEARMS_SHORT	1.60.1.70170	1.60.1.70245
ITEM_MOD_POWER_REGEN0_SHORT	1.60.1.70170	1.60.1.70245
ITEM_MOD_POWER_REGEN1_SHORT	1.60.1.70170	1.60.1.70245
ITEM_MOD_POWER_REGEN2_SHORT	1.60.1.70170	1.60.1.70245
ITEM_MOD_POWER_REGEN3_SHORT	1.60.1.70170	1.60.1.70245
ITEM_MOD_POWER_REGEN4_SHORT	1.60.1.70170	1.60.1.70245
ITEM_MOD_POWER_REGEN5_SHORT	1.60.1.70170	1.60.1.70245
ITEM_MOD_POWER_REGEN6_SHORT	1.60.1.70170	1.60.1.70245
ITEM_MOD_PVP_POWER_SHORT	1.60.1.70170	1.60.1.70245
ITEM_MOD_PVP_PRIMARY_STAT_SHORT	1.60.1.70170	1.60.1.70245
ITEM_MOD_RANGED_ATTACK_POWER	1.60.1.69913	1.60.1.70245
ITEM_MOD_RANGED_ATTACK_POWER_SHORT	1.60.1.70170	1.60.1.70245
ITEM_MOD_RESILIENCE_RATING_SHORT	1.60.1.70170	1.60.1.70245
ITEM_MOD_RESOURCEFULNESS_SHORT	1.60.1.70170	1.60.1.70245
ITEM_MOD_SHADOW_DAMAGE_DONE	1.60.1.69913	1.60.1.70245
ITEM_MOD_SHADOW_DAMAGE_DONE_SHORT	1.60.1.70170	1.60.1.70245
ITEM_MOD_SHADOW_PENETRATION	1.60.1.69913	1.60.1.70245
ITEM_MOD_SHADOW_PENETRATION_SHORT	1.60.1.70170	1.60.1.70245
ITEM_MOD_SKINNING	1.60.1.69913	1.60.1.70245
ITEM_MOD_SKINNING_SHORT	1.60.1.70170	1.60.1.70245
ITEM_MOD_SPELL_DAMAGE_DONE	1.60.1.69913	1.60.1.70245
ITEM_MOD_SPELL_DAMAGE_DONE_SHORT	1.60.1.70170	1.60.1.70245
ITEM_MOD_SPELL_DAMAGE_VS_BEAST_SHORT	1.60.1.70170	1.60.1.70245
ITEM_MOD_SPELL_DAMAGE_VS_DEMON_SHORT	1.60.1.70170	1.60.1.70245
ITEM_MOD_SPELL_DAMAGE_VS_DRAGONKIN_SHORT	1.60.1.70170	1.60.1.70245
ITEM_MOD_SPELL_DAMAGE_VS_ELEMENTAL_SHORT	1.60.1.70170	1.60.1.70245
ITEM_MOD_SPELL_DAMAGE_VS_GIANT_SHORT	1.60.1.70170	1.60.1.70245
ITEM_MOD_SPELL_DAMAGE_VS_HUMANOID_SHORT	1.60.1.70170	1.60.1.70245
ITEM_MOD_SPELL_DAMAGE_VS_MECHANICAL_SHORT	1.60.1.70170	1.60.1.70245
ITEM_MOD_SPELL_DAMAGE_VS_UNDEAD_SHORT	1.60.1.70170	1.60.1.70245
ITEM_MOD_SPELL_HEALING_DONE	1.60.1.69913	1.60.1.70245
ITEM_MOD_SPELL_HEALING_DONE_SHORT	1.60.1.70170	1.60.1.70245
ITEM_MOD_SPELL_PENETRATION	1.60.1.69913	1.60.1.70245
ITEM_MOD_SPELL_PENETRATION_SHORT	1.60.1.70170	1.60.1.70245
ITEM_MOD_SPELL_POWER_SHORT	1.60.1.70170	1.60.1.70245
ITEM_MOD_SPELL_RESISTANCE_ALL_SCHOOLS	1.60.1.69913	1.60.1.70245
ITEM_MOD_SPELL_RESISTANCE_ALL_SCHOOLS_SHORT	1.60.1.70170	1.60.1.70245
ITEM_MOD_SPIRIT	1.60.1.69913	1.60.1.70245
ITEM_MOD_SPIRIT_SHORT	1.60.1.70170	1.60.1.70245
ITEM_MOD_STAMINA	1.60.1.69913	1.60.1.70245
ITEM_MOD_STAMINA_SHORT	1.60.1.70170	1.60.1.70245
ITEM_MOD_STAVES	1.60.1.69913	1.60.1.70245
ITEM_MOD_STAVES_SHORT	1.60.1.70170	1.60.1.70245
ITEM_MOD_STRENGTH	1.60.1.69913	1.60.1.70245
ITEM_MOD_STRENGTH_OR_INTELLECT_SHORT	1.60.1.70170	1.60.1.70245
ITEM_MOD_STRENGTH_SHORT	1.60.1.70170	1.60.1.70245
ITEM_MOD_SWORDS	1.60.1.69913	1.60.1.70245
ITEM_MOD_SWORDS_SHORT	1.60.1.70170	1.60.1.70245
ITEM_MOD_TAILORING	1.60.1.69913	1.60.1.70245
ITEM_MOD_TAILORING_SHORT	1.60.1.70170	1.60.1.70245
ITEM_MOD_THROWN	1.60.1.69913	1.60.1.70245
ITEM_MOD_THROWN_SHORT	1.60.1.70170	1.60.1.70245
ITEM_MOD_TWOHANDED_AXES	1.60.1.69913	1.60.1.70245
ITEM_MOD_TWOHANDED_AXES_SHORT	1.60.1.70170	1.60.1.70245
ITEM_MOD_TWOHANDED_MACES	1.60.1.69913	1.60.1.70245
ITEM_MOD_TWOHANDED_MACES_SHORT	1.60.1.70170	1.60.1.70245
ITEM_MOD_TWOHANDED_SWORDS	1.60.1.69913	1.60.1.70245
ITEM_MOD_TWOHANDED_SWORDS_SHORT	1.60.1.70170	1.60.1.70245
ITEM_MOD_WANDS	1.60.1.69913	1.60.1.70245
ITEM_MOD_WANDS_SHORT	1.60.1.70170	1.60.1.70245
ITEM_NAMES	1.60.1.69913	1.60.1.70245
ITEM_NAMES_SHOW_BRACES_COMBATLOG_TOOLTIP	1.60.1.69913	1.60.1.70245
ITEM_NO_DROP	1.60.1.69913	1.60.1.70245
ITEM_OPENABLE	1.60.1.69913	1.60.1.70245
ITEM_PURCHASED_COLON	1.60.1.69913	1.60.1.70245
ITEM_QUALITY0_DESC	1.60.1.69913	1.60.1.70245
ITEM_QUALITY1_DESC	1.60.1.69913	1.60.1.70245
ITEM_QUALITY2_DESC	1.60.1.69913	1.60.1.70245
ITEM_QUALITY3_DESC	1.60.1.69913	1.60.1.70245
ITEM_QUALITY4_DESC	1.60.1.69913	1.60.1.70245
ITEM_QUALITY5_DESC	1.60.1.69913	1.60.1.70245
ITEM_QUALITY6_DESC	1.60.1.69913	1.60.1.70245
ITEM_QUALITY7_DESC	1.60.1.69913	1.60.1.70245
ITEM_RACES_ALLOWED	1.60.1.69913	1.60.1.70245
ITEM_RANDOM_ENCHANT	1.60.1.69913	1.60.1.70245
ITEM_READABLE	1.60.1.69913	1.60.1.70245
ITEM_REQ_ALLIANCE	1.60.1.69913	1.60.1.70245
ITEM_REQ_AMOUNT_EARNED	1.60.1.69913	1.60.1.70245
ITEM_REQ_HORDE	1.60.1.69913	1.60.1.70245
ITEM_REQ_REPUTATION	1.60.1.69913	1.60.1.70245
ITEM_REQ_SKILL	1.60.1.69913	1.60.1.70245
ITEM_RESIST_ALL	1.60.1.69913	1.60.1.70245
ITEM_RESIST_SINGLE	1.60.1.69913	1.60.1.70245
ITEM_SIGNABLE	1.60.1.69913	1.60.1.70245
ITEM_SOCKETING	1.60.1.69913	1.60.1.70245
ITEM_SOLD_COLON	1.60.1.69913	1.60.1.70245
ITEM_SOULBOUND	1.60.1.69913	1.60.1.70245
ITEM_SPELL_CHARGES_NONE	1.60.1.69913	1.60.1.70245
ITEM_SPELL_EFFECT	1.60.1.69913	1.60.1.70245
ITEM_SPELL_KNOWN	1.60.1.69913	1.60.1.70245
ITEM_SPELL_MAX_USABLE_LEVEL	1.60.1.69913	1.60.1.70245
ITEM_SPELL_TRIGGER_ONEQUIP	1.60.1.69913	1.60.1.70245
ITEM_STARTS_QUEST	1.60.1.69913	1.60.1.70245
ITEM_UNIQUE	1.60.1.69913	1.60.1.70245
ITEM_UNIQUE_EQUIPPABLE	1.60.1.69913	1.60.1.70245
ITEM_UNIQUE_MULTIPLE	1.60.1.69913	1.60.1.70245
ITEM_UNSELLABLE	1.60.1.69913	1.60.1.70245
ITEM_UPGRADE	1.60.1.69913	1.60.1.70245
ITEM_UPGRADED_LABEL	1.60.1.69913	1.60.1.70245
ITEM_UPGRADE_DESCRIPTION	1.60.1.69913	1.60.1.70245
ITEM_UPGRADE_FRAME_UPGRADE_TO	1.60.1.69913	1.60.1.70245
ITEM_UPGRADE_NO_MORE_UPGRADES	1.60.1.69913	1.60.1.70245
ITEM_VENDOR_STACK_BUY	1.60.1.69913	1.60.1.70245
ITEM_WRITTEN_BY	1.60.1.69913	1.60.1.70245
InstanceEntryFailure:1553	1.60.1.70170	1.60.1.70245
InstanceEntryFailure:1564	1.60.1.70170	1.60.1.70245
InstanceEntryFailure:1565	1.60.1.70170	1.60.1.70245
InstanceEntryFailure:1992	1.60.1.70170	1.60.1.70245
InstanceEntryFailure:3876	1.60.1.70170	1.60.1.70245
InstanceEntryFailure:4166	1.60.1.70170	1.60.1.70245
InstanceEntryFailure:4175	1.60.1.70170	1.60.1.70245
InstanceEntryMessage:10	1.60.1.70170	1.60.1.70245
InstanceEntryMessage:15	1.60.1.70170	1.60.1.70245
InstanceEntryMessage:17	1.60.1.70170	1.60.1.70245
InstanceEntryMessage:18	1.60.1.70170	1.60.1.70245
InstanceEntryMessage:19	1.60.1.70170	1.60.1.70245
InstanceEntryMessage:20	1.60.1.70170	1.60.1.70245
InstanceEntryMessage:22	1.60.1.70170	1.60.1.70245
InstanceEntryMessage:23	1.60.1.70170	1.60.1.70245
InstanceEntryMessage:24	1.60.1.70170	1.60.1.70245
InstanceEntryMessage:25	1.60.1.70170	1.60.1.70245
InstanceEntryMessage:27	1.60.1.70170	1.60.1.70245
InstanceEntryMessage:28	1.60.1.70170	1.60.1.70245
InstanceEntryMessage:30	1.60.1.70170	1.60.1.70245
InstanceEntryMessage:34	1.60.1.70170	1.60.1.70245
InstanceEntryMessage:35	1.60.1.70170	1.60.1.70245
InstanceEntryMessage:7	1.60.1.70170	1.60.1.70245
InstanceEntryMessage:8	1.60.1.70170	1.60.1.70245
ItemNameDescription:13967	1.60.1.70009	1.60.1.70245
ItemNameDescription:13968	1.60.1.70009	1.60.1.70245
ItemNameDescription:14120	1.60.1.70009	1.60.1.70245
ItemNameDescription:14245	1.60.1.70009	1.60.1.70245
ItemSubClass:1:0	1.60.1.69913	1.60.1.70245
ItemSubClass:1:1	1.60.1.69913	1.60.1.70245
ItemSubClass:1:10	1.60.1.69913	1.60.1.70245
ItemSubClass:1:11	1.60.1.69913	1.60.1.70245
ItemSubClass:1:12	1.60.1.69913	1.60.1.70245
ItemSubClass:1:2	1.60.1.69913	1.60.1.70245
ItemSubClass:1:3	1.60.1.69913	1.60.1.70245
ItemSubClass:1:4	1.60.1.69913	1.60.1.70245
ItemSubClass:1:6	1.60.1.69913	1.60.1.70245
ItemSubClass:1:7	1.60.1.69913	1.60.1.70245
ItemSubClass:1:9	1.60.1.69913	1.60.1.70245
ItemSubClass:2:0	1.60.1.69913	1.60.1.70245
ItemSubClass:2:1	1.60.1.69913	1.60.1.70245
ItemSubClass:2:10	1.60.1.69913	1.60.1.70245
ItemSubClass:2:11	1.60.1.69913	1.60.1.70245
ItemSubClass:2:12	1.60.1.69913	1.60.1.70245
ItemSubClass:2:13	1.60.1.69913	1.60.1.70245
ItemSubClass:2:14	1.60.1.69913	1.60.1.70245
ItemSubClass:2:15	1.60.1.69913	1.60.1.70245
ItemSubClass:2:16	1.60.1.69913	1.60.1.70245
ItemSubClass:2:17	1.60.1.69913	1.60.1.70245
ItemSubClass:2:18	1.60.1.69913	1.60.1.70245
ItemSubClass:2:19	1.60.1.69913	1.60.1.70245
ItemSubClass:2:2	1.60.1.69913	1.60.1.70245
ItemSubClass:2:20	1.60.1.69913	1.60.1.70245
ItemSubClass:2:3	1.60.1.69913	1.60.1.70245
ItemSubClass:2:4	1.60.1.69913	1.60.1.70245
ItemSubClass:2:5	1.60.1.69913	1.60.1.70245
ItemSubClass:2:6	1.60.1.69913	1.60.1.70245
ItemSubClass:2:7	1.60.1.69913	1.60.1.70245
ItemSubClass:2:8	1.60.1.69913	1.60.1.70245
ItemSubClass:4:0	1.60.1.69913	1.60.1.70245
ItemSubClass:4:1	1.60.1.69913	1.60.1.70245
ItemSubClass:4:2	1.60.1.69913	1.60.1.70245
ItemSubClass:4:3	1.60.1.69913	1.60.1.70245
ItemSubClass:4:4	1.60.1.69913	1.60.1.70245
ItemSubClass:4:6	1.60.1.69913	1.60.1.70245
ItemSubClass:4:7	1.60.1.69913	1.60.1.70245
ItemSubClass:4:8	1.60.1.69913	1.60.1.70245
ItemSubClass:4:9	1.60.1.69913	1.60.1.70245
ItemSubClassMask:3	1.60.1.70170	1.60.1.70245
ItemSubClassMask:4	1.60.1.70170	1.60.1.70245
ItemSubClassMask:5	1.60.1.70170	1.60.1.70245
ItemSubClassName:0:0	1.60.1.70009	1.60.1.70245
ItemSubClassName:0:1	1.60.1.70009	1.60.1.70245
ItemSubClassName:0:13	1.60.1.70009	1.60.1.70245
ItemSubClassName:0:14	1.60.1.70009	1.60.1.70245
ItemSubClassName:0:15	1.60.1.70009	1.60.1.70245
ItemSubClassName:0:2	1.60.1.70009	1.60.1.70245
ItemSubClassName:0:3	1.60.1.70009	1.60.1.70245
ItemSubClassName:0:4	1.60.1.70009	1.60.1.70245
ItemSubClassName:0:5	1.60.1.70009	1.60.1.70245
ItemSubClassName:0:6	1.60.1.70009	1.60.1.70245
ItemSubClassName:0:7	1.60.1.70009	1.60.1.70245
ItemSubClassName:0:8	1.60.1.70009	1.60.1.70245
ItemSubClassName:11:2	1.60.1.70009	1.60.1.70245
ItemSubClassName:11:3	1.60.1.70009	1.60.1.70245
ItemSubClassName:12:0	1.60.1.70009	1.60.1.70245
ItemSubClassName:13:0	1.60.1.70009	1.60.1.70245
ItemSubClassName:13:1	1.60.1.70009	1.60.1.70245
ItemSubClassName:15:0	1.60.1.70009	1.60.1.70245
ItemSubClassName:15:2	1.60.1.70009	1.60.1.70245
ItemSubClassName:15:3	1.60.1.70009	1.60.1.70245
ItemSubClassName:15:5	1.60.1.70009	1.60.1.70245
ItemSubClassName:1:0	1.60.1.70009	1.60.1.70245
ItemSubClassName:1:1	1.60.1.70009	1.60.1.70245
ItemSubClassName:1:10	1.60.1.70009	1.60.1.70245
ItemSubClassName:1:11	1.60.1.70009	1.60.1.70245
ItemSubClassName:1:12	1.60.1.70009	1.60.1.70245
ItemSubClassName:1:2	1.60.1.70009	1.60.1.70245
ItemSubClassName:1:3	1.60.1.70009	1.60.1.70245
ItemSubClassName:1:4	1.60.1.70009	1.60.1.70245
ItemSubClassName:1:6	1.60.1.70009	1.60.1.70245
ItemSubClassName:1:7	1.60.1.70009	1.60.1.70245
ItemSubClassName:1:9	1.60.1.70009	1.60.1.70245
ItemSubClassName:2:0	1.60.1.70009	1.60.1.70245
ItemSubClassName:2:1	1.60.1.70009	1.60.1.70245
ItemSubClassName:2:10	1.60.1.70009	1.60.1.70245
ItemSubClassName:2:11	1.60.1.70009	1.60.1.70245
ItemSubClassName:2:12	1.60.1.70009	1.60.1.70245
ItemSubClassName:2:13	1.60.1.70009	1.60.1.70245
ItemSubClassName:2:14	1.60.1.70009	1.60.1.70245
ItemSubClassName:2:15	1.60.1.70009	1.60.1.70245
ItemSubClassName:2:16	1.60.1.70009	1.60.1.70245
ItemSubClassName:2:17	1.60.1.70009	1.60.1.70245
ItemSubClassName:2:18	1.60.1.70009	1.60.1.70245
ItemSubClassName:2:19	1.60.1.70009	1.60.1.70245
ItemSubClassName:2:2	1.60.1.70009	1.60.1.70245
ItemSubClassName:2:20	1.60.1.70009	1.60.1.70245
ItemSubClassName:2:3	1.60.1.70009	1.60.1.70245
ItemSubClassName:2:4	1.60.1.70009	1.60.1.70245
ItemSubClassName:2:5	1.60.1.70009	1.60.1.70245
ItemSubClassName:2:6	1.60.1.70009	1.60.1.70245
ItemSubClassName:2:7	1.60.1.70009	1.60.1.70245
ItemSubClassName:2:8	1.60.1.70009	1.60.1.70245
ItemSubClassName:2:9	1.60.1.70009	1.60.1.70245
ItemSubClassName:4:1	1.60.1.70009	1.60.1.70245
ItemSubClassName:4:2	1.60.1.70009	1.60.1.70245
ItemSubClassName:4:3	1.60.1.70009	1.60.1.70245
ItemSubClassName:4:4	1.60.1.70009	1.60.1.70245
ItemSubClassName:4:5	1.60.1.70009	1.60.1.70245
ItemSubClassName:4:6	1.60.1.70009	1.60.1.70245
ItemSubClassName:4:7	1.60.1.70009	1.60.1.70245
ItemSubClassName:4:8	1.60.1.70009	1.60.1.70245
ItemSubClassName:4:9	1.60.1.70009	1.60.1.70245
ItemSubClassName:5:0	1.60.1.70009	1.60.1.70245
ItemSubClassName:6:2	1.60.1.70009	1.60.1.70245
ItemSubClassName:6:3	1.60.1.70009	1.60.1.70245
ItemSubClassName:7:1	1.60.1.70009	1.60.1.70245
ItemSubClassName:7:10	1.60.1.70009	1.60.1.70245
ItemSubClassName:7:7	1.60.1.70009	1.60.1.70245
ItemSubClassName:7:9	1.60.1.70009	1.60.1.70245
ItemSubClassName:9:0	1.60.1.70009	1.60.1.70245
JOIN_QUEUE	1.60.1.69913	1.60.1.70245
JOIN_THE_ALLIANCE	1.60.1.70170	1.60.1.70245
JOIN_THE_HORDE	1.60.1.70170	1.60.1.70245
JOURNEYMAN	1.60.1.69913	1.60.1.70245
JOURNEYS_MAX_RENOWN_LABEL	1.60.1.70170	1.60.1.70245
JOURNEY_UNLOCKED_TOAST	1.60.1.69913	1.60.1.70245
KEYBINDINGFRAME_MOUSEWHEEL_ERROR	1.60.1.69913	1.60.1.70245
KEYRING	1.60.1.69913	1.60.1.70245
KEY_BINDING_NAME_AND_KEY	1.60.1.69913	1.60.1.70245
KEY_BINDING_TOOLTIP	1.60.1.69913	1.60.1.70245
KEY_BOUND	1.60.1.69913	1.60.1.70245
KEY_MOUSEWHEELDOWN	1.60.1.70170	1.60.1.70245
KEY_MOUSEWHEELUP	1.60.1.70170	1.60.1.70245
KEY_UNBOUND_ERROR	1.60.1.69913	1.60.1.70245
KILLING_BLOW_TOOLTIP	1.60.1.69913	1.60.1.70245
KILLING_BLOW_TOOLTIP_TITLE	1.60.1.69913	1.60.1.70245
KILLS	1.60.1.69913	1.60.1.70245
KILLS_COMBATLOG_TOOLTIP	1.60.1.69913	1.60.1.70245
LABEL_NOTE	1.60.1.69913	1.60.1.69913
LAIR	1.60.1.70170	1.60.1.70245
LANGUAGE	1.60.1.69913	1.60.1.70245
LANGUAGES_LABEL	1.60.1.69913	1.60.1.70245
LANGUAGES_SETTINGS_LABEL	1.60.1.69913	1.60.1.70245
LANGUAGES_SOCIAL_LABEL	1.60.1.69913	1.60.1.70245
LARGE	1.60.1.69913	1.60.1.70245
LASTONLINE	1.60.1.69913	1.60.1.69913
LASTONLINE_DAYS	1.60.1.69913	1.60.1.70245
LASTONLINE_HOURS	1.60.1.69913	1.60.1.70245
LASTONLINE_MINS	1.60.1.69913	1.60.1.70245
LASTONLINE_MINUTES	1.60.1.69913	1.60.1.70245
LASTONLINE_MONTHS	1.60.1.69913	1.60.1.70245
LASTONLINE_SECS	1.60.1.69913	1.60.1.70245
LASTONLINE_YEARS	1.60.1.69913	1.60.1.70245
LAST_ONLINE_COLON	1.60.1.69913	1.60.1.70245
LATER	1.60.1.69913	1.60.1.70245
LATEST_UNLOCKED_ACHIEVEMENTS	1.60.1.69913	1.60.1.70245
LEARN	1.60.1.69913	1.60.1.69913
LEARN_SKILL_TEMPLATE	1.60.1.69913	1.60.1.70245
LEARN_SPELL_OBJECTIVE	1.60.1.69913	1.60.1.70245
LEAVE	1.60.1.69913	1.60.1.70245
LEAVE_ALL_QUEUES	1.60.1.69913	1.60.1.70245
LEAVE_ARENA	1.60.1.69913	1.60.1.70245
LEAVE_BATTLEGROUND	1.60.1.69913	1.60.1.70245
LEAVE_LFD_BATTLEFIELD	1.60.1.69913	1.60.1.70245
LEAVE_QUEUE	1.60.1.69913	1.60.1.70245
LEAVE_VEHICLE	1.60.1.69913	1.60.1.70245
LEAVE_ZONE	1.60.1.69913	1.60.1.70245
LEAVING_COMBAT	1.60.1.69913	1.60.1.70245
LEFTSHOULDERSLOT	1.60.1.69913	1.60.1.70245
LEFT_BUTTON_STRING	1.60.1.69913	1.60.1.70245
LEGACY_BUTTON	1.60.1.69913	1.60.1.70245
LEGACY_CHALLENGE_FRAME_TITLE	1.60.1.69913	1.60.1.70245
LEGACY_CHALLENGE_TAB_TOOLTIP	1.60.1.69913	1.60.1.70245
LEGACY_LIQUID_DETAIL	1.60.1.69913	1.60.1.70245
LEGACY_MICRO_BUTTON_LOCKED_TOOLTIP	1.60.1.69913	1.60.1.70245
LEGACY_NO_CHALLENGES	1.60.1.69913	1.60.1.70245
LEGACY_POINTS_AVAILABLE	1.60.1.69913	1.60.1.70245
LEGACY_POINTS_CURR_MAX	1.60.1.69913	1.60.1.70245
LEGACY_POINTS_SEASONAL_CAP	1.60.1.69913	1.60.1.70245
LEGACY_RAID_DIFFICULTY	1.60.1.70170	1.60.1.70245
LEGACY_REWARD_TRACK_POINTS	1.60.1.69913	1.60.1.70245
LEGACY_REWARD_TRACK_TAB_TOOLTIP	1.60.1.69913	1.60.1.70245
LEGACY_TRACK_FRAME_TITLE	1.60.1.69913	1.60.1.70245
LEGACY_TREE_ADVENTURE	1.60.1.69913	1.60.1.70245
LEGACY_TREE_FRAME_TITLE	1.60.1.69913	1.60.1.70245
LEGACY_TREE_PROFESSIONS	1.60.1.69913	1.60.1.70245
LEGACY_TREE_PROGRESSION	1.60.1.69913	1.60.1.70245
LEGACY_TREE_TAB_TOOLTIP	1.60.1.69913	1.60.1.70245
LEGSSLOT	1.60.1.69913	1.60.1.70245
LESS_THAN_ONE_MINUTE	1.60.1.69913	1.60.1.70245
LEVEL	1.60.1.69913	1.60.1.70245
LEVEL_GAINED	1.60.1.69913	1.60.1.70245
LEVEL_UP_FEATURE2	1.60.1.69913	1.60.1.70245
LEVEL_UP_HEALTH	1.60.1.69913	1.60.1.70245
LEVEL_UP_HEALTH_MANA	1.60.1.69913	1.60.1.70245
LEVEL_UP_NO_LINK	1.60.1.69913	1.60.1.70245
LEVEL_UP_SKILL_POINTS	1.60.1.69913	1.60.1.70245
LEVEL_UP_STAT	1.60.1.69913	1.60.1.70245
LEVEL_UP_YOU_REACHED	1.60.1.69913	1.60.1.70245
LFGBROWSE_ACTIVITY_COUNT	1.60.1.69913	1.60.1.70245
LFGBROWSE_ACTIVITY_HEADER	1.60.1.69913	1.60.1.70245
LFGBROWSE_ACTIVITY_HEADER_DEFAULT	1.60.1.69913	1.60.1.70245
LFGBROWSE_ACTIVITY_MATCHING_COUNT	1.60.1.69913	1.60.1.70245
LFG_AUTHENTICATOR_DESCRIPTION_BOX	1.60.1.69913	1.60.1.70245
LFG_BUTTON	1.60.1.69913	1.60.1.70245
LFG_LIST_BOSSES_DEFEATED	1.60.1.69913	1.60.1.70245
LFG_LIST_CATEGORY_GROUPS	1.60.1.69913	1.60.1.70245
LFG_LIST_CATEGORY_SOLO_PLAYERS	1.60.1.69913	1.60.1.70245
LFG_LIST_CONVERT_TO_RAID_WARNING	1.60.1.70170	1.60.1.70245
LFG_LIST_EDIT	1.60.1.69913	1.60.1.70245
LFG_LIST_ENTRY_DELISTED	1.60.1.69913	1.60.1.70245
LFG_LIST_ENTRY_EXPIRED_TIMEOUT	1.60.1.69913	1.60.1.70245
LFG_LIST_ENTRY_EXPIRED_TOO_MANY_PLAYERS	1.60.1.69913	1.60.1.70245
LFG_LIST_IGNORE_SUGGESTED_LEVEL	1.60.1.69913	1.60.1.70245
LFG_LIST_ITEM_LEVEL_CURRENT	1.60.1.69913	1.60.1.70245
LFG_LIST_ITEM_LEVEL_REQ	1.60.1.69913	1.60.1.70245
LFG_LIST_MY_ACTIVITY_LIST_HEADER	1.60.1.69913	1.60.1.70245
LFG_LIST_NEW_PLAYER_FRIENDLY_HEADER	1.60.1.69913	1.60.1.70245
LFG_LIST_NEW_PLAYER_FRIENDLY_TOOLTIP	1.60.1.69913	1.60.1.70245
LFG_LIST_NO_RESULTS_FOUND	1.60.1.69913	1.60.1.70245
LFG_LIST_ONLY_LEADER_CREATE	1.60.1.69913	1.60.1.70245
LFG_LIST_ONLY_LEADER_UPDATE	1.60.1.69913	1.60.1.70245
LFG_LIST_PENDING_APPLICANTS	1.60.1.69913	1.60.1.70245
LFG_LIST_REPORT_GROUP_FOR	1.60.1.69913	1.60.1.70245
LFG_LIST_SEARCH_AGAIN	1.60.1.69913	1.60.1.70245
LFG_LIST_SEARCH_FAILED	1.60.1.69913	1.60.1.70245
LFG_LIST_TAB_1	1.60.1.69913	1.60.1.70245
LFG_LIST_TAB_2	1.60.1.69913	1.60.1.70245
LFG_LIST_TAB_3	1.60.1.69913	1.60.1.70245
LFG_LIST_TOOLTIP_MEMBERS	1.60.1.69913	1.60.1.70245
LFG_LIST_TOOLTIP_MEMBERS_SIMPLE	1.60.1.69913	1.60.1.70245
LFG_LIST_TOO_MANY_ACTIVITIES_SELECTED	1.60.1.69913	1.60.1.70245
LFG_LIST_TOO_MANY_FOR_ACTIVITY	1.60.1.69913	1.60.1.70245
LFG_LIST_UNLIST	1.60.1.69913	1.60.1.70245
LFG_LIST_VIEW_GROUP	1.60.1.69913	1.60.1.70245
LFG_OFFER_CONTINUE	1.60.1.69913	1.60.1.70245
LFG_POST_GROUP_PARTY	1.60.1.69913	1.60.1.70245
LFG_POST_GROUP_SOLO	1.60.1.69913	1.60.1.70245
LFG_POST_GROUP_UPDATE	1.60.1.69913	1.60.1.70245
LFG_ROLE_UNAVAILABLE	1.60.1.69913	1.60.1.70245
LFG_SELF_LISTING	1.60.1.69913	1.60.1.70245
LFG_STATISTIC_AVERAGE_WAIT	1.60.1.69913	1.60.1.70245
LFG_TITLE	1.60.1.69913	1.60.1.70245
LFG_TOOLTIP_ROLES	1.60.1.69913	1.60.1.70245
LFG_TYPE_DUNGEON	1.60.1.69913	1.60.1.70245
LFG_TYPE_NONE	1.60.1.69913	1.60.1.70245
LFG_TYPE_RAID	1.60.1.69913	1.60.1.70245
LFG_WHO_LEVEL	1.60.1.69913	1.60.1.70245
LIGHTING_MODE	1.60.1.69913	1.60.1.70245
LIMITED_CURRENCY_PURCHASE	1.60.1.69913	1.60.1.70245
LIMITED_CURRENCY_PURCHASE_FINAL	1.60.1.69913	1.60.1.70245
LINK_TRADESKILL_TOOLTIP	1.60.1.69913	1.60.1.70245
LINK_TRANSMOG_CUSTOM_SET	1.60.1.69913	1.60.1.70245
LINK_TRANSMOG_CUSTOM_SET_HELPTIP	1.60.1.69913	1.60.1.70245
LIQUID_DETAIL	1.60.1.69913	1.60.1.70245
LIST_MY_GROUP	1.60.1.69913	1.60.1.70245
LOADOUT_ERROR_BAD_STRING	1.60.1.70170	1.60.1.70245
LOADOUT_ERROR_SERIALIZATION_VERSION_MISMATCH	1.60.1.70170	1.60.1.70245
LOAD_ADDON	1.60.1.69913	1.60.1.70245
LOCALE_AUDIO_LABEL	1.60.1.69913	1.60.1.70245
LOCALE_TEXT_LABEL	1.60.1.69913	1.60.1.70245
LOCK_ACTIONBAR_TEXT	1.60.1.69913	1.60.1.70245
LOCK_BATTLEFIELDMINIMAP	1.60.1.69913	1.60.1.70245
LOCK_CURSOR	1.60.1.69913	1.60.1.70245
LOCK_EXPIRE	1.60.1.69913	1.60.1.70245
LOCK_WINDOW	1.60.1.69913	1.60.1.70245
LOC_OPTION_OFF	1.60.1.69913	1.60.1.70245
LOGOUT	1.60.1.69913	1.60.1.69913
LOG_OUT	1.60.1.69913	1.60.1.70245
LOOKINGFORGUILD	1.60.1.69913	1.60.1.70245
LOOKING_FOR_RAID	1.60.1.69913	1.60.1.70245
LOOTUPGRADEFRAME_TITLE	1.60.1.69913	1.60.1.70245
LOOT_CURRENCY_REFUND	1.60.1.69913	1.60.1.70245
LOOT_FREE_FOR_ALL	1.60.1.69913	1.60.1.70245
LOOT_GROUP_LOOT	1.60.1.69913	1.60.1.70245
LOOT_HISTORY_ALL_PASSED	1.60.1.69913	1.60.1.70245
LOOT_HISTORY_CURRENT_WINNER	1.60.1.69913	1.60.1.70245
LOOT_HISTORY_INFO_TEXT	1.60.1.69913	1.60.1.70245
LOOT_HISTORY_PASSED	1.60.1.69913	1.60.1.70245
LOOT_HISTORY_ROLL_TIE	1.60.1.69913	1.60.1.70245
LOOT_HISTORY_ROLL_TUTORIAL	1.60.1.69913	1.60.1.70245
LOOT_HISTORY_WAITING_ON	1.60.1.69913	1.60.1.70245
LOOT_ITEM	1.60.1.69913	1.60.1.70245
LOOT_ITEM_BONUS_ROLL	1.60.1.69913	1.60.1.70245
LOOT_ITEM_BONUS_ROLL_MULTIPLE	1.60.1.69913	1.60.1.70245
LOOT_ITEM_BONUS_ROLL_SELF	1.60.1.69913	1.60.1.70245
LOOT_ITEM_BONUS_ROLL_SELF_MULTIPLE	1.60.1.69913	1.60.1.70245
LOOT_ITEM_CREATED_SELF	1.60.1.69913	1.60.1.70245
LOOT_ITEM_CREATED_SELF_MULTIPLE	1.60.1.69913	1.60.1.70245
LOOT_ITEM_MULTIPLE	1.60.1.69913	1.60.1.70245
LOOT_ITEM_PUSHED	1.60.1.69913	1.60.1.70245
LOOT_ITEM_PUSHED_MULTIPLE	1.60.1.69913	1.60.1.70245
LOOT_ITEM_PUSHED_SELF	1.60.1.69913	1.60.1.70245
LOOT_ITEM_PUSHED_SELF_MULTIPLE	1.60.1.69913	1.60.1.70245
LOOT_ITEM_REFUND	1.60.1.69913	1.60.1.70245
LOOT_ITEM_REFUND_MULTIPLE	1.60.1.69913	1.60.1.70245
LOOT_ITEM_SELF	1.60.1.69913	1.60.1.70245
LOOT_ITEM_SELF_MULTIPLE	1.60.1.69913	1.60.1.70245
LOOT_ITEM_WHILE_PLAYER_INELIGIBLE	1.60.1.69913	1.60.1.70245
LOOT_KEY_TEXT	1.60.1.69913	1.60.1.70245
LOOT_METHOD	1.60.1.69913	1.60.1.70245
LOOT_MONEY	1.60.1.69913	1.60.1.70245
LOOT_MONEY_REFUND	1.60.1.69913	1.60.1.70245
LOOT_MONEY_SPLIT	1.60.1.69913	1.60.1.70245
LOOT_MONEY_SPLIT_GUILD	1.60.1.69913	1.60.1.70245
LOOT_MONEY_SPLIT_MOD	1.60.1.69913	1.60.1.70245
LOOT_NEED_BEFORE_GREED	1.60.1.69913	1.60.1.70245
LOOT_NO_DROP	1.60.1.69913	1.60.1.70245
LOOT_NO_DROP_DISENCHANT	1.60.1.70170	1.60.1.70245
LOOT_ROLLS	1.60.1.69913	1.60.1.70245
LOOT_ROLL_DISENCHANT	1.60.1.69913	1.60.1.70245
LOOT_ROLL_INELIGIBLE_REASON1	1.60.1.69913	1.60.1.70245
LOOT_ROLL_INELIGIBLE_REASON2	1.60.1.69913	1.60.1.70245
LOOT_ROLL_INELIGIBLE_REASON3	1.60.1.69913	1.60.1.70245
LOOT_ROLL_INELIGIBLE_REASON4	1.60.1.69913	1.60.1.70245
LOOT_ROLL_INELIGIBLE_REASON5	1.60.1.69913	1.60.1.70245
LOOT_ROLL_INELIGIBLE_REASON6	1.60.1.69913	1.60.1.70245
LOOT_ROLL_INELIGIBLE_REASON7	1.60.1.69913	1.60.1.70245
LOOT_ROLL_PASSED_AUTO	1.60.1.69913	1.60.1.70245
LOOT_ROLL_PASSED_AUTO_FEMALE	1.60.1.69913	1.60.1.70245
LOOT_ROLL_ROLLED_DE	1.60.1.69913	1.60.1.70245
LOOT_ROLL_ROLLED_NEED_ROLE_BONUS	1.60.1.69913	1.60.1.70245
LOOT_ROUND_ROBIN	1.60.1.69913	1.60.1.70245
LOOT_TTS_LABEL	1.60.1.69913	1.60.1.70245
LOOT_UNDER_MOUSE_TEXT	1.60.1.69913	1.60.1.70245
LOSING_LOYALTY	1.60.1.69913	1.60.1.70245
LOSS_OF_CONTROL	1.60.1.69913	1.60.1.70245
LOSS_OF_CONTROL_DISPLAY_BANISH	1.60.1.69913	1.60.1.70245
LOSS_OF_CONTROL_DISPLAY_CHARM	1.60.1.69913	1.60.1.70245
LOSS_OF_CONTROL_DISPLAY_CONFUSE	1.60.1.69913	1.60.1.70245
LOSS_OF_CONTROL_DISPLAY_CYCLONE	1.60.1.69913	1.60.1.70245
LOSS_OF_CONTROL_DISPLAY_DAZE	1.60.1.69913	1.60.1.70245
LOSS_OF_CONTROL_DISPLAY_DISARM	1.60.1.69913	1.60.1.70245
LOSS_OF_CONTROL_DISPLAY_DISORIENT	1.60.1.69913	1.60.1.70245
LOSS_OF_CONTROL_DISPLAY_DISTRACT	1.60.1.69913	1.60.1.70245
LOSS_OF_CONTROL_DISPLAY_FEAR	1.60.1.69913	1.60.1.70245
LOSS_OF_CONTROL_DISPLAY_FEAR_MECHANIC	1.60.1.69913	1.60.1.70245
LOSS_OF_CONTROL_DISPLAY_FREEZE	1.60.1.69913	1.60.1.70245
LOSS_OF_CONTROL_DISPLAY_HORROR	1.60.1.69913	1.60.1.70245
LOSS_OF_CONTROL_DISPLAY_INCAPACITATE	1.60.1.69913	1.60.1.70245
LOSS_OF_CONTROL_DISPLAY_INTERRUPT	1.60.1.69913	1.60.1.70245
LOSS_OF_CONTROL_DISPLAY_INTERRUPT_SCHOOL	1.60.1.69913	1.60.1.70245
LOSS_OF_CONTROL_DISPLAY_INVULNERABILITY	1.60.1.69913	1.60.1.70245
LOSS_OF_CONTROL_DISPLAY_MAGICAL_IMMUNITY	1.60.1.69913	1.60.1.70245
LOSS_OF_CONTROL_DISPLAY_PACIFY	1.60.1.69913	1.60.1.70245
LOSS_OF_CONTROL_DISPLAY_PACIFYSILENCE	1.60.1.69913	1.60.1.70245
LOSS_OF_CONTROL_DISPLAY_POLYMORPH	1.60.1.69913	1.60.1.70245
LOSS_OF_CONTROL_DISPLAY_POSSESS	1.60.1.69913	1.60.1.70245
LOSS_OF_CONTROL_DISPLAY_ROOT	1.60.1.69913	1.60.1.70245
LOSS_OF_CONTROL_DISPLAY_SAP	1.60.1.69913	1.60.1.70245
LOSS_OF_CONTROL_DISPLAY_SCHOOL_INTERRUPT	1.60.1.69913	1.60.1.70245
LOSS_OF_CONTROL_DISPLAY_SHACKLE_UNDEAD	1.60.1.69913	1.60.1.70245
LOSS_OF_CONTROL_DISPLAY_SILENCE	1.60.1.69913	1.60.1.70245
LOSS_OF_CONTROL_DISPLAY_SLEEP	1.60.1.69913	1.60.1.70245
LOSS_OF_CONTROL_DISPLAY_SNARE	1.60.1.69913	1.60.1.70245
LOSS_OF_CONTROL_DISPLAY_STUN	1.60.1.69913	1.60.1.70245
LOSS_OF_CONTROL_DISPLAY_STUN_MECHANIC	1.60.1.69913	1.60.1.70245
LOSS_OF_CONTROL_DISPLAY_TAUNT	1.60.1.69913	1.60.1.70245
LOSS_OF_CONTROL_DISPLAY_TURN_UNDEAD	1.60.1.69913	1.60.1.70245
LOSS_OF_CONTROL_SECONDS	1.60.1.69913	1.60.1.70245
LOW	1.60.1.69913	1.60.1.70245
LOW_LATENCY_MODE	1.60.1.69913	1.60.1.70245
LOYALTY_LEVEL	1.60.1.69913	1.60.1.70245
LUA_ERROR	1.60.1.69913	1.60.1.70245
LUA_WARNING	1.60.1.69913	1.60.1.70245
LfgActivity:1064	1.60.1.70009	1.60.1.70245
LfgActivityGroup:285	1.60.1.70009	1.60.1.70245
LfgActivityGroup:290	1.60.1.70009	1.60.1.70245
LfgActivityGroup:300	1.60.1.70009	1.60.1.70245
LfgActivityGroup:301	1.60.1.70009	1.60.1.70245
LfgCategory:114	1.60.1.70009	1.60.1.70245
LfgCategory:116	1.60.1.70009	1.60.1.70245
LfgCategory:118	1.60.1.70009	1.60.1.70245
LfgCategory:120	1.60.1.70009	1.60.1.70245
LfgCategory:2	1.60.1.70009	1.60.1.70245
LockTypeName:1	1.60.1.70170	1.60.1.70245
LockTypeName:10	1.60.1.70170	1.60.1.70245
LockTypeName:11	1.60.1.70170	1.60.1.70245
LockTypeName:12	1.60.1.70170	1.60.1.70245
LockTypeName:13	1.60.1.70170	1.60.1.70245
LockTypeName:14	1.60.1.70170	1.60.1.70245
LockTypeName:16	1.60.1.70170	1.60.1.70245
LockTypeName:17	1.60.1.70170	1.60.1.70245
LockTypeName:18	1.60.1.70170	1.60.1.70245
LockTypeName:209	1.60.1.70170	1.60.1.70245
LockTypeName:211	1.60.1.70170	1.60.1.70245
LockTypeName:24	1.60.1.70170	1.60.1.70245
LockTypeName:245	1.60.1.70170	1.60.1.70245
LockTypeName:4	1.60.1.70170	1.60.1.70245
LockTypeName:5	1.60.1.70170	1.60.1.70245
LockTypeName:8	1.60.1.70170	1.60.1.70245
LockTypeName:9	1.60.1.70170	1.60.1.70245
LockTypeResource:1	1.60.1.70170	1.60.1.70245
LockTypeResource:10	1.60.1.70170	1.60.1.70245
LockTypeResource:11	1.60.1.70170	1.60.1.70245
LockTypeResource:12	1.60.1.70170	1.60.1.70245
LockTypeResource:13	1.60.1.70170	1.60.1.70245
LockTypeResource:14	1.60.1.70170	1.60.1.70245
LockTypeResource:16	1.60.1.70170	1.60.1.70245
LockTypeResource:17	1.60.1.70170	1.60.1.70245
LockTypeResource:18	1.60.1.70170	1.60.1.70245
LockTypeResource:19	1.60.1.70170	1.60.1.70245
LockTypeResource:2	1.60.1.70170	1.60.1.70245
LockTypeResource:209	1.60.1.70170	1.60.1.70245
LockTypeResource:211	1.60.1.70170	1.60.1.70245
LockTypeResource:24	1.60.1.70170	1.60.1.70245
LockTypeResource:245	1.60.1.70170	1.60.1.70245
LockTypeResource:3	1.60.1.70170	1.60.1.70245
LockTypeResource:4	1.60.1.70170	1.60.1.70245
LockTypeResource:5	1.60.1.70170	1.60.1.70245
LockTypeResource:8	1.60.1.70170	1.60.1.70245
LockTypeResource:9	1.60.1.70170	1.60.1.70245
LockTypeVerb:1	1.60.1.70170	1.60.1.70245
LockTypeVerb:10	1.60.1.70170	1.60.1.70245
LockTypeVerb:11	1.60.1.70170	1.60.1.70245
LockTypeVerb:12	1.60.1.70170	1.60.1.70245
LockTypeVerb:13	1.60.1.70170	1.60.1.70245
LockTypeVerb:14	1.60.1.70170	1.60.1.70245
LockTypeVerb:16	1.60.1.70170	1.60.1.70245
LockTypeVerb:17	1.60.1.70170	1.60.1.70245
LockTypeVerb:18	1.60.1.70170	1.60.1.70245
LockTypeVerb:19	1.60.1.70170	1.60.1.70245
LockTypeVerb:2	1.60.1.70170	1.60.1.70245
LockTypeVerb:209	1.60.1.70170	1.60.1.70245
LockTypeVerb:24	1.60.1.70170	1.60.1.70245
LockTypeVerb:245	1.60.1.70170	1.60.1.70245
LockTypeVerb:3	1.60.1.70170	1.60.1.70245
LockTypeVerb:4	1.60.1.70170	1.60.1.70245
LockTypeVerb:5	1.60.1.70170	1.60.1.70245
LockTypeVerb:8	1.60.1.70170	1.60.1.70245
LockTypeVerb:9	1.60.1.70170	1.60.1.70245
MACRO	1.60.1.69913	1.60.1.70245
MACROFRAME_CHAR_LIMIT	1.60.1.69913	1.60.1.70245
MACROS	1.60.1.69913	1.60.1.70245
MACRO_ACTION_FORBIDDEN	1.60.1.69913	1.60.1.70245
MACRO_POPUP_CHOOSE_ICON	1.60.1.70170	1.60.1.70245
MACRO_POPUP_TEXT	1.60.1.69913	1.60.1.70245
MAC_DISABLE_OS_SHORTCUTS	1.60.1.69913	1.60.1.70245
MAC_DISABLE_OS_SHORTCUTS_TOOLTIP	1.60.1.69913	1.60.1.70245
MAC_INPUT_MONITORING1014	1.60.1.69913	1.60.1.70245
MAC_INPUT_MONITORING1015	1.60.1.69913	1.60.1.70245
MAC_MIC_PERMISSIONS_OPEN_BUTTON	1.60.1.69913	1.60.1.70245
MAC_MIC_PREMISSIONS_NOTIFICATION	1.60.1.69913	1.60.1.70245
MAC_OPEN_UNIVERSAL_ACCESS	1.60.1.69913	1.60.1.70245
MAC_OPEN_UNIVERSAL_ACCESS1090	1.60.1.69913	1.60.1.70245
MAC_SETTINGS_LABEL	1.60.1.69913	1.60.1.70245
MAC_USE_COMMAND_LEFT_CLICK_AS_RIGHT_CLICK	1.60.1.69913	1.60.1.70245
MAC_USE_COMMAND_LEFT_CLICK_AS_RIGHT_CLICK_TOOLTIP	1.60.1.69913	1.60.1.70245
MAIL_COD_ERROR	1.60.1.69913	1.60.1.70245
MAIL_COD_ERROR_COLORBLIND	1.60.1.69913	1.60.1.70245
MAIL_LETTER_TOOLTIP	1.60.1.69913	1.60.1.70245
MAIL_MULTIPLE_ITEMS	1.60.1.69913	1.60.1.70245
MAIL_RETURN	1.60.1.69913	1.60.1.70245
MAIL_SUBJECT_LABEL	1.60.1.69913	1.60.1.70245
MAIL_TO_LABEL	1.60.1.69913	1.60.1.70245
MAINASSIST	1.60.1.69913	1.60.1.70245
MAINHANDSLOT	1.60.1.69913	1.60.1.70245
MAINMENUBAR_BANDWIDTH_LABEL	1.60.1.69913	1.60.1.70245
MAINMENUBAR_COMMUNICATION_PROTOCOL_LABEL	1.60.1.69913	1.60.1.70245
MAINMENUBAR_DOWNLOAD_PERCENT_LABEL	1.60.1.69913	1.60.1.70245
MAINMENUBAR_FPS_LABEL	1.60.1.69913	1.60.1.70245
MAINMENUBAR_LATENCY_LABEL	1.60.1.69913	1.60.1.70245
MAINMENUBAR_PROTOCOLS_LABEL	1.60.1.69913	1.60.1.70245
MAINMENU_BUTTON	1.60.1.69913	1.60.1.70245
MAINTANK	1.60.1.69913	1.60.1.70245
MAIN_ASSIST	1.60.1.69913	1.60.1.70245
MAIN_HELP_BUTTON_TOOLTIP	1.60.1.69913	1.60.1.70245
MAIN_TANK	1.60.1.69913	1.60.1.70245
MAJOR_FACTION_MAX_RENOWN_REACHED	1.60.1.70170	1.60.1.70245
MAJOR_FACTION_RENOWN_LEVEL_TOAST	1.60.1.69913	1.60.1.70245
MAKE_INTERACTABLE	1.60.1.69913	1.60.1.70245
MAKE_MODERATOR	1.60.1.69913	1.60.1.70245
MAKE_UNINTERACTABLE	1.60.1.69913	1.60.1.70245
MANA	1.60.1.69913	1.60.1.70245
MANA_COST	1.60.1.69913	1.60.1.70245
MANA_COST_LARGE	1.60.1.69913	1.60.1.70245
MANA_COST_LARGE_PER_TIME	1.60.1.69913	1.60.1.70245
MANA_COST_LARGE_PER_TIME_NO_BASE	1.60.1.69913	1.60.1.70245
MANA_COST_PER_TIME	1.60.1.69913	1.60.1.70245
MANA_COST_PER_TIME_NO_BASE	1.60.1.69913	1.60.1.70245
MANA_LOW	1.60.1.69913	1.60.1.70245
MANA_REGEN	1.60.1.69913	1.60.1.70245
MANA_REGEN_TOOLTIP	1.60.1.69913	1.60.1.70245
MAP_AND_QUEST_LOG	1.60.1.69913	1.60.1.70245
MAP_FILTER	1.60.1.69913	1.60.1.70245
MAP_LEGEND_CATEGORY_ACTIVITIES	1.60.1.69913	1.60.1.70245
MAP_LEGEND_CATEGORY_MOVEMENT	1.60.1.69913	1.60.1.70245
MAP_LEGEND_CATEGORY_QUESTS	1.60.1.69913	1.60.1.70245
MAP_LEGEND_DUNGEON	1.60.1.69913	1.60.1.70245
MAP_LEGEND_DUNGEON_TOOLTIP	1.60.1.69913	1.60.1.70245
MAP_LEGEND_FLIGHTPOINT	1.60.1.69913	1.60.1.70245
MAP_LEGEND_FLIGHTPOINT_TOOLTIP	1.60.1.69913	1.60.1.70245
MAP_LEGEND_FRAME_LABEL	1.60.1.69913	1.60.1.70245
MAP_LEGEND_INPROGRESS	1.60.1.69913	1.60.1.70245
MAP_LEGEND_INPROGRESS_TOOLTIP	1.60.1.69913	1.60.1.70245
MAP_LEGEND_LOCALSTORY	1.60.1.69913	1.60.1.70245
MAP_LEGEND_LOCALSTORY_TOOLTIP	1.60.1.69913	1.60.1.70245
MAP_LEGEND_RAID	1.60.1.69913	1.60.1.70245
MAP_LEGEND_RAID_TOOLTIP	1.60.1.69913	1.60.1.70245
MAP_LEGEND_REPEATABLE	1.60.1.69913	1.60.1.70245
MAP_LEGEND_REPEATABLE_TOOLTIP	1.60.1.69913	1.60.1.70245
MAP_LEGEND_TURNIN	1.60.1.69913	1.60.1.70245
MAP_LEGEND_TURNIN_TOOLTIP	1.60.1.69913	1.60.1.70245
MAP_LINK_POI_TOOLTIP_INSTRUCTION_LINE	1.60.1.69913	1.60.1.70245
MAP_PIN	1.60.1.69913	1.60.1.70245
MAP_PIN_INVALID_MAP	1.60.1.69913	1.60.1.70245
MAP_PIN_REMOVE	1.60.1.69913	1.60.1.70245
MAP_PIN_SHARING	1.60.1.69913	1.60.1.70245
MAP_PIN_SHARING_TOOLTIP	1.60.1.69913	1.60.1.70245
MAP_PIN_SHARING_TOOLTIP_GAMEPAD	1.60.1.70009	1.60.1.70245
MAP_PIN_TOGGLE_FOCUS	1.60.1.70009	1.60.1.70245
MAP_PIN_TOGGLE_QUEST_DETAILS	1.60.1.70009	1.60.1.70245
MAP_PIN_TOGGLE_QUEST_FOCUS	1.60.1.70009	1.60.1.70245
MAP_PIN_TOOLTIP	1.60.1.69913	1.60.1.70245
MAP_PIN_TOOLTIP_INSTRUCTIONS	1.60.1.69913	1.60.1.70245
MAP_QUEST_DIFFICULTY_TEXT	1.60.1.69913	1.60.1.70245
MARKED_AFK	1.60.1.69913	1.60.1.70245
MARKED_AFK_MESSAGE	1.60.1.69913	1.60.1.70245
MARKED_DND	1.60.1.69913	1.60.1.70245
MASTERY_POINTS_SPENT	1.60.1.69913	1.60.1.70245
MASTER_LOOTER	1.60.1.69913	1.60.1.70245
MASTER_VOLUME	1.60.1.69913	1.60.1.70245
MAXFPS	1.60.1.69913	1.60.1.70245
MAXFPSBK	1.60.1.69913	1.60.1.70245
MAXFPSBK_CHECK	1.60.1.69913	1.60.1.70245
MAXFPS_CHECK	1.60.1.69913	1.60.1.70245
MAX_FOLLOW_DIST	1.60.1.69913	1.60.1.70245
MELEE	1.60.1.69913	1.60.1.70245
MELEE_ATTACK	1.60.1.69913	1.60.1.69913
MELEE_ATTACK_POWER	1.60.1.69913	1.60.1.70245
MELEE_ATTACK_POWER_PET_HUNTER_TOOLTIP	1.60.1.69913	1.60.1.70245
MELEE_ATTACK_POWER_PET_WARLOCK_TOOLTIP	1.60.1.69913	1.60.1.70245
MELEE_ATTACK_POWER_SPELL_POWER_TOOLTIP	1.60.1.69913	1.60.1.70245
MELEE_ATTACK_POWER_TOOLTIP	1.60.1.69913	1.60.1.70245
MELEE_COMBATLOG_TOOLTIP	1.60.1.69913	1.60.1.70245
MELEE_RANGE	1.60.1.69913	1.60.1.70245
MEMBERS	1.60.1.69913	1.60.1.70245
MERCHANT	1.60.1.69913	1.60.1.70245
MERCHANT_BUYBACK	1.60.1.69913	1.60.1.70245
MERCHANT_HONOR_POINTS	1.60.1.69913	1.60.1.70245
MERCHANT_PAGE_NUMBER	1.60.1.69913	1.60.1.70245
MESSAGE_SOURCES	1.60.1.69913	1.60.1.70245
MESSAGE_TYPES	1.60.1.69913	1.60.1.70245
META_GEM	1.60.1.69913	1.60.1.70245
MIDDLE_BUTTON_STRING	1.60.1.69913	1.60.1.70245
MINIMAP_TRACKING_AUCTIONEER	1.60.1.69913	1.60.1.70245
MINIMAP_TRACKING_BANKER	1.60.1.69913	1.60.1.70245
MINIMAP_TRACKING_BATTLEMASTER	1.60.1.69913	1.60.1.70245
MINIMAP_TRACKING_FLIGHTMASTER	1.60.1.69913	1.60.1.70245
MINIMAP_TRACKING_INNKEEPER	1.60.1.69913	1.60.1.70245
MINIMAP_TRACKING_MAILBOX	1.60.1.69913	1.60.1.70245
MINIMAP_TRACKING_REPAIR	1.60.1.69913	1.60.1.70245
MINIMAP_TRACKING_STABLEMASTER	1.60.1.69913	1.60.1.70245
MINIMAP_TRACKING_TARGET	1.60.1.69913	1.60.1.70245
MINIMAP_TRACKING_TOOLTIP_NONE	1.60.1.69913	1.60.1.70245
MINIMAP_TRACKING_TRAINER_CLASS	1.60.1.69913	1.60.1.70245
MINIMAP_TRACKING_TRAINER_PROFESSION	1.60.1.69913	1.60.1.70245
MINIMAP_TRACKING_TRIVIAL_QUESTS	1.60.1.69913	1.60.1.70245
MINIMUM_CHARACTER_NAME_SIZE_TEXT	1.60.1.69913	1.60.1.70245
MINUTES	1.60.1.69913	1.60.1.70245
MINUTES_ABBR	1.60.1.69913	1.60.1.70245
MINUTE_ONELETTER_ABBR	1.60.1.69913	1.60.1.70245
MISCELLANEOUS	1.60.1.69913	1.60.1.70245
MISS	1.60.1.69913	1.60.1.70245
MISSES	1.60.1.69913	1.60.1.70245
MONEY_LOOT	1.60.1.69913	1.60.1.70245
MONEY_TTS_LABEL	1.60.1.69913	1.60.1.70245
MONSTER_BOSS_EMOTE	1.60.1.69913	1.60.1.70245
MONSTER_BOSS_WHISPER	1.60.1.69913	1.60.1.70245
MONSTER_EMOTE	1.60.1.69913	1.60.1.70245
MONSTER_SAY	1.60.1.69913	1.60.1.70245
MONSTER_WHISPER	1.60.1.69913	1.60.1.70245
MONSTER_YELL	1.60.1.69913	1.60.1.70245
MONTHLY_ACTIVITIES_PROGRESSED	1.60.1.69913	1.60.1.70245
MONTH_APRIL	1.60.1.69913	1.60.1.70245
MONTH_AUGUST	1.60.1.69913	1.60.1.70245
MONTH_DECEMBER	1.60.1.69913	1.60.1.70245
MONTH_FEBRUARY	1.60.1.69913	1.60.1.70245
MONTH_JANUARY	1.60.1.69913	1.60.1.70245
MONTH_JULY	1.60.1.69913	1.60.1.70245
MONTH_JUNE	1.60.1.69913	1.60.1.70245
MONTH_MARCH	1.60.1.69913	1.60.1.70245
MONTH_MAY	1.60.1.69913	1.60.1.70245
MONTH_NOVEMBER	1.60.1.69913	1.60.1.70245
MONTH_OCTOBER	1.60.1.69913	1.60.1.70245
MONTH_SEPTEMBER	1.60.1.69913	1.60.1.70245
MOTION_SICKNESS_CHECKBOX	1.60.1.69913	1.60.1.70245
MOUNT	1.60.1.69913	1.60.1.70245
MOUNTS	1.60.1.69913	1.60.1.70245
MOUNT_EQUIPMENT_EXEMPT	1.60.1.69913	1.60.1.70245
MOUNT_EQUIPMENT_NOTICE	1.60.1.69913	1.60.1.70245
MOUNT_EQUIPMENT_UNLOCK_REQUIREMENT	1.60.1.69913	1.60.1.70245
MOUNT_JOURNAL_FILTER_AQUATIC	1.60.1.69913	1.60.1.70245
MOUNT_JOURNAL_FILTER_DRAGONRIDING	1.60.1.69913	1.60.1.70245
MOUNT_JOURNAL_FILTER_FLYING	1.60.1.69913	1.60.1.70245
MOUNT_JOURNAL_FILTER_GROUND	1.60.1.69913	1.60.1.70245
MOUNT_JOURNAL_FILTER_RIDEALONG	1.60.1.69913	1.60.1.70245
MOUNT_JOURNAL_FILTER_TYPE	1.60.1.69913	1.60.1.70245
MOUNT_JOURNAL_FILTER_UNUSABLE	1.60.1.69913	1.60.1.70245
MOUNT_JOURNAL_PLAYER	1.60.1.69913	1.60.1.70245
MOUNT_JOURNAL_STEADY_FLIGHT_ONLY	1.60.1.69913	1.60.1.70245
MOUNT_SUMMON_TOOLTIP	1.60.1.69913	1.60.1.70245
MOUNT_UNWRAP_TOOLTIP	1.60.1.69913	1.60.1.70245
MOUSEOVER_CAST_KEY	1.60.1.69913	1.60.1.70245
MOUSE_LABEL	1.60.1.69913	1.60.1.70245
MOUSE_LOOK_SPEED	1.60.1.69913	1.60.1.70245
MOUSE_SENSITIVITY	1.60.1.69913	1.60.1.70245
MOVE_FILTER_DOWN	1.60.1.69913	1.60.1.70245
MOVE_FILTER_UP	1.60.1.69913	1.60.1.70245
MOVE_PAD	1.60.1.69913	1.60.1.70245
MOVE_PAD_LOCKED	1.60.1.70170	1.60.1.70245
MOVE_PAD_PRESS_AND_HOLD_MODE	1.60.1.70170	1.60.1.70245
MOVE_TO_INACTIVE	1.60.1.69913	1.60.1.70245
MOVE_TO_NEW_WINDOW	1.60.1.69913	1.60.1.70245
MOVE_TO_WHISPER_WINDOW	1.60.1.69913	1.60.1.70245
MSAA_LABEL	1.60.1.69913	1.60.1.70245
MULTISAMPLE_ALPHA_TEST	1.60.1.69913	1.60.1.70245
MULTI_CAST_TOOLTIP_NO_TOTEM	1.60.1.69913	1.60.1.70245
MUSIC_DISABLED	1.60.1.70170	1.60.1.70245
MUSIC_ENABLED	1.60.1.70170	1.60.1.70245
MUSIC_VOLUME	1.60.1.69913	1.60.1.70245
MUTE	1.60.1.69913	1.60.1.70245
MUTE_SILENCED	1.60.1.69913	1.60.1.70245
MYTHIC_PLUS_DESERTER_CONSEQUENCE	1.60.1.69913	1.60.1.70245
MYTHIC_PLUS_DESERTER_FLAGGED	1.60.1.69913	1.60.1.70245
MY_ORDERS	1.60.1.69913	1.60.1.70245
MailBody:101	1.60.1.70170	1.60.1.70245
MailBody:102	1.60.1.70170	1.60.1.70245
MailBody:103	1.60.1.70170	1.60.1.70245
MailBody:105	1.60.1.70170	1.60.1.70245
MailBody:106	1.60.1.70170	1.60.1.70245
MailBody:107	1.60.1.70170	1.60.1.70245
MailBody:108	1.60.1.70170	1.60.1.70245
MailBody:109	1.60.1.70170	1.60.1.70245
MailBody:110	1.60.1.70170	1.60.1.70245
MailBody:111	1.60.1.70170	1.60.1.70245
MailBody:112	1.60.1.70170	1.60.1.70245
MailBody:113	1.60.1.70170	1.60.1.70245
MailBody:114	1.60.1.70170	1.60.1.70245
MailBody:115	1.60.1.70170	1.60.1.70245
MailBody:116	1.60.1.70170	1.60.1.70245
MailBody:117	1.60.1.70170	1.60.1.70245
MailBody:119	1.60.1.70170	1.60.1.70245
MailBody:120	1.60.1.70170	1.60.1.70245
MailBody:122	1.60.1.70170	1.60.1.70245
MailBody:123	1.60.1.70170	1.60.1.70245
MailBody:131	1.60.1.70170	1.60.1.70245
MailBody:161	1.60.1.70170	1.60.1.70245
MailBody:162	1.60.1.70170	1.60.1.70245
MailBody:165	1.60.1.70170	1.60.1.70245
MailBody:166	1.60.1.70170	1.60.1.70245
MailBody:169	1.60.1.70170	1.60.1.70245
MailBody:170	1.60.1.70170	1.60.1.70245
MailBody:171	1.60.1.70170	1.60.1.70245
MailBody:172	1.60.1.70170	1.60.1.70245
MailBody:178	1.60.1.70170	1.60.1.70245
MailBody:179	1.60.1.70170	1.60.1.70245
MailBody:612	1.60.1.70170	1.60.1.70245
MailBody:613	1.60.1.70170	1.60.1.70245
MailBody:614	1.60.1.70170	1.60.1.70245
MailBody:615	1.60.1.70170	1.60.1.70245
MailBody:616	1.60.1.70170	1.60.1.70245
MailBody:623	1.60.1.70170	1.60.1.70245
MailBody:624	1.60.1.70170	1.60.1.70245
MailBody:642	1.60.1.70170	1.60.1.70245
MailBody:643	1.60.1.70170	1.60.1.70245
MailBody:644	1.60.1.70170	1.60.1.70245
MailBody:652	1.60.1.70170	1.60.1.70245
MailBody:660	1.60.1.70170	1.60.1.70245
MailBody:661	1.60.1.70170	1.60.1.70245
MailBody:662	1.60.1.70170	1.60.1.70245
MailBody:83	1.60.1.70170	1.60.1.70245
MailBody:84	1.60.1.70170	1.60.1.70245
MailBody:86	1.60.1.70170	1.60.1.70245
MailBody:87	1.60.1.70170	1.60.1.70245
MailBody:93	1.60.1.70170	1.60.1.70245
MailBody:94	1.60.1.70170	1.60.1.70245
MailBody:98	1.60.1.70170	1.60.1.70245
MailBody:99	1.60.1.70170	1.60.1.70245
NAME	1.60.1.69913	1.60.1.70245
NAMEPLATES_LABEL	1.60.1.69913	1.60.1.70245
NAMEPLATE_OPTIONS_LABEL	1.60.1.69913	1.60.1.70245
NAMES_LABEL	1.60.1.69913	1.60.1.70245
NAME_CHAT_WINDOW	1.60.1.69913	1.60.1.70245
NARRATION_OBJECT_CLEAR_BUTTON	1.60.1.70009	1.60.1.70245
NARROW	1.60.1.69913	1.60.1.70245
NAVIGATION_DESTINATION_REACHED_MESSAGE	1.60.1.69913	1.60.1.70245
NECKSLOT	1.60.1.69913	1.60.1.70245
NEED	1.60.1.69913	1.60.1.70245
NETWORK_LABEL	1.60.1.69913	1.60.1.70245
NEW	1.60.1.69913	1.60.1.70245
NEWBIE_TOOLTIP_ABANDONQUEST	1.60.1.69913	1.60.1.69913
NEWBIE_TOOLTIP_ADDFRIEND	1.60.1.69913	1.60.1.69913
NEWBIE_TOOLTIP_ADDMEMBER	1.60.1.69913	1.60.1.69913
NEWBIE_TOOLTIP_BANDWIDTH	1.60.1.69913	1.60.1.70245
NEWBIE_TOOLTIP_CHARACTER	1.60.1.69913	1.60.1.69913
NEWBIE_TOOLTIP_CHATMENU	1.60.1.69913	1.60.1.70245
NEWBIE_TOOLTIP_DEMOTE	1.60.1.69913	1.60.1.69913
NEWBIE_TOOLTIP_DISHONORABLE_KILLS	1.60.1.69913	1.60.1.69913
NEWBIE_TOOLTIP_DOWNLOAD_PERCENT	1.60.1.69913	1.60.1.70245
NEWBIE_TOOLTIP_FRAMERATE	1.60.1.69913	1.60.1.70245
NEWBIE_TOOLTIP_FRIENDSTAB	1.60.1.69913	1.60.1.69913
NEWBIE_TOOLTIP_GROUPINVITE	1.60.1.69913	1.60.1.69913
NEWBIE_TOOLTIP_GUILDCONTROL	1.60.1.69913	1.60.1.69913
NEWBIE_TOOLTIP_GUILDREMOVE	1.60.1.69913	1.60.1.69913
NEWBIE_TOOLTIP_GUILDTAB	1.60.1.69913	1.60.1.70245
NEWBIE_TOOLTIP_GUILD_INFORMATION	1.60.1.69913	1.60.1.69913
NEWBIE_TOOLTIP_GUILD_MEMBER_OPTIONS	1.60.1.69913	1.60.1.69913
NEWBIE_TOOLTIP_HELP	1.60.1.69913	1.60.1.69913
NEWBIE_TOOLTIP_HONORABLE_KILLS	1.60.1.69913	1.60.1.69913
NEWBIE_TOOLTIP_HONOR_CONTRIBUTION_POINTS	1.60.1.69913	1.60.1.69913
NEWBIE_TOOLTIP_IGNOREPLAYER	1.60.1.69913	1.60.1.69913
NEWBIE_TOOLTIP_LATENCY	1.60.1.69913	1.60.1.70245
NEWBIE_TOOLTIP_LFGPARENT	1.60.1.69913	1.60.1.70245
NEWBIE_TOOLTIP_LFG_LIST_EDIT	1.60.1.70170	1.60.1.70245
NEWBIE_TOOLTIP_LFG_LIST_TAB_1	1.60.1.70170	1.60.1.70245
NEWBIE_TOOLTIP_LFG_LIST_TAB_2	1.60.1.70170	1.60.1.70245
NEWBIE_TOOLTIP_LOOKINGFORGUILDTAB	1.60.1.69913	1.60.1.70245
NEWBIE_TOOLTIP_MAINMENU	1.60.1.69913	1.60.1.70245
NEWBIE_TOOLTIP_MEMORY	1.60.1.69913	1.60.1.70245
NEWBIE_TOOLTIP_PROMOTE	1.60.1.69913	1.60.1.69913
NEWBIE_TOOLTIP_PROTOCOLS	1.60.1.69913	1.60.1.70245
NEWBIE_TOOLTIP_QUESTLOG	1.60.1.69913	1.60.1.70245
NEWBIE_TOOLTIP_RAF_SUMMON_LINKED	1.60.1.69913	1.60.1.69913
NEWBIE_TOOLTIP_RAIDTAB	1.60.1.69913	1.60.1.69913
NEWBIE_TOOLTIP_RANK	1.60.1.69913	1.60.1.69913
NEWBIE_TOOLTIP_RANK_POSITION	1.60.1.69913	1.60.1.69913
NEWBIE_TOOLTIP_REMOVEPLAYER	1.60.1.69913	1.60.1.69913
NEWBIE_TOOLTIP_SENDMESSAGE	1.60.1.69913	1.60.1.69913
NEWBIE_TOOLTIP_SHAREQUEST	1.60.1.69913	1.60.1.69913
NEWBIE_TOOLTIP_SOCIAL	1.60.1.69913	1.60.1.69913
NEWBIE_TOOLTIP_SPELLBOOK	1.60.1.69913	1.60.1.70245
NEWBIE_TOOLTIP_TALENTS	1.60.1.69913	1.60.1.70245
NEWBIE_TOOLTIP_UNIT_FREE_FOR_ALL	1.60.1.69913	1.60.1.70245
NEWBIE_TOOLTIP_UNIT_GROUP_LOOT	1.60.1.69913	1.60.1.70245
NEWBIE_TOOLTIP_UNIT_MASTER_LOOTER	1.60.1.69913	1.60.1.70245
NEWBIE_TOOLTIP_UNIT_NEED_BEFORE_GREED	1.60.1.69913	1.60.1.70245
NEWBIE_TOOLTIP_UNIT_OPT_OUT_LOOT	1.60.1.69913	1.60.1.70245
NEWBIE_TOOLTIP_UNIT_ROUND_ROBIN	1.60.1.69913	1.60.1.70245
NEWBIE_TOOLTIP_WHOTAB	1.60.1.69913	1.60.1.69913
NEWBIE_TOOLTIP_WORLDMAP	1.60.1.69913	1.60.1.69913
NEWBIE_TOOLTIP_XPBAR	1.60.1.69913	1.60.1.70245
NEW_CAPS	1.60.1.69913	1.60.1.70245
NEW_CHAT_WINDOW	1.60.1.69913	1.60.1.70245
NEW_RECIPE_LEARNED_TITLE	1.60.1.69913	1.60.1.70245
NEW_SPOKEN_LANGUAGE_HELPTIP	1.60.1.69913	1.60.1.70245
NEXT	1.60.1.69913	1.60.1.70245
NEXT_BATTLE	1.60.1.69913	1.60.1.70245
NO	1.60.1.69913	1.60.1.70245
NONE	1.60.1.69913	1.60.1.70245
NONE_KEY	1.60.1.69913	1.60.1.70245
NOTCH_MODE	1.60.1.69913	1.60.1.70245
NOTCH_MODE_OVERLAP	1.60.1.69913	1.60.1.70245
NOTCH_MODE_SHIFT_UI	1.60.1.69913	1.60.1.70245
NOTCH_MODE_WINDOW_BELOW	1.60.1.69913	1.60.1.70245
NOTE_COLON	1.60.1.69913	1.60.1.70245
NOT_APPLICABLE	1.60.1.69913	1.60.1.70245
NOT_BEST_ARMOR_TYPE_WARNING	1.60.1.70170	1.60.1.70245
NOT_BOUND	1.60.1.69913	1.60.1.70245
NOT_COLLECTED	1.60.1.69913	1.60.1.70245
NOT_ENOUGH_CURRENCY	1.60.1.69913	1.60.1.70245
NOT_ENOUGH_GOLD	1.60.1.69913	1.60.1.70245
NOT_READY	1.60.1.69913	1.60.1.70245
NOT_YET_SIGNED	1.60.1.69913	1.60.1.70245
NO_ATTACHMENTS	1.60.1.69913	1.60.1.70245
NO_COMPLETED_ACHIEVEMENTS	1.60.1.69913	1.60.1.70245
NO_ENVIRONMENT_INTERACTION	1.60.1.69913	1.60.1.70245
NO_GUILDBANK_TABS	1.60.1.69913	1.60.1.70245
NO_RAID_INSTANCES_SAVED	1.60.1.69913	1.60.1.70245
NO_ROLE	1.60.1.69913	1.60.1.70245
NO_TITLES_TOOLTIP	1.60.1.70170	1.60.1.70245
NO_VIEWABLE_GUILDBANK_LOGS	1.60.1.69913	1.60.1.70245
NO_VIEWABLE_GUILDBANK_TABS	1.60.1.69913	1.60.1.70245
NPC_NAMES_DROPDOWN_ALL	1.60.1.69913	1.60.1.70245
NPC_NAMES_DROPDOWN_ALL_TOOLTIP	1.60.1.69913	1.60.1.70245
NPC_NAMES_DROPDOWN_HOSTILE	1.60.1.69913	1.60.1.70245
NPC_NAMES_DROPDOWN_HOSTILE_TOOLTIP	1.60.1.69913	1.60.1.70245
NPC_NAMES_DROPDOWN_INTERACTIVE	1.60.1.69913	1.60.1.70245
NPC_NAMES_DROPDOWN_INTERACTIVE_TOOLTIP	1.60.1.69913	1.60.1.70245
NPC_NAMES_DROPDOWN_NONE	1.60.1.69913	1.60.1.70245
NPC_NAMES_DROPDOWN_NONE_TOOLTIP	1.60.1.69913	1.60.1.70245
NPC_NAMES_DROPDOWN_TRACKED	1.60.1.69913	1.60.1.70245
NPC_NAMES_DROPDOWN_TRACKED_TOOLTIP	1.60.1.69913	1.60.1.70245
NPEV2_CHAT_AVAILABLE	1.60.1.70170	1.60.1.70245
NPEV2_CHAT_NEWCOMER_GRADUATION	1.60.1.70170	1.60.1.70245
NPEV2_CHAT_NEWCOMER_GRADUATION_REMINDER	1.60.1.70170	1.60.1.70245
NPEV2_CHAT_UNAVAILABLE	1.60.1.70170	1.60.1.70245
NPEV2_REGIONAL_CHAT_AVAILABLE	1.60.1.70170	1.60.1.70245
NPEV2_REGIONAL_CHAT_UNAVAILABLE	1.60.1.70170	1.60.1.70245
NPEV2_SELECT_TALENTS_TAB	1.60.1.70009	1.60.1.70245
NPEV2_SPEC_TUTORIAL_GOSSIP_CLOSED	1.60.1.70009	1.60.1.70245
NPE_ABANDON_A_RETURN	1.60.1.70170	1.60.1.70245
NPE_ABANDON_A_WARNING	1.60.1.70170	1.60.1.70245
NPE_ABANDON_H_RETURN	1.60.1.70170	1.60.1.70245
NPE_ABANDON_H_WARNING	1.60.1.70170	1.60.1.70245
NPE_ABANDON_LEAVE_TUTORIAL	1.60.1.69913	1.60.1.70245
NUM_FREE_SLOTS	1.60.1.69913	1.60.1.70245
NUM_GUILDBANK_TABS_PURCHASED	1.60.1.69913	1.60.1.70245
OBJECTIVES_HIDE_VIEW_IN_QUESTLOG	1.60.1.69913	1.60.1.70245
OBJECTIVES_SHOW_QUEST_MAP	1.60.1.70170	1.60.1.70245
OBJECTIVES_STOP_TRACKING	1.60.1.70170	1.60.1.70245
OBJECTIVES_VIEW_ACHIEVEMENT	1.60.1.69913	1.60.1.70245
OBJECTIVES_VIEW_IN_QUESTLOG	1.60.1.69913	1.60.1.70245
OBJECTIVES_WATCH_TOO_MANY	1.60.1.69913	1.60.1.70245
OBJECT_NPC_OUTLINE	1.60.1.69913	1.60.1.70245
OBJECT_NPC_OUTLINE_DISABLED	1.60.1.69913	1.60.1.70245
OBJECT_NPC_OUTLINE_MODE_ONE	1.60.1.69913	1.60.1.70245
OBJECT_NPC_OUTLINE_MODE_THREE	1.60.1.69913	1.60.1.70245
OBJECT_NPC_OUTLINE_MODE_TWO	1.60.1.69913	1.60.1.70245
OBLITERATE_BUTTON	1.60.1.69913	1.60.1.70245
OFF	1.60.1.69913	1.60.1.70245
OFFICER	1.60.1.69913	1.60.1.70245
OFFICER_CHAT	1.60.1.69913	1.60.1.70245
OFFICER_NOTE_COLON	1.60.1.69913	1.60.1.70245
OKAY	1.60.1.69913	1.60.1.70245
ONLINE_SAFETY_NOTICE	1.60.1.69913	1.60.1.70245
OPACITY	1.60.1.69913	1.60.1.70245
OPENING	1.60.1.69913	1.60.1.70245
OPENMAIL	1.60.1.69913	1.60.1.70245
OPEN_ALL_MAIL_BUTTON	1.60.1.69913	1.60.1.70245
OPEN_ALL_MAIL_BUTTON_OPENING	1.60.1.69913	1.60.1.70245
OPEN_LOCK_OTHER	1.60.1.69913	1.60.1.70245
OPEN_LOCK_SELF	1.60.1.69913	1.60.1.70245
OPEN_MIC	1.60.1.69913	1.60.1.70245
OPTIMIZE_NETWORK_SPEED	1.60.1.69913	1.60.1.70245
OPTIONAL_QUEST_OBJECTIVE_DESCRIPTION	1.60.1.69913	1.60.1.70245
OPTIONAL_REAGENT_TUTORIAL_SLOT	1.60.1.69913	1.60.1.70245
OPTIONS_BRIGHTNESS	1.60.1.69913	1.60.1.70245
OPTIONS_TOOLTIP_GAMEPAD_ACTION_BAR_HIGHLIGHT_TOGGLE	1.60.1.69913	1.60.1.70245
OPTIONS_TOOLTIP_GAMEPAD_ACTION_BAR_INPUT_PROMPT_TOGGLE	1.60.1.69913	1.60.1.70245
OPTIONS_TOOLTIP_GAMEPAD_ACTION_BAR_SCALING_TOGGLE	1.60.1.69913	1.60.1.70245
OPTIONS_TOOLTIP_GAMEPAD_MODIFIER_TOGGLE	1.60.1.69913	1.60.1.70245
OPTIONS_TOOLTIP_GAMEPAD_POSSESS_BAR_OVERRIDE	1.60.1.69913	1.60.1.70245
OPTIONS_TOOLTIP_GAMEPAD_STANCE_BAR_OVERRIDE	1.60.1.69913	1.60.1.70245
OPTIONS_TOOLTIP_RAID_TARGETING_OPTIONS_HOVER_MODE	1.60.1.69913	1.60.1.70245
OPTIONS_TOOLTIP_SELF_CAST_AUTO	1.60.1.69913	1.60.1.70245
OPTIONS_TOOLTIP_SELF_CAST_AUTO_AND_KEY_PRESS	1.60.1.69913	1.60.1.70245
OPTIONS_TOOLTIP_SELF_CAST_KEY_PRESS	1.60.1.69913	1.60.1.70245
OPTIONS_TOOLTIP_SELF_CAST_NONE	1.60.1.69913	1.60.1.70245
OPTION_CHAT_STYLE_CLASSIC	1.60.1.69913	1.60.1.70245
OPTION_CHAT_STYLE_IM	1.60.1.69913	1.60.1.70245
OPTION_CONTRAST	1.60.1.69913	1.60.1.70245
OPTION_HD_TEXTURES	1.60.1.69913	1.60.1.70245
OPTION_MAXFPSBK_CHECK	1.60.1.69913	1.60.1.70245
OPTION_MAXFPS_CHECK	1.60.1.69913	1.60.1.70245
OPTION_PHYSICS_OPTIONS	1.60.1.69913	1.60.1.70245
OPTION_SHOW_ACTION_BAR	1.60.1.69913	1.60.1.70245
OPTION_SHOW_ACTION_BAR2_TOOLTIP	1.60.1.69913	1.60.1.70245
OPTION_SHOW_ACTION_BAR3_TOOLTIP	1.60.1.69913	1.60.1.70245
OPTION_SHOW_ACTION_BAR4_TOOLTIP	1.60.1.69913	1.60.1.70245
OPTION_SHOW_ACTION_BAR5_TOOLTIP	1.60.1.69913	1.60.1.70245
OPTION_SHOW_ACTION_BAR6_TOOLTIP	1.60.1.69913	1.60.1.70245
OPTION_SHOW_ACTION_BAR7_TOOLTIP	1.60.1.69913	1.60.1.70245
OPTION_SHOW_ACTION_BAR8_TOOLTIP	1.60.1.69913	1.60.1.70245
OPTION_TARGETFPS_CHECK	1.60.1.69913	1.60.1.70245
OPTION_TOOLTIP_ACCESSIBILITY_FONT_SIZE	1.60.1.69913	1.60.1.70245
OPTION_TOOLTIP_ACTION_TARGETING	1.60.1.69913	1.60.1.70245
OPTION_TOOLTIP_ADVANCED_COMBAT_LOGGING	1.60.1.69913	1.60.1.70245
OPTION_TOOLTIP_ADVANCED_MSAA	1.60.1.69913	1.60.1.70245
OPTION_TOOLTIP_ALTERNATE_SCREEN_EFFECTS	1.60.1.69913	1.60.1.70245
OPTION_TOOLTIP_AMBIENCE_VOLUME	1.60.1.69913	1.60.1.70245
OPTION_TOOLTIP_ANISOTROPIC	1.60.1.69913	1.60.1.70245
OPTION_TOOLTIP_ANTIALIASING	1.60.1.69913	1.60.1.70245
OPTION_TOOLTIP_ANTIALIASING_CMAA	1.60.1.69913	1.60.1.70245
OPTION_TOOLTIP_ANTIALIASING_CMAA2	1.60.1.69913	1.60.1.70245
OPTION_TOOLTIP_ANTIALIASING_FXAA_HIGH	1.60.1.69913	1.60.1.70245
OPTION_TOOLTIP_ANTIALIASING_FXAA_LOW	1.60.1.69913	1.60.1.70245
OPTION_TOOLTIP_ANTIALIASING_IB	1.60.1.69913	1.60.1.70245
OPTION_TOOLTIP_ASSISTED_COMBAT_HIGHLIGHT	1.60.1.69913	1.60.1.70245
OPTION_TOOLTIP_ASSISTED_COMBAT_ROTATION_REDUCE_HIGHLIGHTS	1.60.1.69913	1.60.1.70245
OPTION_TOOLTIP_AUDIO_CACHE_SIZE	1.60.1.69913	1.60.1.70245
OPTION_TOOLTIP_AUDIO_CHANNELS	1.60.1.69913	1.60.1.70245
OPTION_TOOLTIP_AUDIO_LOCALE	1.60.1.69913	1.60.1.70245
OPTION_TOOLTIP_AUDIO_OUTPUT	1.60.1.69913	1.60.1.70245
OPTION_TOOLTIP_AUTO_ACCEPT_QUICK_JOIN	1.60.1.69913	1.60.1.70245
OPTION_TOOLTIP_AUTO_FOLLOW_SPEED	1.60.1.69913	1.60.1.70245
OPTION_TOOLTIP_AUTO_LOOT_ALT_KEY	1.60.1.69913	1.60.1.70245
OPTION_TOOLTIP_AUTO_LOOT_CTRL_KEY	1.60.1.69913	1.60.1.70245
OPTION_TOOLTIP_AUTO_LOOT_DEFAULT	1.60.1.69913	1.60.1.70245
OPTION_TOOLTIP_AUTO_LOOT_NONE_KEY	1.60.1.69913	1.60.1.70245
OPTION_TOOLTIP_AUTO_LOOT_SHIFT_KEY	1.60.1.69913	1.60.1.70245
OPTION_TOOLTIP_AUTO_SELF_CAST	1.60.1.69913	1.60.1.70245
OPTION_TOOLTIP_AUTO_SELF_CAST_ALT_KEY	1.60.1.69913	1.60.1.70245
OPTION_TOOLTIP_AUTO_SELF_CAST_CTRL_KEY	1.60.1.69913	1.60.1.70245
OPTION_TOOLTIP_AUTO_SELF_CAST_KEY_TEXT	1.60.1.69913	1.60.1.70245
OPTION_TOOLTIP_AUTO_SELF_CAST_SHIFT_KEY	1.60.1.69913	1.60.1.70245
OPTION_TOOLTIP_BLOCK_CHAT_CHANNEL_INVITE	1.60.1.69913	1.60.1.70245
OPTION_TOOLTIP_BLOCK_GUILD_INVITES	1.60.1.69913	1.60.1.70245
OPTION_TOOLTIP_BLOCK_NEIGHBORHOOD_INVITES	1.60.1.69913	1.60.1.70245
OPTION_TOOLTIP_BLOCK_TRADES	1.60.1.69913	1.60.1.70245
OPTION_TOOLTIP_BLOOM_MULT	1.60.1.69913	1.60.1.70245
OPTION_TOOLTIP_BRIGHTNESS	1.60.1.69913	1.60.1.70245
OPTION_TOOLTIP_CAMERA3	1.60.1.69913	1.60.1.70245
OPTION_TOOLTIP_CAMERA_ALWAYS	1.60.1.69913	1.60.1.70245
OPTION_TOOLTIP_CAMERA_FOV	1.60.1.69913	1.60.1.70245
OPTION_TOOLTIP_CAMERA_NEVER	1.60.1.69913	1.60.1.70245
OPTION_TOOLTIP_CAMERA_SMART	1.60.1.69913	1.60.1.70245
OPTION_TOOLTIP_CAMERA_SMARTER	1.60.1.69913	1.60.1.70245
OPTION_TOOLTIP_CENTER_SOURCE_EXCLUDE	1.60.1.69913	1.60.1.70245
OPTION_TOOLTIP_CHARACTER_MODELS	1.60.1.69913	1.60.1.70245
OPTION_TOOLTIP_CHAT_BUBBLES	1.60.1.69913	1.60.1.70245
OPTION_TOOLTIP_CINEMATIC_SUBTITLES	1.60.1.69913	1.60.1.70245
OPTION_TOOLTIP_CLEAR_AFK	1.60.1.69913	1.60.1.70245
OPTION_TOOLTIP_CLICK_TO_MOVE	1.60.1.69913	1.60.1.70245
OPTION_TOOLTIP_COMBAT_TEXT_MODE	1.60.1.69913	1.60.1.70245
OPTION_TOOLTIP_COMBAT_TEXT_SHOW_AURAS	1.60.1.70170	1.60.1.70245
OPTION_TOOLTIP_COMBAT_TEXT_SHOW_AURA_FADE	1.60.1.70170	1.60.1.70245
OPTION_TOOLTIP_COMBAT_TEXT_SHOW_COMBAT_STATE	1.60.1.70170	1.60.1.70245
OPTION_TOOLTIP_COMBAT_TEXT_SHOW_COMBO_POINTS	1.60.1.70170	1.60.1.70245
OPTION_TOOLTIP_COMBAT_TEXT_SHOW_DODGE_PARRY_MISS	1.60.1.70170	1.60.1.70245
OPTION_TOOLTIP_COMBAT_TEXT_SHOW_ENERGIZE	1.60.1.70170	1.60.1.70245
OPTION_TOOLTIP_COMBAT_TEXT_SHOW_FRIENDLY_NAMES	1.60.1.70170	1.60.1.70245
OPTION_TOOLTIP_COMBAT_TEXT_SHOW_HONOR_GAINED	1.60.1.70170	1.60.1.70245
OPTION_TOOLTIP_COMBAT_TEXT_SHOW_LOW_HEALTH_MANA	1.60.1.70170	1.60.1.70245
OPTION_TOOLTIP_COMBAT_TEXT_SHOW_REACTIVES	1.60.1.70170	1.60.1.70245
OPTION_TOOLTIP_COMBAT_TEXT_SHOW_REPUTATION	1.60.1.70170	1.60.1.70245
OPTION_TOOLTIP_COMBAT_TEXT_SHOW_RESISTANCES	1.60.1.70170	1.60.1.70245
OPTION_TOOLTIP_COMPACT_UNIT_FRAME_PROFILE_DISPELLABLE_INDICATOR_TYPE	1.60.1.69913	1.60.1.70245
OPTION_TOOLTIP_COMPACT_UNIT_FRAME_PROFILE_DISPELLABLE_INDICATOR_TYPE_ALL	1.60.1.69913	1.60.1.70245
OPTION_TOOLTIP_COMPACT_UNIT_FRAME_PROFILE_DISPELLABLE_INDICATOR_TYPE_DISABLED	1.60.1.69913	1.60.1.70245
OPTION_TOOLTIP_COMPACT_UNIT_FRAME_PROFILE_DISPELLABLE_INDICATOR_TYPE_ME	1.60.1.69913	1.60.1.70245
OPTION_TOOLTIP_COMPACT_UNIT_FRAME_PROFILE_DISPELLABLE_OVERLAY_TYPE_BLACK	1.60.1.69913	1.60.1.70245
OPTION_TOOLTIP_COMPACT_UNIT_FRAME_PROFILE_DISPELLABLE_OVERLAY_TYPE_DEBUFF_COLOR	1.60.1.69913	1.60.1.70245
OPTION_TOOLTIP_COMPACT_UNIT_FRAME_PROFILE_DISPELLABLE_OVERLAY_TYPE_DISABLED	1.60.1.69913	1.60.1.70245
OPTION_TOOLTIP_COMPACT_UNIT_FRAME_PROFILE_DISPLAYAGGROHIGHLIGHT	1.60.1.69913	1.60.1.70245
OPTION_TOOLTIP_COMPACT_UNIT_FRAME_PROFILE_DISPLAYHEALPREDICTION	1.60.1.69913	1.60.1.70245
OPTION_TOOLTIP_COMPACT_UNIT_FRAME_PROFILE_DISPLAYMAINTANKANDASSIST	1.60.1.69913	1.60.1.70245
OPTION_TOOLTIP_COMPACT_UNIT_FRAME_PROFILE_DISPLAYNONBOSSDEBUFFS	1.60.1.69913	1.60.1.70245
OPTION_TOOLTIP_COMPACT_UNIT_FRAME_PROFILE_DISPLAYONLYDISPELLABLEDEBUFFS	1.60.1.69913	1.60.1.70245
OPTION_TOOLTIP_COMPACT_UNIT_FRAME_PROFILE_DISPLAYONLYHEALERPOWERBARS	1.60.1.69913	1.60.1.70245
OPTION_TOOLTIP_COMPACT_UNIT_FRAME_PROFILE_DISPLAYPETS	1.60.1.69913	1.60.1.70245
OPTION_TOOLTIP_COMPACT_UNIT_FRAME_PROFILE_DISPLAYPOWERBAR	1.60.1.69913	1.60.1.70245
OPTION_TOOLTIP_COMPACT_UNIT_FRAME_PROFILE_DISPLAY_DISPEL_OVERLAY	1.60.1.69913	1.60.1.70245
OPTION_TOOLTIP_COMPACT_UNIT_FRAME_PROFILE_DISPLAY_DISPEL_OVERLAY_ANIMATED_BORDER	1.60.1.69913	1.60.1.70245
OPTION_TOOLTIP_COMPACT_UNIT_FRAME_PROFILE_DISPLAY_DISPEL_OVERLAY_FLASHING_ANIMATION	1.60.1.69913	1.60.1.70245
OPTION_TOOLTIP_COMPACT_UNIT_FRAME_PROFILE_DISPLAY_ROLE_DEBUFFS_LARGER	1.60.1.69913	1.60.1.70245
OPTION_TOOLTIP_COMPACT_UNIT_FRAME_PROFILE_HEALTHTEXT	1.60.1.69913	1.60.1.70245
OPTION_TOOLTIP_COMPACT_UNIT_FRAME_PROFILE_HEALTHTEXT_HEALTH	1.60.1.69913	1.60.1.70245
OPTION_TOOLTIP_COMPACT_UNIT_FRAME_PROFILE_HEALTHTEXT_LOSTHEALTH	1.60.1.69913	1.60.1.70245
OPTION_TOOLTIP_COMPACT_UNIT_FRAME_PROFILE_HEALTHTEXT_NONE	1.60.1.69913	1.60.1.70245
OPTION_TOOLTIP_COMPACT_UNIT_FRAME_PROFILE_HEALTHTEXT_PERC	1.60.1.69913	1.60.1.70245
OPTION_TOOLTIP_COMPACT_UNIT_FRAME_PROFILE_HEALTH_BAR_BG_COLOR	1.60.1.69913	1.60.1.70245
OPTION_TOOLTIP_COMPACT_UNIT_FRAME_PROFILE_HEALTH_BAR_COLOR	1.60.1.69913	1.60.1.70245
OPTION_TOOLTIP_COMPACT_UNIT_FRAME_PROFILE_SHOW_BIG_DEFENSIVES	1.60.1.69913	1.60.1.70245
OPTION_TOOLTIP_COMPACT_UNIT_FRAME_PROFILE_USECLASSCOLORS	1.60.1.69913	1.60.1.70245
OPTION_TOOLTIP_COMPATIBILITY_SETTINGS	1.60.1.69913	1.60.1.70245
OPTION_TOOLTIP_COMPAT_SETTING_ADV_WORK_SUBMIT	1.60.1.69913	1.60.1.70245
OPTION_TOOLTIP_COMPAT_SETTING_CMDLIST_MULTITHREADING	1.60.1.69913	1.60.1.70245
OPTION_TOOLTIP_COMPAT_SETTING_DEVICE_MULTITHREADING	1.60.1.69913	1.60.1.70245
OPTION_TOOLTIP_COMPAT_SETTING_OPTIONAL_GPU_FEATURES	1.60.1.69913	1.60.1.70245
OPTION_TOOLTIP_COMPUTE_EFFECTS	1.60.1.69913	1.60.1.70245
OPTION_TOOLTIP_CONTRAST	1.60.1.69913	1.60.1.70245
OPTION_TOOLTIP_COUNTDOWN_FOR_COOLDOWNS	1.60.1.69913	1.60.1.70245
OPTION_TOOLTIP_DECOR_LIGHT_RADIUS_INDICATOR_ENABLED	1.60.1.69913	1.60.1.70245
OPTION_TOOLTIP_DECOR_LIGHT_RADIUS_INDICATOR_TYPE_ALWAYS	1.60.1.69913	1.60.1.70245
OPTION_TOOLTIP_DECOR_LIGHT_RADIUS_INDICATOR_TYPE_NEVER	1.60.1.69913	1.60.1.70245
OPTION_TOOLTIP_DECOR_LIGHT_RADIUS_INDICATOR_TYPE_OVERLAP	1.60.1.69913	1.60.1.70245
OPTION_TOOLTIP_DEPTH_EFFECTS	1.60.1.69913	1.60.1.70245
OPTION_TOOLTIP_DIALOG_VOLUME	1.60.1.69913	1.60.1.70245
OPTION_TOOLTIP_DISABLE_CHAT	1.60.1.69913	1.60.1.70245
OPTION_TOOLTIP_DISABLE_CHAT_ACCOUNT_MUTE	1.60.1.69913	1.60.1.70245
OPTION_TOOLTIP_DISABLE_CHAT_AGE_RESTRICTED_MINOR	1.60.1.70009	1.60.1.70245
OPTION_TOOLTIP_DISABLE_CHAT_AGE_RESTRICTED_UNVERIFIED	1.60.1.70009	1.60.1.70245
OPTION_TOOLTIP_DISPLAY_FREE_BAG_SLOTS	1.60.1.70170	1.60.1.70245
OPTION_TOOLTIP_DISPLAY_MODE	1.60.1.69913	1.60.1.70245
OPTION_TOOLTIP_DISPLAY_PERSONAL_RESOURCE	1.60.1.69913	1.60.1.70245
OPTION_TOOLTIP_ENABLE_AMBIENCE	1.60.1.69913	1.60.1.70245
OPTION_TOOLTIP_ENABLE_BGSOUND	1.60.1.69913	1.60.1.70245
OPTION_TOOLTIP_ENABLE_DIALOG	1.60.1.69913	1.60.1.70245
OPTION_TOOLTIP_ENABLE_EMOTE_SOUNDS	1.60.1.69913	1.60.1.70245
OPTION_TOOLTIP_ENABLE_ERROR_SPEECH	1.60.1.69913	1.60.1.70245
OPTION_TOOLTIP_ENABLE_GAMEPAD_UI	1.60.1.69913	1.60.1.70245
OPTION_TOOLTIP_ENABLE_INTERACT	1.60.1.69913	1.60.1.70245
OPTION_TOOLTIP_ENABLE_MOUSEOVER_CAST	1.60.1.69913	1.60.1.70245
OPTION_TOOLTIP_ENABLE_MUSIC	1.60.1.69913	1.60.1.70245
OPTION_TOOLTIP_ENABLE_MUSIC_LOOPING	1.60.1.69913	1.60.1.70245
OPTION_TOOLTIP_ENABLE_PET_BATTLE_MUSIC	1.60.1.69913	1.60.1.70245
OPTION_TOOLTIP_ENABLE_PET_SOUNDS	1.60.1.69913	1.60.1.70245
OPTION_TOOLTIP_ENABLE_PINGS	1.60.1.69913	1.60.1.70245
OPTION_TOOLTIP_ENABLE_PING_SOUNDS	1.60.1.69913	1.60.1.70245
OPTION_TOOLTIP_ENABLE_QUEST_TEXT_CONTRAST	1.60.1.69913	1.60.1.70245
OPTION_TOOLTIP_ENABLE_REMOTE_TEXT_TO_SPEECH	1.60.1.69913	1.60.1.70245
OPTION_TOOLTIP_ENABLE_REVERB	1.60.1.69913	1.60.1.70245
OPTION_TOOLTIP_ENABLE_SCREEN_NARRATOR	1.60.1.69913	1.60.1.70245
OPTION_TOOLTIP_ENABLE_SOFTWARE_HRTF	1.60.1.69913	1.60.1.70245
OPTION_TOOLTIP_ENABLE_SOUND	1.60.1.69913	1.60.1.70245
OPTION_TOOLTIP_ENABLE_SOUNDFX	1.60.1.69913	1.60.1.70245
OPTION_TOOLTIP_ENABLE_SPEECH_TO_TEXT_TRANSCRIPTION	1.60.1.69913	1.60.1.70245
OPTION_TOOLTIP_ENABLE_TEXT_TO_SPEECH	1.60.1.69913	1.60.1.70245
OPTION_TOOLTIP_ENVIRONMENT_DETAIL	1.60.1.69913	1.60.1.70245
OPTION_TOOLTIP_FARCLIP	1.60.1.69913	1.60.1.70245
OPTION_TOOLTIP_FLASH_LOW_HEALTH_WARNING	1.60.1.69913	1.60.1.70245
OPTION_TOOLTIP_FOCUS_CAST_ALT_KEY	1.60.1.69913	1.60.1.70245
OPTION_TOOLTIP_FOCUS_CAST_CTRL_KEY	1.60.1.69913	1.60.1.70245
OPTION_TOOLTIP_FOCUS_CAST_NONE_KEY	1.60.1.69913	1.60.1.70245
OPTION_TOOLTIP_FOCUS_CAST_SHIFT_KEY	1.60.1.69913	1.60.1.70245
OPTION_TOOLTIP_FOCUS_GLOW_COLOR	1.60.1.69913	1.60.1.70245
OPTION_TOOLTIP_FOCUS_OPACITY	1.60.1.69913	1.60.1.70245
OPTION_TOOLTIP_FOLLOW_TERRAIN	1.60.1.69913	1.60.1.70245
OPTION_TOOLTIP_FX_VOLUME	1.60.1.69913	1.60.1.70245
OPTION_TOOLTIP_GAMEFIELD_DESELECT	1.60.1.69913	1.60.1.70245
OPTION_TOOLTIP_GAMEPAD_BACK_PEDAL_THRESHOLD	1.60.1.69913	1.60.1.70245
OPTION_TOOLTIP_GAMEPAD_FACE_MOVEMENT_GLIDING	1.60.1.69913	1.60.1.70245
OPTION_TOOLTIP_GAMEPAD_FACE_MOVEMENT_MOUNTED	1.60.1.69913	1.60.1.70245
OPTION_TOOLTIP_GAMEPAD_FACE_MOVEMENT_SWIMMING	1.60.1.69913	1.60.1.70245
OPTION_TOOLTIP_GAMEPAD_FOLLOW_CAMERA	1.60.1.69913	1.60.1.70245
OPTION_TOOLTIP_GAMEPAD_FOLLOW_CAMERA_PITCH_OFFSET	1.60.1.69913	1.60.1.70245
OPTION_TOOLTIP_GAMEPAD_MOVEMENT_FACE_ANGLE	1.60.1.69913	1.60.1.70245
OPTION_TOOLTIP_GAMEPAD_MOVEMENT_FACE_ANGLE_COMBAT	1.60.1.69913	1.60.1.70245
OPTION_TOOLTIP_GAMEPAD_RUN_THRESHOLD	1.60.1.69913	1.60.1.70245
OPTION_TOOLTIP_GAMEPAD_SHOW_EMPTY_ACTIONBARS	1.60.1.69913	1.60.1.70245
OPTION_TOOLTIP_GAMEPAD_SHOW_LEGEND	1.60.1.69913	1.60.1.70245
OPTION_TOOLTIP_GAMEPLAY_SFX_VOLUME	1.60.1.69913	1.60.1.70245
OPTION_TOOLTIP_GAMMA	1.60.1.69913	1.60.1.70245
OPTION_TOOLTIP_GRAPHICS_CARD	1.60.1.69913	1.60.1.70245
OPTION_TOOLTIP_GROUND_CLUTTER	1.60.1.69913	1.60.1.70245
OPTION_TOOLTIP_GUILDMEMBER_ALERT	1.60.1.69913	1.60.1.70245
OPTION_TOOLTIP_GXAPI	1.60.1.69913	1.60.1.70245
OPTION_TOOLTIP_HD_TEXTURES	1.60.1.69913	1.60.1.70245
OPTION_TOOLTIP_HEAD_BOB	1.60.1.69913	1.60.1.70245
OPTION_TOOLTIP_INTERACT_ICONS	1.60.1.69913	1.60.1.70245
OPTION_TOOLTIP_INTERACT_ON_LEFT_CLICK	1.60.1.69913	1.60.1.70245
OPTION_TOOLTIP_INVERT_GAMEPAD_PITCH	1.60.1.69913	1.60.1.70245
OPTION_TOOLTIP_INVERT_GAMEPAD_YAW	1.60.1.69913	1.60.1.70245
OPTION_TOOLTIP_INVERT_MOUSE	1.60.1.69913	1.60.1.70245
OPTION_TOOLTIP_LEGACY_LIQUID_DETAIL	1.60.1.69913	1.60.1.70245
OPTION_TOOLTIP_LIGHTING_MODE	1.60.1.69913	1.60.1.70245
OPTION_TOOLTIP_LIQUID_DETAIL	1.60.1.69913	1.60.1.70245
OPTION_TOOLTIP_LOCALE	1.60.1.69913	1.60.1.70245
OPTION_TOOLTIP_LOCK_ACTIONBAR	1.60.1.69913	1.60.1.70245
OPTION_TOOLTIP_LOCK_CURSOR	1.60.1.69913	1.60.1.70245
OPTION_TOOLTIP_LOOT_UNDER_MOUSE	1.60.1.69913	1.60.1.70245
OPTION_TOOLTIP_LOSS_OF_CONTROL	1.60.1.69913	1.60.1.70245
OPTION_TOOLTIP_LOW_LATENCY_MODE	1.60.1.69913	1.60.1.70245
OPTION_TOOLTIP_MASTER_VOLUME	1.60.1.69913	1.60.1.70245
OPTION_TOOLTIP_MAX_FOLLOW_DIST	1.60.1.69913	1.60.1.70245
OPTION_TOOLTIP_MINIMUM_CHARACTER_NAME_SIZE	1.60.1.69913	1.60.1.70245
OPTION_TOOLTIP_MOTION_SICKNESS_CHECKBOX	1.60.1.69913	1.60.1.70245
OPTION_TOOLTIP_MOUSEOVER_CAST_ALT_KEY	1.60.1.69913	1.60.1.70245
OPTION_TOOLTIP_MOUSEOVER_CAST_CTRL_KEY	1.60.1.69913	1.60.1.70245
OPTION_TOOLTIP_MOUSEOVER_CAST_NONE_KEY	1.60.1.69913	1.60.1.70245
OPTION_TOOLTIP_MOUSEOVER_CAST_SHIFT_KEY	1.60.1.69913	1.60.1.70245
OPTION_TOOLTIP_MOUSE_LOOK_SPEED	1.60.1.69913	1.60.1.70245
OPTION_TOOLTIP_MOUSE_SENSITIVITY	1.60.1.69913	1.60.1.70245
OPTION_TOOLTIP_MOVE_PAD	1.60.1.69913	1.60.1.70245
OPTION_TOOLTIP_MULTISAMPLE_ALPHA_TEST	1.60.1.69913	1.60.1.70245
OPTION_TOOLTIP_MUSIC_VOLUME	1.60.1.69913	1.60.1.70245
OPTION_TOOLTIP_NOTCH_MODE	1.60.1.69913	1.60.1.70245
OPTION_TOOLTIP_OBJECT_NPC_OUTLINE	1.60.1.69913	1.60.1.70245
OPTION_TOOLTIP_OPTIMIZE_NETWORK_SPEED	1.60.1.69913	1.60.1.70245
OPTION_TOOLTIP_OTHER_DECOR_LIGHT_RADIUS_INDICATOR_TYPE	1.60.1.69913	1.60.1.70245
OPTION_TOOLTIP_OUTLINE_MODE	1.60.1.69913	1.60.1.70245
OPTION_TOOLTIP_PARTICLE_DENSITY	1.60.1.69913	1.60.1.70245
OPTION_TOOLTIP_PBR_LIQUID_DETAIL	1.60.1.69913	1.60.1.70245
OPTION_TOOLTIP_PICKUP_ACTION_ALT_KEY	1.60.1.69913	1.60.1.70245
OPTION_TOOLTIP_PICKUP_ACTION_CTRL_KEY	1.60.1.69913	1.60.1.70245
OPTION_TOOLTIP_PICKUP_ACTION_NONE_KEY	1.60.1.69913	1.60.1.70245
OPTION_TOOLTIP_PICKUP_ACTION_SHIFT_KEY	1.60.1.69913	1.60.1.70245
OPTION_TOOLTIP_PING_MODE	1.60.1.69913	1.60.1.70245
OPTION_TOOLTIP_PING_MODE_CLICK_DRAG	1.60.1.69913	1.60.1.70245
OPTION_TOOLTIP_PING_MODE_KEY_DOWN	1.60.1.69913	1.60.1.70245
OPTION_TOOLTIP_PING_TARGET	1.60.1.69913	1.60.1.70245
OPTION_TOOLTIP_PING_TARGET_ALL	1.60.1.69913	1.60.1.70245
OPTION_TOOLTIP_PING_TARGET_ENVIRONMENT	1.60.1.69913	1.60.1.70245
OPTION_TOOLTIP_PING_TARGET_KEYBIND	1.60.1.69913	1.60.1.70245
OPTION_TOOLTIP_PING_TARGET_UNITS	1.60.1.69913	1.60.1.70245
OPTION_TOOLTIP_PING_VOLUME	1.60.1.69913	1.60.1.70245
OPTION_TOOLTIP_PRIMARY_MONITOR	1.60.1.69913	1.60.1.70245
OPTION_TOOLTIP_PROFANITY_FILTER	1.60.1.69913	1.60.1.70245
OPTION_TOOLTIP_PROJECTED_TEXTURES	1.60.1.69913	1.60.1.70245
OPTION_TOOLTIP_PVP_COMPACT_UNIT_FRAME_PROFILE_DISPLAYONLYHEALERPOWERBARS	1.60.1.69913	1.60.1.70245
OPTION_TOOLTIP_PVP_COMPACT_UNIT_FRAME_PROFILE_DISPLAYPETS	1.60.1.69913	1.60.1.70245
OPTION_TOOLTIP_PVP_COMPACT_UNIT_FRAME_PROFILE_DISPLAYPOWERBAR	1.60.1.69913	1.60.1.70245
OPTION_TOOLTIP_PVP_COMPACT_UNIT_FRAME_PROFILE_HEALTHTEXT	1.60.1.69913	1.60.1.70245
OPTION_TOOLTIP_PVP_COMPACT_UNIT_FRAME_PROFILE_HEALTHTEXT_HEALTH	1.60.1.69913	1.60.1.70245
OPTION_TOOLTIP_PVP_COMPACT_UNIT_FRAME_PROFILE_HEALTHTEXT_LOSTHEALTH	1.60.1.69913	1.60.1.70245
OPTION_TOOLTIP_PVP_COMPACT_UNIT_FRAME_PROFILE_HEALTHTEXT_NONE	1.60.1.69913	1.60.1.70245
OPTION_TOOLTIP_PVP_COMPACT_UNIT_FRAME_PROFILE_HEALTHTEXT_PERC	1.60.1.69913	1.60.1.70245
OPTION_TOOLTIP_PVP_COMPACT_UNIT_FRAME_PROFILE_USECLASSCOLORS	1.60.1.69913	1.60.1.70245
OPTION_TOOLTIP_RAID_CHAT_BUBBLES	1.60.1.69913	1.60.1.70245
OPTION_TOOLTIP_RENDER_SCALE	1.60.1.69913	1.60.1.70245
OPTION_TOOLTIP_REPLACE_MY_PLAYER_PORTRAIT	1.60.1.69913	1.60.1.70245
OPTION_TOOLTIP_REPLACE_OTHER_PLAYER_PORTRAITS	1.60.1.69913	1.60.1.70245
OPTION_TOOLTIP_RESAMPLE_QUALITY	1.60.1.69913	1.60.1.70245
OPTION_TOOLTIP_RESET_CHAT_POSITION	1.60.1.69913	1.60.1.70245
OPTION_TOOLTIP_RESTRICT_CALENDAR_INVITES	1.60.1.69913	1.60.1.70245
OPTION_TOOLTIP_RT_SHADOW_QUALITY	1.60.1.69913	1.60.1.70245
OPTION_TOOLTIP_SCREEN_NARRATOR_SPEECH_RATE	1.60.1.69913	1.60.1.70245
OPTION_TOOLTIP_SCREEN_NARRATOR_SPEECH_VOLUME	1.60.1.69913	1.60.1.70245
OPTION_TOOLTIP_SCREEN_NARRATOR_VOICE	1.60.1.69913	1.60.1.70245
OPTION_TOOLTIP_SCROLL_ARC	1.60.1.69913	1.60.1.70245
OPTION_TOOLTIP_SCROLL_DOWN	1.60.1.69913	1.60.1.70245
OPTION_TOOLTIP_SCROLL_UP	1.60.1.69913	1.60.1.70245
OPTION_TOOLTIP_SELECTED_DECOR_LIGHT_RADIUS_INDICATOR_TYPE	1.60.1.69913	1.60.1.70245
OPTION_TOOLTIP_SELF_HIGHLIGHT	1.60.1.69913	1.60.1.70245
OPTION_TOOLTIP_SHADOW_QUALITY	1.60.1.69913	1.60.1.70245
OPTION_TOOLTIP_SHARPNESS	1.60.1.69913	1.60.1.70245
OPTION_TOOLTIP_SHOW_COLLECTION_TOASTS	1.60.1.69913	1.60.1.70245
OPTION_TOOLTIP_SHOW_COMBAT_TEXT	1.60.1.69913	1.60.1.70245
OPTION_TOOLTIP_SHOW_IN_GAME_NAVIGATION	1.60.1.69913	1.60.1.70245
OPTION_TOOLTIP_SHOW_ITEM_TOASTS	1.60.1.69913	1.60.1.70245
OPTION_TOOLTIP_SHOW_LEARNED_RECIPE_TOASTS	1.60.1.69913	1.60.1.70245
OPTION_TOOLTIP_SHOW_PINGS_IN_CHAT	1.60.1.69913	1.60.1.70245
OPTION_TOOLTIP_SHOW_PINGS_ON_RAID_FRAMES	1.60.1.69913	1.60.1.70245
OPTION_TOOLTIP_SHOW_QUEST_FADING	1.60.1.70170	1.60.1.70245
OPTION_TOOLTIP_SHOW_SILHOUETTE	1.60.1.69913	1.60.1.70245
OPTION_TOOLTIP_SHOW_TARGET_OF_TARGET	1.60.1.69913	1.60.1.70245
OPTION_TOOLTIP_SHOW_TIPOFTHEDAY	1.60.1.70170	1.60.1.70245
OPTION_TOOLTIP_SHOW_TOAST_BROADCAST	1.60.1.69913	1.60.1.70245
OPTION_TOOLTIP_SHOW_TOAST_FRIEND_REQUEST	1.60.1.69913	1.60.1.70245
OPTION_TOOLTIP_SHOW_TOAST_OFFLINE	1.60.1.69913	1.60.1.70245
OPTION_TOOLTIP_SHOW_TOAST_ONLINE	1.60.1.69913	1.60.1.70245
OPTION_TOOLTIP_SHOW_TOAST_WINDOW	1.60.1.69913	1.60.1.70245
OPTION_TOOLTIP_SHOW_TUTORIALS	1.60.1.69913	1.60.1.70245
OPTION_TOOLTIP_SOCIAL_DISCONNECT_DISCORD	1.60.1.69913	1.60.1.70245
OPTION_TOOLTIP_SOCIAL_DISCORD_DISPLAY_NAME	1.60.1.69913	1.60.1.70245
OPTION_TOOLTIP_SOCIAL_DISCORD_DISPLAY_NAME_OPTION_DEFAULT	1.60.1.69913	1.60.1.70245
OPTION_TOOLTIP_SOCIAL_DISCORD_DISPLAY_NAME_OPTION_GLOBAL_NAME	1.60.1.69913	1.60.1.70245
OPTION_TOOLTIP_SOCIAL_DISCORD_DISPLAY_NAME_OPTION_LAST_ONLINE	1.60.1.69913	1.60.1.70245
OPTION_TOOLTIP_SPELL_ALERT_OPACITY	1.60.1.69913	1.60.1.70245
OPTION_TOOLTIP_SPELL_DENSITY	1.60.1.69913	1.60.1.70245
OPTION_TOOLTIP_SSAO	1.60.1.69913	1.60.1.70245
OPTION_TOOLTIP_STATUS_TEXT_DISPLAY	1.60.1.69913	1.60.1.70245
OPTION_TOOLTIP_TARGET_TOOLTIP	1.60.1.69913	1.60.1.70245
OPTION_TOOLTIP_TEXTURE_DETAIL	1.60.1.69913	1.60.1.70245
OPTION_TOOLTIP_TIMESTAMPS	1.60.1.69913	1.60.1.70245
OPTION_TOOLTIP_TRIPLE_BUFFER	1.60.1.69913	1.60.1.70245
OPTION_TOOLTIP_UI_SCALE	1.60.1.69913	1.60.1.70245
OPTION_TOOLTIP_UNIT_NAMEPLATES_AUTOMODE	1.60.1.69913	1.60.1.70245
OPTION_TOOLTIP_UNIT_NAMEPLATES_FRIENDLY_PLAYER_NAME_USE_CLASS_COLOR	1.60.1.69913	1.60.1.70245
OPTION_TOOLTIP_UNIT_NAMEPLATES_FRIENDLY_PLAYER_SHOW_ONLY_NAME	1.60.1.69913	1.60.1.70245
OPTION_TOOLTIP_UNIT_NAMEPLATES_SHOW_ENEMIES	1.60.1.69913	1.60.1.70245
OPTION_TOOLTIP_UNIT_NAMEPLATES_SHOW_ENEMY_MINIONS	1.60.1.69913	1.60.1.70245
OPTION_TOOLTIP_UNIT_NAMEPLATES_SHOW_ENEMY_MINUS	1.60.1.69913	1.60.1.70245
OPTION_TOOLTIP_UNIT_NAMEPLATES_SHOW_FRIENDLY_MINIONS	1.60.1.69913	1.60.1.70245
OPTION_TOOLTIP_UNIT_NAMEPLATES_SHOW_FRIENDLY_REALM_NAME	1.60.1.69913	1.60.1.70245
OPTION_TOOLTIP_UNIT_NAMEPLATES_SHOW_FRIENDS	1.60.1.69913	1.60.1.70245
OPTION_TOOLTIP_UNIT_NAME_ENEMY	1.60.1.69913	1.60.1.70245
OPTION_TOOLTIP_UNIT_NAME_ENEMY_MINIONS	1.60.1.69913	1.60.1.70245
OPTION_TOOLTIP_UNIT_NAME_FRIENDLY	1.60.1.69913	1.60.1.70245
OPTION_TOOLTIP_UNIT_NAME_FRIENDLY_MINIONS	1.60.1.69913	1.60.1.70245
OPTION_TOOLTIP_UNIT_NAME_NONCOMBAT_CREATURE	1.60.1.69913	1.60.1.70245
OPTION_TOOLTIP_UNIT_NAME_OWN	1.60.1.69913	1.60.1.70245
OPTION_TOOLTIP_UNIT_SECONDARY_NAME_OWN	1.60.1.69913	1.60.1.70245
OPTION_TOOLTIP_USEIPV6	1.60.1.69913	1.60.1.70245
OPTION_TOOLTIP_USE_COMBINED_BAGS	1.60.1.69913	1.60.1.70245
OPTION_TOOLTIP_USE_UISCALE	1.60.1.69913	1.60.1.70245
OPTION_TOOLTIP_VERTICAL_SYNC	1.60.1.69913	1.60.1.70245
OPTION_TOOLTIP_VOICE_ACTIVATION_SENSITIVITY	1.60.1.69913	1.60.1.70245
OPTION_TOOLTIP_VOICE_INPUT	1.60.1.69913	1.60.1.70245
OPTION_TOOLTIP_VOICE_INPUT_VOLUME	1.60.1.69913	1.60.1.70245
OPTION_TOOLTIP_VOICE_OUTPUT	1.60.1.69913	1.60.1.70245
OPTION_TOOLTIP_VOICE_OUTPUT_VOLUME	1.60.1.69913	1.60.1.70245
OPTION_TOOLTIP_VOICE_TYPE1	1.60.1.69913	1.60.1.70245
OPTION_TOOLTIP_VOICE_TYPE2	1.60.1.69913	1.60.1.70245
OPTION_TOOLTIP_VRS_AGGRESSIVE	1.60.1.69913	1.60.1.70245
OPTION_TOOLTIP_VRS_MODE	1.60.1.69913	1.60.1.70245
OPTION_TOOLTIP_VRS_STANDARD	1.60.1.69913	1.60.1.70245
OPTION_TOOLTIP_WATER_COLLISION	1.60.1.69913	1.60.1.70245
OPTION_TOOLTIP_WINDOW_SIZE	1.60.1.69913	1.60.1.70245
OPTION_WHISPER_MODE_INLINE	1.60.1.69913	1.60.1.70245
OPTION_WHISPER_MODE_POPOUT	1.60.1.69913	1.60.1.70245
OPTION_WHISPER_MODE_POPOUT_AND_INLINE	1.60.1.69913	1.60.1.70245
OPT_OUT_LOOT_TITLE	1.60.1.69913	1.60.1.70245
ORIBOS_GREAT_VAULT_POI_TOOLTIP_INSTRUCTIONS	1.60.1.70170	1.60.1.70245
OR_CAPS	1.60.1.69913	1.60.1.70245
OTHER	1.60.1.69913	1.60.1.70245
OTHER_DECOR_LIGHT_RADIUS_INDICATOR_TYPE	1.60.1.69913	1.60.1.70245
OUTLINE_MODE	1.60.1.69913	1.60.1.70245
PAGED_LIST_PAGING_FORMAT	1.60.1.70170	1.60.1.70245
PAGE_NUMBER	1.60.1.69913	1.60.1.70245
PAGE_NUMBER_WITH_MAX	1.60.1.69913	1.60.1.70245
PALADIN_STRENGTH_TOOLTIP	1.60.1.69913	1.60.1.70245
PAPERDOLL_AUTO_EQUIP_ALCHEMY_ONLY	1.60.1.69913	1.60.1.70245
PAPERDOLL_AUTO_EQUIP_BLACKSMITHING_ONLY	1.60.1.69913	1.60.1.70245
PAPERDOLL_AUTO_EQUIP_COOKING_ONLY	1.60.1.69913	1.60.1.70245
PAPERDOLL_AUTO_EQUIP_ENCHANTING_ONLY	1.60.1.69913	1.60.1.70245
PAPERDOLL_AUTO_EQUIP_ENGINEERING_ONLY	1.60.1.69913	1.60.1.70245
PAPERDOLL_AUTO_EQUIP_FISHING_ONLY	1.60.1.69913	1.60.1.70245
PAPERDOLL_AUTO_EQUIP_HERBALISM_ONLY	1.60.1.69913	1.60.1.70245
PAPERDOLL_AUTO_EQUIP_INSCRIPTION_ONLY	1.60.1.69913	1.60.1.70245
PAPERDOLL_AUTO_EQUIP_JEWELCRAFTING_ONLY	1.60.1.69913	1.60.1.70245
PAPERDOLL_AUTO_EQUIP_LEATHERWORKING_ONLY	1.60.1.69913	1.60.1.70245
PAPERDOLL_AUTO_EQUIP_MINING_ONLY	1.60.1.69913	1.60.1.70245
PAPERDOLL_AUTO_EQUIP_SKINNING_ONLY	1.60.1.69913	1.60.1.70245
PAPERDOLL_AUTO_EQUIP_TAILORING_ONLY	1.60.1.69913	1.60.1.70245
PAPERDOLL_EQUIPMENTMANAGER	1.60.1.69913	1.60.1.70245
PAPERDOLL_NEWEQUIPMENTSET	1.60.1.69913	1.60.1.70245
PAPERDOLL_SIDEBAR_STATS	1.60.1.69913	1.60.1.70245
PAPERDOLL_SIDEBAR_TITLES	1.60.1.70170	1.60.1.70245
PARAGON_REPUTATION_TOOLTIP_TEXT	1.60.1.70170	1.60.1.70245
PARAGON_REPUTATION_TOOLTIP_TEXT_LOW_LEVEL	1.60.1.70170	1.60.1.70245
PARENS_TEMPLATE	1.60.1.69913	1.60.1.70245
PARRY	1.60.1.69913	1.60.1.70245
PARRY_CHANCE	1.60.1.69913	1.60.1.70245
PARTICLE_DENSITY	1.60.1.69913	1.60.1.70245
PARTY	1.60.1.69913	1.60.1.70245
PARTY_CHAT_BUBBLES_TEXT	1.60.1.69913	1.60.1.70245
PARTY_INVITE	1.60.1.69913	1.60.1.70245
PARTY_IN_PUBLIC_GROUP_MESSAGE	1.60.1.69913	1.60.1.70245
PARTY_LEADER	1.60.1.69913	1.60.1.70245
PARTY_LEAVE	1.60.1.69913	1.60.1.70245
PARTY_MESSAGE	1.60.1.69913	1.60.1.70245
PARTY_PHASED_MESSAGE	1.60.1.70170	1.60.1.70245
PARTY_PLAYER_CHROMIE_TIME_INELIGIBLE	1.60.1.70170	1.60.1.70245
PARTY_PLAYER_CHROMIE_TIME_OTHER_ALLIANCE	1.60.1.70170	1.60.1.70245
PARTY_PLAYER_CHROMIE_TIME_OTHER_HORDE	1.60.1.70170	1.60.1.70245
PARTY_PLAYER_CHROMIE_TIME_OTHER_LOCATION	1.60.1.70170	1.60.1.70245
PARTY_PLAYER_CHROMIE_TIME_SELF_ALLIANCE	1.60.1.70170	1.60.1.70245
PARTY_PLAYER_CHROMIE_TIME_SELF_HORDE	1.60.1.70170	1.60.1.70245
PARTY_PLAYER_CHROMIE_TIME_SELF_LOCATION	1.60.1.70170	1.60.1.70245
PARTY_PLAYER_DIFFERENT_WORLD_TIER	1.60.1.70170	1.60.1.70245
PARTY_PLAYER_SHARDED_INCOMPATIBLE_RULESET	1.60.1.70170	1.60.1.70245
PARTY_PLAYER_SHARDED_NEITHER_IN_PARTY_SHARD	1.60.1.70170	1.60.1.70245
PARTY_PLAYER_SHARDED_NOT_IN_PARTY_SHARD	1.60.1.70170	1.60.1.70245
PARTY_PLAYER_SHARDED_TARGET_NOT_IN_PARTY_PHASE	1.60.1.70170	1.60.1.70245
PARTY_PLAYER_WARMODE_DISABLED	1.60.1.70170	1.60.1.70245
PARTY_PLAYER_WARMODE_ENABLED	1.60.1.70170	1.60.1.70245
PARTY_POSE_DEFEAT	1.60.1.69913	1.60.1.70245
PARTY_POSE_VICTORY	1.60.1.69913	1.60.1.70245
PARTY_PROMOTE	1.60.1.69913	1.60.1.70245
PARTY_QUEST_STATUS_ON	1.60.1.70009	1.60.1.70245
PARTY_UNINVITE	1.60.1.69913	1.60.1.70245
PASS	1.60.1.69913	1.60.1.70245
PASSWORD	1.60.1.70170	1.60.1.70245
PBR_LIQUID_DETAIL	1.60.1.69913	1.60.1.70245
PERIODIC	1.60.1.69913	1.60.1.70245
PERSONALTABARDVENDORGREETING	1.60.1.69913	1.60.1.70245
PERSONALTABARDVENDORUNOWNEDGREETING	1.60.1.69913	1.60.1.70245
PET	1.60.1.69913	1.60.1.70245
PETS	1.60.1.69913	1.60.1.70245
PET_ABANDON	1.60.1.69913	1.60.1.70245
PET_ACTION_ATTACK	1.60.1.69913	1.60.1.70245
PET_ACTION_DISMISS	1.60.1.69913	1.60.1.70245
PET_ACTION_FOLLOW	1.60.1.69913	1.60.1.70245
PET_ACTION_WAIT	1.60.1.69913	1.60.1.70245
PET_BATTLE_COMBAT_LOG	1.60.1.69913	1.60.1.70245
PET_BATTLE_FORFEIT_CONFIRMATION	1.60.1.69913	1.60.1.70245
PET_BATTLE_FORFEIT_CONFIRMATION_NO_PENALTY	1.60.1.69913	1.60.1.70245
PET_BATTLE_INFO	1.60.1.69913	1.60.1.70245
PET_BATTLE_PVP_DUEL_REQUESTED	1.60.1.69913	1.60.1.70245
PET_BATTLE_PVP_QUEUE	1.60.1.69913	1.60.1.70245
PET_BONUS_TOOLTIP_WARLOCK_SPELLDMG	1.60.1.69913	1.60.1.70245
PET_BONUS_TOOLTIP_WARLOCK_SPELLDMG_FIRE	1.60.1.69913	1.60.1.70245
PET_BONUS_TOOLTIP_WARLOCK_SPELLDMG_SHADOW	1.60.1.69913	1.60.1.70245
PET_DAMAGE_PERCENTAGE	1.60.1.69913	1.60.1.70245
PET_DIET_TEMPLATE	1.60.1.69913	1.60.1.70245
PET_DISMISS	1.60.1.69913	1.60.1.70245
PET_HAPPINESS1	1.60.1.69913	1.60.1.70245
PET_HAPPINESS2	1.60.1.69913	1.60.1.70245
PET_HAPPINESS3	1.60.1.69913	1.60.1.70245
PET_INFO	1.60.1.69913	1.60.1.70245
PET_JOURNAL	1.60.1.69913	1.60.1.70245
PET_JOURNAL_CARD_NAME_DEFAULT	1.60.1.69913	1.60.1.70245
PET_JOURNAL_FILTER_USABLE_ONLY	1.60.1.69913	1.60.1.70245
PET_JOURNAL_SUMMON_RANDOM_FAVORITE_PET	1.60.1.69913	1.60.1.70245
PET_MODE_AGGRESSIVE	1.60.1.69913	1.60.1.70245
PET_MODE_ASSIST	1.60.1.69913	1.60.1.70245
PET_MODE_DEFENSIVE	1.60.1.69913	1.60.1.70245
PET_MODE_DEFENSIVEASSIST	1.60.1.69913	1.60.1.70245
PET_MODE_PASSIVE	1.60.1.69913	1.60.1.70245
PET_RENAME	1.60.1.69913	1.60.1.70245
PET_RENAME_CONFIRMATION	1.60.1.69913	1.60.1.70245
PET_TYPE_DEMON	1.60.1.69913	1.60.1.70245
PET_TYPE_PET	1.60.1.69913	1.60.1.70245
PHOTO_SHARING_DISCONNECT	1.60.1.69913	1.60.1.70245
PHOTO_SHARING_SETTINGS_LABEL	1.60.1.69913	1.60.1.70245
PHOTO_SHARING_SETTINGS_LABEL_TOOLTIP	1.60.1.69913	1.60.1.70245
PHOTO_SHARING_SETTINGS_LABEL_TOOLTIP_RESTRICTED	1.60.1.69913	1.60.1.70245
PHOTO_SHARING_SIGN_IN	1.60.1.69913	1.60.1.70245
PHYSICS_INTERACTION	1.60.1.69913	1.60.1.70245
PICKUP_ACTION_KEY_TEXT	1.60.1.69913	1.60.1.70245
PING	1.60.1.69913	1.60.1.70245
PING_CHAT_SETTINGS	1.60.1.69913	1.60.1.70245
PING_FAILED_DISABLED_BY_LEADER	1.60.1.69913	1.60.1.70245
PING_FAILED_DISABLED_BY_SETTINGS	1.60.1.69913	1.60.1.70245
PING_FAILED_GENERIC	1.60.1.69913	1.60.1.70245
PING_FAILED_INVALID_TARGET	1.60.1.69913	1.60.1.70245
PING_FAILED_OUT_OF_PING_AREA	1.60.1.69913	1.60.1.70245
PING_FAILED_SPAMMING	1.60.1.69913	1.60.1.70245
PING_FAILED_SQUELCHED	1.60.1.69913	1.60.1.70245
PING_FAILED_UNSPECIFIED	1.60.1.69913	1.60.1.70245
PING_KEYBINDINGS	1.60.1.69913	1.60.1.70245
PING_MODE	1.60.1.69913	1.60.1.70245
PING_MODE_CLICK_DRAG	1.60.1.69913	1.60.1.70245
PING_MODE_KEY_DOWN	1.60.1.69913	1.60.1.70245
PING_SYSTEM_LABEL	1.60.1.69913	1.60.1.70245
PING_SYSTEM_SETTINGS	1.60.1.69913	1.60.1.70245
PING_SYSTEM_TUTORIAL_CONTEXTUAL	1.60.1.69913	1.60.1.70245
PING_SYSTEM_TUTORIAL_LABEL	1.60.1.69913	1.60.1.70245
PING_SYSTEM_TUTORIAL_MACRO_1	1.60.1.69913	1.60.1.70245
PING_SYSTEM_TUTORIAL_MACRO_2	1.60.1.69913	1.60.1.70245
PING_SYSTEM_TUTORIAL_MACRO_3	1.60.1.69913	1.60.1.70245
PING_SYSTEM_TUTORIAL_RADIAL	1.60.1.69913	1.60.1.70245
PING_SYSTEM_TUTORIAL_TARGETS	1.60.1.69913	1.60.1.70245
PING_SYSTEM_TUTORIAL_TOOLTIP	1.60.1.69913	1.60.1.70245
PING_TARGET_OPTION	1.60.1.69913	1.60.1.70245
PING_TARGET_OPTION_ALL	1.60.1.69913	1.60.1.70245
PING_TARGET_OPTION_ENVIRONMENT	1.60.1.69913	1.60.1.70245
PING_TARGET_OPTION_UNITS	1.60.1.69913	1.60.1.70245
PING_TYPE_ASSIST	1.60.1.70170	1.60.1.70245
PING_TYPE_ON_MY_WAY	1.60.1.70170	1.60.1.70245
PING_TYPE_WARNING	1.60.1.70170	1.60.1.70245
PING_VOLUME	1.60.1.69913	1.60.1.70245
PLACE_CRAFTING_ORDERS	1.60.1.69913	1.60.1.70245
PLAYERSPELLS_BUTTON	1.60.1.69913	1.60.1.70245
PLAYER_AND_NPC_INTERACTION	1.60.1.69913	1.60.1.70245
PLAYER_CHOICE_GRID_DESC	1.60.1.69913	1.60.1.70245
PLAYER_CHOICE_GRID_HEADER	1.60.1.69913	1.60.1.70245
PLAYER_CHOICE_QUALITY_STRING_COMMON	1.60.1.69913	1.60.1.70245
PLAYER_CHOICE_QUALITY_STRING_EPIC	1.60.1.69913	1.60.1.70245
PLAYER_CHOICE_QUALITY_STRING_RARE	1.60.1.69913	1.60.1.70245
PLAYER_CHOICE_QUALITY_STRING_UNCOMMON	1.60.1.69913	1.60.1.70245
PLAYER_DIFFICULTY1	1.60.1.69913	1.60.1.70245
PLAYER_DIFFICULTY2	1.60.1.69913	1.60.1.70245
PLAYER_DIFFICULTY3	1.60.1.70170	1.60.1.70245
PLAYER_DIFFICULTY6	1.60.1.69913	1.60.1.70245
PLAYER_DIFFICULTY_MYTHIC_FLEXIBLE	1.60.1.70170	1.60.1.70245
PLAYER_DIFFICULTY_MYTHIC_PLUS	1.60.1.70170	1.60.1.70245
PLAYER_DIFFICULTY_STORY_RAID	1.60.1.70170	1.60.1.70245
PLAYER_DIFFICULTY_TIMEWALKER	1.60.1.70170	1.60.1.70245
PLAYER_DIFFICULTY_WORLD_RAID	1.60.1.70170	1.60.1.70245
PLAYER_IS_PVP_AFK	1.60.1.70170	1.60.1.70245
PLAYER_LEVEL	1.60.1.69913	1.60.1.70245
PLAYER_LEVEL_NO_SPEC	1.60.1.69913	1.60.1.70245
PLAYER_MESSAGES	1.60.1.69913	1.60.1.70245
PLAYER_OFFLINE	1.60.1.69913	1.60.1.70245
PLAYER_ONLY_INTERACTION	1.60.1.69913	1.60.1.70245
PLAYER_SPELLS_FRAME_MINIMIZE_TIP	1.60.1.69913	1.60.1.70245
PLAYER_STATUS	1.60.1.69913	1.60.1.69913
PLAYER_TITLE_NONE	1.60.1.70170	1.60.1.70245
PLAYTIME_TIRED	1.60.1.70170	1.60.1.70245
PLAYTIME_UNHEALTHY	1.60.1.70170	1.60.1.70245
PLAY_MOVIE_PREPEND	1.60.1.69913	1.60.1.70245
PLUNDERSTORM_LOGOUT_TEXT	1.60.1.69913	1.60.1.70245
PLUS_AMMO_DAMAGE_TEMPLATE	1.60.1.69913	1.60.1.70245
PLUS_AMMO_SCHOOL_DAMAGE_TEMPLATE	1.60.1.69913	1.60.1.70245
PLUS_DAMAGE_TEMPLATE	1.60.1.69913	1.60.1.70245
PLUS_DAMAGE_TEMPLATE_WITH_SCHOOL	1.60.1.69913	1.60.1.70245
PLUS_SINGLE_DAMAGE_TEMPLATE	1.60.1.69913	1.60.1.70245
PLUS_SINGLE_DAMAGE_TEMPLATE_WITH_SCHOOL	1.60.1.69913	1.60.1.70245
POWER_GAINS	1.60.1.69913	1.60.1.70245
POWER_GAINS_COMBATLOG_TOOLTIP	1.60.1.69913	1.60.1.70245
PREFERRED_DATACENTER_LOCALITY_LABEL	1.60.1.69913	1.60.1.70245
PREFERRED_DATACENTER_LOCALITY_TOOLTIP	1.60.1.69913	1.60.1.70245
PREFERRED_GUILD_DATACENTER_LOCALITY_LABEL	1.60.1.69913	1.60.1.70245
PREFERRED_LOCALE_LABEL	1.60.1.69913	1.60.1.70245
PREFERRED_LOCALE_TOOLTIP	1.60.1.69913	1.60.1.70245
PREFERRED_PLAY_DATACENTER_LOCALITY_FALLBACK	1.60.1.69913	1.60.1.70245
PREFERRED_PLAY_LOCALE_FALLBACK	1.60.1.69913	1.60.1.70245
PREFERRED_PLAY_SETTINGS	1.60.1.69913	1.60.1.70245
PREFERRED_PLAY_SETTINGS_LOCKED_REASON_FORMAT	1.60.1.69913	1.60.1.70245
PREFERRED_PLAY_SETTINGS_UNAVAILABLE_REASON	1.60.1.69913	1.60.1.70245
PREMADE_GROUP_INSECURE_SEARCH	1.60.1.69913	1.60.1.70245
PREMADE_GROUP_SEARCH_DELIST_WARNING_TEXT	1.60.1.69913	1.60.1.70245
PRESS_AND_HOLD_CASTING_OPTION	1.60.1.69913	1.60.1.70245
PRESS_AND_HOLD_CASTING_OPTION_TOOLTIP	1.60.1.69913	1.60.1.70245
PRESS_KEY_TO_BIND	1.60.1.69913	1.60.1.70245
PRESS_TAB	1.60.1.70170	1.60.1.70245
PREV	1.60.1.69913	1.60.1.70245
PREVIEW	1.60.1.69913	1.60.1.70245
PREVIOUS	1.60.1.69913	1.60.1.70245
PRIMARY_KEY_UNBOUND_ERROR	1.60.1.69913	1.60.1.70245
PRIMARY_MONITOR	1.60.1.69913	1.60.1.70245
PRISMATIC_GEM	1.60.1.69913	1.60.1.70245
PROFANITY_FILTER	1.60.1.69913	1.60.1.70245
PROFESSIONS_ADD_ENCHANT	1.60.1.69913	1.60.1.70245
PROFESSIONS_AUTO_EQUIP_ALCHEMY_ONLY	1.60.1.69913	1.60.1.70245
PROFESSIONS_AUTO_EQUIP_BLACKSMITHING_ONLY	1.60.1.69913	1.60.1.70245
PROFESSIONS_AUTO_EQUIP_COOKING_ONLY	1.60.1.69913	1.60.1.70245
PROFESSIONS_AUTO_EQUIP_ENCHANTING_ONLY	1.60.1.69913	1.60.1.70245
PROFESSIONS_AUTO_EQUIP_ENGINEERING_ONLY	1.60.1.69913	1.60.1.70245
PROFESSIONS_AUTO_EQUIP_FISHING_ONLY	1.60.1.69913	1.60.1.70245
PROFESSIONS_AUTO_EQUIP_HERBALISM_ONLY	1.60.1.69913	1.60.1.70245
PROFESSIONS_AUTO_EQUIP_INSCRIPTION_ONLY	1.60.1.69913	1.60.1.70245
PROFESSIONS_AUTO_EQUIP_JEWELCRAFTING_ONLY	1.60.1.69913	1.60.1.70245
PROFESSIONS_AUTO_EQUIP_LEATHERWORKING_ONLY	1.60.1.69913	1.60.1.70245
PROFESSIONS_AUTO_EQUIP_MINING_ONLY	1.60.1.69913	1.60.1.70245
PROFESSIONS_AUTO_EQUIP_SKINNING_ONLY	1.60.1.69913	1.60.1.70245
PROFESSIONS_AUTO_EQUIP_TAILORING_ONLY	1.60.1.69913	1.60.1.70245
PROFESSIONS_BUTTON	1.60.1.69913	1.60.1.70245
PROFESSIONS_CATEGORY_FAVORITE	1.60.1.69913	1.60.1.70245
PROFESSIONS_CATEGORY_UNLEARNED	1.60.1.69913	1.60.1.70245
PROFESSIONS_COOKING_MISSING	1.60.1.69913	1.60.1.70245
PROFESSIONS_CRAFTING_CONCENTRATION_HELPTIP	1.60.1.69913	1.60.1.70245
PROFESSIONS_CRAFTING_FINISHING_HEADER	1.60.1.69913	1.60.1.70245
PROFESSIONS_CRAFTING_FORM_BACK	1.60.1.69913	1.60.1.70245
PROFESSIONS_CRAFTING_FORM_CANCEL_ORDER	1.60.1.69913	1.60.1.70245
PROFESSIONS_CRAFTING_FORM_CUSTOMER_DURATION	1.60.1.69913	1.60.1.70245
PROFESSIONS_CRAFTING_FORM_LIST_ORDER	1.60.1.69913	1.60.1.70245
PROFESSIONS_CRAFTING_FORM_MIN_QUALITY	1.60.1.69913	1.60.1.70245
PROFESSIONS_CRAFTING_FORM_ORDER_RECIPIENT_GUILD	1.60.1.69913	1.60.1.70245
PROFESSIONS_CRAFTING_FORM_ORDER_RECIPIENT_PRIVATE	1.60.1.69913	1.60.1.70245
PROFESSIONS_CRAFTING_FORM_ORDER_RECIPIENT_PUBLIC	1.60.1.69913	1.60.1.70245
PROFESSIONS_CRAFTING_FORM_POSTING_FEE	1.60.1.69913	1.60.1.70245
PROFESSIONS_CRAFTING_FORM_TIP	1.60.1.69913	1.60.1.70245
PROFESSIONS_CRAFTING_FORM_TOTAL_PRICE	1.60.1.69913	1.60.1.70245
PROFESSIONS_CRAFTING_HELP_BAR	1.60.1.69913	1.60.1.70245
PROFESSIONS_CRAFTING_HELP_BASIC_REAGENTS	1.60.1.69913	1.60.1.70245
PROFESSIONS_CRAFTING_HELP_BEST_QUALITY	1.60.1.69913	1.60.1.70245
PROFESSIONS_CRAFTING_HELP_FILTERS	1.60.1.69913	1.60.1.70245
PROFESSIONS_CRAFTING_HELP_FINISHING_REAGENTS	1.60.1.69913	1.60.1.70245
PROFESSIONS_CRAFTING_HELP_GEAR	1.60.1.69913	1.60.1.70245
PROFESSIONS_CRAFTING_HELP_OPTIONAL_REAGENTS	1.60.1.69913	1.60.1.70245
PROFESSIONS_CRAFTING_HELP_STATS	1.60.1.69913	1.60.1.70245
PROFESSIONS_CRAFTING_ORDER_IN_PROGRESS	1.60.1.69913	1.60.1.70245
PROFESSIONS_CRAFTING_RECRAFT	1.60.1.69913	1.60.1.70245
PROFESSIONS_CRAFT_OUTPUT_TITLE	1.60.1.69913	1.60.1.70245
PROFESSIONS_CREATE_ALL	1.60.1.69913	1.60.1.70245
PROFESSIONS_CREATE_ALL_FORMAT	1.60.1.69913	1.60.1.70245
PROFESSIONS_CURRENT_LISTINGS	1.60.1.69913	1.60.1.70245
PROFESSIONS_CUSTOMER_NO_ORDERS	1.60.1.69913	1.60.1.70245
PROFESSIONS_CUSTOMER_OPTIONAL_REAGENT_CONTAINER_LABEL	1.60.1.69913	1.60.1.70245
PROFESSIONS_CUSTOMER_REAGENT_CONTAINER_LABEL	1.60.1.69913	1.60.1.70245
PROFESSIONS_ENCHANT_ALL	1.60.1.69913	1.60.1.70245
PROFESSIONS_FIRST_AID_MISSING	1.60.1.69913	1.60.1.70245
PROFESSIONS_FIRST_CRAFT	1.60.1.69913	1.60.1.70245
PROFESSIONS_FIRST_CRAFT_DESCRIPTION	1.60.1.69913	1.60.1.70245
PROFESSIONS_FIRST_PROFESSION	1.60.1.69913	1.60.1.70245
PROFESSIONS_FISHING_MISSING	1.60.1.69913	1.60.1.70245
PROFESSIONS_GATHERING_JOURNAL_LIST_HELP	1.60.1.69913	1.60.1.70245
PROFESSIONS_GATHERING_JOURNAL_STATS_HELP	1.60.1.69913	1.60.1.70245
PROFESSIONS_HIDE_UNOWNED_REAGENTS	1.60.1.69913	1.60.1.70245
PROFESSIONS_INSUFFICIENT_REAGENTS	1.60.1.69913	1.60.1.70245
PROFESSIONS_LISTING_DURATION_ONE	1.60.1.69913	1.60.1.70245
PROFESSIONS_LISTING_DURATION_THREE	1.60.1.69913	1.60.1.70245
PROFESSIONS_LISTING_DURATION_TWO	1.60.1.69913	1.60.1.70245
PROFESSIONS_MAX_ORDERS_REACHED	1.60.1.69913	1.60.1.70245
PROFESSIONS_MISSING_PROFESSION	1.60.1.69913	1.60.1.70245
PROFESSIONS_MISSING_REQUIREMENT	1.60.1.69913	1.60.1.70245
PROFESSIONS_NEW_TUTORIAL	1.60.1.69913	1.60.1.70245
PROFESSIONS_NEW_TUTORIAL_ICON	1.60.1.69913	1.60.1.70245
PROFESSIONS_NOTE_TO_CRAFTER	1.60.1.69913	1.60.1.70245
PROFESSIONS_NO_JOURNAL_ENTRIES	1.60.1.69913	1.60.1.70245
PROFESSIONS_OPTIONAL_REAGENT_CONTAINER_LABEL	1.60.1.69913	1.60.1.70245
PROFESSIONS_ORDERS_NOT_ENOUGH_REAGENTS	1.60.1.69913	1.60.1.70245
PROFESSIONS_ORDER_CANCELLED	1.60.1.69913	1.60.1.70245
PROFESSIONS_ORDER_CANCEL_FAILED	1.60.1.69913	1.60.1.70245
PROFESSIONS_ORDER_CANCEL_FAILED_CLAIMED	1.60.1.69913	1.60.1.70245
PROFESSIONS_ORDER_CANNOT_CLAIM_OWN_ORDER	1.60.1.69913	1.60.1.70245
PROFESSIONS_ORDER_COMPLETE	1.60.1.69913	1.60.1.70245
PROFESSIONS_ORDER_CRAFTER	1.60.1.69913	1.60.1.70245
PROFESSIONS_ORDER_CRAFTER_REQUIRED_REAGENT	1.60.1.69913	1.60.1.70245
PROFESSIONS_ORDER_CUSTOMER_REQUIRED_REAGENT	1.60.1.69913	1.60.1.70245
PROFESSIONS_ORDER_EXPIRED	1.60.1.69913	1.60.1.70245
PROFESSIONS_ORDER_FAILED_NO_CLAIMS	1.60.1.69913	1.60.1.70245
PROFESSIONS_ORDER_NOT_AVAILABLE	1.60.1.69913	1.60.1.70245
PROFESSIONS_ORDER_OP_FAILED	1.60.1.69913	1.60.1.70245
PROFESSIONS_ORDER_PLACEMENT_FAILED	1.60.1.69913	1.60.1.70245
PROFESSIONS_ORDER_REJECTED	1.60.1.69913	1.60.1.70245
PROFESSIONS_ORDER_REJECT_FAILED	1.60.1.69913	1.60.1.70245
PROFESSIONS_ORDER_TIME_REMAINING	1.60.1.69913	1.60.1.70245
PROFESSIONS_ORDER_UNUSABLE_WARNING	1.60.1.69913	1.60.1.70245
PROFESSIONS_PICKER_NO_AVAILABLE_REAGENTS	1.60.1.69913	1.60.1.70245
PROFESSIONS_PROVIDED_OPTIONAL_REAGENT_CONTAINER_LABEL	1.60.1.69913	1.60.1.70245
PROFESSIONS_PROVIDED_REAGENT_CONTAINER_LABEL	1.60.1.69913	1.60.1.70245
PROFESSIONS_REAGENT_CONTAINER_ENCHANT_LABEL	1.60.1.69913	1.60.1.70245
PROFESSIONS_REAGENT_CONTAINER_LABEL	1.60.1.69913	1.60.1.70245
PROFESSIONS_RECIPE_COOLDOWN	1.60.1.69913	1.60.1.70245
PROFESSIONS_RECIPE_UNLEARNED	1.60.1.69913	1.60.1.70245
PROFESSIONS_RECRAFTING_REPLACE_OPTIONAL	1.60.1.69913	1.60.1.70245
PROFESSIONS_RECRAFT_ORDER_INSTRUCTION	1.60.1.69913	1.60.1.70245
PROFESSIONS_REQUIRED_TOOLS	1.60.1.69913	1.60.1.70245
PROFESSIONS_REQUIREMENT_TABLE	1.60.1.69913	1.60.1.70245
PROFESSIONS_REQUIREMENT_TOOL	1.60.1.69913	1.60.1.70245
PROFESSIONS_SECOND_PROFESSION	1.60.1.69913	1.60.1.70245
PROFESSIONS_SKILL_UP_EASY	1.60.1.69913	1.60.1.70245
PROFESSIONS_SKILL_UP_MEDIUM	1.60.1.69913	1.60.1.70245
PROFESSIONS_SKILL_UP_OPTIMAL	1.60.1.69913	1.60.1.70245
PROFESSIONS_SPECS_CONFIG_OPERATION_TOO_FAST	1.60.1.69913	1.60.1.70245
PROFESSIONS_SPECS_CONFIRM_CLOSE	1.60.1.69913	1.60.1.70245
PROFESSIONS_TRACKER_HEADER_PROFESSION	1.60.1.69913	1.60.1.70245
PROFESSIONS_TRACKING_VIEW_RECIPE	1.60.1.69913	1.60.1.70245
PROFESSIONS_TRACK_RECIPE	1.60.1.69913	1.60.1.70245
PROFESSIONS_TUTORIAL_FINISHING_REAGENT	1.60.1.69913	1.60.1.70245
PROFESSIONS_TUTORIAL_OPTIONAL_REAGENT	1.60.1.69913	1.60.1.70245
PROFESSIONS_TUTORIAL_QUALITY_BAR	1.60.1.69913	1.60.1.70245
PROFESSIONS_TUTORIAL_REAGENT_QUALITY	1.60.1.69913	1.60.1.70245
PROFESSIONS_TUTORIAL_RECRAFT	1.60.1.69913	1.60.1.70245
PROFESSIONS_UNTRACK_RECIPE	1.60.1.69913	1.60.1.70245
PROFESSION_CONFIRMATION1	1.60.1.69913	1.60.1.70245
PROFESSION_CONFIRMATION2	1.60.1.69913	1.60.1.70245
PROFESSION_EQUIPMENT_LOCATION_HELPTIP	1.60.1.69913	1.60.1.70245
PROFESSION_RESPEC_CONFIRMATION	1.60.1.69913	1.60.1.70245
PROF_ORDER_CANT_ADD_FRIEND_OFFLINE	1.60.1.69913	1.60.1.70245
PROF_ORDER_CANT_ADD_FRIEND_WRONG_FACTION	1.60.1.69913	1.60.1.70245
PROF_ORDER_CANT_IGNORE_ALREADY_IGNORED	1.60.1.69913	1.60.1.70245
PROF_ORDER_CANT_WHISPER_OFFLINE	1.60.1.69913	1.60.1.70245
PROF_ORDER_CANT_WHISPER_WRONG_FACTION	1.60.1.69913	1.60.1.70245
PROJECTED_TEXTURES	1.60.1.69913	1.60.1.70245
PROMPT_APPLY_TARGET_MARKER	1.60.1.70009	1.60.1.70245
PROMPT_AUTO_RUN	1.60.1.70009	1.60.1.70245
PROMPT_CENTER_CAMERA	1.60.1.70009	1.60.1.70245
PROMPT_CLEAR_TARGET_MARKER	1.60.1.70009	1.60.1.70245
PROMPT_EXIT	1.60.1.70009	1.60.1.70245
PROMPT_FLIP_CAMERA	1.60.1.70009	1.60.1.70245
PROMPT_FOCUS_UI	1.60.1.70009	1.60.1.70245
PROMPT_FRIENDLY_TARGETING	1.60.1.70009	1.60.1.70245
PROMPT_FRIENDLY_TARGETING_ACTIONS	1.60.1.70009	1.60.1.70245
PROMPT_HOSTILE_TARGETING	1.60.1.70009	1.60.1.70245
PROMPT_HOSTILE_TARGETING_ACTIONS	1.60.1.70009	1.60.1.70245
PROMPT_INSPECT_HUD	1.60.1.70009	1.60.1.70245
PROMPT_NEXT_ACTION_PAGE	1.60.1.70009	1.60.1.70245
PROMPT_NEXT_FRAME	1.60.1.70009	1.60.1.70245
PROMPT_OPEN_BAGS	1.60.1.70009	1.60.1.70245
PROMPT_PING	1.60.1.70009	1.60.1.70245
PROMPT_PREVIOUS_ACTION_PAGE	1.60.1.70009	1.60.1.70245
PROMPT_PREVIOUS_FRAME	1.60.1.70009	1.60.1.70245
PROMPT_SHORTCUTS	1.60.1.70009	1.60.1.70245
PROMPT_SHORTCUT_ACTIONS	1.60.1.70009	1.60.1.70245
PROMPT_TARGET_GROUP_DOWN	1.60.1.70009	1.60.1.70245
PROMPT_TARGET_GROUP_LEFT	1.60.1.70009	1.60.1.70245
PROMPT_TARGET_GROUP_RIGHT	1.60.1.70009	1.60.1.70245
PROMPT_TARGET_GROUP_UP	1.60.1.70009	1.60.1.70245
PROMPT_TARGET_PET	1.60.1.70009	1.60.1.70245
PROMPT_TARGET_SELF	1.60.1.70009	1.60.1.70245
PROMPT_TOGGLE_CATEGORY	1.60.1.70009	1.60.1.70245
PROMPT_TOGGLE_TOOLTIPS	1.60.1.70009	1.60.1.70245
PROMPT_VIEW_BUFFS	1.60.1.70009	1.60.1.70245
PROMPT_VIEW_CHAT	1.60.1.70009	1.60.1.70245
PROMPT_VIEW_QUEST_TRACKER	1.60.1.70009	1.60.1.70245
PROMPT_ZOOM_IN_CAMERA	1.60.1.70009	1.60.1.70245
PROMPT_ZOOM_OUT_CAMERA	1.60.1.70009	1.60.1.70245
PROVING_GROUNDS_SCORE	1.60.1.69913	1.60.1.70245
PROVING_GROUNDS_WAVE	1.60.1.69913	1.60.1.70245
PURCHASE	1.60.1.69913	1.60.1.70245
PURCHASED_BY_COLON	1.60.1.69913	1.60.1.70245
PURCHASE_TAB_TEXT	1.60.1.69913	1.60.1.70245
PURCHASE_UNIQUE_AUCTION_CONFIRMATION	1.60.1.69913	1.60.1.70245
PUSH_TO_TALK	1.60.1.69913	1.60.1.70245
PVP	1.60.1.69913	1.60.1.70245
PVP_COMPACT_UNIT_FRAME_PROFILE_DISPLAYONLYHEALERPOWERBARS	1.60.1.69913	1.60.1.70245
PVP_COMPACT_UNIT_FRAME_PROFILE_DISPLAYPETS	1.60.1.69913	1.60.1.70245
PVP_COMPACT_UNIT_FRAME_PROFILE_DISPLAYPOWERBAR	1.60.1.69913	1.60.1.70245
PVP_COMPACT_UNIT_FRAME_PROFILE_HEALTHTEXT	1.60.1.69913	1.60.1.70245
PVP_COMPACT_UNIT_FRAME_PROFILE_HEALTHTEXT_HEALTH	1.60.1.69913	1.60.1.70245
PVP_COMPACT_UNIT_FRAME_PROFILE_HEALTHTEXT_LOSTHEALTH	1.60.1.69913	1.60.1.70245
PVP_COMPACT_UNIT_FRAME_PROFILE_HEALTHTEXT_NONE	1.60.1.69913	1.60.1.70245
PVP_COMPACT_UNIT_FRAME_PROFILE_HEALTHTEXT_PERC	1.60.1.69913	1.60.1.70245
PVP_COMPACT_UNIT_FRAME_PROFILE_USECLASSCOLORS	1.60.1.69913	1.60.1.70245
PVP_CONQUEST_CHANGE	1.60.1.69913	1.60.1.70245
PVP_ENABLED	1.60.1.69913	1.60.1.70245
PVP_FLAG	1.60.1.69913	1.60.1.70245
PVP_FRAMES_LABEL	1.60.1.69913	1.60.1.70245
PVP_HONOR_CHANGE	1.60.1.69913	1.60.1.70245
PVP_ITEM_LEVEL_TOOLTIP	1.60.1.69913	1.60.1.70245
PVP_ITEM_REWARDS_HEADER	1.60.1.69913	1.60.1.70245
PVP_LEAVE_BUTTON_TIME	1.60.1.69913	1.60.1.70245
PVP_LINK_LEVEL_CLASS_FORMAT_STRING	1.60.1.70170	1.60.1.70245
PVP_LINK_SEASON_GAMES	1.60.1.70170	1.60.1.70245
PVP_MATCH_DEFEAT	1.60.1.69913	1.60.1.70245
PVP_MATCH_DRAW	1.60.1.69913	1.60.1.70245
PVP_MATCH_LEAVE_BUTTON	1.60.1.69913	1.60.1.70245
PVP_MATCH_READY_ERROR	1.60.1.69913	1.60.1.70245
PVP_MATCH_VICTORY	1.60.1.69913	1.60.1.70245
PVP_PRESTIGE_RANK_UP_NEXT_MAX_LEVEL_REWARD	1.60.1.70170	1.60.1.70245
PVP_PRESTIGE_RANK_UP_TITLE	1.60.1.70170	1.60.1.70245
PVP_PROGRESS_REWARDS_HEADER	1.60.1.69913	1.60.1.70245
PVP_QUEUE_AGAIN	1.60.1.69913	1.60.1.70245
PVP_RANK_CURRENT_PROGRESS	1.60.1.69913	1.60.1.70245
PVP_RANK_DETAIL_UNAVAILABLE	1.60.1.69913	1.60.1.70245
PVP_RANK_NEXT_REWARD	1.60.1.69913	1.60.1.70245
PVP_RANK_NUMBER	1.60.1.69913	1.60.1.70245
PVP_RANK_NUMBER_AND_TITLE	1.60.1.69913	1.60.1.70245
PVP_RANK_REWARDS_VENDOR_ALLIANCE	1.60.1.69913	1.60.1.70245
PVP_RANK_REWARDS_VENDOR_HORDE	1.60.1.69913	1.60.1.70245
PVP_RANK_SEASON_PROGRESS	1.60.1.69913	1.60.1.70245
PVP_RANK_SEASON_PROGRESS_NO_MAX	1.60.1.69913	1.60.1.70245
PVP_RANK_SEASON_RANKUP_DESCRIPTION	1.60.1.69913	1.60.1.70245
PVP_RANK_WEEKLY_CAP_INCREASE	1.60.1.69913	1.60.1.70245
PVP_RATING_CHANGE	1.60.1.69913	1.60.1.70245
PVP_RATING_CURRENT	1.60.1.69913	1.60.1.70245
PVP_RATING_GAINED	1.60.1.69913	1.60.1.70245
PVP_RATING_HEADER	1.60.1.69913	1.60.1.70245
PVP_RATING_LINK_FORMAT_STRING	1.60.1.70170	1.60.1.70245
PVP_RATING_LINK_ITEM_LEVEL	1.60.1.70170	1.60.1.70245
PVP_RATING_NEW	1.60.1.69913	1.60.1.70245
PVP_RATING_PREVIOUS	1.60.1.69913	1.60.1.70245
PVP_RATING_UNCHANGED	1.60.1.69913	1.60.1.70245
PVP_REPORT_AFK	1.60.1.69913	1.60.1.70245
PVP_REPORT_AFK_ALL	1.60.1.69913	1.60.1.70245
PVP_SCOREBOARD_MATCH_COMPLETE	1.60.1.69913	1.60.1.70245
PetFood:1	1.60.1.70170	1.60.1.70245
PetFood:2	1.60.1.70170	1.60.1.70245
PetFood:3	1.60.1.70170	1.60.1.70245
PetFood:4	1.60.1.70170	1.60.1.70245
PetFood:5	1.60.1.70170	1.60.1.70245
PetFood:6	1.60.1.70170	1.60.1.70245
PetFood:7	1.60.1.70170	1.60.1.70245
PetFood:8	1.60.1.70170	1.60.1.70245
PetLoyalty:1	1.60.1.70170	1.60.1.70245
PetLoyalty:2	1.60.1.70170	1.60.1.70245
PetLoyalty:3	1.60.1.70170	1.60.1.70245
PetLoyalty:4	1.60.1.70170	1.60.1.70245
PetLoyalty:5	1.60.1.70170	1.60.1.70245
PetLoyalty:6	1.60.1.70170	1.60.1.70245
PetLoyalty:7	1.60.1.70170	1.60.1.70245
PlayerConditionFailure:146124	1.60.1.70170	1.60.1.70245
PlayerConditionFailure:146125	1.60.1.70170	1.60.1.70245
PlayerConditionFailure:146126	1.60.1.70170	1.60.1.70245
PlayerConditionFailure:146127	1.60.1.70170	1.60.1.70245
PlayerConditionFailure:146128	1.60.1.70170	1.60.1.70245
PlayerConditionFailure:146129	1.60.1.70170	1.60.1.70245
PlayerConditionFailure:146130	1.60.1.70170	1.60.1.70245
PlayerConditionFailure:146131	1.60.1.70170	1.60.1.70245
PlayerConditionFailure:146192	1.60.1.70170	1.60.1.70245
PlayerConditionFailure:146193	1.60.1.70170	1.60.1.70245
PlayerConditionFailure:148824	1.60.1.70170	1.60.1.70245
PlayerConditionFailure:148825	1.60.1.70170	1.60.1.70245
PlayerConditionFailure:148826	1.60.1.70170	1.60.1.70245
PlayerConditionFailure:150766	1.60.1.70170	1.60.1.70245
PlayerConditionFailure:150767	1.60.1.70170	1.60.1.70245
PlayerConditionFailure:151486	1.60.1.70170	1.60.1.70245
PlayerConditionFailure:151683	1.60.1.70170	1.60.1.70245
PlayerConditionFailure:151684	1.60.1.70170	1.60.1.70245
PlayerConditionFailure:153766	1.60.1.70170	1.60.1.70245
PlayerConditionFailure:153767	1.60.1.70170	1.60.1.70245
PlayerConditionFailure:155311	1.60.1.70170	1.60.1.70245
PlayerConditionFailure:155312	1.60.1.70170	1.60.1.70245
PlayerConditionFailure:155358	1.60.1.70170	1.60.1.70245
PlayerConditionFailure:155359	1.60.1.70170	1.60.1.70245
PlayerConditionFailure:155951	1.60.1.70170	1.60.1.70245
PlayerConditionFailure:155957	1.60.1.70170	1.60.1.70245
PlayerConditionFailure:155958	1.60.1.70170	1.60.1.70245
PlayerConditionFailure:155959	1.60.1.70170	1.60.1.70245
PlayerConditionFailure:155960	1.60.1.70170	1.60.1.70245
PlayerConditionFailure:156039	1.60.1.70170	1.60.1.70245
PlayerConditionFailure:156041	1.60.1.70170	1.60.1.70245
PlayerConditionFailure:156046	1.60.1.70170	1.60.1.70245
PlayerConditionFailure:156047	1.60.1.70170	1.60.1.70245
PlayerConditionFailure:156048	1.60.1.70170	1.60.1.70245
PlayerConditionFailure:156238	1.60.1.70170	1.60.1.70245
PlayerConditionFailure:156239	1.60.1.70170	1.60.1.70245
PlayerConditionFailure:156240	1.60.1.70170	1.60.1.70245
PlayerConditionFailure:156241	1.60.1.70170	1.60.1.70245
PlayerConditionFailure:156242	1.60.1.70170	1.60.1.70245
PlayerConditionFailure:156243	1.60.1.70170	1.60.1.70245
PlayerConditionFailure:156244	1.60.1.70170	1.60.1.70245
PlayerConditionFailure:156246	1.60.1.70170	1.60.1.70245
PlayerConditionFailure:156247	1.60.1.70170	1.60.1.70245
PlayerConditionFailure:156248	1.60.1.70170	1.60.1.70245
PlayerConditionFailure:156249	1.60.1.70170	1.60.1.70245
PlayerConditionFailure:156250	1.60.1.70170	1.60.1.70245
PlayerConditionFailure:156251	1.60.1.70170	1.60.1.70245
PlayerConditionFailure:156252	1.60.1.70170	1.60.1.70245
PlayerConditionFailure:156318	1.60.1.70170	1.60.1.70245
PlayerConditionFailure:156319	1.60.1.70170	1.60.1.70245
PlayerConditionFailure:156320	1.60.1.70170	1.60.1.70245
PlayerConditionFailure:156321	1.60.1.70170	1.60.1.70245
PlayerConditionFailure:157535	1.60.1.70170	1.60.1.70245
PlayerConditionFailure:159140	1.60.1.70170	1.60.1.70245
PlayerConditionFailure:159141	1.60.1.70170	1.60.1.70245
PlayerConditionFailure:159370	1.60.1.70170	1.60.1.70245
PlayerConditionFailure:163213	1.60.1.70170	1.60.1.70245
PlayerConditionFailure:163214	1.60.1.70170	1.60.1.70245
PlayerConditionFailure:163215	1.60.1.70170	1.60.1.70245
PlayerConditionFailure:163216	1.60.1.70170	1.60.1.70245
PlayerConditionFailure:163217	1.60.1.70170	1.60.1.70245
PlayerConditionFailure:163218	1.60.1.70170	1.60.1.70245
PlayerConditionFailure:163219	1.60.1.70170	1.60.1.70245
PlayerConditionFailure:163220	1.60.1.70170	1.60.1.70245
PlayerConditionFailure:163380	1.60.1.70170	1.60.1.70245
PlayerConditionFailure:163433	1.60.1.70170	1.60.1.70245
PlayerConditionFailure:163434	1.60.1.70170	1.60.1.70245
PlayerConditionFailure:163435	1.60.1.70170	1.60.1.70245
PlayerConditionFailure:27943	1.60.1.70170	1.60.1.70245
PlayerConditionFailure:31504	1.60.1.70170	1.60.1.70245
PlayerConditionFailure:3882	1.60.1.70170	1.60.1.70245
PlayerConditionFailure:3883	1.60.1.70170	1.60.1.70245
PlayerConditionFailure:3884	1.60.1.70170	1.60.1.70245
PlayerConditionFailure:3885	1.60.1.70170	1.60.1.70245
PlayerConditionFailure:3886	1.60.1.70170	1.60.1.70245
PlayerConditionFailure:3887	1.60.1.70170	1.60.1.70245
PlayerConditionFailure:3888	1.60.1.70170	1.60.1.70245
PlayerConditionFailure:3889	1.60.1.70170	1.60.1.70245
PlayerConditionFailure:4883	1.60.1.70170	1.60.1.70245
PlayerConditionFailure:4884	1.60.1.70170	1.60.1.70245
PlayerConditionFailure:4885	1.60.1.70170	1.60.1.70245
PlayerConditionFailure:4886	1.60.1.70170	1.60.1.70245
PlayerConditionFailure:5028	1.60.1.70170	1.60.1.70245
PlayerConditionFailure:5029	1.60.1.70170	1.60.1.70245
PlayerConditionFailure:5198	1.60.1.70170	1.60.1.70245
PlayerConditionFailure:5199	1.60.1.70170	1.60.1.70245
PlayerConditionFailure:5200	1.60.1.70170	1.60.1.70245
PlayerConditionFailure:5201	1.60.1.70170	1.60.1.70245
PlayerConditionFailure:5202	1.60.1.70170	1.60.1.70245
PlayerConditionFailure:5203	1.60.1.70170	1.60.1.70245
PlayerConditionFailure:5426	1.60.1.70170	1.60.1.70245
PlayerConditionFailure:5427	1.60.1.70170	1.60.1.70245
PlayerConditionFailure:80371	1.60.1.70170	1.60.1.70245
PlayerConditionFailure:80372	1.60.1.70170	1.60.1.70245
PvpColumn:1101	1.60.1.70009	1.60.1.70245
PvpColumn:1102	1.60.1.70009	1.60.1.70245
PvpColumn:1103	1.60.1.70009	1.60.1.70245
PvpColumnTooltip:1101	1.60.1.70009	1.60.1.70245
PvpColumnTooltip:1102	1.60.1.70009	1.60.1.70245
PvpColumnTooltip:1103	1.60.1.70009	1.60.1.70245
PvpLongDescription:2997	1.60.1.70170	1.60.1.70245
QUESTLOG_BUTTON	1.60.1.69913	1.60.1.70245
QUESTLOG_NO_QUESTS_TEXT	1.60.1.69913	1.60.1.69913
QUEST_ACCEPT	1.60.1.69913	1.60.1.70245
QUEST_ACCEPT_LOG_FULL	1.60.1.69913	1.60.1.70245
QUEST_BG_DARK	1.60.1.69913	1.60.1.70245
QUEST_BG_DEFAULT	1.60.1.69913	1.60.1.70245
QUEST_BG_LIGHT1	1.60.1.69913	1.60.1.70245
QUEST_BG_LIGHT2	1.60.1.69913	1.60.1.70245
QUEST_BG_LIGHT3	1.60.1.69913	1.60.1.70245
QUEST_CLASSIFICATION_CALLING	1.60.1.70170	1.60.1.70245
QUEST_CLASSIFICATION_CAMPAIGN	1.60.1.70170	1.60.1.70245
QUEST_CLASSIFICATION_IMPORTANT	1.60.1.70170	1.60.1.70245
QUEST_CLASSIFICATION_LEGENDARY	1.60.1.70170	1.60.1.70245
QUEST_CLASSIFICATION_META	1.60.1.70170	1.60.1.70245
QUEST_CLASSIFICATION_QUESTLINE	1.60.1.70170	1.60.1.70245
QUEST_CLASSIFICATION_QUESTLINE_WITH_NAME	1.60.1.70170	1.60.1.70245
QUEST_CLASSIFICATION_RECURRING	1.60.1.70170	1.60.1.70245
QUEST_CLASSIFICATION_RECURRING_WITH_TIME	1.60.1.70170	1.60.1.70245
QUEST_DESCRIPTION	1.60.1.69913	1.60.1.70245
QUEST_DIFFICULTY_FILTER_DESCRIPTION	1.60.1.69913	1.60.1.70245
QUEST_FACTION_NEEDED	1.60.1.69913	1.60.1.70245
QUEST_FACTION_NEEDED_NOPROGRESS	1.60.1.69913	1.60.1.70245
QUEST_HUB_TOOLTIP_AVAILABLE_CONTENT_HEADER	1.60.1.69913	1.60.1.70245
QUEST_HUB_TOOLTIP_AVAILABLE_QUESTS_HEADER	1.60.1.69913	1.60.1.70245
QUEST_HUB_TOOLTIP_MORE_QUESTS_REMAINING	1.60.1.69913	1.60.1.70245
QUEST_HUB_TOOLTIP_TRAVEL_HEADER	1.60.1.69913	1.60.1.70245
QUEST_LEVEL_FILTER_DESCRIPTION	1.60.1.69913	1.60.1.70245
QUEST_LOG	1.60.1.69913	1.60.1.70245
QUEST_LOG_COUNT_TEMPLATE	1.60.1.69913	1.60.1.70245
QUEST_LOG_NO_QUESTS	1.60.1.69913	1.60.1.70245
QUEST_LOG_NO_RESULTS	1.60.1.69913	1.60.1.70245
QUEST_LOG_SHOW_OBJECTIVES	1.60.1.69913	1.60.1.70245
QUEST_LOG_TRACK_ALL	1.60.1.69913	1.60.1.70245
QUEST_LOG_UNTRACK_ALL	1.60.1.69913	1.60.1.70245
QUEST_MONSTERS_KILLED	1.60.1.69913	1.60.1.70245
QUEST_OBJECTIVES	1.60.1.69913	1.60.1.70245
QUEST_OBJECTIVES_FILTER_DESCRIPTION	1.60.1.69913	1.60.1.70245
QUEST_PLAYERS_KILLED	1.60.1.69913	1.60.1.70245
QUEST_PLAYERS_KILLED_NOPROGRESS	1.60.1.69913	1.60.1.70245
QUEST_PREPEND	1.60.1.69913	1.60.1.70245
QUEST_REWARDS	1.60.1.69913	1.60.1.70245
QUEST_REWARDS_CONTAINS_ONE_TIME_REP_BONUS	1.60.1.70170	1.60.1.70245
QUEST_REWARDS_IS_ONE_TIME_REP_BONUS	1.60.1.70170	1.60.1.70245
QUEST_SESSION_REPLAY_QUEST_REMOVED	1.60.1.69913	1.60.1.70245
QUEST_SETTINGS_LABEL	1.60.1.69913	1.60.1.70245
QUEST_SUGGESTED_GROUP_NUM	1.60.1.69913	1.60.1.70245
QUEST_TEXT_PREVIEW_BODY	1.60.1.69913	1.60.1.70245
QUEST_TEXT_PREVIEW_TITLE	1.60.1.69913	1.60.1.70245
QUEST_TIMERS	1.60.1.69913	1.60.1.70245
QUEST_WATCH_CLICK_TO_COMPLETE	1.60.1.70170	1.60.1.70245
QUEST_WATCH_POPUP_CLICK_TO_COMPLETE	1.60.1.69913	1.60.1.70245
QUEST_WATCH_POPUP_CLICK_TO_COMPLETE_TASK	1.60.1.69913	1.60.1.70245
QUEST_WATCH_POPUP_CLICK_TO_VIEW	1.60.1.69913	1.60.1.70245
QUEST_WATCH_POPUP_QUEST_DISCOVERED	1.60.1.69913	1.60.1.70245
QUEST_WATCH_QUEST_COMPLETE	1.60.1.70170	1.60.1.70245
QUEST_WATCH_QUEST_READY	1.60.1.70170	1.60.1.70245
QUEST_WATCH_TOOLTIP	1.60.1.69913	1.60.1.69913
QUEST_WAYPOINT_FINAL	1.60.1.69913	1.60.1.70245
QUEST_WAYPOINT_ROUTE	1.60.1.69913	1.60.1.70245
QUEUED_FOR	1.60.1.69913	1.60.1.70245
QUEUED_STATUS_IN_PROGRESS	1.60.1.69913	1.60.1.70245
QUEUED_STATUS_LISTED	1.60.1.69913	1.60.1.70245
QUEUED_STATUS_LOCKED	1.60.1.69913	1.60.1.70245
QUEUED_STATUS_LOCKED_EXPLANATION	1.60.1.69913	1.60.1.70245
QUEUED_STATUS_PROPOSAL	1.60.1.69913	1.60.1.70245
QUEUED_STATUS_READY_CHECK_IN_PROGRESS	1.60.1.69913	1.60.1.70245
QUEUED_STATUS_ROLE_CHECK_IN_PROGRESS	1.60.1.69913	1.60.1.70245
QUEUED_STATUS_SIGNED_UP	1.60.1.69913	1.60.1.70245
QUEUED_STATUS_SUSPENDED	1.60.1.69913	1.60.1.70245
QUEUED_STATUS_UNKNOWN	1.60.1.69913	1.60.1.70245
QUEUED_STATUS_WAITING	1.60.1.69913	1.60.1.70245
QUEUE_STATUS_WOWHACK_LEAVE	1.60.1.70170	1.60.1.70245
QUEUE_STATUS_WOWHACK_TELEPORT_IN	1.60.1.70170	1.60.1.70245
QUEUE_STATUS_WOWHACK_TELEPORT_OUT	1.60.1.70170	1.60.1.70245
QUEUE_STATUS_WOWHACK_TITLE	1.60.1.70170	1.60.1.70245
QUICK_BUTTON_COMBATLOG_TOOLTIP	1.60.1.69913	1.60.1.70245
QUICK_JOIN	1.60.1.69913	1.60.1.70245
QUICK_JOIN_ALREADY_IN_PARTY	1.60.1.69913	1.60.1.70245
QUICK_JOIN_FAILED	1.60.1.69913	1.60.1.70245
QUICK_JOIN_IS_AUTO_ACCEPT_TOOLTIP	1.60.1.69913	1.60.1.70245
QUICK_JOIN_ROLE_NOT_NEEDED	1.60.1.69913	1.60.1.70245
QUICK_JOIN_TOAST_LFGLIST_MESSAGE	1.60.1.69913	1.60.1.70245
QUICK_JOIN_TOAST_MESSAGE	1.60.1.69913	1.60.1.70245
QUICK_JOIN_TOOLTIP_AVAILABLE_ROLES	1.60.1.69913	1.60.1.70245
QUICK_JOIN_TOOLTIP_NO_AVAILABLE_ROLES	1.60.1.69913	1.60.1.70245
QUICK_KEYBIND_CANCEL_DESCRIPTION	1.60.1.69913	1.60.1.70245
QUICK_KEYBIND_DESCRIPTION	1.60.1.69913	1.60.1.70245
QUICK_KEYBIND_MODE	1.60.1.69913	1.60.1.70245
QUIT_NOW	1.60.1.69913	1.60.1.70245
QUIT_TIMER	1.60.1.69913	1.60.1.70245
QuestSort:1	1.60.1.70009	1.60.1.70245
QuestSort:22	1.60.1.70009	1.60.1.70245
QuestSort:221	1.60.1.70009	1.60.1.70245
QuestSort:284	1.60.1.70009	1.60.1.70245
QuestSort:344	1.60.1.70009	1.60.1.70245
QuestSort:367	1.60.1.70009	1.60.1.70245
QuestSort:368	1.60.1.70009	1.60.1.70245
QuestSort:666	1.60.1.70009	1.60.1.70245
QuestTag:1	1.60.1.70170	1.60.1.70245
QuestTag:21	1.60.1.70170	1.60.1.70245
QuestTag:41	1.60.1.70170	1.60.1.70245
QuestTag:62	1.60.1.70170	1.60.1.70245
QuestTag:81	1.60.1.70170	1.60.1.70245
QuestTag:82	1.60.1.70170	1.60.1.70245
QuestTag:83	1.60.1.70170	1.60.1.70245
RACE	1.60.1.69913	1.60.1.70245
RADIAL_ERROR_FALLBACK	1.60.1.70009	1.60.1.70245
RADIAL_ERROR_NO_AURAS	1.60.1.70009	1.60.1.70245
RADIAL_LABEL_ANGRY	1.60.1.70009	1.60.1.70245
RADIAL_LABEL_BAGS	1.60.1.70009	1.60.1.70245
RADIAL_LABEL_BUFFS	1.60.1.70009	1.60.1.70245
RADIAL_LABEL_CALENDAR	1.60.1.70009	1.60.1.70245
RADIAL_LABEL_CHARACTER	1.60.1.70009	1.60.1.70245
RADIAL_LABEL_CHAT	1.60.1.70009	1.60.1.70245
RADIAL_LABEL_CHEER	1.60.1.70009	1.60.1.70245
RADIAL_LABEL_CHICKEN	1.60.1.70009	1.60.1.70245
RADIAL_LABEL_CLOCK	1.60.1.70009	1.60.1.70245
RADIAL_LABEL_COLLECTIONS	1.60.1.70009	1.60.1.70245
RADIAL_LABEL_DANCE	1.60.1.70009	1.60.1.70245
RADIAL_LABEL_GAME_MENU	1.60.1.70009	1.60.1.70245
RADIAL_LABEL_GROUP_FINDER	1.60.1.70009	1.60.1.70245
RADIAL_LABEL_GUILD	1.60.1.70009	1.60.1.70245
RADIAL_LABEL_KNEEL	1.60.1.70009	1.60.1.70245
RADIAL_LABEL_LEGACY	1.60.1.70009	1.60.1.70245
RADIAL_LABEL_LFD_CONTEXT_MENU	1.60.1.70009	1.60.1.70245
RADIAL_LABEL_POINT	1.60.1.70009	1.60.1.70245
RADIAL_LABEL_PROFESSIONS	1.60.1.70009	1.60.1.70245
RADIAL_LABEL_PVP	1.60.1.70009	1.60.1.70245
RADIAL_LABEL_QUEST_MAPS	1.60.1.70009	1.60.1.70245
RADIAL_LABEL_SHOP	1.60.1.70009	1.60.1.70245
RADIAL_LABEL_SOCIAL	1.60.1.70009	1.60.1.70245
RADIAL_LABEL_SPELLBOOK	1.60.1.70009	1.60.1.70245
RADIAL_LABEL_TALENTS	1.60.1.70009	1.60.1.70245
RADIAL_LABEL_TARGET_EMOTES	1.60.1.70009	1.60.1.70245
RADIAL_LABEL_TOGGLE_SIT	1.60.1.70009	1.60.1.70245
RADIAL_LABEL_TRACKING	1.60.1.70009	1.60.1.70245
RADIAL_LABEL_TRAIN	1.60.1.70009	1.60.1.70245
RADIAL_LABEL_WAVE	1.60.1.70009	1.60.1.70245
RAF_ACTIVE_LINK_EXPIRE_DATE	1.60.1.69913	1.60.1.70245
RAF_ACTIVE_RECRUIT	1.60.1.69913	1.60.1.70245
RAF_BENEFIT4	1.60.1.69913	1.60.1.70245
RAF_CLAIM_MULTIPLE_REWARDS	1.60.1.69913	1.60.1.70245
RAF_COPY_LINK	1.60.1.69913	1.60.1.70245
RAF_EXPENDED_LINK_EXPIRE_DATE	1.60.1.69913	1.60.1.70245
RAF_FIRST_MONTH	1.60.1.69913	1.60.1.70245
RAF_FIRST_REWARD	1.60.1.69913	1.60.1.70245
RAF_FULL_RECRUITS	1.60.1.69913	1.60.1.70245
RAF_GENERATE_LINK	1.60.1.69913	1.60.1.70245
RAF_INACTIVE_RECRUIT	1.60.1.69913	1.60.1.70245
RAF_LATEST_REWARDS_HELP_TEXT	1.60.1.69913	1.60.1.70245
RAF_LEGACY_REWARDS_DESC	1.60.1.69913	1.60.1.70245
RAF_LEGACY_REWARDS_HELP_TEXT	1.60.1.69913	1.60.1.70245
RAF_LINK_REMAINING_USES	1.60.1.69913	1.60.1.70245
RAF_MONTHS	1.60.1.69913	1.60.1.70245
RAF_MONTHS_EARNED	1.60.1.69913	1.60.1.70245
RAF_NEXT_REWARD	1.60.1.69913	1.60.1.70245
RAF_NEXT_REWARD_AFTER	1.60.1.69913	1.60.1.70245
RAF_NEXT_REWARD_HELP_TEXT	1.60.1.69913	1.60.1.70245
RAF_NO_ACTIVE_LINK	1.60.1.69913	1.60.1.70245
RAF_NO_RECRUITS_DESC	1.60.1.69913	1.60.1.70245
RAF_PENDING_RECRUIT	1.60.1.69913	1.60.1.70245
RAF_RECRUITED_FRIENDS	1.60.1.69913	1.60.1.70245
RAF_RECRUITER_FRIEND	1.60.1.69913	1.60.1.70245
RAF_RECRUITMENT	1.60.1.69913	1.60.1.70245
RAF_RECRUITMENT_DESC	1.60.1.69913	1.60.1.70245
RAF_RECRUITS_FACTION_AND_REALM	1.60.1.69913	1.60.1.70245
RAF_RECRUIT_ACTIVITY_DESCRIPTION	1.60.1.69913	1.60.1.70245
RAF_RECRUIT_FRIEND	1.60.1.69913	1.60.1.70245
RAF_RECRUIT_TOOLTIP_DESC	1.60.1.69913	1.60.1.70245
RAF_RECRUIT_TOOLTIP_MONTH_COUNT	1.60.1.69913	1.60.1.70245
RAF_REMOVE_RECRUIT_CONFIRM	1.60.1.69913	1.60.1.70245
RAF_REPEATABLE_MONTHS	1.60.1.69913	1.60.1.70245
RAF_REWARDS	1.60.1.69913	1.60.1.70245
RAF_REWARDS_DESC	1.60.1.69913	1.60.1.70245
RAF_REWARD_TITLE	1.60.1.69913	1.60.1.70245
RAF_REWARD_TUTORIAL_TEXT	1.60.1.69913	1.60.1.70245
RAF_SPLASH_SCREEN_DESCRIPTION	1.60.1.69913	1.60.1.70245
RAF_SPLASH_SCREEN_TITLE	1.60.1.69913	1.60.1.70245
RAF_SUMMON_LINKED	1.60.1.69913	1.60.1.70245
RAF_TRIAL_RECRUIT	1.60.1.69913	1.60.1.70245
RAF_VIEW_ALL_REWARDS	1.60.1.69913	1.60.1.70245
RAF_YOU_HAVE_EARNED	1.60.1.69913	1.60.1.70245
RAGE	1.60.1.69913	1.60.1.70245
RAGE_COST	1.60.1.69913	1.60.1.70245
RAGE_COST_PER_TIME	1.60.1.69913	1.60.1.70245
RAGE_COST_PER_TIME_NO_BASE	1.60.1.69913	1.60.1.70245
RAID	1.60.1.69913	1.60.1.70245
RAID_ASSISTANT	1.60.1.69913	1.60.1.70245
RAID_BOSS_EMOTE	1.60.1.69913	1.60.1.70245
RAID_BOSS_WHISPER	1.60.1.69913	1.60.1.70245
RAID_CHAT_BUBBLES_TEXT	1.60.1.69913	1.60.1.70245
RAID_DESCRIPTION	1.60.1.69913	1.60.1.70245
RAID_DIFFICULTY	1.60.1.69913	1.60.1.70245
RAID_DIFFICULTY_10PLAYER	1.60.1.69913	1.60.1.70245
RAID_DIFFICULTY_20PLAYER	1.60.1.69913	1.60.1.70245
RAID_DIFFICULTY_40PLAYER	1.60.1.69913	1.60.1.70245
RAID_FRAMES_LABEL	1.60.1.69913	1.60.1.70245
RAID_INFO	1.60.1.69913	1.60.1.70245
RAID_INFORMATION	1.60.1.69913	1.60.1.70245
RAID_INFO_DESC	1.60.1.69913	1.60.1.69913
RAID_INFO_WORLD_BOSS	1.60.1.69913	1.60.1.70245
RAID_INSTANCE_EXPIRES_EXPIRED	1.60.1.69913	1.60.1.70245
RAID_LEADER	1.60.1.69913	1.60.1.70245
RAID_MANAGER_RESTRICT_PINGS_TO	1.60.1.69913	1.60.1.70245
RAID_MANAGER_RESTRICT_PINGS_TO_ASSIST	1.60.1.69913	1.60.1.70245
RAID_MANAGER_RESTRICT_PINGS_TO_LEAD	1.60.1.69913	1.60.1.70245
RAID_MANAGER_RESTRICT_PINGS_TO_TANKS_HEALERS	1.60.1.69913	1.60.1.70245
RAID_MESSAGE	1.60.1.69913	1.60.1.70245
RAID_SETTINGS	1.60.1.69913	1.60.1.70245
RAID_SETTINGS_ENABLED	1.60.1.69913	1.60.1.70245
RAID_SETTINGS_ENABLED_TOOLTIP	1.60.1.69913	1.60.1.70245
RAID_TARGETING_OPTIONS	1.60.1.69913	1.60.1.70245
RAID_TARGETING_OPTIONS_HOVER_MODE	1.60.1.69913	1.60.1.70245
RAID_TARGET_1	1.60.1.69913	1.60.1.70245
RAID_TARGET_2	1.60.1.69913	1.60.1.70245
RAID_TARGET_3	1.60.1.69913	1.60.1.70245
RAID_TARGET_4	1.60.1.69913	1.60.1.70245
RAID_TARGET_5	1.60.1.69913	1.60.1.70245
RAID_TARGET_6	1.60.1.69913	1.60.1.70245
RAID_TARGET_7	1.60.1.69913	1.60.1.70245
RAID_TARGET_8	1.60.1.69913	1.60.1.70245
RAID_TARGET_ICON	1.60.1.69913	1.60.1.70245
RAID_TARGET_NONE	1.60.1.69913	1.60.1.70245
RAID_WARNING	1.60.1.69913	1.60.1.70245
RANDOMIZE_APPEARANCE	1.60.1.69913	1.60.1.70245
RANDOM_ROLL_RESULT	1.60.1.69913	1.60.1.70245
RANGED	1.60.1.69913	1.60.1.70245
RANGEDSLOT	1.60.1.69913	1.60.1.70245
RANGED_ATTACK	1.60.1.69913	1.60.1.70245
RANGED_ATTACK_POWER	1.60.1.69913	1.60.1.70245
RANGED_ATTACK_POWER_TOOLTIP	1.60.1.69913	1.60.1.70245
RANGED_ATTACK_TOOLTIP	1.60.1.69913	1.60.1.69913
RANGED_COMBATLOG_TOOLTIP	1.60.1.69913	1.60.1.70245
RANGE_DAMAGE_COMBATLOG_TOOLTIP	1.60.1.69913	1.60.1.70245
RANGE_MISSED_COMBATLOG_TOOLTIP	1.60.1.69913	1.60.1.70245
RANK	1.60.1.69913	1.60.1.70245
RANK_COLON	1.60.1.69913	1.60.1.70245
RANK_POSITION	1.60.1.69913	1.60.1.69913
RARITY	1.60.1.69913	1.60.1.70245
RATED_BATTLEGROUND_IS_READY	1.60.1.69913	1.60.1.70245
RATINGS_MENU	1.60.1.69913	1.60.1.70245
RATING_CHANGE_TOOLTIP	1.60.1.69913	1.60.1.70245
RATING_CHANGE_TOOLTIP_TITLE	1.60.1.69913	1.60.1.70245
REACTIVATE_RAID_LOCK	1.60.1.69913	1.60.1.70245
READY	1.60.1.69913	1.60.1.70245
READY_CHECK	1.60.1.69913	1.60.1.70245
READY_CHECK_MESSAGE	1.60.1.69913	1.60.1.70245
READY_CHECK_YOU_WERE_AFK	1.60.1.69913	1.60.1.70245
REALID_BATTLETAG_FRIEND_LABEL	1.60.1.69913	1.60.1.70245
REALID_FRIEND_LABEL	1.60.1.69913	1.60.1.70245
RECENT_ALLIES_CATEGORIES_FILTER_LABEL	1.60.1.70009	1.60.1.70009
RECENT_ALLIES_MENU_BUTTON_LABEL_PIN	1.60.1.69913	1.60.1.70245
RECENT_ALLIES_MENU_BUTTON_LABEL_SET_NOTE	1.60.1.69913	1.60.1.70245
RECENT_ALLIES_MENU_BUTTON_LABEL_UNPIN	1.60.1.69913	1.60.1.70245
RECENT_ALLIES_PARTY_BUTTON_OFFLINE_TOOLTIP	1.60.1.69913	1.60.1.70245
RECENT_ALLIES_PARTY_BUTTON_TOOLTIP	1.60.1.69913	1.60.1.70245
RECENT_ALLY_INTERACTION_TIME_FORMAT	1.60.1.69913	1.60.1.70245
RECENT_ALLY_PIN_EXPIRING_TOOLTIP	1.60.1.69913	1.60.1.70245
RECENT_ALLY_PIN_TOOLTIP	1.60.1.69913	1.60.1.70245
RECENT_ALLY_RECENT_ACTIVITIES_LABEL	1.60.1.69913	1.60.1.70245
RECENT_ALLY_TOOLTIP_LEVEL_RACE_FORMAT	1.60.1.69913	1.60.1.70245
RECOMMENDED	1.60.1.69913	1.60.1.70245
RECOVER_CORPSE	1.60.1.69913	1.60.1.70245
RECOVER_CORPSE_INSTANCE	1.60.1.69913	1.60.1.70245
RECOVER_CORPSE_TIMER	1.60.1.70170	1.60.1.70245
RECRUITING_FRIENDS_DISABLED	1.60.1.70170	1.60.1.70245
RECRUIT_A_FRIEND	1.60.1.69913	1.60.1.70245
RED_GEM	1.60.1.69913	1.60.1.70245
REFLECT	1.60.1.69913	1.60.1.70245
REFRESH	1.60.1.69913	1.60.1.70245
REGIONAL_RESTRICT_CHAT_DIALOG_DISABLE	1.60.1.69913	1.60.1.70245
REGIONAL_RESTRICT_CHAT_DIALOG_ENABLE	1.60.1.69913	1.60.1.70245
REGIONAL_RESTRICT_CHAT_DIALOG_MESSAGE	1.60.1.69913	1.60.1.70245
REGIONAL_RESTRICT_CHAT_DIALOG_TITLE	1.60.1.69913	1.60.1.70245
RELEASE_PET	1.60.1.69913	1.60.1.70245
RELEASE_PET_BUTTON_LABEL	1.60.1.69913	1.60.1.70245
RELICSLOT	1.60.1.69913	1.60.1.70245
RELOADUI	1.60.1.69913	1.60.1.70245
REMIX_EARLY_CHARACTER_CONVERSION_NOTICE	1.60.1.70170	1.60.1.70245
REMIX_END_OF_EVENT_NOTICE	1.60.1.69913	1.60.1.70245
REMOTE_TEXT_TO_SPEECH	1.60.1.70170	1.60.1.70245
REMOVE	1.60.1.69913	1.60.1.70245
REMOVE_AUTHENTICATOR_FROM_RANK	1.60.1.69913	1.60.1.70245
REMOVE_FAVORITE_STATUS	1.60.1.69913	1.60.1.70245
REMOVE_FRIEND	1.60.1.69913	1.60.1.70245
REMOVE_GUILDMEMBER_LABEL	1.60.1.70170	1.60.1.70245
REMOVE_MODERATOR	1.60.1.69913	1.60.1.70245
REMOVE_PLAYER	1.60.1.69913	1.60.1.69913
RENAME_CHAT_WINDOW	1.60.1.69913	1.60.1.70245
RENAME_GUILD	1.60.1.69913	1.60.1.70245
RENAME_GUILD_LABEL	1.60.1.69913	1.60.1.70245
RENDER_SCALE	1.60.1.69913	1.60.1.70245
RENOWN_LEVEL_LABEL	1.60.1.69913	1.60.1.70245
RENOWN_LEVEL_UP_SKIP_BUTTON	1.60.1.70170	1.60.1.70245
RENOWN_REWARD_ACCOUNT_UNLOCK_LABEL	1.60.1.70170	1.60.1.70245
RENOWN_REWARD_CAPSTONE_TOOLTIP_DESC	1.60.1.69913	1.60.1.70245
RENOWN_REWARD_CAPSTONE_TOOLTIP_DESC2	1.60.1.69913	1.60.1.70245
RENOWN_REWARD_CAPSTONE_TOOLTIP_TITLE	1.60.1.69913	1.60.1.70245
RENOWN_REWARD_FOLLOWER_DESCRIPTION	1.60.1.70170	1.60.1.70245
RENOWN_REWARD_FOLLOWER_NAME_FORMAT	1.60.1.70170	1.60.1.70245
RENOWN_REWARD_ILLUSION_DESCRIPTION	1.60.1.70170	1.60.1.70245
RENOWN_REWARD_ILLUSION_NAME_FORMAT	1.60.1.70170	1.60.1.70245
RENOWN_REWARD_ITEM_DESCRIPTION	1.60.1.70170	1.60.1.70245
RENOWN_REWARD_MILESTONE_TOOLTIP_TITLE	1.60.1.69913	1.60.1.70245
RENOWN_REWARD_MOUNT_DESCRIPTION	1.60.1.70170	1.60.1.70245
RENOWN_REWARD_MOUNT_NAME_FORMAT	1.60.1.70170	1.60.1.70245
RENOWN_REWARD_SPELL_DESCRIPTION	1.60.1.70170	1.60.1.70245
RENOWN_REWARD_TITLE_DESCRIPTION	1.60.1.70170	1.60.1.70245
RENOWN_REWARD_TITLE_NAME_FORMAT	1.60.1.70170	1.60.1.70245
RENOWN_REWARD_TRANSMOGSET_DESCRIPTION	1.60.1.70170	1.60.1.70245
RENOWN_REWARD_TRANSMOG_DESCRIPTION	1.60.1.70170	1.60.1.70245
REPAIR_ALL_ITEMS	1.60.1.69913	1.60.1.70245
REPAIR_AN_ITEM	1.60.1.69913	1.60.1.70245
REPAIR_ARMOR_TOOLTIP_BREAKING	1.60.1.69913	1.60.1.70245
REPAIR_ARMOR_TOOLTIP_BROKEN	1.60.1.69913	1.60.1.70245
REPAIR_ARMOR_TOOLTIP_TITLE	1.60.1.69913	1.60.1.70245
REPAIR_ITEMS	1.60.1.69913	1.60.1.69913
REPLACE_ENCHANT	1.60.1.69913	1.60.1.70245
REPLACE_MY_PLAYER_PORTRAIT	1.60.1.69913	1.60.1.70245
REPLACE_OTHER_PLAYER_PORTRAITS	1.60.1.69913	1.60.1.70245
REPLY_MESSAGE	1.60.1.69913	1.60.1.70245
REPORTING_COMMENT_INSTRUCTIONS	1.60.1.69913	1.60.1.70245
REPORTING_MAJOR_CATEGORY_CHEATING	1.60.1.69913	1.60.1.70245
REPORTING_MAJOR_CATEGORY_CHINA_HARMFUL_MINORS	1.60.1.69913	1.60.1.70245
REPORTING_MAJOR_CATEGORY_GAMEPLAY_SABOTAGE	1.60.1.69913	1.60.1.70245
REPORTING_MAJOR_CATEGORY_INAPPROPRIATE_COMMUNICATION	1.60.1.69913	1.60.1.70245
REPORTING_MAJOR_CATEGORY_INAPPROPRIATE_NAME	1.60.1.69913	1.60.1.70245
REPORTING_MAKE_SELECTION	1.60.1.69913	1.60.1.70245
REPORTING_MINOR_CATEGORY_ADVERTISEMENT	1.60.1.69913	1.60.1.70245
REPORTING_MINOR_CATEGORY_AFK	1.60.1.69913	1.60.1.70245
REPORTING_MINOR_CATEGORY_BLOCKING_PROG	1.60.1.69913	1.60.1.70245
REPORTING_MINOR_CATEGORY_BOOSTING	1.60.1.69913	1.60.1.70245
REPORTING_MINOR_CATEGORY_BOTTING	1.60.1.69913	1.60.1.70245
REPORTING_MINOR_CATEGORY_BTAG	1.60.1.69913	1.60.1.70245
REPORTING_MINOR_CATEGORY_CHARACTER_NAME	1.60.1.69913	1.60.1.70245
REPORTING_MINOR_CATEGORY_CSEA	1.60.1.69913	1.60.1.70245
REPORTING_MINOR_CATEGORY_CUSTOM_GAME_NAME	1.60.1.69913	1.60.1.70245
REPORTING_MINOR_CATEGORY_DESCRIPTION	1.60.1.69913	1.60.1.70245
REPORTING_MINOR_CATEGORY_DISRUPTION	1.60.1.69913	1.60.1.70245
REPORTING_MINOR_CATEGORY_FEEDING	1.60.1.69913	1.60.1.70245
REPORTING_MINOR_CATEGORY_GROUP_NAME	1.60.1.69913	1.60.1.70245
REPORTING_MINOR_CATEGORY_GUILD_NAME	1.60.1.69913	1.60.1.70245
REPORTING_MINOR_CATEGORY_HACKING	1.60.1.69913	1.60.1.70245
REPORTING_MINOR_CATEGORY_HARMFUL_INFO_FOR_MINORS	1.60.1.69913	1.60.1.70245
REPORTING_MINOR_CATEGORY_HARMFUL_TO_MINORS	1.60.1.69913	1.60.1.70245
REPORTING_MINOR_CATEGORY_INAPPROPRIATE	1.60.1.69913	1.60.1.70245
REPORTING_MINOR_CATEGORY_NAME	1.60.1.69913	1.60.1.70245
REPORTING_MINOR_CATEGORY_SPAM	1.60.1.69913	1.60.1.70245
REPORTING_MINOR_CATEGORY_TEXT_CHAT	1.60.1.69913	1.60.1.70245
REPORTING_MINOR_CATEGORY_TVEC	1.60.1.69913	1.60.1.70245
REPORTING_MINOR_CATEGORY_VOICE_CHAT	1.60.1.69913	1.60.1.70245
REPORTING_REPORT	1.60.1.69913	1.60.1.70245
REPORTING_REPORT_DETAILS	1.60.1.69913	1.60.1.70245
REPORTING_REPORT_PLAYER	1.60.1.69913	1.60.1.70245
REPORTING_REPORT_REASON	1.60.1.69913	1.60.1.70245
REPORT_BATTLEPET_NAME_CONFIRMATION	1.60.1.69913	1.60.1.70245
REPORT_CALENDAR	1.60.1.69913	1.60.1.70245
REPORT_CHAT	1.60.1.69913	1.60.1.70245
REPORT_CHEATING_EDITBOX_INFO	1.60.1.69913	1.60.1.70245
REPORT_CHEATING_TEXT1	1.60.1.69913	1.60.1.70245
REPORT_CHEATING_TITLE	1.60.1.69913	1.60.1.70245
REPORT_CLUB_MEMBER	1.60.1.69913	1.60.1.70245
REPORT_GROUP_FINDER_ADVERTISEMENT	1.60.1.69913	1.60.1.70245
REPORT_GROUP_MEMBER	1.60.1.69913	1.60.1.70245
REPORT_IN_WORLD_PLAYER	1.60.1.69913	1.60.1.70245
REPORT_PET_NAME_CONFIRMATION	1.60.1.69913	1.60.1.70245
REPORT_PLAYER	1.60.1.69913	1.60.1.70245
REPORT_RESULT_REQUIRES_CHAT	1.60.1.69913	1.60.1.70245
REPORT_RESULT_REQUIRES_CHAT_OR_VOICE	1.60.1.69913	1.60.1.70245
REPORT_RESULT_TOO_MANY_REPORTS	1.60.1.69913	1.60.1.70245
REPORT_SPAM	1.60.1.69913	1.60.1.70245
REPORT_SPAM_CONFIRMATION	1.60.1.69913	1.60.1.70245
REPUTATION	1.60.1.69913	1.60.1.70245
REPUTATION_AT_WAR_DESCRIPTION	1.60.1.69913	1.60.1.70245
REPUTATION_DETAIL_SELECT_PROMPT	1.60.1.69913	1.60.1.70245
REPUTATION_EXALTED_PLUS_HELP	1.60.1.69913	1.60.1.70245
REPUTATION_FACTION_DESCRIPTION	1.60.1.69913	1.60.1.69913
REPUTATION_MOVE_TO_INACTIVE	1.60.1.69913	1.60.1.70245
REPUTATION_SHOW_AS_XP	1.60.1.69913	1.60.1.70245
REPUTATION_STANDING_DESCRIPTION	1.60.1.69913	1.60.1.69913
REPUTATION_STATUS_AT_WAR	1.60.1.69913	1.60.1.69913
REPUTATION_TOOLTIP_ACCOUNT_WIDE_LABEL	1.60.1.69913	1.60.1.70245
REQUEST_INVITE	1.60.1.69913	1.60.1.70245
REQUEST_ROLL	1.60.1.69913	1.60.1.70245
REQUEST_SIGNATURE	1.60.1.69913	1.60.1.70245
REQUIRED_MONEY	1.60.1.69913	1.60.1.70245
REQUIRES_GUILD_ACHIEVEMENT	1.60.1.69913	1.60.1.70245
REQUIRES_GUILD_FACTION	1.60.1.69913	1.60.1.70245
REQUIRES_GUILD_FACTION_TOOLTIP	1.60.1.69913	1.60.1.70245
REQUIRES_LABEL	1.60.1.69913	1.60.1.70245
REQUIRES_RELOAD	1.60.1.69913	1.60.1.70245
REQ_LEVEL_ABBR	1.60.1.69913	1.60.1.70245
RESAMPLE_QUALITY	1.60.1.69913	1.60.1.70245
RESAMPLE_QUALITY_BICUBIC	1.60.1.69913	1.60.1.70245
RESAMPLE_QUALITY_BILINEAR	1.60.1.69913	1.60.1.70245
RESAMPLE_QUALITY_POINT	1.60.1.69913	1.60.1.70245
RESAMPLE_SHARPNESS	1.60.1.69913	1.60.1.70245
RESET	1.60.1.69913	1.60.1.70245
RESET_CAMERA	1.60.1.69913	1.60.1.70245
RESET_CHAT_POSITION	1.60.1.69913	1.60.1.70245
RESET_CHAT_WINDOW	1.60.1.69913	1.60.1.70245
RESET_CHAT_WINDOW_POSITIONS	1.60.1.69913	1.60.1.70245
RESET_INSTANCES	1.60.1.69913	1.60.1.70245
RESET_POSITION	1.60.1.70170	1.60.1.70245
RESET_TO_DEFAULT	1.60.1.69913	1.60.1.70245
RESET_TUTORIALS	1.60.1.69913	1.60.1.70245
RESIST	1.60.1.69913	1.60.1.70245
RESISTANCE0_NAME	1.60.1.69913	1.60.1.70245
RESISTANCE1_NAME	1.60.1.69913	1.60.1.70245
RESISTANCE2_NAME	1.60.1.69913	1.60.1.70245
RESISTANCE3_NAME	1.60.1.69913	1.60.1.70245
RESISTANCE4_NAME	1.60.1.69913	1.60.1.70245
RESISTANCE5_NAME	1.60.1.69913	1.60.1.70245
RESISTANCE6_NAME	1.60.1.69913	1.60.1.70245
RESISTANCE_EXCELLENT	1.60.1.69913	1.60.1.70245
RESISTANCE_FAIR	1.60.1.69913	1.60.1.70245
RESISTANCE_GOOD	1.60.1.69913	1.60.1.70245
RESISTANCE_NONE	1.60.1.69913	1.60.1.70245
RESISTANCE_POOR	1.60.1.69913	1.60.1.70245
RESISTANCE_TOOLTIP_SUBTEXT	1.60.1.69913	1.60.1.70245
RESISTANCE_TYPE2	1.60.1.69913	1.60.1.70245
RESISTANCE_TYPE3	1.60.1.69913	1.60.1.70245
RESISTANCE_TYPE4	1.60.1.69913	1.60.1.70245
RESISTANCE_TYPE5	1.60.1.69913	1.60.1.70245
RESISTANCE_TYPE6	1.60.1.69913	1.60.1.70245
RESISTANCE_VERYGOOD	1.60.1.69913	1.60.1.70245
RESIST_TRAILER	1.60.1.69913	1.60.1.70245
RESTRICT_CALENDAR_INVITES	1.60.1.69913	1.60.1.70245
RESTRICT_CHAT_COMMUNITIES_TOOLTIP_INSTRUCTION	1.60.1.69913	1.60.1.70245
RESTRICT_CHAT_CONFIG_DIALOG_CANCEL	1.60.1.69913	1.60.1.70245
RESTRICT_CHAT_CONFIG_DIALOG_DISABLE	1.60.1.69913	1.60.1.70245
RESTRICT_CHAT_CONFIG_DIALOG_MESSAGE	1.60.1.69913	1.60.1.70245
RESTRICT_CHAT_CONFIG_DISABLE	1.60.1.69913	1.60.1.70245
RESTRICT_CHAT_CONFIG_TOOLTIP	1.60.1.69913	1.60.1.70245
RESTRICT_CHAT_MESSAGE_SUPPRESSED	1.60.1.69913	1.60.1.70245
RESTRICT_CHAT_TOOLTIP_FORMAT	1.60.1.69913	1.60.1.70245
RESURRECT	1.60.1.69913	1.60.1.70245
RESURRECT_REQUEST	1.60.1.69913	1.60.1.70245
RESURRECT_REQUEST_NO_SICKNESS	1.60.1.69913	1.60.1.70245
RESURRECT_REQUEST_NO_SICKNESS_TIMER	1.60.1.70170	1.60.1.70245
RESURRECT_REQUEST_TIMER	1.60.1.70170	1.60.1.70245
RETRIEVING_DATA	1.60.1.69913	1.60.1.70245
RETRIEVING_INVITE_LIST	1.60.1.69913	1.60.1.70245
RETURN_TO_GAME	1.60.1.69913	1.60.1.70245
RETURN_TO_GRAVEYARD	1.60.1.69913	1.60.1.70245
REWARDS	1.60.1.69913	1.60.1.70245
REWARD_ABILITY	1.60.1.69913	1.60.1.70245
REWARD_AURA	1.60.1.69913	1.60.1.70245
REWARD_CHOICES	1.60.1.69913	1.60.1.70245
REWARD_CHOOSE	1.60.1.69913	1.60.1.70245
REWARD_ITEMS	1.60.1.69913	1.60.1.70245
REWARD_ITEMS_ONLY	1.60.1.69913	1.60.1.70245
REWARD_SPELL	1.60.1.69913	1.60.1.70245
REWARD_TITLE	1.60.1.69913	1.60.1.70245
REWARD_TRADESKILL_SPELL	1.60.1.69913	1.60.1.70245
RID_FRIEND_REQUEST_INFO	1.60.1.69913	1.60.1.70245
RIGHTSHOULDERSLOT	1.60.1.69913	1.60.1.70245
RIGHT_BUTTON_STRING	1.60.1.69913	1.60.1.70245
RIGHT_CLICK_FOR_LESS	1.60.1.70170	1.60.1.70245
RIGHT_CLICK_FOR_MORE	1.60.1.70170	1.60.1.70245
ROGUE_AGILITY_TOOLTIP	1.60.1.69913	1.60.1.70245
ROGUE_INTELLECT_TOOLTIP	1.60.1.69913	1.60.1.70245
ROGUE_MELEE_ATTACK_POWER_TOOLTIP	1.60.1.69913	1.60.1.70245
ROGUE_SPIRIT_TOOLTIP	1.60.1.69913	1.60.1.70245
ROLE_CHANGED_INFORM	1.60.1.69913	1.60.1.70245
ROLE_CHANGED_INFORM_WITH_SOURCE	1.60.1.69913	1.60.1.70245
ROLE_DESCRIPTION_DAMAGER	1.60.1.69913	1.60.1.70245
ROLE_DESCRIPTION_HEALER	1.60.1.69913	1.60.1.70245
ROLE_DESCRIPTION_TANK	1.60.1.69913	1.60.1.70245
ROLE_POLL	1.60.1.69913	1.60.1.70245
ROLE_REMOVED_INFORM	1.60.1.69913	1.60.1.70245
ROLE_REMOVED_INFORM_WITH_SOURCE	1.60.1.69913	1.60.1.70245
ROTATE_LEFT	1.60.1.69913	1.60.1.70245
ROTATE_RIGHT	1.60.1.69913	1.60.1.70245
ROTATE_TOOLTIP	1.60.1.70170	1.60.1.70245
RPE_ASSISTED_HIGHLIGHT_KEEP_ON	1.60.1.69913	1.60.1.70245
RPE_ASSISTED_HIGHLIGHT_TURN_CHOICE	1.60.1.69913	1.60.1.70245
RPE_ASSISTED_HIGHLIGHT_TURN_OFF	1.60.1.69913	1.60.1.70245
RT_SHADOW_QUALITY	1.60.1.69913	1.60.1.70245
RUNEFORGE_LEGENDARY_COST_LABEL	1.60.1.69913	1.60.1.70245
RUNES	1.60.1.69913	1.60.1.70245
RUNIC_POWER	1.60.1.69913	1.60.1.70245
RecentAllyInteraction:11	1.60.1.70170	1.60.1.70245
RecentAllyInteraction:12	1.60.1.70170	1.60.1.70245
RecentAllyInteraction:13	1.60.1.70170	1.60.1.70245
RecentAllyInteraction:15	1.60.1.70170	1.60.1.70245
RecentAllyInteraction:16	1.60.1.70170	1.60.1.70245
RecentAllyInteraction:17	1.60.1.70170	1.60.1.70245
RecentAllyInteraction:18	1.60.1.70170	1.60.1.70245
RecentAllyInteraction:19	1.60.1.70170	1.60.1.70245
RecentAllyInteraction:20	1.60.1.70170	1.60.1.70245
RecentAllyInteraction:23	1.60.1.70170	1.60.1.70245
RecentAllyInteraction:3	1.60.1.70170	1.60.1.70245
RecentAllyInteraction:4	1.60.1.70170	1.60.1.70245
RecentAllyInteraction:5	1.60.1.70170	1.60.1.70245
RecentAllyInteraction:6	1.60.1.70170	1.60.1.70245
RecentAllyInteraction:7	1.60.1.70170	1.60.1.70245
RecentAllyInteraction:8	1.60.1.70170	1.60.1.70245
RecentAllyType:1	1.60.1.70170	1.60.1.70245
RecentAllyType:10	1.60.1.70170	1.60.1.70245
RecentAllyType:11	1.60.1.70170	1.60.1.70245
RecentAllyType:12	1.60.1.70170	1.60.1.70245
RecentAllyType:13	1.60.1.70170	1.60.1.70245
RecentAllyType:14	1.60.1.70170	1.60.1.70245
RecentAllyType:15	1.60.1.70170	1.60.1.70245
RecentAllyType:16	1.60.1.70170	1.60.1.70245
RecentAllyType:17	1.60.1.70170	1.60.1.70245
RecentAllyType:18	1.60.1.70170	1.60.1.70245
RecentAllyType:19	1.60.1.70170	1.60.1.70245
RecentAllyType:2	1.60.1.70170	1.60.1.70245
RecentAllyType:20	1.60.1.70170	1.60.1.70245
RecentAllyType:23	1.60.1.70170	1.60.1.70245
RecentAllyType:3	1.60.1.70170	1.60.1.70245
RecentAllyType:4	1.60.1.70170	1.60.1.70245
RecentAllyType:5	1.60.1.70170	1.60.1.70245
RecentAllyType:6	1.60.1.70170	1.60.1.70245
RecentAllyType:7	1.60.1.70170	1.60.1.70245
RecentAllyType:8	1.60.1.70170	1.60.1.70245
RecentAllyType:9	1.60.1.70170	1.60.1.70245
RenownRewardDescription:1832	1.60.1.70170	1.60.1.70245
RenownRewardDescription:1833	1.60.1.70170	1.60.1.70245
RenownRewardDescription:1834	1.60.1.70170	1.60.1.70245
RenownRewardDescription:1835	1.60.1.70170	1.60.1.70245
RenownRewardDescription:1836	1.60.1.70170	1.60.1.70245
RenownRewardDescription:1837	1.60.1.70170	1.60.1.70245
RenownRewardDescription:1839	1.60.1.70170	1.60.1.70245
RenownRewardDescription:1840	1.60.1.70170	1.60.1.70245
RenownRewardDescription:1841	1.60.1.70170	1.60.1.70245
RenownRewardDescription:1842	1.60.1.70170	1.60.1.70245
RenownRewardDescription:1843	1.60.1.70170	1.60.1.70245
RenownRewardDescription:1844	1.60.1.70170	1.60.1.70245
RenownRewardDescription:1845	1.60.1.70170	1.60.1.70245
RenownRewardDescription:1856	1.60.1.70170	1.60.1.70245
RenownRewardDescription:1857	1.60.1.70170	1.60.1.70245
RenownRewardDescription:1858	1.60.1.70170	1.60.1.70245
RenownRewardDescription:1859	1.60.1.70170	1.60.1.70245
RenownRewardDescription:2008	1.60.1.70170	1.60.1.70245
RenownRewardDescription:2010	1.60.1.70170	1.60.1.70245
RenownRewardDescription:2011	1.60.1.70170	1.60.1.70245
RenownRewardName:1832	1.60.1.70170	1.60.1.70245
RenownRewardName:1833	1.60.1.70170	1.60.1.70245
RenownRewardName:1834	1.60.1.70170	1.60.1.70245
RenownRewardName:1835	1.60.1.70170	1.60.1.70245
RenownRewardName:1836	1.60.1.70170	1.60.1.70245
RenownRewardName:1837	1.60.1.70170	1.60.1.70245
RenownRewardName:1838	1.60.1.70170	1.60.1.70245
RenownRewardName:1839	1.60.1.70170	1.60.1.70245
RenownRewardName:1840	1.60.1.70170	1.60.1.70245
RenownRewardName:1841	1.60.1.70170	1.60.1.70245
RenownRewardName:1842	1.60.1.70170	1.60.1.70245
RenownRewardName:1843	1.60.1.70170	1.60.1.70245
RenownRewardName:1844	1.60.1.70170	1.60.1.70245
RenownRewardName:1845	1.60.1.70170	1.60.1.70245
RenownRewardToast:1832	1.60.1.70170	1.60.1.70245
RenownRewardToast:1833	1.60.1.70170	1.60.1.70245
RenownRewardToast:1834	1.60.1.70170	1.60.1.70245
RenownRewardToast:1835	1.60.1.70170	1.60.1.70245
RenownRewardToast:1836	1.60.1.70170	1.60.1.70245
RenownRewardToast:1837	1.60.1.70170	1.60.1.70245
RenownRewardToast:1838	1.60.1.70170	1.60.1.70245
RenownRewardToast:1839	1.60.1.70170	1.60.1.70245
RenownRewardToast:1840	1.60.1.70170	1.60.1.70245
RenownRewardToast:1841	1.60.1.70170	1.60.1.70245
RenownRewardToast:1842	1.60.1.70170	1.60.1.70245
RenownRewardToast:1843	1.60.1.70170	1.60.1.70245
RenownRewardToast:1844	1.60.1.70170	1.60.1.70245
RenownRewardToast:1845	1.60.1.70170	1.60.1.70245
RenownRewardToast:2008	1.60.1.70170	1.60.1.70245
RenownRewardToast:2010	1.60.1.70170	1.60.1.70245
RenownRewardToast:2011	1.60.1.70170	1.60.1.70245
RestState:1	1.60.1.70170	1.60.1.70245
RestState:2	1.60.1.70170	1.60.1.70245
SALE_PRICE_COLON	1.60.1.69913	1.60.1.70245
SANCTUARY_TERRITORY	1.60.1.69913	1.60.1.70245
SAVE	1.60.1.69913	1.60.1.70245
SAVED_VARIABLES_TOO_LARGE	1.60.1.69913	1.60.1.70245
SAVE_CHANGES	1.60.1.69913	1.60.1.70245
SAY	1.60.1.69913	1.60.1.70245
SAY_MESSAGE	1.60.1.69913	1.60.1.70245
SCENARIO_COMPLETED_GENERIC	1.60.1.69913	1.60.1.70245
SCENARIO_STAGE	1.60.1.69913	1.60.1.70245
SCENARIO_STAGE_FINAL	1.60.1.69913	1.60.1.70245
SCENARIO_STAGE_STATUS	1.60.1.69913	1.60.1.70245
SCORE_DAMAGE_DONE	1.60.1.69913	1.60.1.70245
SCORE_HEALING_DONE	1.60.1.69913	1.60.1.70245
SCORE_HONORABLE_KILLS	1.60.1.69913	1.60.1.70245
SCORE_KILLING_BLOWS	1.60.1.69913	1.60.1.70245
SCORE_RATING_CHANGE	1.60.1.69913	1.60.1.70245
SCRAP_BUTTON	1.60.1.69913	1.60.1.70245
SCREENSHOT_FAILURE	1.60.1.69913	1.60.1.70245
SCREENSHOT_SUCCESS	1.60.1.69913	1.60.1.70245
SCREEN_NARRATOR	1.60.1.69913	1.60.1.70245
SCREEN_NARRATOR_SPEECH_RATE	1.60.1.69913	1.60.1.70245
SCREEN_NARRATOR_SPEECH_VOLUME	1.60.1.69913	1.60.1.70245
SCREEN_NARRATOR_VOICE	1.60.1.69913	1.60.1.70245
SEARCH	1.60.1.69913	1.60.1.70245
SEARCHING	1.60.1.69913	1.60.1.70245
SEARCH_LOADING_TEXT	1.60.1.69913	1.60.1.70245
SEARCH_PROGRESS_BAR_TEXT	1.60.1.69913	1.60.1.70245
SEARCH_QUEST_LOG	1.60.1.69913	1.60.1.70245
SEARCH_RESULTS_SHOW_COUNT	1.60.1.70170	1.60.1.70245
SEASON_ENDS_IN_TIME	1.60.1.69913	1.60.1.70245
SECONDARYHANDSLOT	1.60.1.69913	1.60.1.70245
SECONDS	1.60.1.69913	1.60.1.70245
SECONDS_ABBR	1.60.1.69913	1.60.1.70245
SECONDS_FLOAT	1.60.1.70170	1.60.1.70245
SECONDS_FLOAT_ABBR	1.60.1.69913	1.60.1.70245
SECOND_ONELETTER_ABBR	1.60.1.69913	1.60.1.70245
SELECTED_DECOR_LIGHT_RADIUS_INDICATOR_TYPE	1.60.1.69913	1.60.1.70245
SELECT_YOUR_ROLE	1.60.1.69913	1.60.1.70245
SELF_CAST	1.60.1.69913	1.60.1.70245
SELF_CAST_AUTO	1.60.1.69913	1.60.1.70245
SELF_CAST_AUTO_AND_KEY_PRESS	1.60.1.69913	1.60.1.70245
SELF_CAST_KEY_PRESS	1.60.1.69913	1.60.1.70245
SELF_HIGHLIGHT_CIRCLE	1.60.1.69913	1.60.1.70245
SELF_HIGHLIGHT_ICON	1.60.1.69913	1.60.1.70245
SELF_HIGHLIGHT_MODE_CIRCLE	1.60.1.69913	1.60.1.70245
SELF_HIGHLIGHT_MODE_CIRCLE_AND_ICON	1.60.1.69913	1.60.1.70245
SELF_HIGHLIGHT_MODE_CIRCLE_AND_OUTLINE	1.60.1.69913	1.60.1.70245
SELF_HIGHLIGHT_MODE_CIRCLE_OUTLINE_AND_ICON	1.60.1.69913	1.60.1.70245
SELF_HIGHLIGHT_MODE_ICON	1.60.1.69913	1.60.1.70245
SELF_HIGHLIGHT_MODE_OUTLINE	1.60.1.69913	1.60.1.70245
SELF_HIGHLIGHT_MODE_OUTLINE_AND_ICON	1.60.1.69913	1.60.1.70245
SELF_HIGHLIGHT_OPTION	1.60.1.69913	1.60.1.70245
SELF_HIGHLIGHT_UNIT_FRAME	1.60.1.69913	1.60.1.70245
SELL_ALL_JUNK_ITEMS	1.60.1.69913	1.60.1.70245
SELL_ALL_JUNK_ITEMS_EXCLUDE_FLAG	1.60.1.69913	1.60.1.70245
SELL_ALL_JUNK_ITEMS_POPUP	1.60.1.69913	1.60.1.70245
SELL_PRICE	1.60.1.69913	1.60.1.70245
SENDMAIL	1.60.1.69913	1.60.1.70245
SEND_BATTLETAG_REQUEST	1.60.1.69913	1.60.1.70245
SEND_LABEL	1.60.1.69913	1.60.1.70245
SEND_MAIL_COST	1.60.1.69913	1.60.1.70245
SEND_MESSAGE	1.60.1.69913	1.60.1.70245
SEND_MONEY	1.60.1.69913	1.60.1.70245
SEND_REQUEST	1.60.1.69913	1.60.1.70245
SETTINGS	1.60.1.69913	1.60.1.70245
SETTINGS_ACCOUNT_COMPLETED_QUEST_FILTER	1.60.1.69913	1.60.1.70245
SETTINGS_APPLY	1.60.1.69913	1.60.1.70245
SETTINGS_BIND_KEY_TO_COMMAND_OR_CANCEL	1.60.1.69913	1.60.1.70245
SETTINGS_CANCEL_TIMEOUT_BUTTON	1.60.1.69913	1.60.1.70245
SETTINGS_CLOSE	1.60.1.69913	1.60.1.70245
SETTINGS_CONFIRM_DISCARD	1.60.1.69913	1.60.1.70245
SETTINGS_CONFIRM_TIMEOUT_BUTTON	1.60.1.69913	1.60.1.70245
SETTINGS_COORDS_BY_TENTHS	1.60.1.69913	1.60.1.70245
SETTINGS_COORDS_BY_TENTHS_TOOLTIP	1.60.1.69913	1.60.1.70245
SETTINGS_CURSOR_MAP_COORDS	1.60.1.69913	1.60.1.70245
SETTINGS_CURSOR_MAP_COORDS_TOOLTIP	1.60.1.69913	1.60.1.70245
SETTINGS_DEFAULTS	1.60.1.69913	1.60.1.70245
SETTINGS_FMT_FPS	1.60.1.69913	1.60.1.70245
SETTINGS_KEYBINDINGS_LABEL	1.60.1.69913	1.60.1.70245
SETTINGS_MAP_COORDS_SECTION	1.60.1.69913	1.60.1.70245
SETTINGS_MINIMAP_PLAYER_COORDS	1.60.1.69913	1.60.1.70245
SETTINGS_MINIMAP_PLAYER_COORDS_TOOLTIP	1.60.1.69913	1.60.1.70245
SETTINGS_PLAYER_MAP_COORDS	1.60.1.69913	1.60.1.70245
SETTINGS_PLAYER_MAP_COORDS_TOOLTIP	1.60.1.69913	1.60.1.70245
SETTINGS_QUICK_KEYBIND_BUTTON	1.60.1.69913	1.60.1.70245
SETTINGS_RAID_GRAPHICS_QUALITY	1.60.1.69913	1.60.1.70245
SETTINGS_SEARCH_NOTHING_FOUND	1.60.1.69913	1.60.1.70245
SETTINGS_SEARCH_RESULTS	1.60.1.69913	1.60.1.70245
SETTINGS_SUBCATEGORY_FMT	1.60.1.69913	1.60.1.70245
SETTINGS_TAB_ADDONS	1.60.1.69913	1.60.1.70245
SETTINGS_TAB_GAME	1.60.1.69913	1.60.1.70245
SETTINGS_TIMED_CONFIRMATION	1.60.1.69913	1.60.1.70245
SETTINGS_TITLE	1.60.1.69913	1.60.1.70245
SETTINGS_TRIVIAL_QUEST_FILTER	1.60.1.69913	1.60.1.70245
SETTINGS_UNAPPLIED_APPLY_AND_EXIT	1.60.1.69913	1.60.1.70245
SETTINGS_UNAPPLIED_CANCEL	1.60.1.69913	1.60.1.70245
SETTINGS_UNAPPLIED_EXIT	1.60.1.69913	1.60.1.70245
SETTING_EMPOWERED_SPELL_INPUT	1.60.1.69913	1.60.1.70245
SETTING_EMPOWERED_SPELL_INPUT_HOLD_OPTION	1.60.1.69913	1.60.1.70245
SETTING_EMPOWERED_SPELL_INPUT_HOLD_OPTION_TOOLTIP	1.60.1.69913	1.60.1.70245
SETTING_EMPOWERED_SPELL_INPUT_TAP_OPTION	1.60.1.69913	1.60.1.70245
SETTING_EMPOWERED_SPELL_INPUT_TAP_OPTION_TOOLTIP	1.60.1.69913	1.60.1.70245
SETTING_EMPOWERED_SPELL_INPUT_TOOLTIP	1.60.1.69913	1.60.1.70245
SETTING_GROUP_ACCESSIBILITY	1.60.1.69913	1.60.1.70245
SETTING_GROUP_GAMEPLAY	1.60.1.69913	1.60.1.70245
SETTING_GROUP_SYSTEM	1.60.1.69913	1.60.1.70245
SET_CUSTOM_TITLE_FRIEND_NAME	1.60.1.69913	1.60.1.70245
SET_FOCUS	1.60.1.69913	1.60.1.70245
SET_FRIENDNOTE_LABEL	1.60.1.69913	1.60.1.70245
SET_GUILDOFFICERNOTE_LABEL	1.60.1.69913	1.60.1.70245
SET_GUILDPLAYERNOTE_LABEL	1.60.1.69913	1.60.1.70245
SET_MAIN_ASSIST	1.60.1.69913	1.60.1.70245
SET_MAIN_TANK	1.60.1.69913	1.60.1.70245
SET_NOTE	1.60.1.69913	1.60.1.70245
SET_RAID_ASSISTANT	1.60.1.69913	1.60.1.70245
SET_RAID_LEADER	1.60.1.69913	1.60.1.70245
SET_ROLE	1.60.1.69913	1.60.1.70245
SHADOW_QUALITY	1.60.1.69913	1.60.1.70245
SHAKE_INTENSITY_FULL	1.60.1.69913	1.60.1.70245
SHAKE_INTENSITY_NONE	1.60.1.69913	1.60.1.70245
SHAKE_INTENSITY_REDUCED	1.60.1.69913	1.60.1.70245
SHAMAN_STRENGTH_TOOLTIP	1.60.1.69913	1.60.1.70245
SHARD_TRANSFER_ANYTIME	1.60.1.70170	1.60.1.70245
SHARD_TRANSFER_COUNTDOWN_MESSAGE	1.60.1.70170	1.60.1.70245
SHARD_TRANSFER_COUNTDOWN_STATIC_POPUP_MESSAGE	1.60.1.70170	1.60.1.70245
SHARD_TRANSFER_NOW	1.60.1.69913	1.60.1.70245
SHARD_TRANSFER_NOW_BUTTON	1.60.1.69913	1.60.1.70245
SHARD_TRANSFER_REFRESH_MESSAGE	1.60.1.70170	1.60.1.70245
SHARE_IN_CHAT	1.60.1.69913	1.60.1.70245
SHARE_QUEST	1.60.1.69913	1.60.1.70245
SHARE_QUEST_ABBREV	1.60.1.69913	1.60.1.70245
SHIELD_BLOCK_TEMPLATE	1.60.1.69913	1.60.1.70245
SHIFT_KEY	1.60.1.69913	1.60.1.70245
SHIRTSLOT	1.60.1.69913	1.60.1.70245
SHORT	1.60.1.69913	1.60.1.70245
SHOULDERSLOT	1.60.1.69913	1.60.1.70245
SHOW_ALL_SPELL_RANKS	1.60.1.69913	1.60.1.70245
SHOW_BATTLEFIELDMINIMAP_PLAYERS	1.60.1.69913	1.60.1.70245
SHOW_BRACES	1.60.1.69913	1.60.1.70245
SHOW_BRACES_COMBATLOG_TOOLTIP	1.60.1.69913	1.60.1.70245
SHOW_COLLECTION_TOASTS	1.60.1.69913	1.60.1.70245
SHOW_COMBAT_TEXT_TEXT	1.60.1.69913	1.60.1.70245
SHOW_FACTION_ON_MAINSCREEN	1.60.1.69913	1.60.1.70245
SHOW_INSTANCE_ENTRANCES_ON_MAP_TEXT	1.60.1.69913	1.60.1.70245
SHOW_IN_GAME_NAVIGATION	1.60.1.69913	1.60.1.70245
SHOW_ITEM_TOASTS	1.60.1.69913	1.60.1.70245
SHOW_LEARNED_RECIPE_TOASTS	1.60.1.69913	1.60.1.70245
SHOW_MAP	1.60.1.69913	1.60.1.70245
SHOW_NPC_NAMES	1.60.1.69913	1.60.1.70245
SHOW_OFFLINE_MEMBERS	1.60.1.69913	1.60.1.69913
SHOW_ON_BACKPACK	1.60.1.69913	1.60.1.70245
SHOW_PINGS_IN_CHAT	1.60.1.69913	1.60.1.70245
SHOW_PINGS_ON_RAID_FRAMES	1.60.1.69913	1.60.1.70245
SHOW_PRIMARY_PROFESSION_ON_MAP_TEXT	1.60.1.69913	1.60.1.70245
SHOW_QUEST_FADING_TEXT	1.60.1.70170	1.60.1.70245
SHOW_QUEST_LEVELS	1.60.1.69913	1.60.1.70245
SHOW_QUEST_OBJECTIVES_ON_MAP_TEXT	1.60.1.69913	1.60.1.70245
SHOW_QUICK_BUTTON	1.60.1.69913	1.60.1.70245
SHOW_SECONDARY_PROFESSION_ON_MAP_TEXT	1.60.1.69913	1.60.1.70245
SHOW_SILHOUETTE_OPTION	1.60.1.69913	1.60.1.70245
SHOW_TARGET_OF_TARGET_TEXT	1.60.1.69913	1.60.1.70245
SHOW_TIMESTAMP	1.60.1.69913	1.60.1.70245
SHOW_TIPOFTHEDAY_TEXT	1.60.1.70170	1.60.1.70245
SHOW_TOAST_BROADCAST_TEXT	1.60.1.69913	1.60.1.70245
SHOW_TOAST_FRIEND_REQUEST_TEXT	1.60.1.69913	1.60.1.70245
SHOW_TOAST_OFFLINE_TEXT	1.60.1.69913	1.60.1.70245
SHOW_TOAST_ONLINE_TEXT	1.60.1.69913	1.60.1.70245
SHOW_TOAST_WINDOW_TEXT	1.60.1.69913	1.60.1.70245
SHOW_TUTORIALS	1.60.1.69913	1.60.1.70245
SHOW_WORLD_QUESTS_ON_MAP_TEXT	1.60.1.69913	1.60.1.70245
SIGN_CHARTER	1.60.1.69913	1.60.1.70245
SIGN_UP	1.60.1.69913	1.60.1.70245
SINGLE_DAMAGE_TEMPLATE	1.60.1.69913	1.60.1.70245
SINGLE_DAMAGE_TEMPLATE_WITH_SCHOOL	1.60.1.69913	1.60.1.70245
SKILLS	1.60.1.69913	1.60.1.70245
SKILLUPS	1.60.1.69913	1.60.1.70245
SKILL_DETAIL_SELECT_PROMPT	1.60.1.69913	1.60.1.70245
SKILL_RANK_UP	1.60.1.69913	1.60.1.70245
SKIP	1.60.1.70009	1.60.1.70245
SLASH_CAA_CONFIRMATION	1.60.1.70170	1.60.1.70245
SLASH_CAA_CONFIRMATION_DISABLED	1.60.1.70170	1.60.1.70245
SLASH_CAA_CONFIRMATION_ENABLED	1.60.1.70170	1.60.1.70245
SLASH_CAA_CONFIRMATION_ENABLED_WITH_HELP	1.60.1.70170	1.60.1.70245
SLASH_CAA_DISABLED_WARNING	1.60.1.70170	1.60.1.70245
SLASH_CAA_HELP_DEBUFF_SELF_ALERT	1.60.1.70170	1.60.1.70245
SLASH_CAA_HELP_DEBUFF_SELF_ALERT_SOUND	1.60.1.70170	1.60.1.70245
SLASH_CAA_HELP_HELP	1.60.1.70170	1.60.1.70245
SLASH_CAA_HELP_PLAY_SOUND	1.60.1.70170	1.60.1.70245
SLASH_CAA_HELP_PULSE_YOUR_HEALTH	1.60.1.70170	1.60.1.70245
SLASH_CAA_HELP_PULSE_YOUR_HEALTH_VOLUME	1.60.1.70170	1.60.1.70245
SLASH_CAA_HELP_SAY_COMBAT_END	1.60.1.70170	1.60.1.70245
SLASH_CAA_HELP_SAY_COMBAT_END_SOUND	1.60.1.70170	1.60.1.70245
SLASH_CAA_HELP_SAY_COMBAT_START	1.60.1.70170	1.60.1.70245
SLASH_CAA_HELP_SAY_COMBAT_START_SOUND	1.60.1.70170	1.60.1.70245
SLASH_CAA_HELP_SAY_IF_TARGETED	1.60.1.70170	1.60.1.70245
SLASH_CAA_HELP_SAY_IF_TARGETED_SOUND	1.60.1.70170	1.60.1.70245
SLASH_CAA_HELP_SAY_PARTY_HEALTH	1.60.1.70170	1.60.1.70245
SLASH_CAA_HELP_SAY_PARTY_HEALTH_FREQUENCY	1.60.1.70170	1.60.1.70245
SLASH_CAA_HELP_SAY_PARTY_HEALTH_VOICE	1.60.1.70170	1.60.1.70245
SLASH_CAA_HELP_SAY_PARTY_HEALTH_VOLUME	1.60.1.70170	1.60.1.70245
SLASH_CAA_HELP_SAY_RESOURCE_1	1.60.1.70170	1.60.1.70245
SLASH_CAA_HELP_SAY_RESOURCE_1_FORMAT	1.60.1.70170	1.60.1.70245
SLASH_CAA_HELP_SAY_RESOURCE_1_THROTTLE	1.60.1.70170	1.60.1.70245
SLASH_CAA_HELP_SAY_RESOURCE_1_VOICE	1.60.1.70170	1.60.1.70245
SLASH_CAA_HELP_SAY_RESOURCE_1_VOLUME	1.60.1.70170	1.60.1.70245
SLASH_CAA_HELP_SAY_RESOURCE_2	1.60.1.70170	1.60.1.70245
SLASH_CAA_HELP_SAY_RESOURCE_2_FORMAT	1.60.1.70170	1.60.1.70245
SLASH_CAA_HELP_SAY_RESOURCE_2_THROTTLE	1.60.1.70170	1.60.1.70245
SLASH_CAA_HELP_SAY_RESOURCE_2_VOICE	1.60.1.70170	1.60.1.70245
SLASH_CAA_HELP_SAY_RESOURCE_2_VOLUME	1.60.1.70170	1.60.1.70245
SLASH_CAA_HELP_SAY_TARGET_CASTS	1.60.1.70170	1.60.1.70245
SLASH_CAA_HELP_SAY_TARGET_CASTS_FORMAT	1.60.1.70170	1.60.1.70245
SLASH_CAA_HELP_SAY_TARGET_CASTS_INTERRUPT	1.60.1.70170	1.60.1.70245
SLASH_CAA_HELP_SAY_TARGET_CASTS_INTERRUPT_SOUND	1.60.1.70170	1.60.1.70245
SLASH_CAA_HELP_SAY_TARGET_CASTS_INTERRUPT_SUCCESS	1.60.1.70170	1.60.1.70245
SLASH_CAA_HELP_SAY_TARGET_CASTS_INTERRUPT_SUCCESS_SOUND	1.60.1.70170	1.60.1.70245
SLASH_CAA_HELP_SAY_TARGET_CASTS_MIN_CAST_TIME	1.60.1.70170	1.60.1.70245
SLASH_CAA_HELP_SAY_TARGET_CASTS_THROTTLE	1.60.1.70170	1.60.1.70245
SLASH_CAA_HELP_SAY_TARGET_CASTS_VOICE	1.60.1.70170	1.60.1.70245
SLASH_CAA_HELP_SAY_TARGET_CASTS_VOLUME	1.60.1.70170	1.60.1.70245
SLASH_CAA_HELP_SAY_TARGET_HEALTH	1.60.1.70170	1.60.1.70245
SLASH_CAA_HELP_SAY_TARGET_HEALTH_FORMAT	1.60.1.70170	1.60.1.70245
SLASH_CAA_HELP_SAY_TARGET_HEALTH_THROTTLE	1.60.1.70170	1.60.1.70245
SLASH_CAA_HELP_SAY_TARGET_HEALTH_VOICE	1.60.1.70170	1.60.1.70245
SLASH_CAA_HELP_SAY_TARGET_HEALTH_VOLUME	1.60.1.70170	1.60.1.70245
SLASH_CAA_HELP_SAY_TARGET_NAME	1.60.1.70170	1.60.1.70245
SLASH_CAA_HELP_SAY_YOUR_CASTS	1.60.1.70170	1.60.1.70245
SLASH_CAA_HELP_SAY_YOUR_CASTS_FORMAT	1.60.1.70170	1.60.1.70245
SLASH_CAA_HELP_SAY_YOUR_CASTS_MIN_CAST_TIME	1.60.1.70170	1.60.1.70245
SLASH_CAA_HELP_SAY_YOUR_CASTS_THROTTLE	1.60.1.70170	1.60.1.70245
SLASH_CAA_HELP_SAY_YOUR_CASTS_VOICE	1.60.1.70170	1.60.1.70245
SLASH_CAA_HELP_SAY_YOUR_CASTS_VOLUME	1.60.1.70170	1.60.1.70245
SLASH_CAA_HELP_SAY_YOUR_DEBUFFS	1.60.1.70170	1.60.1.70245
SLASH_CAA_HELP_SAY_YOUR_DEBUFFS_FORMAT	1.60.1.70170	1.60.1.70245
SLASH_CAA_HELP_SAY_YOUR_DEBUFFS_MIN_DURATION	1.60.1.70170	1.60.1.70245
SLASH_CAA_HELP_SAY_YOUR_DEBUFFS_VOICE	1.60.1.70170	1.60.1.70245
SLASH_CAA_HELP_SAY_YOUR_DEBUFFS_VOLUME	1.60.1.70170	1.60.1.70245
SLASH_CAA_HELP_SAY_YOUR_HEALTH	1.60.1.70170	1.60.1.70245
SLASH_CAA_HELP_SAY_YOUR_HEALTH_FORMAT	1.60.1.70170	1.60.1.70245
SLASH_CAA_HELP_SAY_YOUR_HEALTH_THROTTLE	1.60.1.70170	1.60.1.70245
SLASH_CAA_HELP_SAY_YOUR_HEALTH_VOICE	1.60.1.70170	1.60.1.70245
SLASH_CAA_HELP_SAY_YOUR_HEALTH_VOLUME	1.60.1.70170	1.60.1.70245
SLASH_CAA_HELP_SOUND	1.60.1.70170	1.60.1.70245
SLASH_CAA_HELP_SPEED	1.60.1.70170	1.60.1.70245
SLASH_CAA_HELP_SUBOPTION_INVALID	1.60.1.70170	1.60.1.70245
SLASH_CAA_HELP_VOICE	1.60.1.70170	1.60.1.70245
SLASH_CAA_HELP_VOLUME	1.60.1.70170	1.60.1.70245
SLASH_CAA_HELP_WHEN_TARGET_DIES	1.60.1.70170	1.60.1.70245
SLASH_CAA_HELP_WHEN_TARGET_DIES_SOUND	1.60.1.70170	1.60.1.70245
SLASH_CAA_PULSE_YOUR_HEALTH_VOLUME_NARRATED	1.60.1.70170	1.60.1.70245
SLASH_CAA_SAY_PARTY_HEALTH_VOICE_CHANGED_CONFIRMATION	1.60.1.70170	1.60.1.70245
SLASH_CAA_SAY_PARTY_HEALTH_VOLUME_NARRATED	1.60.1.70170	1.60.1.70245
SLASH_CAA_SAY_RESOURCE_1_VOICE_CHANGED_CONFIRMATION	1.60.1.70170	1.60.1.70245
SLASH_CAA_SAY_RESOURCE_1_VOLUME_NARRATED	1.60.1.70170	1.60.1.70245
SLASH_CAA_SAY_RESOURCE_2_VOICE_CHANGED_CONFIRMATION	1.60.1.70170	1.60.1.70245
SLASH_CAA_SAY_RESOURCE_2_VOLUME_NARRATED	1.60.1.70170	1.60.1.70245
SLASH_CAA_SAY_TARGET_CASTS_VOICE_CHANGED_CONFIRMATION	1.60.1.70170	1.60.1.70245
SLASH_CAA_SAY_TARGET_CASTS_VOLUME_NARRATED	1.60.1.70170	1.60.1.70245
SLASH_CAA_SAY_TARGET_HEALTH_VOICE_CHANGED_CONFIRMATION	1.60.1.70170	1.60.1.70245
SLASH_CAA_SAY_TARGET_HEALTH_VOLUME_NARRATED	1.60.1.70170	1.60.1.70245
SLASH_CAA_SAY_YOUR_CASTS_VOICE_CHANGED_CONFIRMATION	1.60.1.70170	1.60.1.70245
SLASH_CAA_SAY_YOUR_CASTS_VOLUME_NARRATED	1.60.1.70170	1.60.1.70245
SLASH_CAA_SAY_YOUR_DEBUFFS_VOICE_CHANGED_CONFIRMATION	1.60.1.70170	1.60.1.70245
SLASH_CAA_SAY_YOUR_DEBUFFS_VOLUME_NARRATED	1.60.1.70170	1.60.1.70245
SLASH_CAA_SAY_YOUR_HEALTH_VOICE_CHANGED_CONFIRMATION	1.60.1.70170	1.60.1.70245
SLASH_CAA_SAY_YOUR_HEALTH_VOLUME_NARRATED	1.60.1.70170	1.60.1.70245
SLASH_CAA_VOICE_CHANGED_CONFIRMATION	1.60.1.70170	1.60.1.70245
SLASH_COMMENTATOROVERRIDE_SUCCESS	1.60.1.69913	1.60.1.70245
SLASH_COMMENTATOR_ASSIGNPLAYER_SUCCESS	1.60.1.69913	1.60.1.70245
SLASH_COMMENTATOR_NAMETEAM_SUCCESS	1.60.1.69913	1.60.1.70245
SLASH_TEXTTOSPEECH_ALTVOICE_CHANGED_CONFIRMATION	1.60.1.70170	1.60.1.70245
SLASH_TEXTTOSPEECH_CONFIRMATION_DISABLED	1.60.1.70170	1.60.1.70245
SLASH_TEXTTOSPEECH_CONFIRMATION_ENABLED	1.60.1.70170	1.60.1.70245
SLASH_TEXTTOSPEECH_CONFIRMATION_RESET	1.60.1.70170	1.60.1.70245
SLASH_TEXTTOSPEECH_HELP_ACHIEVEMENT	1.60.1.70170	1.60.1.70245
SLASH_TEXTTOSPEECH_HELP_ALTSAMPLE	1.60.1.70170	1.60.1.70245
SLASH_TEXTTOSPEECH_HELP_ALTSYSTEMVOICE	1.60.1.70170	1.60.1.70245
SLASH_TEXTTOSPEECH_HELP_ALTVOICE	1.60.1.70170	1.60.1.70245
SLASH_TEXTTOSPEECH_HELP_BLIZZARD	1.60.1.70170	1.60.1.70245
SLASH_TEXTTOSPEECH_HELP_BOSS_EMOTE	1.60.1.70170	1.60.1.70245
SLASH_TEXTTOSPEECH_HELP_BOSS_WHISPER	1.60.1.70170	1.60.1.70245
SLASH_TEXTTOSPEECH_HELP_CHANNEL	1.60.1.70170	1.60.1.70245
SLASH_TEXTTOSPEECH_HELP_CREATURE_EMOTE	1.60.1.70170	1.60.1.70245
SLASH_TEXTTOSPEECH_HELP_CREATURE_SAY	1.60.1.70170	1.60.1.70245
SLASH_TEXTTOSPEECH_HELP_CREATURE_WHISPER	1.60.1.70170	1.60.1.70245
SLASH_TEXTTOSPEECH_HELP_CREATURE_YELL	1.60.1.70170	1.60.1.70245
SLASH_TEXTTOSPEECH_HELP_CURRENCY	1.60.1.70170	1.60.1.70245
SLASH_TEXTTOSPEECH_HELP_DEFAULT	1.60.1.70170	1.60.1.70245
SLASH_TEXTTOSPEECH_HELP_EMOTE	1.60.1.70170	1.60.1.70245
SLASH_TEXTTOSPEECH_HELP_GUILD	1.60.1.70170	1.60.1.70245
SLASH_TEXTTOSPEECH_HELP_GUILDLEADER	1.60.1.70170	1.60.1.70245
SLASH_TEXTTOSPEECH_HELP_HELP	1.60.1.70170	1.60.1.70245
SLASH_TEXTTOSPEECH_HELP_INSTANCE	1.60.1.70170	1.60.1.70245
SLASH_TEXTTOSPEECH_HELP_INSTANCELEADER	1.60.1.70170	1.60.1.70245
SLASH_TEXTTOSPEECH_HELP_LOOT	1.60.1.70170	1.60.1.70245
SLASH_TEXTTOSPEECH_HELP_MONEY	1.60.1.70170	1.60.1.70245
SLASH_TEXTTOSPEECH_HELP_MYMESSAGES	1.60.1.70170	1.60.1.70245
SLASH_TEXTTOSPEECH_HELP_PARTY	1.60.1.70170	1.60.1.70245
SLASH_TEXTTOSPEECH_HELP_PARTYLEADER	1.60.1.70170	1.60.1.70245
SLASH_TEXTTOSPEECH_HELP_PING	1.60.1.70170	1.60.1.70245
SLASH_TEXTTOSPEECH_HELP_PLAYACTIVITY	1.60.1.70170	1.60.1.70245
SLASH_TEXTTOSPEECH_HELP_PLAYLINE	1.60.1.70170	1.60.1.70245
SLASH_TEXTTOSPEECH_HELP_RAID	1.60.1.70170	1.60.1.70245
SLASH_TEXTTOSPEECH_HELP_RAIDLEADER	1.60.1.70170	1.60.1.70245
SLASH_TEXTTOSPEECH_HELP_RAID_WARNING	1.60.1.70170	1.60.1.70245
SLASH_TEXTTOSPEECH_HELP_SAMPLE	1.60.1.70170	1.60.1.70245
SLASH_TEXTTOSPEECH_HELP_SAY	1.60.1.70170	1.60.1.70245
SLASH_TEXTTOSPEECH_HELP_SAYNAME	1.60.1.70170	1.60.1.70245
SLASH_TEXTTOSPEECH_HELP_SETTINGS	1.60.1.70170	1.60.1.70245
SLASH_TEXTTOSPEECH_HELP_STOP	1.60.1.70170	1.60.1.70245
SLASH_TEXTTOSPEECH_HELP_SYSTEM	1.60.1.70170	1.60.1.70245
SLASH_TEXTTOSPEECH_HELP_VOICE	1.60.1.70170	1.60.1.70245
SLASH_TEXTTOSPEECH_HELP_WHISPER	1.60.1.70170	1.60.1.70245
SLASH_TEXTTOSPEECH_HELP_YELL	1.60.1.70170	1.60.1.70245
SLASH_TEXTTOSPEECH_VOICE_CHANGED_CONFIRMATION	1.60.1.70170	1.60.1.70245
SLOW	1.60.1.69913	1.60.1.70245
SL_SET_CONVERSION_MULTIPLE_CHARGES_REMAINING	1.60.1.69913	1.60.1.70245
SL_SET_CONVERSION_ONE_CHARGE_REMAINING	1.60.1.69913	1.60.1.70245
SL_SET_CONVERSION_RECHARGE_TIME	1.60.1.69913	1.60.1.70245
SMALL	1.60.1.69913	1.60.1.70245
SMART_PIVOT	1.60.1.69913	1.60.1.70245
SOCIAL_BUTTON	1.60.1.69913	1.60.1.70245
SOCIAL_DISCORD_DISCONNECT	1.60.1.69913	1.60.1.70245
SOCIAL_DISCORD_DISPLAY_NAME	1.60.1.69913	1.60.1.70245
SOCIAL_DISCORD_DISPLAY_NAME_OPTION_DEFAULT	1.60.1.69913	1.60.1.70245
SOCIAL_DISCORD_DISPLAY_NAME_OPTION_GLOBAL_NAME	1.60.1.69913	1.60.1.70245
SOCIAL_DISCORD_DISPLAY_NAME_OPTION_LAST_ONLINE	1.60.1.69913	1.60.1.70245
SOCIAL_DISCORD_SIGN_IN	1.60.1.69913	1.60.1.70245
SOCIAL_ENABLE_DISCORD_FUNCTIONALITY	1.60.1.69913	1.60.1.70245
SOCIAL_FEATURES_UNAVAILABLE	1.60.1.70009	1.60.1.70245
SOCIAL_FEATURES_UNAVAILABLE_DESCRIPTION	1.60.1.70009	1.60.1.70245
SOCIAL_LABEL	1.60.1.69913	1.60.1.70245
SOCIAL_LOCATION_VISIBILITY_FRIEND_GUILD	1.60.1.69913	1.60.1.70245
SOCIAL_LOCATION_VISIBILITY_FRIEND_GUILD_ALLIES	1.60.1.69913	1.60.1.70245
SOCIAL_LOCATION_VISIBILITY_SETTING	1.60.1.69913	1.60.1.70245
SOCIAL_LOCATION_VISIBILITY_SETTING_TOOLTIP	1.60.1.69913	1.60.1.70245
SOCIAL_QUEUE_ALSO_IN_GROUP	1.60.1.69913	1.60.1.70245
SOCIAL_QUEUE_AND_MORE	1.60.1.69913	1.60.1.70245
SOCIAL_QUEUE_CLICK_TO_JOIN	1.60.1.69913	1.60.1.70245
SOCIAL_QUEUE_FORMAT_ARENA	1.60.1.69913	1.60.1.70245
SOCIAL_QUEUE_FORMAT_ARENA_SKIRMISH	1.60.1.69913	1.60.1.70245
SOCIAL_QUEUE_FORMAT_BATTLEGROUND	1.60.1.69913	1.60.1.70245
SOCIAL_QUEUE_QUEUED_FOR	1.60.1.69913	1.60.1.70245
SOCIAL_QUEUE_QUEUED_FOR_STANDALONE	1.60.1.69913	1.60.1.70245
SOCIAL_SHARE_TEXT	1.60.1.69913	1.60.1.70245
SOCIAL_UI_BATTLE_NET_FRIEND_TAGS_LABEL	1.60.1.69913	1.60.1.70245
SOCIAL_UI_BATTLE_NET_FRIEND_TAG_LABEL_DELVE	1.60.1.70170	1.60.1.70245
SOCIAL_UI_BATTLE_NET_FRIEND_TAG_LABEL_DPS	1.60.1.70170	1.60.1.70245
SOCIAL_UI_BATTLE_NET_FRIEND_TAG_LABEL_DUNGEONS	1.60.1.70170	1.60.1.70245
SOCIAL_UI_BATTLE_NET_FRIEND_TAG_LABEL_HEALER	1.60.1.70170	1.60.1.70245
SOCIAL_UI_BATTLE_NET_FRIEND_TAG_LABEL_PROFESSIONS	1.60.1.70170	1.60.1.70245
SOCIAL_UI_BATTLE_NET_FRIEND_TAG_LABEL_PVP	1.60.1.70170	1.60.1.70245
SOCIAL_UI_BATTLE_NET_FRIEND_TAG_LABEL_QUESTING	1.60.1.70170	1.60.1.70245
SOCIAL_UI_BATTLE_NET_FRIEND_TAG_LABEL_RAIDING	1.60.1.70170	1.60.1.70245
SOCIAL_UI_BATTLE_NET_FRIEND_TAG_LABEL_ROLEPLAYING	1.60.1.70170	1.60.1.70245
SOCIAL_UI_BATTLE_NET_FRIEND_TAG_LABEL_TANK	1.60.1.70170	1.60.1.70245
SOCIAL_UI_BATTLE_NET_TITLE_FRIEND_EDIT_NAME_BUTTON_LABEL	1.60.1.69913	1.60.1.70245
SOCIAL_UI_PERSONAL_BATTLE_TAG_COPIED_NOTICE	1.60.1.69913	1.60.1.70245
SOCKET_ITEM_MIN_SKILL	1.60.1.70170	1.60.1.70245
SOCKET_ITEM_REQ_LEVEL	1.60.1.70170	1.60.1.70245
SOCKET_ITEM_REQ_SKILL	1.60.1.70170	1.60.1.70245
SOLD_BY_COLON	1.60.1.69913	1.60.1.70245
SOLO	1.60.1.69913	1.60.1.70245
SOULBIND_DIALOG_INSTALL_CONDUIT_UNUSABLE	1.60.1.69913	1.60.1.70245
SOULBIND_DIALOG_MOVE_CONDUIT	1.60.1.69913	1.60.1.70245
SOUND_DISABLED	1.60.1.70170	1.60.1.70245
SOUND_EFFECTS_DISABLED	1.60.1.70170	1.60.1.70245
SOUND_EFFECTS_ENABLED	1.60.1.70170	1.60.1.70245
SOURCES	1.60.1.69913	1.60.1.70245
SPECIAL	1.60.1.69913	1.60.1.70245
SPECIALIZATION	1.60.1.69913	1.60.1.70245
SPEC_INVOLUNTARILY_CHANGED	1.60.1.69913	1.60.1.70245
SPEECH_TO_TEXT_HEADER	1.60.1.69913	1.60.1.70245
SPEECH_TO_TEXT_JOINED	1.60.1.70170	1.60.1.70245
SPEECH_TO_TEXT_STARTED	1.60.1.69913	1.60.1.70245
SPEECH_TO_TEXT_SUBTEXT	1.60.1.69913	1.60.1.70245
SPEECH_TO_TEXT_TUTORIAL	1.60.1.69913	1.60.1.70245
SPEED	1.60.1.69913	1.60.1.70245
SPELLBOOK	1.60.1.69913	1.60.1.70245
SPELLBOOK_ABILITIES_BUTTON	1.60.1.69913	1.60.1.70245
SPELLBOOK_AVAILABLE_AT	1.60.1.69913	1.60.1.70245
SPELLBOOK_BUTTON	1.60.1.69913	1.60.1.70245
SPELLBOOK_COMPACT_VIEW	1.60.1.69913	1.60.1.70245
SPELLBOOK_FILTER_PASSIVES	1.60.1.69913	1.60.1.70245
SPELLBOOK_HELP_1	1.60.1.69913	1.60.1.70245
SPELLBOOK_SEARCH_HEADER_DESCRIPTION	1.60.1.69913	1.60.1.70245
SPELLBOOK_SEARCH_HEADER_EXACT	1.60.1.69913	1.60.1.70245
SPELLBOOK_SEARCH_HEADER_GENERIC	1.60.1.69913	1.60.1.70245
SPELLBOOK_SEARCH_HEADER_NAME	1.60.1.69913	1.60.1.70245
SPELLBOOK_SEARCH_HEADER_RELATED	1.60.1.69913	1.60.1.70245
SPELLBOOK_SEARCH_HEADER_RESULTS	1.60.1.69913	1.60.1.70245
SPELLBOOK_SEARCH_HIDE_PASSIVES_DISABLED	1.60.1.69913	1.60.1.70245
SPELLBOOK_SEARCH_INSTRUCTIONS	1.60.1.69913	1.60.1.70245
SPELLBOOK_TRAINABLE	1.60.1.69913	1.60.1.70245
SPELLBOOK_USE_FLYOUTS	1.60.1.69913	1.60.1.70245
SPELLS	1.60.1.69913	1.60.1.70245
SPELLS_COMBATLOG_TOOLTIP	1.60.1.69913	1.60.1.70245
SPELL_ALERT_OPACITY	1.60.1.69913	1.60.1.70245
SPELL_CASTING	1.60.1.69913	1.60.1.70245
SPELL_CASTING_COMBATLOG_TOOLTIP	1.60.1.69913	1.60.1.70245
SPELL_CAST_CHANNELED	1.60.1.69913	1.60.1.70245
SPELL_CAST_FAILED_COMBATLOG_TOOLTIP	1.60.1.69913	1.60.1.70245
SPELL_CAST_START_COMBATLOG_TOOLTIP	1.60.1.69913	1.60.1.70245
SPELL_CAST_SUCCESS_COMBATLOG_TOOLTIP	1.60.1.69913	1.60.1.70245
SPELL_CAST_TIME_INSTANT	1.60.1.69913	1.60.1.70245
SPELL_CAST_TIME_INSTANT_NO_MANA	1.60.1.69913	1.60.1.70245
SPELL_CAST_TIME_MIN	1.60.1.69913	1.60.1.70245
SPELL_CAST_TIME_RANGED	1.60.1.69913	1.60.1.70245
SPELL_CAST_TIME_SEC	1.60.1.69913	1.60.1.70245
SPELL_COLOR_BY_SCHOOL_COMBATLOG_TOOLTIP	1.60.1.69913	1.60.1.70245
SPELL_DAMAGE_COMBATLOG_TOOLTIP	1.60.1.69913	1.60.1.70245
SPELL_DAMAGE_NUMBER_COMBATLOG_TOOLTIP	1.60.1.69913	1.60.1.70245
SPELL_DAMAGE_SCHOOL_COMBATLOG_TOOLTIP	1.60.1.69913	1.60.1.70245
SPELL_DENSITY	1.60.1.69913	1.60.1.70245
SPELL_DIMINISH_PVP_ENABLE_SETTING_LABEL	1.60.1.69913	1.60.1.70245
SPELL_DIMINISH_PVP_ENABLE_SETTING_TOOLTIP	1.60.1.69913	1.60.1.70245
SPELL_DIMINISH_PVP_ONLY_CAST_BY_ME_LABEL	1.60.1.69913	1.60.1.70245
SPELL_DIMINISH_PVP_ONLY_CAST_BY_ME_TOOLTIP	1.60.1.69913	1.60.1.70245
SPELL_DIMINISH_SECTION_HEADER_LABEL	1.60.1.69913	1.60.1.70245
SPELL_DIMINISH_SECTION_HEADER_TOOLTIP	1.60.1.69913	1.60.1.70245
SPELL_DRAIN_COMBATLOG_TOOLTIP	1.60.1.69913	1.60.1.70245
SPELL_DURATION_DAYS	1.60.1.69913	1.60.1.70245
SPELL_DURATION_HOURS	1.60.1.69913	1.60.1.70245
SPELL_DURATION_MIN	1.60.1.69913	1.60.1.70245
SPELL_DURATION_SEC	1.60.1.69913	1.60.1.70245
SPELL_EQUIPPED_ITEM	1.60.1.69913	1.60.1.70245
SPELL_EQUIPPED_ITEM_NOSPACE	1.60.1.69913	1.60.1.70245
SPELL_EXTRA_ATTACKS_COMBATLOG_TOOLTIP	1.60.1.69913	1.60.1.70245
SPELL_FAILED_ABOVE_MAXIMUM_SKILL_RANK	1.60.1.69913	1.60.1.70245
SPELL_FAILED_AFFECTING_COMBAT	1.60.1.69913	1.60.1.70245
SPELL_FAILED_ALREADY_BEING_TAMED	1.60.1.69913	1.60.1.70245
SPELL_FAILED_ALREADY_HAVE_CHARM	1.60.1.69913	1.60.1.70245
SPELL_FAILED_ALREADY_HAVE_DISGUISE	1.60.1.69913	1.60.1.70245
SPELL_FAILED_ALREADY_HAVE_PET	1.60.1.69913	1.60.1.70245
SPELL_FAILED_ALREADY_HAVE_SUMMON	1.60.1.69913	1.60.1.70245
SPELL_FAILED_ALREADY_OPEN	1.60.1.69913	1.60.1.70245
SPELL_FAILED_APPRENTICE_RIDING_REQUIREMENT	1.60.1.69913	1.60.1.70245
SPELL_FAILED_AP_ITEM_FROM_PREVIOUS_TIER	1.60.1.69913	1.60.1.70245
SPELL_FAILED_AREA_TRIGGER_CREATION	1.60.1.69913	1.60.1.70245
SPELL_FAILED_ARTISAN_RIDING_REQUIREMENT	1.60.1.69913	1.60.1.70245
SPELL_FAILED_AURA_BOUNCED	1.60.1.69913	1.60.1.70245
SPELL_FAILED_BAD_IMPLICIT_TARGETS	1.60.1.69913	1.60.1.70245
SPELL_FAILED_BAD_TARGETS	1.60.1.69913	1.60.1.70245
SPELL_FAILED_BATTLE_FOR_AZEROTH_RIDING_REQUIREMENT	1.60.1.69913	1.60.1.70245
SPELL_FAILED_BLUEPRINT_KNOWN	1.60.1.69913	1.60.1.70245
SPELL_FAILED_BM_OR_INVISGOD	1.60.1.69913	1.60.1.70245
SPELL_FAILED_BROKEN_ISLES_RIDING_REQUIREMENT	1.60.1.69913	1.60.1.70245
SPELL_FAILED_BUILDING_ACTIVATE_NOT_READY	1.60.1.69913	1.60.1.70245
SPELL_FAILED_CANT_ADD_BATTLE_PET	1.60.1.69913	1.60.1.70245
SPELL_FAILED_CANT_BE_CHARMED	1.60.1.69913	1.60.1.70245
SPELL_FAILED_CANT_BE_DISENCHANTED	1.60.1.69913	1.60.1.70245
SPELL_FAILED_CANT_BE_DISENCHANTED_SKILL	1.60.1.69913	1.60.1.70245
SPELL_FAILED_CANT_BE_ENCHANTED	1.60.1.69913	1.60.1.70245
SPELL_FAILED_CANT_BE_MILLED	1.60.1.69913	1.60.1.70245
SPELL_FAILED_CANT_BE_OBLITERATED	1.60.1.69913	1.60.1.70245
SPELL_FAILED_CANT_BE_PROSPECTED	1.60.1.69913	1.60.1.70245
SPELL_FAILED_CANT_CAST_ON_TAPPED	1.60.1.69913	1.60.1.70245
SPELL_FAILED_CANT_DO_THAT_RIGHT_NOW	1.60.1.69913	1.60.1.70245
SPELL_FAILED_CANT_DUEL_WHILE_INVISIBLE	1.60.1.69913	1.60.1.70245
SPELL_FAILED_CANT_DUEL_WHILE_STEALTHED	1.60.1.69913	1.60.1.70245
SPELL_FAILED_CANT_OVERRIDE_ENCHANT_VISUAL	1.60.1.69913	1.60.1.70245
SPELL_FAILED_CANT_REPLACE_ITEM_BONUS	1.60.1.69913	1.60.1.70245
SPELL_FAILED_CANT_STEALTH	1.60.1.69913	1.60.1.70245
SPELL_FAILED_CANT_UNTALENT	1.60.1.69913	1.60.1.70245
SPELL_FAILED_CASTER_AURASTATE	1.60.1.69913	1.60.1.70245
SPELL_FAILED_CASTER_DEAD	1.60.1.69913	1.60.1.70245
SPELL_FAILED_CASTER_DEAD_FEMALE	1.60.1.69913	1.60.1.70245
SPELL_FAILED_CAST_NOT_HERE	1.60.1.69913	1.60.1.70245
SPELL_FAILED_CHARMED	1.60.1.69913	1.60.1.70245
SPELL_FAILED_CHEST_IN_USE	1.60.1.69913	1.60.1.70245
SPELL_FAILED_COLD_RIDING_REQUIREMENT	1.60.1.69913	1.60.1.70245
SPELL_FAILED_CONFUSED	1.60.1.69913	1.60.1.70245
SPELL_FAILED_CS_RIDING_REQUIREMENT	1.60.1.69913	1.60.1.70245
SPELL_FAILED_CUSTOMERROR_1011	1.60.1.69913	1.60.1.70245
SPELL_FAILED_CUSTOM_1100	1.60.1.69913	1.60.1.70245
SPELL_FAILED_CUSTOM_1101	1.60.1.69913	1.60.1.70245
SPELL_FAILED_CUSTOM_1102	1.60.1.69913	1.60.1.70245
SPELL_FAILED_CUSTOM_1103	1.60.1.69913	1.60.1.70245
SPELL_FAILED_CUSTOM_1104	1.60.1.69913	1.60.1.70245
SPELL_FAILED_CUSTOM_1105	1.60.1.69913	1.60.1.70245
SPELL_FAILED_CUSTOM_ERROR_1	1.60.1.69913	1.60.1.70245
SPELL_FAILED_CUSTOM_ERROR_10	1.60.1.69913	1.60.1.70245
SPELL_FAILED_CUSTOM_ERROR_100	1.60.1.69913	1.60.1.70245
SPELL_FAILED_CUSTOM_ERROR_1000	1.60.1.69913	1.60.1.70245
SPELL_FAILED_CUSTOM_ERROR_1001	1.60.1.69913	1.60.1.70245
SPELL_FAILED_CUSTOM_ERROR_1002	1.60.1.69913	1.60.1.70245
SPELL_FAILED_CUSTOM_ERROR_1003	1.60.1.69913	1.60.1.70245
SPELL_FAILED_CUSTOM_ERROR_1004	1.60.1.69913	1.60.1.70245
SPELL_FAILED_CUSTOM_ERROR_1005	1.60.1.69913	1.60.1.70245
SPELL_FAILED_CUSTOM_ERROR_1006	1.60.1.69913	1.60.1.70245
SPELL_FAILED_CUSTOM_ERROR_1007	1.60.1.69913	1.60.1.70245
SPELL_FAILED_CUSTOM_ERROR_1008	1.60.1.69913	1.60.1.70245
SPELL_FAILED_CUSTOM_ERROR_1009	1.60.1.69913	1.60.1.70245
SPELL_FAILED_CUSTOM_ERROR_101	1.60.1.69913	1.60.1.70245
SPELL_FAILED_CUSTOM_ERROR_1010	1.60.1.69913	1.60.1.70245
SPELL_FAILED_CUSTOM_ERROR_1011	1.60.1.69913	1.60.1.70245
SPELL_FAILED_CUSTOM_ERROR_1012	1.60.1.69913	1.60.1.70245
SPELL_FAILED_CUSTOM_ERROR_1013	1.60.1.69913	1.60.1.70245
SPELL_FAILED_CUSTOM_ERROR_1014	1.60.1.69913	1.60.1.70245
SPELL_FAILED_CUSTOM_ERROR_1015	1.60.1.69913	1.60.1.70245
SPELL_FAILED_CUSTOM_ERROR_1016	1.60.1.69913	1.60.1.70245
SPELL_FAILED_CUSTOM_ERROR_1017	1.60.1.69913	1.60.1.70245
SPELL_FAILED_CUSTOM_ERROR_102	1.60.1.69913	1.60.1.70245
SPELL_FAILED_CUSTOM_ERROR_1026	1.60.1.69913	1.60.1.70245
SPELL_FAILED_CUSTOM_ERROR_1027	1.60.1.69913	1.60.1.70245
SPELL_FAILED_CUSTOM_ERROR_1028	1.60.1.69913	1.60.1.70245
SPELL_FAILED_CUSTOM_ERROR_1029	1.60.1.69913	1.60.1.70245
SPELL_FAILED_CUSTOM_ERROR_103	1.60.1.69913	1.60.1.70245
SPELL_FAILED_CUSTOM_ERROR_1030	1.60.1.69913	1.60.1.70245
SPELL_FAILED_CUSTOM_ERROR_1031	1.60.1.69913	1.60.1.70245
SPELL_FAILED_CUSTOM_ERROR_1032	1.60.1.69913	1.60.1.70245
SPELL_FAILED_CUSTOM_ERROR_1033	1.60.1.69913	1.60.1.70245
SPELL_FAILED_CUSTOM_ERROR_1034	1.60.1.69913	1.60.1.70245
SPELL_FAILED_CUSTOM_ERROR_1035	1.60.1.69913	1.60.1.70245
SPELL_FAILED_CUSTOM_ERROR_1036	1.60.1.69913	1.60.1.70245
SPELL_FAILED_CUSTOM_ERROR_1037	1.60.1.69913	1.60.1.70245
SPELL_FAILED_CUSTOM_ERROR_1038	1.60.1.69913	1.60.1.70245
SPELL_FAILED_CUSTOM_ERROR_1039	1.60.1.69913	1.60.1.70245
SPELL_FAILED_CUSTOM_ERROR_104	1.60.1.69913	1.60.1.70245
SPELL_FAILED_CUSTOM_ERROR_1041	1.60.1.69913	1.60.1.70245
SPELL_FAILED_CUSTOM_ERROR_1042	1.60.1.69913	1.60.1.70245
SPELL_FAILED_CUSTOM_ERROR_1043	1.60.1.69913	1.60.1.70245
SPELL_FAILED_CUSTOM_ERROR_1044	1.60.1.69913	1.60.1.70245
SPELL_FAILED_CUSTOM_ERROR_1045	1.60.1.69913	1.60.1.70245
SPELL_FAILED_CUSTOM_ERROR_1046	1.60.1.69913	1.60.1.70245
SPELL_FAILED_CUSTOM_ERROR_1050	1.60.1.69913	1.60.1.70245
SPELL_FAILED_CUSTOM_ERROR_1051	1.60.1.69913	1.60.1.70245
SPELL_FAILED_CUSTOM_ERROR_1052	1.60.1.69913	1.60.1.70245
SPELL_FAILED_CUSTOM_ERROR_1053	1.60.1.69913	1.60.1.70245
SPELL_FAILED_CUSTOM_ERROR_1054	1.60.1.69913	1.60.1.70245
SPELL_FAILED_CUSTOM_ERROR_1055	1.60.1.69913	1.60.1.70245
SPELL_FAILED_CUSTOM_ERROR_1056	1.60.1.69913	1.60.1.70245
SPELL_FAILED_CUSTOM_ERROR_1057	1.60.1.69913	1.60.1.70245
SPELL_FAILED_CUSTOM_ERROR_1058	1.60.1.69913	1.60.1.70245
SPELL_FAILED_CUSTOM_ERROR_1059	1.60.1.69913	1.60.1.70245
SPELL_FAILED_CUSTOM_ERROR_106	1.60.1.69913	1.60.1.70245
SPELL_FAILED_CUSTOM_ERROR_1060	1.60.1.69913	1.60.1.70245
SPELL_FAILED_CUSTOM_ERROR_1061	1.60.1.69913	1.60.1.70245
SPELL_FAILED_CUSTOM_ERROR_1062	1.60.1.69913	1.60.1.70245
SPELL_FAILED_CUSTOM_ERROR_1063	1.60.1.69913	1.60.1.70245
SPELL_FAILED_CUSTOM_ERROR_1064	1.60.1.69913	1.60.1.70245
SPELL_FAILED_CUSTOM_ERROR_1066	1.60.1.69913	1.60.1.70245
SPELL_FAILED_CUSTOM_ERROR_1068	1.60.1.69913	1.60.1.70245
SPELL_FAILED_CUSTOM_ERROR_1069	1.60.1.69913	1.60.1.70245
SPELL_FAILED_CUSTOM_ERROR_107	1.60.1.69913	1.60.1.70245
SPELL_FAILED_CUSTOM_ERROR_1070	1.60.1.69913	1.60.1.70245
SPELL_FAILED_CUSTOM_ERROR_1071	1.60.1.69913	1.60.1.70245
SPELL_FAILED_CUSTOM_ERROR_1072	1.60.1.69913	1.60.1.70245
SPELL_FAILED_CUSTOM_ERROR_1073	1.60.1.69913	1.60.1.70245
SPELL_FAILED_CUSTOM_ERROR_1074	1.60.1.69913	1.60.1.70245
SPELL_FAILED_CUSTOM_ERROR_1075	1.60.1.69913	1.60.1.70245
SPELL_FAILED_CUSTOM_ERROR_1076	1.60.1.69913	1.60.1.70245
SPELL_FAILED_CUSTOM_ERROR_1077	1.60.1.69913	1.60.1.70245
SPELL_FAILED_CUSTOM_ERROR_1078	1.60.1.69913	1.60.1.70245
SPELL_FAILED_CUSTOM_ERROR_1079	1.60.1.69913	1.60.1.70245
SPELL_FAILED_CUSTOM_ERROR_108	1.60.1.69913	1.60.1.70245
SPELL_FAILED_CUSTOM_ERROR_1090	1.60.1.69913	1.60.1.70245
SPELL_FAILED_CUSTOM_ERROR_109_MIXED	1.60.1.69913	1.60.1.70245
SPELL_FAILED_CUSTOM_ERROR_11	1.60.1.69913	1.60.1.70245
SPELL_FAILED_CUSTOM_ERROR_110	1.60.1.69913	1.60.1.70245
SPELL_FAILED_CUSTOM_ERROR_1106	1.60.1.69913	1.60.1.70245
SPELL_FAILED_CUSTOM_ERROR_1107	1.60.1.69913	1.60.1.70245
SPELL_FAILED_CUSTOM_ERROR_1108	1.60.1.69913	1.60.1.70245
SPELL_FAILED_CUSTOM_ERROR_1109	1.60.1.69913	1.60.1.70245
SPELL_FAILED_CUSTOM_ERROR_111	1.60.1.69913	1.60.1.70245
SPELL_FAILED_CUSTOM_ERROR_112	1.60.1.69913	1.60.1.70245
SPELL_FAILED_CUSTOM_ERROR_113	1.60.1.69913	1.60.1.70245
SPELL_FAILED_CUSTOM_ERROR_114	1.60.1.69913	1.60.1.70245
SPELL_FAILED_CUSTOM_ERROR_115	1.60.1.69913	1.60.1.70245
SPELL_FAILED_CUSTOM_ERROR_116	1.60.1.69913	1.60.1.70245
SPELL_FAILED_CUSTOM_ERROR_117	1.60.1.69913	1.60.1.70245
SPELL_FAILED_CUSTOM_ERROR_118	1.60.1.69913	1.60.1.70245
SPELL_FAILED_CUSTOM_ERROR_119	1.60.1.69913	1.60.1.70245
SPELL_FAILED_CUSTOM_ERROR_12	1.60.1.69913	1.60.1.70245
SPELL_FAILED_CUSTOM_ERROR_120	1.60.1.69913	1.60.1.70245
SPELL_FAILED_CUSTOM_ERROR_121	1.60.1.69913	1.60.1.70245
SPELL_FAILED_CUSTOM_ERROR_122	1.60.1.69913	1.60.1.70245
SPELL_FAILED_CUSTOM_ERROR_123	1.60.1.69913	1.60.1.70245
SPELL_FAILED_CUSTOM_ERROR_124	1.60.1.69913	1.60.1.70245
SPELL_FAILED_CUSTOM_ERROR_125	1.60.1.69913	1.60.1.70245
SPELL_FAILED_CUSTOM_ERROR_126	1.60.1.69913	1.60.1.70245
SPELL_FAILED_CUSTOM_ERROR_127	1.60.1.69913	1.60.1.70245
SPELL_FAILED_CUSTOM_ERROR_128	1.60.1.69913	1.60.1.70245
SPELL_FAILED_CUSTOM_ERROR_129	1.60.1.69913	1.60.1.70245
SPELL_FAILED_CUSTOM_ERROR_13	1.60.1.69913	1.60.1.70245
SPELL_FAILED_CUSTOM_ERROR_130	1.60.1.69913	1.60.1.70245
SPELL_FAILED_CUSTOM_ERROR_131	1.60.1.69913	1.60.1.70245
SPELL_FAILED_CUSTOM_ERROR_132	1.60.1.69913	1.60.1.70245
SPELL_FAILED_CUSTOM_ERROR_133	1.60.1.69913	1.60.1.70245
SPELL_FAILED_CUSTOM_ERROR_1337	1.60.1.69913	1.60.1.70245
SPELL_FAILED_CUSTOM_ERROR_134	1.60.1.69913	1.60.1.70245
SPELL_FAILED_CUSTOM_ERROR_135	1.60.1.69913	1.60.1.70245
SPELL_FAILED_CUSTOM_ERROR_136	1.60.1.69913	1.60.1.70245
SPELL_FAILED_CUSTOM_ERROR_137	1.60.1.69913	1.60.1.70245
SPELL_FAILED_CUSTOM_ERROR_138	1.60.1.69913	1.60.1.70245
SPELL_FAILED_CUSTOM_ERROR_139	1.60.1.69913	1.60.1.70245
SPELL_FAILED_CUSTOM_ERROR_140	1.60.1.69913	1.60.1.70245
SPELL_FAILED_CUSTOM_ERROR_141	1.60.1.69913	1.60.1.70245
SPELL_FAILED_CUSTOM_ERROR_142	1.60.1.69913	1.60.1.70245
SPELL_FAILED_CUSTOM_ERROR_143	1.60.1.69913	1.60.1.70245
SPELL_FAILED_CUSTOM_ERROR_144	1.60.1.69913	1.60.1.70245
SPELL_FAILED_CUSTOM_ERROR_145	1.60.1.69913	1.60.1.70245
SPELL_FAILED_CUSTOM_ERROR_146	1.60.1.69913	1.60.1.70245
SPELL_FAILED_CUSTOM_ERROR_147	1.60.1.69913	1.60.1.70245
SPELL_FAILED_CUSTOM_ERROR_148	1.60.1.69913	1.60.1.70245
SPELL_FAILED_CUSTOM_ERROR_149	1.60.1.69913	1.60.1.70245
SPELL_FAILED_CUSTOM_ERROR_14_NONE	1.60.1.69913	1.60.1.70245
SPELL_FAILED_CUSTOM_ERROR_15	1.60.1.69913	1.60.1.70245
SPELL_FAILED_CUSTOM_ERROR_150	1.60.1.69913	1.60.1.70245
SPELL_FAILED_CUSTOM_ERROR_151	1.60.1.69913	1.60.1.70245
SPELL_FAILED_CUSTOM_ERROR_152	1.60.1.69913	1.60.1.70245
SPELL_FAILED_CUSTOM_ERROR_153	1.60.1.69913	1.60.1.70245
SPELL_FAILED_CUSTOM_ERROR_154	1.60.1.69913	1.60.1.70245
SPELL_FAILED_CUSTOM_ERROR_155	1.60.1.69913	1.60.1.70245
SPELL_FAILED_CUSTOM_ERROR_156	1.60.1.69913	1.60.1.70245
SPELL_FAILED_CUSTOM_ERROR_157	1.60.1.69913	1.60.1.70245
SPELL_FAILED_CUSTOM_ERROR_158	1.60.1.69913	1.60.1.70245
SPELL_FAILED_CUSTOM_ERROR_159	1.60.1.69913	1.60.1.70245
SPELL_FAILED_CUSTOM_ERROR_16	1.60.1.69913	1.60.1.70245
SPELL_FAILED_CUSTOM_ERROR_160	1.60.1.69913	1.60.1.70245
SPELL_FAILED_CUSTOM_ERROR_161	1.60.1.69913	1.60.1.70245
SPELL_FAILED_CUSTOM_ERROR_162	1.60.1.69913	1.60.1.70245
SPELL_FAILED_CUSTOM_ERROR_163	1.60.1.69913	1.60.1.70245
SPELL_FAILED_CUSTOM_ERROR_164	1.60.1.69913	1.60.1.70245
SPELL_FAILED_CUSTOM_ERROR_165	1.60.1.69913	1.60.1.70245
SPELL_FAILED_CUSTOM_ERROR_166	1.60.1.69913	1.60.1.70245
SPELL_FAILED_CUSTOM_ERROR_167	1.60.1.69913	1.60.1.70245
SPELL_FAILED_CUSTOM_ERROR_168	1.60.1.69913	1.60.1.70245
SPELL_FAILED_CUSTOM_ERROR_169	1.60.1.69913	1.60.1.70245
SPELL_FAILED_CUSTOM_ERROR_17	1.60.1.69913	1.60.1.70245
SPELL_FAILED_CUSTOM_ERROR_170	1.60.1.69913	1.60.1.70245
SPELL_FAILED_CUSTOM_ERROR_171	1.60.1.69913	1.60.1.70245
SPELL_FAILED_CUSTOM_ERROR_172	1.60.1.69913	1.60.1.70245
SPELL_FAILED_CUSTOM_ERROR_173	1.60.1.69913	1.60.1.70245
SPELL_FAILED_CUSTOM_ERROR_174	1.60.1.69913	1.60.1.70245
SPELL_FAILED_CUSTOM_ERROR_175	1.60.1.69913	1.60.1.70245
SPELL_FAILED_CUSTOM_ERROR_176	1.60.1.69913	1.60.1.70245
SPELL_FAILED_CUSTOM_ERROR_177	1.60.1.69913	1.60.1.70245
SPELL_FAILED_CUSTOM_ERROR_178	1.60.1.69913	1.60.1.70245
SPELL_FAILED_CUSTOM_ERROR_179	1.60.1.69913	1.60.1.70245
SPELL_FAILED_CUSTOM_ERROR_18	1.60.1.69913	1.60.1.70245
SPELL_FAILED_CUSTOM_ERROR_180	1.60.1.69913	1.60.1.70245
SPELL_FAILED_CUSTOM_ERROR_181	1.60.1.69913	1.60.1.70245
SPELL_FAILED_CUSTOM_ERROR_182	1.60.1.69913	1.60.1.70245
SPELL_FAILED_CUSTOM_ERROR_183	1.60.1.69913	1.60.1.70245
SPELL_FAILED_CUSTOM_ERROR_184	1.60.1.69913	1.60.1.70245
SPELL_FAILED_CUSTOM_ERROR_185	1.60.1.69913	1.60.1.70245
SPELL_FAILED_CUSTOM_ERROR_186	1.60.1.69913	1.60.1.70245
SPELL_FAILED_CUSTOM_ERROR_187	1.60.1.69913	1.60.1.70245
SPELL_FAILED_CUSTOM_ERROR_188	1.60.1.69913	1.60.1.70245
SPELL_FAILED_CUSTOM_ERROR_189	1.60.1.69913	1.60.1.70245
SPELL_FAILED_CUSTOM_ERROR_19	1.60.1.69913	1.60.1.70245
SPELL_FAILED_CUSTOM_ERROR_190	1.60.1.69913	1.60.1.70245
SPELL_FAILED_CUSTOM_ERROR_191	1.60.1.69913	1.60.1.70245
SPELL_FAILED_CUSTOM_ERROR_192	1.60.1.69913	1.60.1.70245
SPELL_FAILED_CUSTOM_ERROR_193	1.60.1.69913	1.60.1.70245
SPELL_FAILED_CUSTOM_ERROR_194	1.60.1.69913	1.60.1.70245
SPELL_FAILED_CUSTOM_ERROR_195	1.60.1.69913	1.60.1.70245
SPELL_FAILED_CUSTOM_ERROR_196	1.60.1.69913	1.60.1.70245
SPELL_FAILED_CUSTOM_ERROR_197	1.60.1.69913	1.60.1.70245
SPELL_FAILED_CUSTOM_ERROR_198	1.60.1.69913	1.60.1.70245
SPELL_FAILED_CUSTOM_ERROR_199	1.60.1.69913	1.60.1.70245
SPELL_FAILED_CUSTOM_ERROR_2	1.60.1.69913	1.60.1.70245
SPELL_FAILED_CUSTOM_ERROR_20	1.60.1.69913	1.60.1.70245
SPELL_FAILED_CUSTOM_ERROR_200	1.60.1.69913	1.60.1.70245
SPELL_FAILED_CUSTOM_ERROR_2001	1.60.1.69913	1.60.1.70245
SPELL_FAILED_CUSTOM_ERROR_2002	1.60.1.69913	1.60.1.70245
SPELL_FAILED_CUSTOM_ERROR_201	1.60.1.69913	1.60.1.70245
SPELL_FAILED_CUSTOM_ERROR_202	1.60.1.69913	1.60.1.70245
SPELL_FAILED_CUSTOM_ERROR_203	1.60.1.69913	1.60.1.70245
SPELL_FAILED_CUSTOM_ERROR_204	1.60.1.69913	1.60.1.70245
SPELL_FAILED_CUSTOM_ERROR_205	1.60.1.69913	1.60.1.70245
SPELL_FAILED_CUSTOM_ERROR_206	1.60.1.69913	1.60.1.70245
SPELL_FAILED_CUSTOM_ERROR_207	1.60.1.69913	1.60.1.70245
SPELL_FAILED_CUSTOM_ERROR_208	1.60.1.69913	1.60.1.70245
SPELL_FAILED_CUSTOM_ERROR_209	1.60.1.69913	1.60.1.70245
SPELL_FAILED_CUSTOM_ERROR_21	1.60.1.69913	1.60.1.70245
SPELL_FAILED_CUSTOM_ERROR_210	1.60.1.69913	1.60.1.70245
SPELL_FAILED_CUSTOM_ERROR_211	1.60.1.69913	1.60.1.70245
SPELL_FAILED_CUSTOM_ERROR_212	1.60.1.69913	1.60.1.70245
SPELL_FAILED_CUSTOM_ERROR_213	1.60.1.69913	1.60.1.70245
SPELL_FAILED_CUSTOM_ERROR_214	1.60.1.69913	1.60.1.70245
SPELL_FAILED_CUSTOM_ERROR_215	1.60.1.69913	1.60.1.70245
SPELL_FAILED_CUSTOM_ERROR_216	1.60.1.69913	1.60.1.70245
SPELL_FAILED_CUSTOM_ERROR_217	1.60.1.69913	1.60.1.70245
SPELL_FAILED_CUSTOM_ERROR_218	1.60.1.69913	1.60.1.70245
SPELL_FAILED_CUSTOM_ERROR_219	1.60.1.69913	1.60.1.70245
SPELL_FAILED_CUSTOM_ERROR_22	1.60.1.69913	1.60.1.70245
SPELL_FAILED_CUSTOM_ERROR_220	1.60.1.69913	1.60.1.70245
SPELL_FAILED_CUSTOM_ERROR_221	1.60.1.69913	1.60.1.70245
SPELL_FAILED_CUSTOM_ERROR_222	1.60.1.69913	1.60.1.70245
SPELL_FAILED_CUSTOM_ERROR_2222	1.60.1.69913	1.60.1.70245
SPELL_FAILED_CUSTOM_ERROR_2223	1.60.1.69913	1.60.1.70245
SPELL_FAILED_CUSTOM_ERROR_2224	1.60.1.69913	1.60.1.70245
SPELL_FAILED_CUSTOM_ERROR_223	1.60.1.69913	1.60.1.70245
SPELL_FAILED_CUSTOM_ERROR_224	1.60.1.69913	1.60.1.70245
SPELL_FAILED_CUSTOM_ERROR_225	1.60.1.69913	1.60.1.70245
SPELL_FAILED_CUSTOM_ERROR_226	1.60.1.69913	1.60.1.70245
SPELL_FAILED_CUSTOM_ERROR_227	1.60.1.69913	1.60.1.70245
SPELL_FAILED_CUSTOM_ERROR_228	1.60.1.69913	1.60.1.70245
SPELL_FAILED_CUSTOM_ERROR_229	1.60.1.69913	1.60.1.70245
SPELL_FAILED_CUSTOM_ERROR_23	1.60.1.69913	1.60.1.70245
SPELL_FAILED_CUSTOM_ERROR_230	1.60.1.69913	1.60.1.70245
SPELL_FAILED_CUSTOM_ERROR_231	1.60.1.69913	1.60.1.70245
SPELL_FAILED_CUSTOM_ERROR_232	1.60.1.69913	1.60.1.70245
SPELL_FAILED_CUSTOM_ERROR_233	1.60.1.69913	1.60.1.70245
SPELL_FAILED_CUSTOM_ERROR_234	1.60.1.69913	1.60.1.70245
SPELL_FAILED_CUSTOM_ERROR_235	1.60.1.69913	1.60.1.70245
SPELL_FAILED_CUSTOM_ERROR_236	1.60.1.69913	1.60.1.70245
SPELL_FAILED_CUSTOM_ERROR_237	1.60.1.69913	1.60.1.70245
SPELL_FAILED_CUSTOM_ERROR_238	1.60.1.69913	1.60.1.70245
SPELL_FAILED_CUSTOM_ERROR_239	1.60.1.69913	1.60.1.70245
SPELL_FAILED_CUSTOM_ERROR_24	1.60.1.69913	1.60.1.70245
SPELL_FAILED_CUSTOM_ERROR_240	1.60.1.69913	1.60.1.70245
SPELL_FAILED_CUSTOM_ERROR_241	1.60.1.69913	1.60.1.70245
SPELL_FAILED_CUSTOM_ERROR_242	1.60.1.69913	1.60.1.70245
SPELL_FAILED_CUSTOM_ERROR_2424	1.60.1.69913	1.60.1.70245
SPELL_FAILED_CUSTOM_ERROR_2425	1.60.1.69913	1.60.1.70245
SPELL_FAILED_CUSTOM_ERROR_2426	1.60.1.69913	1.60.1.70245
SPELL_FAILED_CUSTOM_ERROR_2427	1.60.1.69913	1.60.1.70245
SPELL_FAILED_CUSTOM_ERROR_2428	1.60.1.69913	1.60.1.70245
SPELL_FAILED_CUSTOM_ERROR_2429	1.60.1.69913	1.60.1.70245
SPELL_FAILED_CUSTOM_ERROR_243	1.60.1.69913	1.60.1.70245
SPELL_FAILED_CUSTOM_ERROR_2430	1.60.1.69913	1.60.1.70245
SPELL_FAILED_CUSTOM_ERROR_2431	1.60.1.69913	1.60.1.70245
SPELL_FAILED_CUSTOM_ERROR_244	1.60.1.69913	1.60.1.70245
SPELL_FAILED_CUSTOM_ERROR_245	1.60.1.69913	1.60.1.70245
SPELL_FAILED_CUSTOM_ERROR_246	1.60.1.69913	1.60.1.70245
SPELL_FAILED_CUSTOM_ERROR_247	1.60.1.69913	1.60.1.70245
SPELL_FAILED_CUSTOM_ERROR_248	1.60.1.69913	1.60.1.70245
SPELL_FAILED_CUSTOM_ERROR_249	1.60.1.69913	1.60.1.70245
SPELL_FAILED_CUSTOM_ERROR_2499	1.60.1.69913	1.60.1.70245
SPELL_FAILED_CUSTOM_ERROR_25	1.60.1.69913	1.60.1.70245
SPELL_FAILED_CUSTOM_ERROR_250	1.60.1.69913	1.60.1.70245
SPELL_FAILED_CUSTOM_ERROR_2500	1.60.1.69913	1.60.1.70245
SPELL_FAILED_CUSTOM_ERROR_2501	1.60.1.69913	1.60.1.70245
SPELL_FAILED_CUSTOM_ERROR_2502	1.60.1.69913	1.60.1.70245
SPELL_FAILED_CUSTOM_ERROR_2503	1.60.1.69913	1.60.1.70245
SPELL_FAILED_CUSTOM_ERROR_2505	1.60.1.69913	1.60.1.70245
SPELL_FAILED_CUSTOM_ERROR_2506	1.60.1.69913	1.60.1.70245
SPELL_FAILED_CUSTOM_ERROR_2507	1.60.1.69913	1.60.1.70245
SPELL_FAILED_CUSTOM_ERROR_2508	1.60.1.69913	1.60.1.70245
SPELL_FAILED_CUSTOM_ERROR_2509	1.60.1.69913	1.60.1.70245
SPELL_FAILED_CUSTOM_ERROR_251	1.60.1.69913	1.60.1.70245
SPELL_FAILED_CUSTOM_ERROR_2510	1.60.1.69913	1.60.1.70245
SPELL_FAILED_CUSTOM_ERROR_2511	1.60.1.69913	1.60.1.70245
SPELL_FAILED_CUSTOM_ERROR_2512	1.60.1.69913	1.60.1.70245
SPELL_FAILED_CUSTOM_ERROR_2513	1.60.1.69913	1.60.1.70245
SPELL_FAILED_CUSTOM_ERROR_2514	1.60.1.69913	1.60.1.70245
SPELL_FAILED_CUSTOM_ERROR_2515	1.60.1.69913	1.60.1.70245
SPELL_FAILED_CUSTOM_ERROR_2516	1.60.1.69913	1.60.1.70245
SPELL_FAILED_CUSTOM_ERROR_2517	1.60.1.69913	1.60.1.70245
SPELL_FAILED_CUSTOM_ERROR_2518	1.60.1.69913	1.60.1.70245
SPELL_FAILED_CUSTOM_ERROR_2519	1.60.1.69913	1.60.1.70245
SPELL_FAILED_CUSTOM_ERROR_2520	1.60.1.69913	1.60.1.70245
SPELL_FAILED_CUSTOM_ERROR_2521	1.60.1.69913	1.60.1.70245
SPELL_FAILED_CUSTOM_ERROR_2522	1.60.1.69913	1.60.1.70245
SPELL_FAILED_CUSTOM_ERROR_2523	1.60.1.69913	1.60.1.70245
SPELL_FAILED_CUSTOM_ERROR_2524	1.60.1.69913	1.60.1.70245
SPELL_FAILED_CUSTOM_ERROR_2525	1.60.1.69913	1.60.1.70245
SPELL_FAILED_CUSTOM_ERROR_2526	1.60.1.69913	1.60.1.70245
SPELL_FAILED_CUSTOM_ERROR_253	1.60.1.69913	1.60.1.70245
SPELL_FAILED_CUSTOM_ERROR_254	1.60.1.69913	1.60.1.70245
SPELL_FAILED_CUSTOM_ERROR_255	1.60.1.69913	1.60.1.70245
SPELL_FAILED_CUSTOM_ERROR_256	1.60.1.69913	1.60.1.70245
SPELL_FAILED_CUSTOM_ERROR_257	1.60.1.69913	1.60.1.70245
SPELL_FAILED_CUSTOM_ERROR_258	1.60.1.69913	1.60.1.70245
SPELL_FAILED_CUSTOM_ERROR_259	1.60.1.69913	1.60.1.70245
SPELL_FAILED_CUSTOM_ERROR_26	1.60.1.69913	1.60.1.70245
SPELL_FAILED_CUSTOM_ERROR_260	1.60.1.69913	1.60.1.70245
SPELL_FAILED_CUSTOM_ERROR_2600	1.60.1.69913	1.60.1.70245
SPELL_FAILED_CUSTOM_ERROR_2601	1.60.1.69913	1.60.1.70245
SPELL_FAILED_CUSTOM_ERROR_2602	1.60.1.69913	1.60.1.70245
SPELL_FAILED_CUSTOM_ERROR_2603	1.60.1.69913	1.60.1.70245
SPELL_FAILED_CUSTOM_ERROR_2604	1.60.1.69913	1.60.1.70245
SPELL_FAILED_CUSTOM_ERROR_2605	1.60.1.69913	1.60.1.70245
SPELL_FAILED_CUSTOM_ERROR_2606	1.60.1.69913	1.60.1.70245
SPELL_FAILED_CUSTOM_ERROR_2607	1.60.1.69913	1.60.1.70245
SPELL_FAILED_CUSTOM_ERROR_2608	1.60.1.69913	1.60.1.70245
SPELL_FAILED_CUSTOM_ERROR_2609	1.60.1.69913	1.60.1.70245
SPELL_FAILED_CUSTOM_ERROR_261	1.60.1.69913	1.60.1.70245
SPELL_FAILED_CUSTOM_ERROR_2610	1.60.1.69913	1.60.1.70245
SPELL_FAILED_CUSTOM_ERROR_2612	1.60.1.69913	1.60.1.70245
SPELL_FAILED_CUSTOM_ERROR_2613	1.60.1.69913	1.60.1.70245
SPELL_FAILED_CUSTOM_ERROR_264	1.60.1.69913	1.60.1.70245
SPELL_FAILED_CUSTOM_ERROR_265	1.60.1.69913	1.60.1.70245
SPELL_FAILED_CUSTOM_ERROR_266	1.60.1.69913	1.60.1.70245
SPELL_FAILED_CUSTOM_ERROR_2666	1.60.1.69913	1.60.1.70245
SPELL_FAILED_CUSTOM_ERROR_2667	1.60.1.69913	1.60.1.70245
SPELL_FAILED_CUSTOM_ERROR_267	1.60.1.69913	1.60.1.70245
SPELL_FAILED_CUSTOM_ERROR_2670	1.60.1.69913	1.60.1.70245
SPELL_FAILED_CUSTOM_ERROR_2671	1.60.1.69913	1.60.1.70245
SPELL_FAILED_CUSTOM_ERROR_2672	1.60.1.69913	1.60.1.70245
SPELL_FAILED_CUSTOM_ERROR_268	1.60.1.69913	1.60.1.70245
SPELL_FAILED_CUSTOM_ERROR_269	1.60.1.69913	1.60.1.70245
SPELL_FAILED_CUSTOM_ERROR_27	1.60.1.69913	1.60.1.70245
SPELL_FAILED_CUSTOM_ERROR_270	1.60.1.69913	1.60.1.70245
SPELL_FAILED_CUSTOM_ERROR_2700	1.60.1.69913	1.60.1.70245
SPELL_FAILED_CUSTOM_ERROR_271	1.60.1.69913	1.60.1.70245
SPELL_FAILED_CUSTOM_ERROR_2710	1.60.1.69913	1.60.1.70245
SPELL_FAILED_CUSTOM_ERROR_2711	1.60.1.69913	1.60.1.70245
SPELL_FAILED_CUSTOM_ERROR_2712	1.60.1.69913	1.60.1.70245
SPELL_FAILED_CUSTOM_ERROR_2713	1.60.1.69913	1.60.1.70245
SPELL_FAILED_CUSTOM_ERROR_2714	1.60.1.69913	1.60.1.70245
SPELL_FAILED_CUSTOM_ERROR_2715	1.60.1.69913	1.60.1.70245
SPELL_FAILED_CUSTOM_ERROR_2716	1.60.1.69913	1.60.1.70245
SPELL_FAILED_CUSTOM_ERROR_272	1.60.1.69913	1.60.1.70245
SPELL_FAILED_CUSTOM_ERROR_2725	1.60.1.70009	1.60.1.70245
SPELL_FAILED_CUSTOM_ERROR_273	1.60.1.69913	1.60.1.70245
SPELL_FAILED_CUSTOM_ERROR_274	1.60.1.69913	1.60.1.70245
SPELL_FAILED_CUSTOM_ERROR_275	1.60.1.69913	1.60.1.70245
SPELL_FAILED_CUSTOM_ERROR_276	1.60.1.69913	1.60.1.70245
SPELL_FAILED_CUSTOM_ERROR_277	1.60.1.69913	1.60.1.70245
SPELL_FAILED_CUSTOM_ERROR_278	1.60.1.69913	1.60.1.70245
SPELL_FAILED_CUSTOM_ERROR_279	1.60.1.69913	1.60.1.70245
SPELL_FAILED_CUSTOM_ERROR_28	1.60.1.69913	1.60.1.70245
SPELL_FAILED_CUSTOM_ERROR_280	1.60.1.69913	1.60.1.70245
SPELL_FAILED_CUSTOM_ERROR_281	1.60.1.69913	1.60.1.70245
SPELL_FAILED_CUSTOM_ERROR_282	1.60.1.69913	1.60.1.70245
SPELL_FAILED_CUSTOM_ERROR_283	1.60.1.69913	1.60.1.70245
SPELL_FAILED_CUSTOM_ERROR_284	1.60.1.69913	1.60.1.70245
SPELL_FAILED_CUSTOM_ERROR_285	1.60.1.69913	1.60.1.70245
SPELL_FAILED_CUSTOM_ERROR_286	1.60.1.69913	1.60.1.70245
SPELL_FAILED_CUSTOM_ERROR_287	1.60.1.69913	1.60.1.70245
SPELL_FAILED_CUSTOM_ERROR_288	1.60.1.69913	1.60.1.70245
SPELL_FAILED_CUSTOM_ERROR_289	1.60.1.69913	1.60.1.70245
SPELL_FAILED_CUSTOM_ERROR_29	1.60.1.69913	1.60.1.70245
SPELL_FAILED_CUSTOM_ERROR_290	1.60.1.69913	1.60.1.70245
SPELL_FAILED_CUSTOM_ERROR_291	1.60.1.69913	1.60.1.70245
SPELL_FAILED_CUSTOM_ERROR_292	1.60.1.69913	1.60.1.70245
SPELL_FAILED_CUSTOM_ERROR_293	1.60.1.69913	1.60.1.70245
SPELL_FAILED_CUSTOM_ERROR_294	1.60.1.69913	1.60.1.70245
SPELL_FAILED_CUSTOM_ERROR_295	1.60.1.69913	1.60.1.70245
SPELL_FAILED_CUSTOM_ERROR_296	1.60.1.69913	1.60.1.70245
SPELL_FAILED_CUSTOM_ERROR_297	1.60.1.69913	1.60.1.70245
SPELL_FAILED_CUSTOM_ERROR_298	1.60.1.69913	1.60.1.70245
SPELL_FAILED_CUSTOM_ERROR_299	1.60.1.69913	1.60.1.70245
SPELL_FAILED_CUSTOM_ERROR_3	1.60.1.69913	1.60.1.70245
SPELL_FAILED_CUSTOM_ERROR_30	1.60.1.69913	1.60.1.70245
SPELL_FAILED_CUSTOM_ERROR_300	1.60.1.69913	1.60.1.70245
SPELL_FAILED_CUSTOM_ERROR_301	1.60.1.69913	1.60.1.70245
SPELL_FAILED_CUSTOM_ERROR_302	1.60.1.69913	1.60.1.70245
SPELL_FAILED_CUSTOM_ERROR_303	1.60.1.69913	1.60.1.70245
SPELL_FAILED_CUSTOM_ERROR_304	1.60.1.69913	1.60.1.70245
SPELL_FAILED_CUSTOM_ERROR_305	1.60.1.69913	1.60.1.70245
SPELL_FAILED_CUSTOM_ERROR_306	1.60.1.69913	1.60.1.70245
SPELL_FAILED_CUSTOM_ERROR_307	1.60.1.69913	1.60.1.70245
SPELL_FAILED_CUSTOM_ERROR_308	1.60.1.69913	1.60.1.70245
SPELL_FAILED_CUSTOM_ERROR_31	1.60.1.69913	1.60.1.70245
SPELL_FAILED_CUSTOM_ERROR_310	1.60.1.69913	1.60.1.70245
SPELL_FAILED_CUSTOM_ERROR_311	1.60.1.69913	1.60.1.70245
SPELL_FAILED_CUSTOM_ERROR_312	1.60.1.69913	1.60.1.70245
SPELL_FAILED_CUSTOM_ERROR_314	1.60.1.69913	1.60.1.70245
SPELL_FAILED_CUSTOM_ERROR_315	1.60.1.69913	1.60.1.70245
SPELL_FAILED_CUSTOM_ERROR_316	1.60.1.69913	1.60.1.70245
SPELL_FAILED_CUSTOM_ERROR_317	1.60.1.69913	1.60.1.70245
SPELL_FAILED_CUSTOM_ERROR_318	1.60.1.69913	1.60.1.70245
SPELL_FAILED_CUSTOM_ERROR_32	1.60.1.69913	1.60.1.70245
SPELL_FAILED_CUSTOM_ERROR_320	1.60.1.69913	1.60.1.70245
SPELL_FAILED_CUSTOM_ERROR_321	1.60.1.69913	1.60.1.70245
SPELL_FAILED_CUSTOM_ERROR_322	1.60.1.69913	1.60.1.70245
SPELL_FAILED_CUSTOM_ERROR_323	1.60.1.69913	1.60.1.70245
SPELL_FAILED_CUSTOM_ERROR_324	1.60.1.69913	1.60.1.70245
SPELL_FAILED_CUSTOM_ERROR_325	1.60.1.69913	1.60.1.70245
SPELL_FAILED_CUSTOM_ERROR_326	1.60.1.69913	1.60.1.70245
SPELL_FAILED_CUSTOM_ERROR_327	1.60.1.69913	1.60.1.70245
SPELL_FAILED_CUSTOM_ERROR_328	1.60.1.69913	1.60.1.70245
SPELL_FAILED_CUSTOM_ERROR_329	1.60.1.69913	1.60.1.70245
SPELL_FAILED_CUSTOM_ERROR_33	1.60.1.69913	1.60.1.70245
SPELL_FAILED_CUSTOM_ERROR_330	1.60.1.69913	1.60.1.70245
SPELL_FAILED_CUSTOM_ERROR_331	1.60.1.69913	1.60.1.70245
SPELL_FAILED_CUSTOM_ERROR_332	1.60.1.69913	1.60.1.70245
SPELL_FAILED_CUSTOM_ERROR_333	1.60.1.69913	1.60.1.70245
SPELL_FAILED_CUSTOM_ERROR_334	1.60.1.69913	1.60.1.70245
SPELL_FAILED_CUSTOM_ERROR_335	1.60.1.69913	1.60.1.70245
SPELL_FAILED_CUSTOM_ERROR_336	1.60.1.69913	1.60.1.70245
SPELL_FAILED_CUSTOM_ERROR_337	1.60.1.69913	1.60.1.70245
SPELL_FAILED_CUSTOM_ERROR_338	1.60.1.69913	1.60.1.70245
SPELL_FAILED_CUSTOM_ERROR_339	1.60.1.69913	1.60.1.70245
SPELL_FAILED_CUSTOM_ERROR_34	1.60.1.69913	1.60.1.70245
SPELL_FAILED_CUSTOM_ERROR_340	1.60.1.69913	1.60.1.70245
SPELL_FAILED_CUSTOM_ERROR_341	1.60.1.69913	1.60.1.70245
SPELL_FAILED_CUSTOM_ERROR_342	1.60.1.69913	1.60.1.70245
SPELL_FAILED_CUSTOM_ERROR_343	1.60.1.69913	1.60.1.70245
SPELL_FAILED_CUSTOM_ERROR_344	1.60.1.69913	1.60.1.70245
SPELL_FAILED_CUSTOM_ERROR_345	1.60.1.69913	1.60.1.70245
SPELL_FAILED_CUSTOM_ERROR_346	1.60.1.69913	1.60.1.70245
SPELL_FAILED_CUSTOM_ERROR_347	1.60.1.69913	1.60.1.70245
SPELL_FAILED_CUSTOM_ERROR_348	1.60.1.69913	1.60.1.70245
SPELL_FAILED_CUSTOM_ERROR_349	1.60.1.69913	1.60.1.70245
SPELL_FAILED_CUSTOM_ERROR_35	1.60.1.69913	1.60.1.70245
SPELL_FAILED_CUSTOM_ERROR_350	1.60.1.69913	1.60.1.70245
SPELL_FAILED_CUSTOM_ERROR_351	1.60.1.69913	1.60.1.70245
SPELL_FAILED_CUSTOM_ERROR_352	1.60.1.69913	1.60.1.70245
SPELL_FAILED_CUSTOM_ERROR_353	1.60.1.69913	1.60.1.70245
SPELL_FAILED_CUSTOM_ERROR_354	1.60.1.69913	1.60.1.70245
SPELL_FAILED_CUSTOM_ERROR_355	1.60.1.69913	1.60.1.70245
SPELL_FAILED_CUSTOM_ERROR_356	1.60.1.69913	1.60.1.70245
SPELL_FAILED_CUSTOM_ERROR_357	1.60.1.69913	1.60.1.70245
SPELL_FAILED_CUSTOM_ERROR_358	1.60.1.69913	1.60.1.70245
SPELL_FAILED_CUSTOM_ERROR_359	1.60.1.69913	1.60.1.70245
SPELL_FAILED_CUSTOM_ERROR_36	1.60.1.69913	1.60.1.70245
SPELL_FAILED_CUSTOM_ERROR_360	1.60.1.69913	1.60.1.70245
SPELL_FAILED_CUSTOM_ERROR_361	1.60.1.69913	1.60.1.70245
SPELL_FAILED_CUSTOM_ERROR_362	1.60.1.69913	1.60.1.70245
SPELL_FAILED_CUSTOM_ERROR_363	1.60.1.69913	1.60.1.70245
SPELL_FAILED_CUSTOM_ERROR_364	1.60.1.69913	1.60.1.70245
SPELL_FAILED_CUSTOM_ERROR_365	1.60.1.69913	1.60.1.70245
SPELL_FAILED_CUSTOM_ERROR_366	1.60.1.69913	1.60.1.70245
SPELL_FAILED_CUSTOM_ERROR_367	1.60.1.69913	1.60.1.70245
SPELL_FAILED_CUSTOM_ERROR_368	1.60.1.69913	1.60.1.70245
SPELL_FAILED_CUSTOM_ERROR_369	1.60.1.69913	1.60.1.70245
SPELL_FAILED_CUSTOM_ERROR_37	1.60.1.69913	1.60.1.70245
SPELL_FAILED_CUSTOM_ERROR_370	1.60.1.69913	1.60.1.70245
SPELL_FAILED_CUSTOM_ERROR_371	1.60.1.69913	1.60.1.70245
SPELL_FAILED_CUSTOM_ERROR_372	1.60.1.69913	1.60.1.70245
SPELL_FAILED_CUSTOM_ERROR_373	1.60.1.69913	1.60.1.70245
SPELL_FAILED_CUSTOM_ERROR_374	1.60.1.69913	1.60.1.70245
SPELL_FAILED_CUSTOM_ERROR_375	1.60.1.69913	1.60.1.70245
SPELL_FAILED_CUSTOM_ERROR_376	1.60.1.69913	1.60.1.70245
SPELL_FAILED_CUSTOM_ERROR_377	1.60.1.69913	1.60.1.70245
SPELL_FAILED_CUSTOM_ERROR_378	1.60.1.69913	1.60.1.70245
SPELL_FAILED_CUSTOM_ERROR_379	1.60.1.69913	1.60.1.70245
SPELL_FAILED_CUSTOM_ERROR_38	1.60.1.69913	1.60.1.70245
SPELL_FAILED_CUSTOM_ERROR_380	1.60.1.69913	1.60.1.70245
SPELL_FAILED_CUSTOM_ERROR_381	1.60.1.69913	1.60.1.70245
SPELL_FAILED_CUSTOM_ERROR_382	1.60.1.69913	1.60.1.70245
SPELL_FAILED_CUSTOM_ERROR_383	1.60.1.69913	1.60.1.70245
SPELL_FAILED_CUSTOM_ERROR_384	1.60.1.69913	1.60.1.70245
SPELL_FAILED_CUSTOM_ERROR_385	1.60.1.69913	1.60.1.70245
SPELL_FAILED_CUSTOM_ERROR_386	1.60.1.69913	1.60.1.70245
SPELL_FAILED_CUSTOM_ERROR_387	1.60.1.69913	1.60.1.70245
SPELL_FAILED_CUSTOM_ERROR_388	1.60.1.69913	1.60.1.70245
SPELL_FAILED_CUSTOM_ERROR_389	1.60.1.69913	1.60.1.70245
SPELL_FAILED_CUSTOM_ERROR_39	1.60.1.69913	1.60.1.70245
SPELL_FAILED_CUSTOM_ERROR_390	1.60.1.69913	1.60.1.70245
SPELL_FAILED_CUSTOM_ERROR_391	1.60.1.69913	1.60.1.70245
SPELL_FAILED_CUSTOM_ERROR_392	1.60.1.69913	1.60.1.70245
SPELL_FAILED_CUSTOM_ERROR_393	1.60.1.69913	1.60.1.70245
SPELL_FAILED_CUSTOM_ERROR_394	1.60.1.69913	1.60.1.70245
SPELL_FAILED_CUSTOM_ERROR_395	1.60.1.69913	1.60.1.70245
SPELL_FAILED_CUSTOM_ERROR_396	1.60.1.69913	1.60.1.70245
SPELL_FAILED_CUSTOM_ERROR_397	1.60.1.69913	1.60.1.70245
SPELL_FAILED_CUSTOM_ERROR_398	1.60.1.69913	1.60.1.70245
SPELL_FAILED_CUSTOM_ERROR_399	1.60.1.69913	1.60.1.70245
SPELL_FAILED_CUSTOM_ERROR_4	1.60.1.69913	1.60.1.70245
SPELL_FAILED_CUSTOM_ERROR_40	1.60.1.69913	1.60.1.70245
SPELL_FAILED_CUSTOM_ERROR_400	1.60.1.69913	1.60.1.70245
SPELL_FAILED_CUSTOM_ERROR_401	1.60.1.69913	1.60.1.70245
SPELL_FAILED_CUSTOM_ERROR_402	1.60.1.69913	1.60.1.70245
SPELL_FAILED_CUSTOM_ERROR_403	1.60.1.69913	1.60.1.70245
SPELL_FAILED_CUSTOM_ERROR_404	1.60.1.69913	1.60.1.70245
SPELL_FAILED_CUSTOM_ERROR_405	1.60.1.69913	1.60.1.70245
SPELL_FAILED_CUSTOM_ERROR_406	1.60.1.69913	1.60.1.70245
SPELL_FAILED_CUSTOM_ERROR_408	1.60.1.69913	1.60.1.70245
SPELL_FAILED_CUSTOM_ERROR_409	1.60.1.69913	1.60.1.70245
SPELL_FAILED_CUSTOM_ERROR_41	1.60.1.69913	1.60.1.70245
SPELL_FAILED_CUSTOM_ERROR_410	1.60.1.69913	1.60.1.70245
SPELL_FAILED_CUSTOM_ERROR_411	1.60.1.69913	1.60.1.70245
SPELL_FAILED_CUSTOM_ERROR_412	1.60.1.69913	1.60.1.70245
SPELL_FAILED_CUSTOM_ERROR_413	1.60.1.69913	1.60.1.70245
SPELL_FAILED_CUSTOM_ERROR_414	1.60.1.69913	1.60.1.70245
SPELL_FAILED_CUSTOM_ERROR_415	1.60.1.69913	1.60.1.70245
SPELL_FAILED_CUSTOM_ERROR_416	1.60.1.69913	1.60.1.70245
SPELL_FAILED_CUSTOM_ERROR_417	1.60.1.69913	1.60.1.70245
SPELL_FAILED_CUSTOM_ERROR_418	1.60.1.69913	1.60.1.70245
SPELL_FAILED_CUSTOM_ERROR_419	1.60.1.69913	1.60.1.70245
SPELL_FAILED_CUSTOM_ERROR_42	1.60.1.69913	1.60.1.70245
SPELL_FAILED_CUSTOM_ERROR_420	1.60.1.69913	1.60.1.70245
SPELL_FAILED_CUSTOM_ERROR_421	1.60.1.69913	1.60.1.70245
SPELL_FAILED_CUSTOM_ERROR_422	1.60.1.69913	1.60.1.70245
SPELL_FAILED_CUSTOM_ERROR_423	1.60.1.69913	1.60.1.70245
SPELL_FAILED_CUSTOM_ERROR_424	1.60.1.69913	1.60.1.70245
SPELL_FAILED_CUSTOM_ERROR_425	1.60.1.69913	1.60.1.70245
SPELL_FAILED_CUSTOM_ERROR_426	1.60.1.69913	1.60.1.70245
SPELL_FAILED_CUSTOM_ERROR_427	1.60.1.69913	1.60.1.70245
SPELL_FAILED_CUSTOM_ERROR_428	1.60.1.69913	1.60.1.70245
SPELL_FAILED_CUSTOM_ERROR_43	1.60.1.69913	1.60.1.70245
SPELL_FAILED_CUSTOM_ERROR_430	1.60.1.69913	1.60.1.70245
SPELL_FAILED_CUSTOM_ERROR_431	1.60.1.69913	1.60.1.70245
SPELL_FAILED_CUSTOM_ERROR_432	1.60.1.69913	1.60.1.70245
SPELL_FAILED_CUSTOM_ERROR_434	1.60.1.69913	1.60.1.70245
SPELL_FAILED_CUSTOM_ERROR_435	1.60.1.69913	1.60.1.70245
SPELL_FAILED_CUSTOM_ERROR_436	1.60.1.69913	1.60.1.70245
SPELL_FAILED_CUSTOM_ERROR_437	1.60.1.69913	1.60.1.70245
SPELL_FAILED_CUSTOM_ERROR_438	1.60.1.69913	1.60.1.70245
SPELL_FAILED_CUSTOM_ERROR_439	1.60.1.69913	1.60.1.70245
SPELL_FAILED_CUSTOM_ERROR_44	1.60.1.69913	1.60.1.70245
SPELL_FAILED_CUSTOM_ERROR_440	1.60.1.69913	1.60.1.70245
SPELL_FAILED_CUSTOM_ERROR_441	1.60.1.69913	1.60.1.70245
SPELL_FAILED_CUSTOM_ERROR_442	1.60.1.69913	1.60.1.70245
SPELL_FAILED_CUSTOM_ERROR_443	1.60.1.69913	1.60.1.70245
SPELL_FAILED_CUSTOM_ERROR_444	1.60.1.69913	1.60.1.70245
SPELL_FAILED_CUSTOM_ERROR_446	1.60.1.69913	1.60.1.70245
SPELL_FAILED_CUSTOM_ERROR_447	1.60.1.69913	1.60.1.70245
SPELL_FAILED_CUSTOM_ERROR_448	1.60.1.69913	1.60.1.70245
SPELL_FAILED_CUSTOM_ERROR_449	1.60.1.69913	1.60.1.70245
SPELL_FAILED_CUSTOM_ERROR_45	1.60.1.69913	1.60.1.70245
SPELL_FAILED_CUSTOM_ERROR_450	1.60.1.69913	1.60.1.70245
SPELL_FAILED_CUSTOM_ERROR_451	1.60.1.69913	1.60.1.70245
SPELL_FAILED_CUSTOM_ERROR_452	1.60.1.69913	1.60.1.70245
SPELL_FAILED_CUSTOM_ERROR_453	1.60.1.69913	1.60.1.70245
SPELL_FAILED_CUSTOM_ERROR_454	1.60.1.69913	1.60.1.70245
SPELL_FAILED_CUSTOM_ERROR_455	1.60.1.69913	1.60.1.70245
SPELL_FAILED_CUSTOM_ERROR_456	1.60.1.69913	1.60.1.70245
SPELL_FAILED_CUSTOM_ERROR_457	1.60.1.69913	1.60.1.70245
SPELL_FAILED_CUSTOM_ERROR_458	1.60.1.69913	1.60.1.70245
SPELL_FAILED_CUSTOM_ERROR_459	1.60.1.69913	1.60.1.70245
SPELL_FAILED_CUSTOM_ERROR_46	1.60.1.69913	1.60.1.70245
SPELL_FAILED_CUSTOM_ERROR_460	1.60.1.69913	1.60.1.70245
SPELL_FAILED_CUSTOM_ERROR_461	1.60.1.69913	1.60.1.70245
SPELL_FAILED_CUSTOM_ERROR_462	1.60.1.69913	1.60.1.70245
SPELL_FAILED_CUSTOM_ERROR_463	1.60.1.69913	1.60.1.70245
SPELL_FAILED_CUSTOM_ERROR_464	1.60.1.69913	1.60.1.70245
SPELL_FAILED_CUSTOM_ERROR_465	1.60.1.69913	1.60.1.70245
SPELL_FAILED_CUSTOM_ERROR_466	1.60.1.69913	1.60.1.70245
SPELL_FAILED_CUSTOM_ERROR_467	1.60.1.69913	1.60.1.70245
SPELL_FAILED_CUSTOM_ERROR_469	1.60.1.69913	1.60.1.70245
SPELL_FAILED_CUSTOM_ERROR_47	1.60.1.69913	1.60.1.70245
SPELL_FAILED_CUSTOM_ERROR_470	1.60.1.69913	1.60.1.70245
SPELL_FAILED_CUSTOM_ERROR_471	1.60.1.69913	1.60.1.70245
SPELL_FAILED_CUSTOM_ERROR_472	1.60.1.69913	1.60.1.70245
SPELL_FAILED_CUSTOM_ERROR_473	1.60.1.69913	1.60.1.70245
SPELL_FAILED_CUSTOM_ERROR_474	1.60.1.69913	1.60.1.70245
SPELL_FAILED_CUSTOM_ERROR_475	1.60.1.69913	1.60.1.70245
SPELL_FAILED_CUSTOM_ERROR_476	1.60.1.69913	1.60.1.70245
SPELL_FAILED_CUSTOM_ERROR_477	1.60.1.69913	1.60.1.70245
SPELL_FAILED_CUSTOM_ERROR_478	1.60.1.69913	1.60.1.70245
SPELL_FAILED_CUSTOM_ERROR_479	1.60.1.69913	1.60.1.70245
SPELL_FAILED_CUSTOM_ERROR_48	1.60.1.69913	1.60.1.70245
SPELL_FAILED_CUSTOM_ERROR_480	1.60.1.69913	1.60.1.70245
SPELL_FAILED_CUSTOM_ERROR_481	1.60.1.69913	1.60.1.70245
SPELL_FAILED_CUSTOM_ERROR_482	1.60.1.69913	1.60.1.70245
SPELL_FAILED_CUSTOM_ERROR_483	1.60.1.69913	1.60.1.70245
SPELL_FAILED_CUSTOM_ERROR_484	1.60.1.69913	1.60.1.70245
SPELL_FAILED_CUSTOM_ERROR_485	1.60.1.69913	1.60.1.70245
SPELL_FAILED_CUSTOM_ERROR_486	1.60.1.69913	1.60.1.70245
SPELL_FAILED_CUSTOM_ERROR_487	1.60.1.69913	1.60.1.70245
SPELL_FAILED_CUSTOM_ERROR_488	1.60.1.69913	1.60.1.70245
SPELL_FAILED_CUSTOM_ERROR_489	1.60.1.69913	1.60.1.70245
SPELL_FAILED_CUSTOM_ERROR_49	1.60.1.69913	1.60.1.70245
SPELL_FAILED_CUSTOM_ERROR_491	1.60.1.69913	1.60.1.70245
SPELL_FAILED_CUSTOM_ERROR_492	1.60.1.69913	1.60.1.70245
SPELL_FAILED_CUSTOM_ERROR_494	1.60.1.69913	1.60.1.70245
SPELL_FAILED_CUSTOM_ERROR_495	1.60.1.69913	1.60.1.70245
SPELL_FAILED_CUSTOM_ERROR_496	1.60.1.69913	1.60.1.70245
SPELL_FAILED_CUSTOM_ERROR_497	1.60.1.69913	1.60.1.70245
SPELL_FAILED_CUSTOM_ERROR_498	1.60.1.69913	1.60.1.70245
SPELL_FAILED_CUSTOM_ERROR_499	1.60.1.69913	1.60.1.70245
SPELL_FAILED_CUSTOM_ERROR_5	1.60.1.69913	1.60.1.70245
SPELL_FAILED_CUSTOM_ERROR_50	1.60.1.69913	1.60.1.70245
SPELL_FAILED_CUSTOM_ERROR_500	1.60.1.69913	1.60.1.70245
SPELL_FAILED_CUSTOM_ERROR_501	1.60.1.69913	1.60.1.70245
SPELL_FAILED_CUSTOM_ERROR_502	1.60.1.69913	1.60.1.70245
SPELL_FAILED_CUSTOM_ERROR_503	1.60.1.69913	1.60.1.70245
SPELL_FAILED_CUSTOM_ERROR_504	1.60.1.69913	1.60.1.70245
SPELL_FAILED_CUSTOM_ERROR_505	1.60.1.69913	1.60.1.70245
SPELL_FAILED_CUSTOM_ERROR_506	1.60.1.69913	1.60.1.70245
SPELL_FAILED_CUSTOM_ERROR_507	1.60.1.69913	1.60.1.70245
SPELL_FAILED_CUSTOM_ERROR_508	1.60.1.69913	1.60.1.70245
SPELL_FAILED_CUSTOM_ERROR_509	1.60.1.69913	1.60.1.70245
SPELL_FAILED_CUSTOM_ERROR_51	1.60.1.69913	1.60.1.70245
SPELL_FAILED_CUSTOM_ERROR_512	1.60.1.69913	1.60.1.70245
SPELL_FAILED_CUSTOM_ERROR_513	1.60.1.69913	1.60.1.70245
SPELL_FAILED_CUSTOM_ERROR_514	1.60.1.69913	1.60.1.70245
SPELL_FAILED_CUSTOM_ERROR_515	1.60.1.69913	1.60.1.70245
SPELL_FAILED_CUSTOM_ERROR_516	1.60.1.69913	1.60.1.70245
SPELL_FAILED_CUSTOM_ERROR_517	1.60.1.69913	1.60.1.70245
SPELL_FAILED_CUSTOM_ERROR_518	1.60.1.69913	1.60.1.70245
SPELL_FAILED_CUSTOM_ERROR_519	1.60.1.69913	1.60.1.70245
SPELL_FAILED_CUSTOM_ERROR_52	1.60.1.69913	1.60.1.70245
SPELL_FAILED_CUSTOM_ERROR_520	1.60.1.69913	1.60.1.70245
SPELL_FAILED_CUSTOM_ERROR_521	1.60.1.69913	1.60.1.70245
SPELL_FAILED_CUSTOM_ERROR_522	1.60.1.69913	1.60.1.70245
SPELL_FAILED_CUSTOM_ERROR_523	1.60.1.69913	1.60.1.70245
SPELL_FAILED_CUSTOM_ERROR_524	1.60.1.69913	1.60.1.70245
SPELL_FAILED_CUSTOM_ERROR_525	1.60.1.69913	1.60.1.70245
SPELL_FAILED_CUSTOM_ERROR_526	1.60.1.69913	1.60.1.70245
SPELL_FAILED_CUSTOM_ERROR_527	1.60.1.69913	1.60.1.70245
SPELL_FAILED_CUSTOM_ERROR_528	1.60.1.69913	1.60.1.70245
SPELL_FAILED_CUSTOM_ERROR_53	1.60.1.69913	1.60.1.70245
SPELL_FAILED_CUSTOM_ERROR_531	1.60.1.69913	1.60.1.70245
SPELL_FAILED_CUSTOM_ERROR_533	1.60.1.69913	1.60.1.70245
SPELL_FAILED_CUSTOM_ERROR_534	1.60.1.69913	1.60.1.70245
SPELL_FAILED_CUSTOM_ERROR_535	1.60.1.69913	1.60.1.70245
SPELL_FAILED_CUSTOM_ERROR_536	1.60.1.69913	1.60.1.70245
SPELL_FAILED_CUSTOM_ERROR_537	1.60.1.69913	1.60.1.70245
SPELL_FAILED_CUSTOM_ERROR_538	1.60.1.69913	1.60.1.70245
SPELL_FAILED_CUSTOM_ERROR_539	1.60.1.69913	1.60.1.70245
SPELL_FAILED_CUSTOM_ERROR_54	1.60.1.69913	1.60.1.70245
SPELL_FAILED_CUSTOM_ERROR_540	1.60.1.69913	1.60.1.70245
SPELL_FAILED_CUSTOM_ERROR_541	1.60.1.69913	1.60.1.70245
SPELL_FAILED_CUSTOM_ERROR_542	1.60.1.69913	1.60.1.70245
SPELL_FAILED_CUSTOM_ERROR_543	1.60.1.69913	1.60.1.70245
SPELL_FAILED_CUSTOM_ERROR_544	1.60.1.69913	1.60.1.70245
SPELL_FAILED_CUSTOM_ERROR_545	1.60.1.69913	1.60.1.70245
SPELL_FAILED_CUSTOM_ERROR_546	1.60.1.69913	1.60.1.70245
SPELL_FAILED_CUSTOM_ERROR_547	1.60.1.69913	1.60.1.70245
SPELL_FAILED_CUSTOM_ERROR_548	1.60.1.69913	1.60.1.70245
SPELL_FAILED_CUSTOM_ERROR_549	1.60.1.69913	1.60.1.70245
SPELL_FAILED_CUSTOM_ERROR_55	1.60.1.69913	1.60.1.70245
SPELL_FAILED_CUSTOM_ERROR_550	1.60.1.69913	1.60.1.70245
SPELL_FAILED_CUSTOM_ERROR_551	1.60.1.69913	1.60.1.70245
SPELL_FAILED_CUSTOM_ERROR_552	1.60.1.69913	1.60.1.70245
SPELL_FAILED_CUSTOM_ERROR_553	1.60.1.69913	1.60.1.70245
SPELL_FAILED_CUSTOM_ERROR_554	1.60.1.69913	1.60.1.70245
SPELL_FAILED_CUSTOM_ERROR_56	1.60.1.69913	1.60.1.70245
SPELL_FAILED_CUSTOM_ERROR_57	1.60.1.69913	1.60.1.70245
SPELL_FAILED_CUSTOM_ERROR_58	1.60.1.69913	1.60.1.70245
SPELL_FAILED_CUSTOM_ERROR_59	1.60.1.69913	1.60.1.70245
SPELL_FAILED_CUSTOM_ERROR_6	1.60.1.69913	1.60.1.70245
SPELL_FAILED_CUSTOM_ERROR_60	1.60.1.69913	1.60.1.70245
SPELL_FAILED_CUSTOM_ERROR_600	1.60.1.69913	1.60.1.70245
SPELL_FAILED_CUSTOM_ERROR_6000	1.60.1.69913	1.60.1.70245
SPELL_FAILED_CUSTOM_ERROR_6001	1.60.1.69913	1.60.1.70245
SPELL_FAILED_CUSTOM_ERROR_6002	1.60.1.69913	1.60.1.70245
SPELL_FAILED_CUSTOM_ERROR_6003	1.60.1.69913	1.60.1.70245
SPELL_FAILED_CUSTOM_ERROR_6004	1.60.1.69913	1.60.1.70245
SPELL_FAILED_CUSTOM_ERROR_6005	1.60.1.69913	1.60.1.70245
SPELL_FAILED_CUSTOM_ERROR_6006	1.60.1.69913	1.60.1.70245
SPELL_FAILED_CUSTOM_ERROR_6007	1.60.1.69913	1.60.1.70245
SPELL_FAILED_CUSTOM_ERROR_6008	1.60.1.69913	1.60.1.70245
SPELL_FAILED_CUSTOM_ERROR_6009	1.60.1.69913	1.60.1.70245
SPELL_FAILED_CUSTOM_ERROR_601	1.60.1.69913	1.60.1.70245
SPELL_FAILED_CUSTOM_ERROR_6010	1.60.1.69913	1.60.1.70245
SPELL_FAILED_CUSTOM_ERROR_6011	1.60.1.69913	1.60.1.70245
SPELL_FAILED_CUSTOM_ERROR_6012	1.60.1.69913	1.60.1.70245
SPELL_FAILED_CUSTOM_ERROR_6013	1.60.1.69913	1.60.1.70245
SPELL_FAILED_CUSTOM_ERROR_6014	1.60.1.70009	1.60.1.70245
SPELL_FAILED_CUSTOM_ERROR_602	1.60.1.69913	1.60.1.70245
SPELL_FAILED_CUSTOM_ERROR_603	1.60.1.69913	1.60.1.70245
SPELL_FAILED_CUSTOM_ERROR_604	1.60.1.69913	1.60.1.70245
SPELL_FAILED_CUSTOM_ERROR_605	1.60.1.69913	1.60.1.70245
SPELL_FAILED_CUSTOM_ERROR_606	1.60.1.69913	1.60.1.70245
SPELL_FAILED_CUSTOM_ERROR_607	1.60.1.69913	1.60.1.70245
SPELL_FAILED_CUSTOM_ERROR_608	1.60.1.69913	1.60.1.70245
SPELL_FAILED_CUSTOM_ERROR_609	1.60.1.69913	1.60.1.70245
SPELL_FAILED_CUSTOM_ERROR_61	1.60.1.69913	1.60.1.70245
SPELL_FAILED_CUSTOM_ERROR_610	1.60.1.69913	1.60.1.70245
SPELL_FAILED_CUSTOM_ERROR_611	1.60.1.69913	1.60.1.70245
SPELL_FAILED_CUSTOM_ERROR_612	1.60.1.69913	1.60.1.70245
SPELL_FAILED_CUSTOM_ERROR_613	1.60.1.69913	1.60.1.70245
SPELL_FAILED_CUSTOM_ERROR_614	1.60.1.69913	1.60.1.70245
SPELL_FAILED_CUSTOM_ERROR_615	1.60.1.69913	1.60.1.70245
SPELL_FAILED_CUSTOM_ERROR_616	1.60.1.69913	1.60.1.70245
SPELL_FAILED_CUSTOM_ERROR_617	1.60.1.69913	1.60.1.70245
SPELL_FAILED_CUSTOM_ERROR_618	1.60.1.69913	1.60.1.70245
SPELL_FAILED_CUSTOM_ERROR_62	1.60.1.69913	1.60.1.70245
SPELL_FAILED_CUSTOM_ERROR_623	1.60.1.69913	1.60.1.70245
SPELL_FAILED_CUSTOM_ERROR_624	1.60.1.69913	1.60.1.70245
SPELL_FAILED_CUSTOM_ERROR_625	1.60.1.69913	1.60.1.70245
SPELL_FAILED_CUSTOM_ERROR_626	1.60.1.69913	1.60.1.70245
SPELL_FAILED_CUSTOM_ERROR_628	1.60.1.69913	1.60.1.70245
SPELL_FAILED_CUSTOM_ERROR_629	1.60.1.69913	1.60.1.70245
SPELL_FAILED_CUSTOM_ERROR_63	1.60.1.69913	1.60.1.70245
SPELL_FAILED_CUSTOM_ERROR_630	1.60.1.69913	1.60.1.70245
SPELL_FAILED_CUSTOM_ERROR_631	1.60.1.69913	1.60.1.70245
SPELL_FAILED_CUSTOM_ERROR_632	1.60.1.69913	1.60.1.70245
SPELL_FAILED_CUSTOM_ERROR_633	1.60.1.69913	1.60.1.70245
SPELL_FAILED_CUSTOM_ERROR_634	1.60.1.69913	1.60.1.70245
SPELL_FAILED_CUSTOM_ERROR_635	1.60.1.69913	1.60.1.70245
SPELL_FAILED_CUSTOM_ERROR_636	1.60.1.69913	1.60.1.70245
SPELL_FAILED_CUSTOM_ERROR_638	1.60.1.69913	1.60.1.70245
SPELL_FAILED_CUSTOM_ERROR_639	1.60.1.69913	1.60.1.70245
SPELL_FAILED_CUSTOM_ERROR_64	1.60.1.69913	1.60.1.70245
SPELL_FAILED_CUSTOM_ERROR_640	1.60.1.69913	1.60.1.70245
SPELL_FAILED_CUSTOM_ERROR_641	1.60.1.69913	1.60.1.70245
SPELL_FAILED_CUSTOM_ERROR_642	1.60.1.69913	1.60.1.70245
SPELL_FAILED_CUSTOM_ERROR_643	1.60.1.69913	1.60.1.70245
SPELL_FAILED_CUSTOM_ERROR_644	1.60.1.69913	1.60.1.70245
SPELL_FAILED_CUSTOM_ERROR_645	1.60.1.69913	1.60.1.70245
SPELL_FAILED_CUSTOM_ERROR_646	1.60.1.69913	1.60.1.70245
SPELL_FAILED_CUSTOM_ERROR_647	1.60.1.69913	1.60.1.70245
SPELL_FAILED_CUSTOM_ERROR_648	1.60.1.69913	1.60.1.70245
SPELL_FAILED_CUSTOM_ERROR_65	1.60.1.69913	1.60.1.70245
SPELL_FAILED_CUSTOM_ERROR_650	1.60.1.69913	1.60.1.70245
SPELL_FAILED_CUSTOM_ERROR_651	1.60.1.69913	1.60.1.70245
SPELL_FAILED_CUSTOM_ERROR_66	1.60.1.69913	1.60.1.70245
SPELL_FAILED_CUSTOM_ERROR_660	1.60.1.69913	1.60.1.70245
SPELL_FAILED_CUSTOM_ERROR_666	1.60.1.69913	1.60.1.70245
SPELL_FAILED_CUSTOM_ERROR_667	1.60.1.70170	1.60.1.70245
SPELL_FAILED_CUSTOM_ERROR_67	1.60.1.69913	1.60.1.70245
SPELL_FAILED_CUSTOM_ERROR_68	1.60.1.69913	1.60.1.70245
SPELL_FAILED_CUSTOM_ERROR_69	1.60.1.69913	1.60.1.70245
SPELL_FAILED_CUSTOM_ERROR_7	1.60.1.69913	1.60.1.70245
SPELL_FAILED_CUSTOM_ERROR_70	1.60.1.69913	1.60.1.70245
SPELL_FAILED_CUSTOM_ERROR_71	1.60.1.69913	1.60.1.70245
SPELL_FAILED_CUSTOM_ERROR_711	1.60.1.69913	1.60.1.70245
SPELL_FAILED_CUSTOM_ERROR_72	1.60.1.69913	1.60.1.70245
SPELL_FAILED_CUSTOM_ERROR_73	1.60.1.69913	1.60.1.70245
SPELL_FAILED_CUSTOM_ERROR_74	1.60.1.69913	1.60.1.70245
SPELL_FAILED_CUSTOM_ERROR_75	1.60.1.69913	1.60.1.70245
SPELL_FAILED_CUSTOM_ERROR_76	1.60.1.69913	1.60.1.70245
SPELL_FAILED_CUSTOM_ERROR_77	1.60.1.69913	1.60.1.70245
SPELL_FAILED_CUSTOM_ERROR_78	1.60.1.69913	1.60.1.70245
SPELL_FAILED_CUSTOM_ERROR_788	1.60.1.69913	1.60.1.70245
SPELL_FAILED_CUSTOM_ERROR_789	1.60.1.69913	1.60.1.70245
SPELL_FAILED_CUSTOM_ERROR_79	1.60.1.69913	1.60.1.70245
SPELL_FAILED_CUSTOM_ERROR_790	1.60.1.69913	1.60.1.70245
SPELL_FAILED_CUSTOM_ERROR_791	1.60.1.69913	1.60.1.70245
SPELL_FAILED_CUSTOM_ERROR_792	1.60.1.69913	1.60.1.70245
SPELL_FAILED_CUSTOM_ERROR_793	1.60.1.69913	1.60.1.70245
SPELL_FAILED_CUSTOM_ERROR_794	1.60.1.69913	1.60.1.70245
SPELL_FAILED_CUSTOM_ERROR_795	1.60.1.69913	1.60.1.70245
SPELL_FAILED_CUSTOM_ERROR_796	1.60.1.69913	1.60.1.70245
SPELL_FAILED_CUSTOM_ERROR_797	1.60.1.69913	1.60.1.70245
SPELL_FAILED_CUSTOM_ERROR_798	1.60.1.69913	1.60.1.70245
SPELL_FAILED_CUSTOM_ERROR_799	1.60.1.69913	1.60.1.70245
SPELL_FAILED_CUSTOM_ERROR_8	1.60.1.69913	1.60.1.70245
SPELL_FAILED_CUSTOM_ERROR_80	1.60.1.69913	1.60.1.70245
SPELL_FAILED_CUSTOM_ERROR_800	1.60.1.69913	1.60.1.70245
SPELL_FAILED_CUSTOM_ERROR_801	1.60.1.69913	1.60.1.70245
SPELL_FAILED_CUSTOM_ERROR_802	1.60.1.69913	1.60.1.70245
SPELL_FAILED_CUSTOM_ERROR_803	1.60.1.69913	1.60.1.70245
SPELL_FAILED_CUSTOM_ERROR_804	1.60.1.69913	1.60.1.70245
SPELL_FAILED_CUSTOM_ERROR_805	1.60.1.69913	1.60.1.70245
SPELL_FAILED_CUSTOM_ERROR_806	1.60.1.69913	1.60.1.70245
SPELL_FAILED_CUSTOM_ERROR_807	1.60.1.69913	1.60.1.70245
SPELL_FAILED_CUSTOM_ERROR_808	1.60.1.69913	1.60.1.70245
SPELL_FAILED_CUSTOM_ERROR_809	1.60.1.69913	1.60.1.70245
SPELL_FAILED_CUSTOM_ERROR_81	1.60.1.69913	1.60.1.70245
SPELL_FAILED_CUSTOM_ERROR_810	1.60.1.69913	1.60.1.70245
SPELL_FAILED_CUSTOM_ERROR_811	1.60.1.69913	1.60.1.70245
SPELL_FAILED_CUSTOM_ERROR_812	1.60.1.69913	1.60.1.70245
SPELL_FAILED_CUSTOM_ERROR_813	1.60.1.69913	1.60.1.70245
SPELL_FAILED_CUSTOM_ERROR_814	1.60.1.69913	1.60.1.70245
SPELL_FAILED_CUSTOM_ERROR_815	1.60.1.69913	1.60.1.70245
SPELL_FAILED_CUSTOM_ERROR_816	1.60.1.69913	1.60.1.70245
SPELL_FAILED_CUSTOM_ERROR_817	1.60.1.69913	1.60.1.70245
SPELL_FAILED_CUSTOM_ERROR_818	1.60.1.69913	1.60.1.70245
SPELL_FAILED_CUSTOM_ERROR_819	1.60.1.69913	1.60.1.70245
SPELL_FAILED_CUSTOM_ERROR_82	1.60.1.69913	1.60.1.70245
SPELL_FAILED_CUSTOM_ERROR_820	1.60.1.69913	1.60.1.70245
SPELL_FAILED_CUSTOM_ERROR_821	1.60.1.69913	1.60.1.70245
SPELL_FAILED_CUSTOM_ERROR_822	1.60.1.69913	1.60.1.70245
SPELL_FAILED_CUSTOM_ERROR_823	1.60.1.69913	1.60.1.70245
SPELL_FAILED_CUSTOM_ERROR_824	1.60.1.69913	1.60.1.70245
SPELL_FAILED_CUSTOM_ERROR_825	1.60.1.69913	1.60.1.70245
SPELL_FAILED_CUSTOM_ERROR_826	1.60.1.69913	1.60.1.70245
SPELL_FAILED_CUSTOM_ERROR_827	1.60.1.69913	1.60.1.70245
SPELL_FAILED_CUSTOM_ERROR_828	1.60.1.69913	1.60.1.70245
SPELL_FAILED_CUSTOM_ERROR_829	1.60.1.69913	1.60.1.70245
SPELL_FAILED_CUSTOM_ERROR_83	1.60.1.69913	1.60.1.70245
SPELL_FAILED_CUSTOM_ERROR_830	1.60.1.69913	1.60.1.70245
SPELL_FAILED_CUSTOM_ERROR_831	1.60.1.69913	1.60.1.70245
SPELL_FAILED_CUSTOM_ERROR_832	1.60.1.69913	1.60.1.70245
SPELL_FAILED_CUSTOM_ERROR_833	1.60.1.69913	1.60.1.70245
SPELL_FAILED_CUSTOM_ERROR_834	1.60.1.69913	1.60.1.70245
SPELL_FAILED_CUSTOM_ERROR_835	1.60.1.69913	1.60.1.70245
SPELL_FAILED_CUSTOM_ERROR_836	1.60.1.69913	1.60.1.70245
SPELL_FAILED_CUSTOM_ERROR_837	1.60.1.69913	1.60.1.70245
SPELL_FAILED_CUSTOM_ERROR_838	1.60.1.69913	1.60.1.70245
SPELL_FAILED_CUSTOM_ERROR_84	1.60.1.69913	1.60.1.70245
SPELL_FAILED_CUSTOM_ERROR_840	1.60.1.69913	1.60.1.70245
SPELL_FAILED_CUSTOM_ERROR_841	1.60.1.69913	1.60.1.70245
SPELL_FAILED_CUSTOM_ERROR_842	1.60.1.69913	1.60.1.70245
SPELL_FAILED_CUSTOM_ERROR_845	1.60.1.69913	1.60.1.70245
SPELL_FAILED_CUSTOM_ERROR_846	1.60.1.69913	1.60.1.70245
SPELL_FAILED_CUSTOM_ERROR_85	1.60.1.69913	1.60.1.70245
SPELL_FAILED_CUSTOM_ERROR_850	1.60.1.69913	1.60.1.70245
SPELL_FAILED_CUSTOM_ERROR_851	1.60.1.69913	1.60.1.70245
SPELL_FAILED_CUSTOM_ERROR_852	1.60.1.69913	1.60.1.70245
SPELL_FAILED_CUSTOM_ERROR_853	1.60.1.69913	1.60.1.70245
SPELL_FAILED_CUSTOM_ERROR_856	1.60.1.69913	1.60.1.70245
SPELL_FAILED_CUSTOM_ERROR_857	1.60.1.69913	1.60.1.70245
SPELL_FAILED_CUSTOM_ERROR_858	1.60.1.69913	1.60.1.70245
SPELL_FAILED_CUSTOM_ERROR_859	1.60.1.69913	1.60.1.70245
SPELL_FAILED_CUSTOM_ERROR_86	1.60.1.69913	1.60.1.70245
SPELL_FAILED_CUSTOM_ERROR_860	1.60.1.69913	1.60.1.70245
SPELL_FAILED_CUSTOM_ERROR_87	1.60.1.69913	1.60.1.70245
SPELL_FAILED_CUSTOM_ERROR_870	1.60.1.69913	1.60.1.70245
SPELL_FAILED_CUSTOM_ERROR_872	1.60.1.69913	1.60.1.70245
SPELL_FAILED_CUSTOM_ERROR_88	1.60.1.69913	1.60.1.70245
SPELL_FAILED_CUSTOM_ERROR_880	1.60.1.69913	1.60.1.70245
SPELL_FAILED_CUSTOM_ERROR_89	1.60.1.69913	1.60.1.70245
SPELL_FAILED_CUSTOM_ERROR_891	1.60.1.69913	1.60.1.70245
SPELL_FAILED_CUSTOM_ERROR_892	1.60.1.69913	1.60.1.70245
SPELL_FAILED_CUSTOM_ERROR_893	1.60.1.69913	1.60.1.70245
SPELL_FAILED_CUSTOM_ERROR_9	1.60.1.69913	1.60.1.70245
SPELL_FAILED_CUSTOM_ERROR_90	1.60.1.69913	1.60.1.70245
SPELL_FAILED_CUSTOM_ERROR_900	1.60.1.69913	1.60.1.70245
SPELL_FAILED_CUSTOM_ERROR_91	1.60.1.69913	1.60.1.70245
SPELL_FAILED_CUSTOM_ERROR_92	1.60.1.69913	1.60.1.70245
SPELL_FAILED_CUSTOM_ERROR_93	1.60.1.69913	1.60.1.70245
SPELL_FAILED_CUSTOM_ERROR_94	1.60.1.69913	1.60.1.70245
SPELL_FAILED_CUSTOM_ERROR_95	1.60.1.69913	1.60.1.70245
SPELL_FAILED_CUSTOM_ERROR_96	1.60.1.69913	1.60.1.70245
SPELL_FAILED_CUSTOM_ERROR_97	1.60.1.69913	1.60.1.70245
SPELL_FAILED_CUSTOM_ERROR_98	1.60.1.69913	1.60.1.70245
SPELL_FAILED_CUSTOM_ERROR_99	1.60.1.69913	1.60.1.70245
SPELL_FAILED_CUSTOM_ERROR_999	1.60.1.69913	1.60.1.70245
SPELL_FAILED_DAMAGE_IMMUNE	1.60.1.69913	1.60.1.70245
SPELL_FAILED_DISABLED_BY_AURA_LABEL	1.60.1.69913	1.60.1.70245
SPELL_FAILED_DISABLED_BY_MAX_USABLE_LEVEL	1.60.1.69913	1.60.1.70245
SPELL_FAILED_DISABLED_BY_POWER_SCALING	1.60.1.69913	1.60.1.70245
SPELL_FAILED_DRAENOR_RIDING_REQUIREMENT	1.60.1.69913	1.60.1.70245
SPELL_FAILED_DRAGONRIDING_RIDING_REQUIREMENT	1.60.1.69913	1.60.1.70245
SPELL_FAILED_EQUIPPED_ITEM	1.60.1.69913	1.60.1.70245
SPELL_FAILED_EQUIPPED_ITEM_CLASS	1.60.1.69913	1.60.1.70245
SPELL_FAILED_EQUIPPED_ITEM_CLASS_MAINHAND	1.60.1.69913	1.60.1.70245
SPELL_FAILED_EQUIPPED_ITEM_CLASS_OFFHAND	1.60.1.69913	1.60.1.70245
SPELL_FAILED_ERROR	1.60.1.69913	1.60.1.70245
SPELL_FAILED_EXCEEDED_WEEKLY_USAGE	1.60.1.69913	1.60.1.70245
SPELL_FAILED_EXPERT_RIDING_REQUIREMENT	1.60.1.69913	1.60.1.70245
SPELL_FAILED_FALLING	1.60.1.69913	1.60.1.70245
SPELL_FAILED_FISHING_TOO_LOW	1.60.1.69913	1.60.1.70245
SPELL_FAILED_FIZZLE	1.60.1.69913	1.60.1.70245
SPELL_FAILED_FLEEING	1.60.1.69913	1.60.1.70245
SPELL_FAILED_FLIGHT_MASTER_RIDING_REQUIREMENT	1.60.1.69913	1.60.1.70245
SPELL_FAILED_FLOATING_MOUNT_NOT_ALLOWED	1.60.1.69913	1.60.1.70245
SPELL_FAILED_FLYING_MOUNT_NOT_ALLOWED	1.60.1.69913	1.60.1.70245
SPELL_FAILED_FOOD_LOWLEVEL	1.60.1.69913	1.60.1.70245
SPELL_FAILED_GLYPH_EXCLUSIVE_CATEGORY	1.60.1.69913	1.60.1.70245
SPELL_FAILED_GLYPH_INVALID_SPEC	1.60.1.69913	1.60.1.70245
SPELL_FAILED_GLYPH_NO_SPEC	1.60.1.69913	1.60.1.70245
SPELL_FAILED_GLYPH_SOCKET_LOCKED	1.60.1.69913	1.60.1.70245
SPELL_FAILED_GROUND_MOUNT_NOT_ALLOWED	1.60.1.69913	1.60.1.70245
SPELL_FAILED_HAS_MISSION	1.60.1.69913	1.60.1.70245
SPELL_FAILED_HEARTHSTONE	1.60.1.69913	1.60.1.70245
SPELL_FAILED_HIGHLEVEL	1.60.1.69913	1.60.1.70245
SPELL_FAILED_HORSE_RIDING_REQUIREMENT	1.60.1.69913	1.60.1.70245
SPELL_FAILED_IMMUNE	1.60.1.69913	1.60.1.70245
SPELL_FAILED_INCORRECT_AREA	1.60.1.69913	1.60.1.70245
SPELL_FAILED_INELIGIBLE_WEAPON_APPEARANCE	1.60.1.69913	1.60.1.70245
SPELL_FAILED_INTERRUPTED	1.60.1.69913	1.60.1.70245
SPELL_FAILED_INTERRUPTED_COMBAT	1.60.1.69913	1.60.1.70245
SPELL_FAILED_INVALID_GLYPH	1.60.1.69913	1.60.1.70245
SPELL_FAILED_IN_COMBAT_RES_LIMIT_REACHED	1.60.1.69913	1.60.1.70245
SPELL_FAILED_ITEM_ALREADY_ENCHANTED	1.60.1.69913	1.60.1.70245
SPELL_FAILED_ITEM_AT_MAX_CHARGES	1.60.1.69913	1.60.1.70245
SPELL_FAILED_ITEM_ENCHANT_TRADE_WINDOW	1.60.1.69913	1.60.1.70245
SPELL_FAILED_ITEM_GONE	1.60.1.69913	1.60.1.70245
SPELL_FAILED_ITEM_MOD_APPEARANCE_GROUP_ALREADY_KNOWN	1.60.1.69913	1.60.1.70245
SPELL_FAILED_ITEM_NOT_A_WEAPON	1.60.1.69913	1.60.1.70245
SPELL_FAILED_ITEM_NOT_FOUND	1.60.1.69913	1.60.1.70245
SPELL_FAILED_ITEM_NOT_READY	1.60.1.69913	1.60.1.70245
SPELL_FAILED_JOURNEYMAN_RIDING_REQUIREMENT	1.60.1.69913	1.60.1.70245
SPELL_FAILED_KODO_RIDING_REQUIREMENT	1.60.1.69913	1.60.1.70245
SPELL_FAILED_LEGACY_SPELL	1.60.1.69913	1.60.1.70245
SPELL_FAILED_LEVEL_REQUIREMENT	1.60.1.69913	1.60.1.70245
SPELL_FAILED_LEVEL_REQUIREMENT_PET	1.60.1.69913	1.60.1.70245
SPELL_FAILED_LIMIT_CATEGORY_EXCEEDED	1.60.1.69913	1.60.1.70245
SPELL_FAILED_LINE_OF_SIGHT	1.60.1.69913	1.60.1.70245
SPELL_FAILED_LOWLEVEL	1.60.1.69913	1.60.1.70245
SPELL_FAILED_LOW_CASTLEVEL	1.60.1.69913	1.60.1.70245
SPELL_FAILED_MAINHAND_EMPTY	1.60.1.69913	1.60.1.70245
SPELL_FAILED_MASTER_RIDING_REQUIREMENT	1.60.1.69913	1.60.1.70245
SPELL_FAILED_MECHANOSTRIDER_RIDING_REQUIREMENT	1.60.1.69913	1.60.1.70245
SPELL_FAILED_MIN_SKILL	1.60.1.69913	1.60.1.70245
SPELL_FAILED_MOUNT_ABOVE_WATER_HERE	1.60.1.69913	1.60.1.70245
SPELL_FAILED_MOUNT_COLLECTED_ON_OTHER_CHAR	1.60.1.69913	1.60.1.70245
SPELL_FAILED_MOUNT_NO_FLOAT_HERE	1.60.1.69913	1.60.1.70245
SPELL_FAILED_MOUNT_NO_UNDERWATER_HERE	1.60.1.69913	1.60.1.70245
SPELL_FAILED_MOVING	1.60.1.69913	1.60.1.70245
SPELL_FAILED_MUST_BE_ON_GROUND	1.60.1.69913	1.60.1.70245
SPELL_FAILED_MUST_KNOW_SUPERCEDING_SPELL	1.60.1.69913	1.60.1.70245
SPELL_FAILED_NEED_ALL_PARTY_MEMBERS	1.60.1.69913	1.60.1.70245
SPELL_FAILED_NEED_AMMO	1.60.1.69913	1.60.1.70245
SPELL_FAILED_NEED_AMMO_POUCH	1.60.1.69913	1.60.1.70245
SPELL_FAILED_NEED_EXOTIC_AMMO	1.60.1.69913	1.60.1.70245
SPELL_FAILED_NEED_MORE_ITEMS	1.60.1.69913	1.60.1.70245
SPELL_FAILED_NOPATH	1.60.1.69913	1.60.1.70245
SPELL_FAILED_NOTHING_TO_DISPEL	1.60.1.69913	1.60.1.70245
SPELL_FAILED_NOTHING_TO_STEAL	1.60.1.69913	1.60.1.70245
SPELL_FAILED_NOT_BEHIND	1.60.1.69913	1.60.1.70245
SPELL_FAILED_NOT_ENOUGH_CURRENCY	1.60.1.69913	1.60.1.70245
SPELL_FAILED_NOT_FISHABLE	1.60.1.69913	1.60.1.70245
SPELL_FAILED_NOT_FLYING	1.60.1.69913	1.60.1.70245
SPELL_FAILED_NOT_HERE	1.60.1.69913	1.60.1.70245
SPELL_FAILED_NOT_IDLE	1.60.1.69913	1.60.1.70245
SPELL_FAILED_NOT_INACTIVE	1.60.1.69913	1.60.1.70245
SPELL_FAILED_NOT_INFRONT	1.60.1.69913	1.60.1.70245
SPELL_FAILED_NOT_IN_ARENA	1.60.1.69913	1.60.1.70245
SPELL_FAILED_NOT_IN_ARENA_FIXME	1.60.1.69913	1.60.1.70245
SPELL_FAILED_NOT_IN_BARBERSHOP	1.60.1.69913	1.60.1.70245
SPELL_FAILED_NOT_IN_BATTLEGROUND	1.60.1.69913	1.60.1.70245
SPELL_FAILED_NOT_IN_CONTROL	1.60.1.69913	1.60.1.70245
SPELL_FAILED_NOT_IN_LFG_DUNGEON	1.60.1.69913	1.60.1.70245
SPELL_FAILED_NOT_IN_MAGE_TOWER	1.60.1.69913	1.60.1.70245
SPELL_FAILED_NOT_IN_RAID_INSTANCE	1.60.1.69913	1.60.1.70245
SPELL_FAILED_NOT_IN_RATED_BATTLEGROUND	1.60.1.69913	1.60.1.70245
SPELL_FAILED_NOT_KNOWN	1.60.1.69913	1.60.1.70245
SPELL_FAILED_NOT_MOUNTED	1.60.1.69913	1.60.1.70245
SPELL_FAILED_NOT_ON_DAMAGE_IMMUNE	1.60.1.69913	1.60.1.70245
SPELL_FAILED_NOT_ON_GROUND	1.60.1.69913	1.60.1.70245
SPELL_FAILED_NOT_ON_MOUNTED	1.60.1.69913	1.60.1.70245
SPELL_FAILED_NOT_ON_SHAPESHIFT	1.60.1.69913	1.60.1.70245
SPELL_FAILED_NOT_ON_STEALTHED	1.60.1.69913	1.60.1.70245
SPELL_FAILED_NOT_ON_TAXI	1.60.1.69913	1.60.1.70245
SPELL_FAILED_NOT_ON_TRANSPORT	1.60.1.69913	1.60.1.70245
SPELL_FAILED_NOT_READY	1.60.1.69913	1.60.1.70245
SPELL_FAILED_NOT_SHAPESHIFT	1.60.1.69913	1.60.1.70245
SPELL_FAILED_NOT_SOULBOUND	1.60.1.69913	1.60.1.70245
SPELL_FAILED_NOT_STANDING	1.60.1.69913	1.60.1.70245
SPELL_FAILED_NOT_TRADEABLE	1.60.1.69913	1.60.1.70245
SPELL_FAILED_NOT_TRADING	1.60.1.69913	1.60.1.70245
SPELL_FAILED_NOT_UNSHEATHED	1.60.1.69913	1.60.1.70245
SPELL_FAILED_NOT_WHILE_FATIGUED	1.60.1.69913	1.60.1.70245
SPELL_FAILED_NOT_WHILE_GHOST	1.60.1.69913	1.60.1.70245
SPELL_FAILED_NOT_WHILE_LOOTING	1.60.1.69913	1.60.1.70245
SPELL_FAILED_NOT_WHILE_MERCENARY	1.60.1.69913	1.60.1.70245
SPELL_FAILED_NOT_WHILE_TRADING	1.60.1.69913	1.60.1.70245
SPELL_FAILED_NO_ACTIONS	1.60.1.69913	1.60.1.70245
SPELL_FAILED_NO_ACTIVE_GLYPHS	1.60.1.69913	1.60.1.70245
SPELL_FAILED_NO_AMMO	1.60.1.69913	1.60.1.70245
SPELL_FAILED_NO_BONE_SHIELD	1.60.1.69913	1.60.1.70245
SPELL_FAILED_NO_CHAMPION	1.60.1.69913	1.60.1.70245
SPELL_FAILED_NO_CHARGES_REMAIN	1.60.1.69913	1.60.1.70245
SPELL_FAILED_NO_COMBO_POINTS	1.60.1.69913	1.60.1.70245
SPELL_FAILED_NO_DUELING	1.60.1.69913	1.60.1.70245
SPELL_FAILED_NO_DUNGEON_ENCOUNTER	1.60.1.69913	1.60.1.70245
SPELL_FAILED_NO_EDIBLE_CORPSES	1.60.1.69913	1.60.1.70245
SPELL_FAILED_NO_ENDURANCE	1.60.1.69913	1.60.1.70245
SPELL_FAILED_NO_EVASIVE_CHARGES	1.60.1.69913	1.60.1.70245
SPELL_FAILED_NO_FISH	1.60.1.69913	1.60.1.70245
SPELL_FAILED_NO_GEMS_SOCKETED	1.60.1.69913	1.60.1.70245
SPELL_FAILED_NO_HEARTH_WHILE_DIVINE_SHIELD	1.60.1.69913	1.60.1.70245
SPELL_FAILED_NO_ITEMS_WHILE_SHAPESHIFTED	1.60.1.69913	1.60.1.70245
SPELL_FAILED_NO_LIQUID	1.60.1.69913	1.60.1.70245
SPELL_FAILED_NO_MAGIC_TO_CONSUME	1.60.1.69913	1.60.1.70245
SPELL_FAILED_NO_MOUNTS_ALLOWED	1.60.1.69913	1.60.1.70245
SPELL_FAILED_NO_PET	1.60.1.69913	1.60.1.70245
SPELL_FAILED_NO_PLAYTIME	1.60.1.69913	1.60.1.70245
SPELL_FAILED_NO_SPEC	1.60.1.69913	1.60.1.70245
SPELL_FAILED_NO_TELEPORT_FROM_DUNGEON	1.60.1.69913	1.60.1.70245
SPELL_FAILED_NO_VACANT_SEAT	1.60.1.69913	1.60.1.70245
SPELL_FAILED_ONLY_ABOVEWATER	1.60.1.69913	1.60.1.70245
SPELL_FAILED_ONLY_BATTLEGROUNDS	1.60.1.69913	1.60.1.70245
SPELL_FAILED_ONLY_INDOORS	1.60.1.69913	1.60.1.70245
SPELL_FAILED_ONLY_IN_ARENA	1.60.1.69913	1.60.1.70245
SPELL_FAILED_ONLY_MOUNTED	1.60.1.69913	1.60.1.70245
SPELL_FAILED_ONLY_NOT_SWIMMING	1.60.1.69913	1.60.1.70245
SPELL_FAILED_ONLY_OUTDOORS	1.60.1.69913	1.60.1.70245
SPELL_FAILED_ONLY_SHAPESHIFT	1.60.1.69913	1.60.1.70245
SPELL_FAILED_ONLY_STEALTHED	1.60.1.69913	1.60.1.70245
SPELL_FAILED_ONLY_UNDERWATER	1.60.1.69913	1.60.1.70245
SPELL_FAILED_OPTIONAL_REAGENTS	1.60.1.69913	1.60.1.70245
SPELL_FAILED_OUT_OF_RANGE	1.60.1.69913	1.60.1.70245
SPELL_FAILED_PACIFIED	1.60.1.69913	1.60.1.70245
SPELL_FAILED_PANDA_RIDING_REQUIREMENT	1.60.1.69913	1.60.1.70245
SPELL_FAILED_PARTIAL_PLAYTIME	1.60.1.69913	1.60.1.70245
SPELL_FAILED_PET_CAN_RENAME	1.60.1.69913	1.60.1.70245
SPELL_FAILED_POSSESSED	1.60.1.69913	1.60.1.70245
SPELL_FAILED_PREVENTED_BY_MECHANIC	1.60.1.69913	1.60.1.70245
SPELL_FAILED_RADIANT_ASH_MAX	1.60.1.69913	1.60.1.70245
SPELL_FAILED_RAM_RIDING_REQUIREMENT	1.60.1.69913	1.60.1.70245
SPELL_FAILED_RAPTOR_RIDING_REQUIREMENT	1.60.1.69913	1.60.1.70245
SPELL_FAILED_REAGENTS	1.60.1.69913	1.60.1.70245
SPELL_FAILED_REPUTATION	1.60.1.69913	1.60.1.70245
SPELL_FAILED_REQUIRES_AREA	1.60.1.69913	1.60.1.70245
SPELL_FAILED_REQUIRES_SPELL_FOCUS	1.60.1.69913	1.60.1.70245
SPELL_FAILED_ROCKET_PACK	1.60.1.69913	1.60.1.70245
SPELL_FAILED_ROOTED	1.60.1.69913	1.60.1.70245
SPELL_FAILED_SAME_ENCHANT_VISUAL	1.60.1.69913	1.60.1.70245
SPELL_FAILED_SHADOWLANDS_RIDING_REQUIREMENT	1.60.1.69913	1.60.1.70245
SPELL_FAILED_SILENCED	1.60.1.69913	1.60.1.70245
SPELL_FAILED_SKILL_LINE_NOT_KNOWN	1.60.1.69913	1.60.1.70245
SPELL_FAILED_SPECTATOR_OR_COMMENTATOR	1.60.1.69913	1.60.1.70245
SPELL_FAILED_SPEC_DISABLED	1.60.1.69913	1.60.1.70245
SPELL_FAILED_SPELL_ALREADY_KNOWN	1.60.1.69913	1.60.1.70245
SPELL_FAILED_SPELL_IN_PROGRESS	1.60.1.69913	1.60.1.70245
SPELL_FAILED_SPELL_LEARNED	1.60.1.69913	1.60.1.70245
SPELL_FAILED_SPELL_UNAVAILABLE	1.60.1.69913	1.60.1.70245
SPELL_FAILED_SPELL_UNAVAILABLE_PET	1.60.1.69913	1.60.1.70245
SPELL_FAILED_STUNNED	1.60.1.69913	1.60.1.70245
SPELL_FAILED_SUMMON_MAP_CONDITION	1.60.1.69913	1.60.1.70245
SPELL_FAILED_SUMMON_PENDING	1.60.1.69913	1.60.1.70245
SPELL_FAILED_TARGETS_DEAD	1.60.1.69913	1.60.1.70245
SPELL_FAILED_TARGETS_NOT_PROFESSION	1.60.1.69913	1.60.1.70245
SPELL_FAILED_TARGET_AFFECTING_COMBAT	1.60.1.69913	1.60.1.70245
SPELL_FAILED_TARGET_AURASTATE	1.60.1.69913	1.60.1.70245
SPELL_FAILED_TARGET_CANNOT_BE_RESURRECTED	1.60.1.69913	1.60.1.70245
SPELL_FAILED_TARGET_DUELING	1.60.1.69913	1.60.1.70245
SPELL_FAILED_TARGET_ENEMY	1.60.1.69913	1.60.1.70245
SPELL_FAILED_TARGET_ENRAGED	1.60.1.69913	1.60.1.70245
SPELL_FAILED_TARGET_FREEFORALL	1.60.1.69913	1.60.1.70245
SPELL_FAILED_TARGET_FRIENDLY	1.60.1.69913	1.60.1.70245
SPELL_FAILED_TARGET_HAS_RESURRECT_PENDING	1.60.1.69913	1.60.1.70245
SPELL_FAILED_TARGET_IN_COMBAT	1.60.1.69913	1.60.1.70245
SPELL_FAILED_TARGET_IS_NOT_SWIMMING	1.60.1.69913	1.60.1.70245
SPELL_FAILED_TARGET_IS_PLAYER	1.60.1.69913	1.60.1.70245
SPELL_FAILED_TARGET_IS_PLAYER_CONTROLLED	1.60.1.69913	1.60.1.70245
SPELL_FAILED_TARGET_IS_TRIVIAL	1.60.1.69913	1.60.1.70245
SPELL_FAILED_TARGET_LOCKED_TO_RAID_INSTANCE	1.60.1.69913	1.60.1.70245
SPELL_FAILED_TARGET_NOT_DEAD	1.60.1.69913	1.60.1.70245
SPELL_FAILED_TARGET_NOT_GHOST	1.60.1.69913	1.60.1.70245
SPELL_FAILED_TARGET_NOT_GROUNDED	1.60.1.69913	1.60.1.70245
SPELL_FAILED_TARGET_NOT_IN_INSTANCE	1.60.1.69913	1.60.1.70245
SPELL_FAILED_TARGET_NOT_IN_PARTY	1.60.1.69913	1.60.1.70245
SPELL_FAILED_TARGET_NOT_IN_RAID	1.60.1.69913	1.60.1.70245
SPELL_FAILED_TARGET_NOT_IN_SANCTUARY	1.60.1.69913	1.60.1.70245
SPELL_FAILED_TARGET_NOT_LOOTED	1.60.1.69913	1.60.1.70245
SPELL_FAILED_TARGET_NOT_PLAYER	1.60.1.69913	1.60.1.70245
SPELL_FAILED_TARGET_NO_POCKETS	1.60.1.69913	1.60.1.70245
SPELL_FAILED_TARGET_NO_RANGED_WEAPONS	1.60.1.69913	1.60.1.70245
SPELL_FAILED_TARGET_NO_WEAPONS	1.60.1.69913	1.60.1.70245
SPELL_FAILED_TARGET_ON_TAXI	1.60.1.69913	1.60.1.70245
SPELL_FAILED_TARGET_UNSKINNABLE	1.60.1.69913	1.60.1.70245
SPELL_FAILED_TIGER_RIDING_REQUIREMENT	1.60.1.69913	1.60.1.70245
SPELL_FAILED_TOO_CLOSE	1.60.1.69913	1.60.1.70245
SPELL_FAILED_TOO_MANY_OF_ITEM	1.60.1.69913	1.60.1.70245
SPELL_FAILED_TOO_SHALLOW	1.60.1.69913	1.60.1.70245
SPELL_FAILED_TOTEMS	1.60.1.69913	1.60.1.70245
SPELL_FAILED_TOTEM_CATEGORY	1.60.1.69913	1.60.1.70245
SPELL_FAILED_TOY_ALREADY_KNOWN	1.60.1.69913	1.60.1.70245
SPELL_FAILED_TOY_USE_LIMIT_REACHED	1.60.1.69913	1.60.1.70245
SPELL_FAILED_TRAINING_POINTS	1.60.1.69913	1.60.1.70245
SPELL_FAILED_TRANSFORM_UNUSABLE	1.60.1.69913	1.60.1.70245
SPELL_FAILED_TRANSMOG_OUTFIT_ALREADY_KNOWN	1.60.1.69913	1.60.1.70245
SPELL_FAILED_TRY_AGAIN	1.60.1.69913	1.60.1.70245
SPELL_FAILED_UNDEAD_HORSE_RIDING_REQUIREMENT	1.60.1.69913	1.60.1.70245
SPELL_FAILED_UNDERWATER_MOUNT_NOT_ALLOWED	1.60.1.69913	1.60.1.70245
SPELL_FAILED_UNIQUE_GLYPH	1.60.1.69913	1.60.1.70245
SPELL_FAILED_UNIT_NOT_BEHIND	1.60.1.69913	1.60.1.70245
SPELL_FAILED_UNIT_NOT_INFRONT	1.60.1.69913	1.60.1.70245
SPELL_FAILED_UNKNOWN	1.60.1.69913	1.60.1.70245
SPELL_FAILED_VETERAN_TRIAL_ABOVE_SKILL_RANK_MAX	1.60.1.69913	1.60.1.70245
SPELL_FAILED_VISION_OBSCURED	1.60.1.69913	1.60.1.70245
SPELL_FAILED_WARBAND_SCENE_ALREADY_KNOWN	1.60.1.69913	1.60.1.70245
SPELL_FAILED_WEIGHT_NOT_ENOUGH	1.60.1.69913	1.60.1.70245
SPELL_FAILED_WEIGHT_TOO_MUCH	1.60.1.69913	1.60.1.70245
SPELL_FAILED_WOLF_RIDING_REQUIREMENT	1.60.1.69913	1.60.1.70245
SPELL_FAILED_WRONG_FACTION	1.60.1.69913	1.60.1.70245
SPELL_FAILED_WRONG_PET_FOOD	1.60.1.69913	1.60.1.70245
SPELL_FAILED_WRONG_WEATHER	1.60.1.69913	1.60.1.70245
SPELL_FAILED_YOU_CANNOT_USE_THAT_IN_PVP_INSTANCE	1.60.1.69913	1.60.1.70245
SPELL_HEAL_COMBATLOG_TOOLTIP	1.60.1.69913	1.60.1.70245
SPELL_INSTAKILL_COMBATLOG_TOOLTIP	1.60.1.69913	1.60.1.70245
SPELL_INTERRUPTED_BY	1.60.1.69913	1.60.1.70245
SPELL_INTERRUPT_COMBATLOG_TOOLTIP	1.60.1.69913	1.60.1.70245
SPELL_MISSED_COMBATLOG_TOOLTIP	1.60.1.69913	1.60.1.70245
SPELL_NAMES	1.60.1.69913	1.60.1.70245
SPELL_NAMES_COMBATLOG_TOOLTIP	1.60.1.69913	1.60.1.70245
SPELL_NAMES_SHOW_BRACES_COMBATLOG_TOOLTIP	1.60.1.69913	1.60.1.70245
SPELL_ON_NEXT_RANGED	1.60.1.69913	1.60.1.70245
SPELL_ON_NEXT_SWING	1.60.1.69913	1.60.1.70245
SPELL_PASSIVE	1.60.1.69913	1.60.1.70245
SPELL_PENETRATION_TOOLTIP	1.60.1.69913	1.60.1.70245
SPELL_PERIODIC_COMBATLOG_TOOLTIP	1.60.1.69913	1.60.1.70245
SPELL_PERIODIC_DAMAGE_COMBATLOG_TOOLTIP	1.60.1.69913	1.60.1.70245
SPELL_PERIODIC_HEAL_COMBATLOG_TOOLTIP	1.60.1.69913	1.60.1.70245
SPELL_PERIODIC_MISSED_COMBATLOG_TOOLTIP	1.60.1.69913	1.60.1.70245
SPELL_PERIODIC_OTHER_COMBATLOG_TOOLTIP	1.60.1.69913	1.60.1.70245
SPELL_RANGE	1.60.1.69913	1.60.1.70245
SPELL_RANGE_AREA	1.60.1.69913	1.60.1.70245
SPELL_RANGE_DUAL	1.60.1.69913	1.60.1.70245
SPELL_RANGE_UNLIMITED	1.60.1.69913	1.60.1.70245
SPELL_REAGENTS	1.60.1.69913	1.60.1.70245
SPELL_RECAST_TIME_DAYS	1.60.1.69913	1.60.1.70245
SPELL_RECAST_TIME_HOURS	1.60.1.69913	1.60.1.70245
SPELL_RECAST_TIME_INSTANT	1.60.1.69913	1.60.1.70245
SPELL_RECAST_TIME_MIN	1.60.1.69913	1.60.1.70245
SPELL_RECAST_TIME_SEC	1.60.1.69913	1.60.1.70245
SPELL_REQUIRED_FORM	1.60.1.69913	1.60.1.70245
SPELL_REQUIRED_FORM_NOSPACE	1.60.1.69913	1.60.1.70245
SPELL_RESURRECT_COMBATLOG_TOOLTIP	1.60.1.69913	1.60.1.70245
SPELL_SCHOOL0_CAP	1.60.1.69913	1.60.1.70245
SPELL_SCHOOL1_CAP	1.60.1.69913	1.60.1.70245
SPELL_SCHOOL2_CAP	1.60.1.69913	1.60.1.70245
SPELL_SCHOOL3_CAP	1.60.1.69913	1.60.1.70245
SPELL_SCHOOL4_CAP	1.60.1.69913	1.60.1.70245
SPELL_SCHOOL5_CAP	1.60.1.69913	1.60.1.70245
SPELL_SCHOOL6_CAP	1.60.1.69913	1.60.1.70245
SPELL_STAT1_NAME	1.60.1.69913	1.60.1.70245
SPELL_STAT2_NAME	1.60.1.69913	1.60.1.70245
SPELL_STAT3_NAME	1.60.1.69913	1.60.1.70245
SPELL_STAT4_NAME	1.60.1.69913	1.60.1.70245
SPELL_STAT5_NAME	1.60.1.69913	1.60.1.70245
SPELL_SUMMON_COMBATLOG_TOOLTIP	1.60.1.69913	1.60.1.70245
SPELL_TIME_REMAINING_DAYS	1.60.1.69913	1.60.1.70245
SPELL_TIME_REMAINING_HOURS	1.60.1.69913	1.60.1.70245
SPELL_TIME_REMAINING_MIN	1.60.1.69913	1.60.1.70245
SPELL_TIME_REMAINING_SEC	1.60.1.69913	1.60.1.70245
SPELL_TOTEMS	1.60.1.69913	1.60.1.70245
SPIRIT_STANDING_WARNING	1.60.1.69913	1.60.1.70245
SPLASH_BASE_HEADER	1.60.1.69913	1.60.1.70245
SPLASH_NEW_HEADER_SEASON	1.60.1.69913	1.60.1.70245
SPLASH_START_QUEST_NOW	1.60.1.69913	1.60.1.70245
SSAO_LABEL	1.60.1.69913	1.60.1.70245
STABLED_PETS	1.60.1.69913	1.60.1.70245
STABLE_SLOT_COST_TEXT	1.60.1.70170	1.60.1.70245
STABLE_SLOT_TEXT	1.60.1.69913	1.60.1.70245
STACKS	1.60.1.69913	1.60.1.70245
STAGE_COMPLETE	1.60.1.69913	1.60.1.70245
STANDARD_DEFINITION	1.60.1.69913	1.60.1.70245
STANDARD_DEFINITION_TOOLTIP	1.60.1.69913	1.60.1.70245
STANDING	1.60.1.69913	1.60.1.69913
START	1.60.1.69913	1.60.1.70245
STATISTICS	1.60.1.69913	1.60.1.70245
STATUS	1.60.1.69913	1.60.1.70245
STATUSTEXT_LABEL	1.60.1.69913	1.60.1.70245
STATUS_ADDL_FILE_TOOLTIP	1.60.1.69913	1.60.1.70245
STATUS_CORE_FILE_TOOLTIP	1.60.1.69913	1.60.1.70245
STATUS_MAJOR_FILE_TOOLTIP	1.60.1.69913	1.60.1.70245
STATUS_TEXT_BOTH	1.60.1.69913	1.60.1.70245
STATUS_TEXT_PERCENT	1.60.1.69913	1.60.1.70245
STATUS_TEXT_VALUE	1.60.1.69913	1.60.1.70245
STAT_ARMOR	1.60.1.69913	1.60.1.70245
STAT_ARMOR_PENETRATION	1.60.1.69913	1.60.1.70245
STAT_ARMOR_PET_TOOLTIP	1.60.1.69913	1.60.1.70245
STAT_ARMOR_TARGET_TOOLTIP	1.60.1.69913	1.60.1.70245
STAT_ARMOR_TOOLTIP	1.60.1.69913	1.60.1.70245
STAT_ATTACKER_LEVEL	1.60.1.69913	1.60.1.70245
STAT_ATTACK_POWER	1.60.1.69913	1.60.1.70245
STAT_ATTACK_SPEED_BASE_TOOLTIP	1.60.1.69913	1.60.1.70245
STAT_AVERAGE_ITEM_LEVEL	1.60.1.69913	1.60.1.70245
STAT_BLOCK	1.60.1.69913	1.60.1.70245
STAT_BLOCK_TARGET_TOOLTIP	1.60.1.69913	1.60.1.70245
STAT_BLOCK_VALUE_FLAT_TOOLTIP	1.60.1.69913	1.60.1.70245
STAT_CATEGORY_DEFENSE	1.60.1.69913	1.60.1.70245
STAT_CATEGORY_GENERAL	1.60.1.69913	1.60.1.70245
STAT_CATEGORY_MODIFIERS	1.60.1.69913	1.60.1.70245
STAT_CATEGORY_PRIMARY_ATTRIBUTES	1.60.1.69913	1.60.1.70245
STAT_CATEGORY_RESISTANCE	1.60.1.69913	1.60.1.70245
STAT_CATEGORY_WEAPONS	1.60.1.69913	1.60.1.70245
STAT_CATEGORY_WEAPON_SKILLS	1.60.1.69913	1.60.1.70245
STAT_CRITICAL_STRIKE	1.60.1.69913	1.60.1.70245
STAT_CRIT_BONUS	1.60.1.69913	1.60.1.70245
STAT_CRIT_MELEE	1.60.1.69913	1.60.1.70245
STAT_CRIT_RANGED	1.60.1.69913	1.60.1.70245
STAT_CRIT_SPELL	1.60.1.69913	1.60.1.70245
STAT_DODGE	1.60.1.69913	1.60.1.70245
STAT_DPS_SHORT	1.60.1.69913	1.60.1.70245
STAT_ENERGY_REGEN	1.60.1.69913	1.60.1.70245
STAT_ENERGY_REGEN_TOOLTIP	1.60.1.69913	1.60.1.70245
STAT_ENERGY_TOOLTIP	1.60.1.69913	1.60.1.70245
STAT_EXPERTISE	1.60.1.69913	1.60.1.70245
STAT_FOCUS_REGEN	1.60.1.69913	1.60.1.70245
STAT_FOCUS_REGEN_TOOLTIP	1.60.1.69913	1.60.1.70245
STAT_FOCUS_TOOLTIP	1.60.1.69913	1.60.1.70245
STAT_HASTE	1.60.1.69913	1.60.1.70245
STAT_HEALTH_PET_TOOLTIP	1.60.1.69913	1.60.1.70245
STAT_HEALTH_TOOLTIP	1.60.1.69913	1.60.1.70245
STAT_HIT_CHANCE	1.60.1.69913	1.60.1.70245
STAT_HUNTER_CRIT_BONUS	1.60.1.69913	1.60.1.70245
STAT_HUNTER_PET_CRIT_BONUS	1.60.1.69913	1.60.1.70245
STAT_MANA_TOOLTIP	1.60.1.69913	1.60.1.70245
STAT_MOVEMENT_FLIGHT_TOOLTIP	1.60.1.69913	1.60.1.70245
STAT_MOVEMENT_GROUND_TOOLTIP	1.60.1.69913	1.60.1.70245
STAT_MOVEMENT_SPEED	1.60.1.69913	1.60.1.70245
STAT_MOVEMENT_SWIM_TOOLTIP	1.60.1.69913	1.60.1.70245
STAT_PARRY	1.60.1.69913	1.60.1.70245
STAT_RAGE_TOOLTIP	1.60.1.69913	1.60.1.70245
STAT_ROGUE_CRIT_BONUS	1.60.1.69913	1.60.1.70245
STAT_RUNIC_POWER_TOOLTIP	1.60.1.69913	1.60.1.70245
STAT_SPEED	1.60.1.69913	1.60.1.70245
STAT_SPELLHEALING	1.60.1.69913	1.60.1.70245
STAT_SPELLHEALING_TOOLTIP	1.60.1.69913	1.60.1.70245
STAT_SPELLPOWER	1.60.1.69913	1.60.1.70245
STAT_SPELLPOWER_PET_TOOLTIP	1.60.1.69913	1.60.1.70245
STAT_SPELLPOWER_TOOLTIP	1.60.1.69913	1.60.1.70245
STAT_SPELL_PENETRATION	1.60.1.69913	1.60.1.70245
STAT_TARGET_LEVEL	1.60.1.69913	1.60.1.70245
STAT_WARLOCK_PET_CRIT_BONUS	1.60.1.69913	1.60.1.70245
STAT_WARRIOR_CRIT_BONUS	1.60.1.69913	1.60.1.70245
STOPWATCH_TITLE	1.60.1.69913	1.60.1.70245
STOP_SUPER_TRACK_QUEST	1.60.1.69913	1.60.1.70245
STRING_SCHOOL_ARCANE	1.60.1.70170	1.60.1.70245
STRING_SCHOOL_HOLY	1.60.1.70170	1.60.1.70245
STRING_SCHOOL_NATURE	1.60.1.70170	1.60.1.70245
STRING_SCHOOL_PHYSICAL	1.60.1.70170	1.60.1.70245
SUBSCRIPTION_INTERSTITIAL_SUBSCRIBE_BUTTON	1.60.1.69913	1.60.1.70245
SUBSCRIPTION_INTERSTITIAL_SUBSCRIBE_FIRST_LINE	1.60.1.69913	1.60.1.70245
SUBSCRIPTION_INTERSTITIAL_SUBSCRIBE_SECOND_LINE	1.60.1.69913	1.60.1.70245
SUBSCRIPTION_INTERSTITIAL_SUBSCRIBE_THIRD_LINE	1.60.1.69913	1.60.1.70245
SUBSCRIPTION_INTERSTITIAL_UPGRADE_BULLET1	1.60.1.69913	1.60.1.70245
SUBSCRIPTION_INTERSTITIAL_UPGRADE_BULLET2	1.60.1.69913	1.60.1.70245
SUBSCRIPTION_INTERSTITIAL_UPGRADE_BULLET3	1.60.1.69913	1.60.1.70245
SUBSCRIPTION_INTERSTITIAL_UPGRADE_BULLET4	1.60.1.69913	1.60.1.70245
SUBSCRIPTION_INTERSTITIAL_UPGRADE_BUTTON	1.60.1.69913	1.60.1.70245
SUBSCRIPTION_INTERSTITIAL_UPGRADE_TITLE	1.60.1.69913	1.60.1.70245
SUBSCRIPTION_INTERSTITIAL_UPGRADE_TITLE_SUBTEXT	1.60.1.69913	1.60.1.70245
SUCCESS	1.60.1.69913	1.60.1.70245
SUGGEST_INVITE	1.60.1.69913	1.60.1.70245
SUMMARY_ACHIEVEMENT_INCOMPLETE	1.60.1.69913	1.60.1.70245
SUMMARY_ACHIEVEMENT_INCOMPLETE_TEXT	1.60.1.69913	1.60.1.70245
SUMMONS	1.60.1.69913	1.60.1.70245
SUPER_TRACK_QUEST	1.60.1.69913	1.60.1.70245
SURRENDER_ARENA	1.60.1.69913	1.60.1.70245
SWING_DAMAGE_COMBATLOG_TOOLTIP	1.60.1.69913	1.60.1.70245
SWING_MISSED_COMBATLOG_TOOLTIP	1.60.1.69913	1.60.1.70245
SWING_TIMER_LABEL	1.60.1.69913	1.60.1.70245
SWING_TIMER_MAIN_HAND	1.60.1.69913	1.60.1.70245
SWING_TIMER_OFF_HAND	1.60.1.69913	1.60.1.70245
SWING_TIMER_RANGED	1.60.1.69913	1.60.1.70245
SYSTEM	1.60.1.69913	1.60.1.70245
SYSTEMOPTIONS_MENU	1.60.1.69913	1.60.1.70245
SYSTEM_MESSAGES	1.60.1.69913	1.60.1.70245
ServerMessage:1	1.60.1.70170	1.60.1.70245
ServerMessage:11	1.60.1.70170	1.60.1.70245
ServerMessage:12	1.60.1.70170	1.60.1.70245
ServerMessage:13	1.60.1.70170	1.60.1.70245
ServerMessage:17	1.60.1.70170	1.60.1.70245
ServerMessage:18	1.60.1.70170	1.60.1.70245
ServerMessage:2	1.60.1.70170	1.60.1.70245
ServerMessage:4	1.60.1.70170	1.60.1.70245
ServerMessage:5	1.60.1.70170	1.60.1.70245
ServerMessage:6	1.60.1.70170	1.60.1.70245
ServerMessage:7	1.60.1.70170	1.60.1.70245
ServerMessage:8	1.60.1.70170	1.60.1.70245
ServerMessage:9	1.60.1.70170	1.60.1.70245
SharedString:1137	1.60.1.70170	1.60.1.70245
SharedString:1138	1.60.1.70170	1.60.1.70245
SharedString:1139	1.60.1.70170	1.60.1.70245
SharedString:1140	1.60.1.70170	1.60.1.70245
SharedString:1141	1.60.1.70170	1.60.1.70245
SharedString:1142	1.60.1.70170	1.60.1.70245
SharedString:1143	1.60.1.70170	1.60.1.70245
SharedString:1144	1.60.1.70170	1.60.1.70245
SharedString:1145	1.60.1.70170	1.60.1.70245
SharedString:1146	1.60.1.70170	1.60.1.70245
SharedString:1152	1.60.1.70170	1.60.1.70245
SharedString:1159	1.60.1.70170	1.60.1.70245
SharedString:1318	1.60.1.70170	1.60.1.70245
SharedString:911	1.60.1.70170	1.60.1.70245
SharedString:992	1.60.1.70170	1.60.1.70245
SharedString:993	1.60.1.70170	1.60.1.70245
SharedString:994	1.60.1.70170	1.60.1.70245
SharedString:995	1.60.1.70170	1.60.1.70245
SharedString:996	1.60.1.70170	1.60.1.70245
SkillCategory:10	1.60.1.70009	1.60.1.70245
SkillCategory:11	1.60.1.70009	1.60.1.70245
SkillCategory:222	1.60.1.70009	1.60.1.70245
SkillCategory:5	1.60.1.70009	1.60.1.70245
SkillCategory:6	1.60.1.70009	1.60.1.70245
SkillCategory:7	1.60.1.70009	1.60.1.70245
SkillCategory:8	1.60.1.70009	1.60.1.70245
SkillCategory:9	1.60.1.70009	1.60.1.70245
SkillLineDescription:129	1.60.1.70009	1.60.1.70245
SkillLineDescription:162	1.60.1.70009	1.60.1.70245
SkillLineDescription:164	1.60.1.70009	1.60.1.70245
SkillLineDescription:165	1.60.1.70009	1.60.1.70245
SkillLineDescription:171	1.60.1.70009	1.60.1.70245
SkillLineDescription:182	1.60.1.70009	1.60.1.70245
SkillLineDescription:185	1.60.1.70009	1.60.1.70245
SkillLineDescription:186	1.60.1.70009	1.60.1.70245
SkillLineDescription:197	1.60.1.70009	1.60.1.70245
SkillLineDescription:202	1.60.1.70009	1.60.1.70245
SkillLineDescription:2851	1.60.1.70009	1.60.1.70245
SkillLineDescription:293	1.60.1.70009	1.60.1.70245
SkillLineDescription:2933	1.60.1.70009	1.60.1.70245
SkillLineDescription:333	1.60.1.70009	1.60.1.70245
SkillLineDescription:356	1.60.1.70009	1.60.1.70245
SkillLineDescription:393	1.60.1.70009	1.60.1.70245
SkillLineDescription:413	1.60.1.70009	1.60.1.70245
SkillLineDescription:414	1.60.1.70009	1.60.1.70245
SkillLineDescription:415	1.60.1.70009	1.60.1.70245
SkillLineDescription:43	1.60.1.70009	1.60.1.70245
SkillLineDescription:433	1.60.1.70009	1.60.1.70245
SkillLineDescription:473	1.60.1.70009	1.60.1.70245
SkillLineDescription:762	1.60.1.70009	1.60.1.70245
SkillLineDescription:777	1.60.1.70009	1.60.1.70245
SkillLineDescription:778	1.60.1.70009	1.60.1.70245
SkillLineDescription:95	1.60.1.70009	1.60.1.70245
SpellItemEnchantment:100	1.60.1.69913	1.60.1.70245
SpellItemEnchantment:101	1.60.1.69913	1.60.1.70245
SpellItemEnchantment:102	1.60.1.69913	1.60.1.70245
SpellItemEnchantment:103	1.60.1.69913	1.60.1.70245
SpellItemEnchantment:104	1.60.1.69913	1.60.1.70245
SpellItemEnchantment:1043	1.60.1.69913	1.60.1.70245
SpellItemEnchantment:1044	1.60.1.69913	1.60.1.70245
SpellItemEnchantment:1045	1.60.1.69913	1.60.1.70245
SpellItemEnchantment:1046	1.60.1.69913	1.60.1.70245
SpellItemEnchantment:1047	1.60.1.69913	1.60.1.70245
SpellItemEnchantment:1048	1.60.1.69913	1.60.1.70245
SpellItemEnchantment:1049	1.60.1.69913	1.60.1.70245
SpellItemEnchantment:105	1.60.1.69913	1.60.1.70245
SpellItemEnchantment:1050	1.60.1.69913	1.60.1.70245
SpellItemEnchantment:1051	1.60.1.69913	1.60.1.70245
SpellItemEnchantment:1052	1.60.1.69913	1.60.1.70245
SpellItemEnchantment:1053	1.60.1.69913	1.60.1.70245
SpellItemEnchantment:1054	1.60.1.69913	1.60.1.70245
SpellItemEnchantment:1055	1.60.1.69913	1.60.1.70245
SpellItemEnchantment:1056	1.60.1.69913	1.60.1.70245
SpellItemEnchantment:1057	1.60.1.69913	1.60.1.70245
SpellItemEnchantment:1058	1.60.1.69913	1.60.1.70245
SpellItemEnchantment:1059	1.60.1.69913	1.60.1.70245
SpellItemEnchantment:106	1.60.1.69913	1.60.1.70245
SpellItemEnchantment:1060	1.60.1.69913	1.60.1.70245
SpellItemEnchantment:1061	1.60.1.69913	1.60.1.70245
SpellItemEnchantment:1062	1.60.1.69913	1.60.1.70245
SpellItemEnchantment:1063	1.60.1.69913	1.60.1.70245
SpellItemEnchantment:1064	1.60.1.69913	1.60.1.70245
SpellItemEnchantment:1065	1.60.1.69913	1.60.1.70245
SpellItemEnchantment:1066	1.60.1.69913	1.60.1.70245
SpellItemEnchantment:1067	1.60.1.69913	1.60.1.70245
SpellItemEnchantment:1068	1.60.1.69913	1.60.1.70245
SpellItemEnchantment:1069	1.60.1.69913	1.60.1.70245
SpellItemEnchantment:107	1.60.1.69913	1.60.1.70245
SpellItemEnchantment:1070	1.60.1.69913	1.60.1.70245
SpellItemEnchantment:1071	1.60.1.69913	1.60.1.70245
SpellItemEnchantment:1072	1.60.1.69913	1.60.1.70245
SpellItemEnchantment:1073	1.60.1.69913	1.60.1.70245
SpellItemEnchantment:1074	1.60.1.69913	1.60.1.70245
SpellItemEnchantment:1075	1.60.1.69913	1.60.1.70245
SpellItemEnchantment:1076	1.60.1.69913	1.60.1.70245
SpellItemEnchantment:1077	1.60.1.69913	1.60.1.70245
SpellItemEnchantment:1078	1.60.1.69913	1.60.1.70245
SpellItemEnchantment:1079	1.60.1.69913	1.60.1.70245
SpellItemEnchantment:108	1.60.1.69913	1.60.1.70245
SpellItemEnchantment:1080	1.60.1.69913	1.60.1.70245
SpellItemEnchantment:1081	1.60.1.69913	1.60.1.70245
SpellItemEnchantment:1082	1.60.1.69913	1.60.1.70245
SpellItemEnchantment:1083	1.60.1.69913	1.60.1.70245
SpellItemEnchantment:1084	1.60.1.69913	1.60.1.70245
SpellItemEnchantment:1085	1.60.1.69913	1.60.1.70245
SpellItemEnchantment:1086	1.60.1.69913	1.60.1.70245
SpellItemEnchantment:1087	1.60.1.69913	1.60.1.70245
SpellItemEnchantment:1088	1.60.1.69913	1.60.1.70245
SpellItemEnchantment:1089	1.60.1.69913	1.60.1.70245
SpellItemEnchantment:109	1.60.1.69913	1.60.1.70245
SpellItemEnchantment:1090	1.60.1.69913	1.60.1.70245
SpellItemEnchantment:1091	1.60.1.69913	1.60.1.70245
SpellItemEnchantment:1092	1.60.1.69913	1.60.1.70245
SpellItemEnchantment:1093	1.60.1.69913	1.60.1.70245
SpellItemEnchantment:1094	1.60.1.69913	1.60.1.70245
SpellItemEnchantment:1095	1.60.1.69913	1.60.1.70245
SpellItemEnchantment:1096	1.60.1.69913	1.60.1.70245
SpellItemEnchantment:1097	1.60.1.69913	1.60.1.70245
SpellItemEnchantment:1098	1.60.1.69913	1.60.1.70245
SpellItemEnchantment:1099	1.60.1.69913	1.60.1.70245
SpellItemEnchantment:110	1.60.1.69913	1.60.1.70245
SpellItemEnchantment:1100	1.60.1.69913	1.60.1.70245
SpellItemEnchantment:1101	1.60.1.69913	1.60.1.70245
SpellItemEnchantment:1102	1.60.1.69913	1.60.1.70245
SpellItemEnchantment:1103	1.60.1.69913	1.60.1.70245
SpellItemEnchantment:1104	1.60.1.69913	1.60.1.70245
SpellItemEnchantment:1105	1.60.1.69913	1.60.1.70245
SpellItemEnchantment:1106	1.60.1.69913	1.60.1.70245
SpellItemEnchantment:1107	1.60.1.69913	1.60.1.70245
SpellItemEnchantment:1108	1.60.1.69913	1.60.1.70245
SpellItemEnchantment:1109	1.60.1.69913	1.60.1.70245
SpellItemEnchantment:111	1.60.1.69913	1.60.1.70245
SpellItemEnchantment:1110	1.60.1.69913	1.60.1.70245
SpellItemEnchantment:1111	1.60.1.69913	1.60.1.70245
SpellItemEnchantment:1112	1.60.1.69913	1.60.1.70245
SpellItemEnchantment:1113	1.60.1.69913	1.60.1.70245
SpellItemEnchantment:1114	1.60.1.69913	1.60.1.70245
SpellItemEnchantment:1115	1.60.1.69913	1.60.1.70245
SpellItemEnchantment:1116	1.60.1.69913	1.60.1.70245
SpellItemEnchantment:1117	1.60.1.69913	1.60.1.70245
SpellItemEnchantment:1118	1.60.1.69913	1.60.1.70245
SpellItemEnchantment:1119	1.60.1.69913	1.60.1.70245
SpellItemEnchantment:112	1.60.1.69913	1.60.1.70245
SpellItemEnchantment:1120	1.60.1.69913	1.60.1.70245
SpellItemEnchantment:1121	1.60.1.69913	1.60.1.70245
SpellItemEnchantment:1122	1.60.1.69913	1.60.1.70245
SpellItemEnchantment:1123	1.60.1.69913	1.60.1.70245
SpellItemEnchantment:1124	1.60.1.69913	1.60.1.70245
SpellItemEnchantment:1125	1.60.1.69913	1.60.1.70245
SpellItemEnchantment:1126	1.60.1.69913	1.60.1.70245
SpellItemEnchantment:1127	1.60.1.69913	1.60.1.70245
SpellItemEnchantment:1128	1.60.1.69913	1.60.1.70245
SpellItemEnchantment:1129	1.60.1.69913	1.60.1.70245
SpellItemEnchantment:113	1.60.1.69913	1.60.1.70245
SpellItemEnchantment:1130	1.60.1.69913	1.60.1.70245
SpellItemEnchantment:1131	1.60.1.69913	1.60.1.70245
SpellItemEnchantment:1132	1.60.1.69913	1.60.1.70245
SpellItemEnchantment:1133	1.60.1.69913	1.60.1.70245
SpellItemEnchantment:1134	1.60.1.69913	1.60.1.70245
SpellItemEnchantment:1135	1.60.1.69913	1.60.1.70245
SpellItemEnchantment:1136	1.60.1.69913	1.60.1.70245
SpellItemEnchantment:1137	1.60.1.69913	1.60.1.70245
SpellItemEnchantment:1138	1.60.1.69913	1.60.1.70245
SpellItemEnchantment:1139	1.60.1.69913	1.60.1.70245
SpellItemEnchantment:114	1.60.1.69913	1.60.1.70245
SpellItemEnchantment:1140	1.60.1.69913	1.60.1.70245
SpellItemEnchantment:1141	1.60.1.69913	1.60.1.70245
SpellItemEnchantment:1142	1.60.1.69913	1.60.1.70245
SpellItemEnchantment:1143	1.60.1.69913	1.60.1.70245
SpellItemEnchantment:1144	1.60.1.69913	1.60.1.70245
SpellItemEnchantment:1145	1.60.1.69913	1.60.1.70245
SpellItemEnchantment:1146	1.60.1.69913	1.60.1.70245
SpellItemEnchantment:1147	1.60.1.69913	1.60.1.70245
SpellItemEnchantment:1148	1.60.1.69913	1.60.1.70245
SpellItemEnchantment:1149	1.60.1.69913	1.60.1.70245
SpellItemEnchantment:115	1.60.1.69913	1.60.1.70245
SpellItemEnchantment:1150	1.60.1.69913	1.60.1.70245
SpellItemEnchantment:1151	1.60.1.69913	1.60.1.70245
SpellItemEnchantment:1152	1.60.1.69913	1.60.1.70245
SpellItemEnchantment:1153	1.60.1.69913	1.60.1.70245
SpellItemEnchantment:1154	1.60.1.69913	1.60.1.70245
SpellItemEnchantment:1155	1.60.1.69913	1.60.1.70245
SpellItemEnchantment:1156	1.60.1.69913	1.60.1.70245
SpellItemEnchantment:1157	1.60.1.69913	1.60.1.70245
SpellItemEnchantment:1158	1.60.1.69913	1.60.1.70245
SpellItemEnchantment:1159	1.60.1.69913	1.60.1.70245
SpellItemEnchantment:116	1.60.1.69913	1.60.1.70245
SpellItemEnchantment:1160	1.60.1.69913	1.60.1.70245
SpellItemEnchantment:1161	1.60.1.69913	1.60.1.70245
SpellItemEnchantment:1162	1.60.1.69913	1.60.1.70245
SpellItemEnchantment:1163	1.60.1.69913	1.60.1.70245
SpellItemEnchantment:1164	1.60.1.69913	1.60.1.70245
SpellItemEnchantment:1165	1.60.1.69913	1.60.1.70245
SpellItemEnchantment:1166	1.60.1.69913	1.60.1.70245
SpellItemEnchantment:1167	1.60.1.69913	1.60.1.70245
SpellItemEnchantment:1168	1.60.1.69913	1.60.1.70245
SpellItemEnchantment:117	1.60.1.69913	1.60.1.70245
SpellItemEnchantment:118	1.60.1.69913	1.60.1.70245
SpellItemEnchantment:1183	1.60.1.69913	1.60.1.70245
SpellItemEnchantment:119	1.60.1.69913	1.60.1.70245
SpellItemEnchantment:120	1.60.1.69913	1.60.1.70245
SpellItemEnchantment:1203	1.60.1.69913	1.60.1.70245
SpellItemEnchantment:1204	1.60.1.69913	1.60.1.70245
SpellItemEnchantment:1205	1.60.1.69913	1.60.1.70245
SpellItemEnchantment:1206	1.60.1.69913	1.60.1.70245
SpellItemEnchantment:1207	1.60.1.69913	1.60.1.70245
SpellItemEnchantment:1208	1.60.1.69913	1.60.1.70245
SpellItemEnchantment:1209	1.60.1.69913	1.60.1.70245
SpellItemEnchantment:121	1.60.1.69913	1.60.1.70245
SpellItemEnchantment:1210	1.60.1.69913	1.60.1.70245
SpellItemEnchantment:1211	1.60.1.69913	1.60.1.70245
SpellItemEnchantment:1212	1.60.1.69913	1.60.1.70245
SpellItemEnchantment:1213	1.60.1.69913	1.60.1.70245
SpellItemEnchantment:1214	1.60.1.69913	1.60.1.70245
SpellItemEnchantment:1215	1.60.1.69913	1.60.1.70245
SpellItemEnchantment:1216	1.60.1.69913	1.60.1.70245
SpellItemEnchantment:1217	1.60.1.69913	1.60.1.70245
SpellItemEnchantment:1218	1.60.1.69913	1.60.1.70245
SpellItemEnchantment:1219	1.60.1.69913	1.60.1.70245
SpellItemEnchantment:122	1.60.1.69913	1.60.1.70245
SpellItemEnchantment:1220	1.60.1.69913	1.60.1.70245
SpellItemEnchantment:1221	1.60.1.69913	1.60.1.70245
SpellItemEnchantment:1222	1.60.1.69913	1.60.1.70245
SpellItemEnchantment:1223	1.60.1.69913	1.60.1.70245
SpellItemEnchantment:1224	1.60.1.69913	1.60.1.70245
SpellItemEnchantment:1225	1.60.1.69913	1.60.1.70245
SpellItemEnchantment:1226	1.60.1.69913	1.60.1.70245
SpellItemEnchantment:1227	1.60.1.69913	1.60.1.70245
SpellItemEnchantment:1228	1.60.1.69913	1.60.1.70245
SpellItemEnchantment:1229	1.60.1.69913	1.60.1.70245
SpellItemEnchantment:123	1.60.1.69913	1.60.1.70245
SpellItemEnchantment:1230	1.60.1.69913	1.60.1.70245
SpellItemEnchantment:1231	1.60.1.69913	1.60.1.70245
SpellItemEnchantment:1232	1.60.1.69913	1.60.1.70245
SpellItemEnchantment:1243	1.60.1.69913	1.60.1.70245
SpellItemEnchantment:1244	1.60.1.69913	1.60.1.70245
SpellItemEnchantment:1245	1.60.1.69913	1.60.1.70245
SpellItemEnchantment:1246	1.60.1.69913	1.60.1.70245
SpellItemEnchantment:1247	1.60.1.69913	1.60.1.70245
SpellItemEnchantment:1248	1.60.1.69913	1.60.1.70245
SpellItemEnchantment:1249	1.60.1.69913	1.60.1.70245
SpellItemEnchantment:1250	1.60.1.69913	1.60.1.70245
SpellItemEnchantment:1251	1.60.1.69913	1.60.1.70245
SpellItemEnchantment:1252	1.60.1.69913	1.60.1.70245
SpellItemEnchantment:1253	1.60.1.69913	1.60.1.70245
SpellItemEnchantment:1254	1.60.1.69913	1.60.1.70245
SpellItemEnchantment:1255	1.60.1.69913	1.60.1.70245
SpellItemEnchantment:1256	1.60.1.69913	1.60.1.70245
SpellItemEnchantment:1257	1.60.1.69913	1.60.1.70245
SpellItemEnchantment:1258	1.60.1.69913	1.60.1.70245
SpellItemEnchantment:1259	1.60.1.69913	1.60.1.70245
SpellItemEnchantment:1260	1.60.1.69913	1.60.1.70245
SpellItemEnchantment:1261	1.60.1.69913	1.60.1.70245
SpellItemEnchantment:1262	1.60.1.69913	1.60.1.70245
SpellItemEnchantment:1263	1.60.1.69913	1.60.1.70245
SpellItemEnchantment:1264	1.60.1.69913	1.60.1.70245
SpellItemEnchantment:1265	1.60.1.69913	1.60.1.70245
SpellItemEnchantment:1266	1.60.1.69913	1.60.1.70245
SpellItemEnchantment:1267	1.60.1.69913	1.60.1.70245
SpellItemEnchantment:1268	1.60.1.69913	1.60.1.70245
SpellItemEnchantment:1269	1.60.1.69913	1.60.1.70245
SpellItemEnchantment:1270	1.60.1.69913	1.60.1.70245
SpellItemEnchantment:1271	1.60.1.69913	1.60.1.70245
SpellItemEnchantment:1272	1.60.1.69913	1.60.1.70245
SpellItemEnchantment:1273	1.60.1.69913	1.60.1.70245
SpellItemEnchantment:1274	1.60.1.69913	1.60.1.70245
SpellItemEnchantment:1275	1.60.1.69913	1.60.1.70245
SpellItemEnchantment:1276	1.60.1.69913	1.60.1.70245
SpellItemEnchantment:1277	1.60.1.69913	1.60.1.70245
SpellItemEnchantment:1278	1.60.1.69913	1.60.1.70245
SpellItemEnchantment:1279	1.60.1.69913	1.60.1.70245
SpellItemEnchantment:1280	1.60.1.69913	1.60.1.70245
SpellItemEnchantment:1281	1.60.1.69913	1.60.1.70245
SpellItemEnchantment:1282	1.60.1.69913	1.60.1.70245
SpellItemEnchantment:1283	1.60.1.69913	1.60.1.70245
SpellItemEnchantment:1284	1.60.1.69913	1.60.1.70245
SpellItemEnchantment:1285	1.60.1.69913	1.60.1.70245
SpellItemEnchantment:1286	1.60.1.69913	1.60.1.70245
SpellItemEnchantment:1287	1.60.1.69913	1.60.1.70245
SpellItemEnchantment:1288	1.60.1.69913	1.60.1.70245
SpellItemEnchantment:1289	1.60.1.69913	1.60.1.70245
SpellItemEnchantment:1290	1.60.1.69913	1.60.1.70245
SpellItemEnchantment:1291	1.60.1.69913	1.60.1.70245
SpellItemEnchantment:1292	1.60.1.69913	1.60.1.70245
SpellItemEnchantment:1293	1.60.1.69913	1.60.1.70245
SpellItemEnchantment:1294	1.60.1.69913	1.60.1.70245
SpellItemEnchantment:1295	1.60.1.69913	1.60.1.70245
SpellItemEnchantment:1296	1.60.1.69913	1.60.1.70245
SpellItemEnchantment:1297	1.60.1.69913	1.60.1.70245
SpellItemEnchantment:1298	1.60.1.69913	1.60.1.70245
SpellItemEnchantment:1299	1.60.1.69913	1.60.1.70245
SpellItemEnchantment:1300	1.60.1.69913	1.60.1.70245
SpellItemEnchantment:1301	1.60.1.69913	1.60.1.70245
SpellItemEnchantment:1302	1.60.1.69913	1.60.1.70245
SpellItemEnchantment:1303	1.60.1.69913	1.60.1.70245
SpellItemEnchantment:1304	1.60.1.69913	1.60.1.70245
SpellItemEnchantment:1305	1.60.1.69913	1.60.1.70245
SpellItemEnchantment:1306	1.60.1.69913	1.60.1.70245
SpellItemEnchantment:1307	1.60.1.69913	1.60.1.70245
SpellItemEnchantment:1308	1.60.1.69913	1.60.1.70245
SpellItemEnchantment:1309	1.60.1.69913	1.60.1.70245
SpellItemEnchantment:1310	1.60.1.69913	1.60.1.70245
SpellItemEnchantment:1311	1.60.1.69913	1.60.1.70245
SpellItemEnchantment:1312	1.60.1.69913	1.60.1.70245
SpellItemEnchantment:1313	1.60.1.69913	1.60.1.70245
SpellItemEnchantment:1314	1.60.1.69913	1.60.1.70245
SpellItemEnchantment:1315	1.60.1.69913	1.60.1.70245
SpellItemEnchantment:1316	1.60.1.69913	1.60.1.70245
SpellItemEnchantment:1317	1.60.1.69913	1.60.1.70245
SpellItemEnchantment:1318	1.60.1.69913	1.60.1.70245
SpellItemEnchantment:1319	1.60.1.69913	1.60.1.70245
SpellItemEnchantment:1320	1.60.1.69913	1.60.1.70245
SpellItemEnchantment:1321	1.60.1.69913	1.60.1.70245
SpellItemEnchantment:1322	1.60.1.69913	1.60.1.70245
SpellItemEnchantment:1323	1.60.1.69913	1.60.1.70245
SpellItemEnchantment:1324	1.60.1.69913	1.60.1.70245
SpellItemEnchantment:1325	1.60.1.69913	1.60.1.70245
SpellItemEnchantment:1326	1.60.1.69913	1.60.1.70245
SpellItemEnchantment:1327	1.60.1.69913	1.60.1.70245
SpellItemEnchantment:1328	1.60.1.69913	1.60.1.70245
SpellItemEnchantment:1329	1.60.1.69913	1.60.1.70245
SpellItemEnchantment:1330	1.60.1.69913	1.60.1.70245
SpellItemEnchantment:1331	1.60.1.69913	1.60.1.70245
SpellItemEnchantment:1332	1.60.1.69913	1.60.1.70245
SpellItemEnchantment:1333	1.60.1.69913	1.60.1.70245
SpellItemEnchantment:1334	1.60.1.69913	1.60.1.70245
SpellItemEnchantment:1335	1.60.1.69913	1.60.1.70245
SpellItemEnchantment:1336	1.60.1.69913	1.60.1.70245
SpellItemEnchantment:1337	1.60.1.69913	1.60.1.70245
SpellItemEnchantment:1338	1.60.1.69913	1.60.1.70245
SpellItemEnchantment:1339	1.60.1.69913	1.60.1.70245
SpellItemEnchantment:1340	1.60.1.69913	1.60.1.70245
SpellItemEnchantment:1341	1.60.1.69913	1.60.1.70245
SpellItemEnchantment:1342	1.60.1.69913	1.60.1.70245
SpellItemEnchantment:1343	1.60.1.69913	1.60.1.70245
SpellItemEnchantment:1344	1.60.1.69913	1.60.1.70245
SpellItemEnchantment:1345	1.60.1.69913	1.60.1.70245
SpellItemEnchantment:1346	1.60.1.69913	1.60.1.70245
SpellItemEnchantment:1347	1.60.1.69913	1.60.1.70245
SpellItemEnchantment:1348	1.60.1.69913	1.60.1.70245
SpellItemEnchantment:1349	1.60.1.69913	1.60.1.70245
SpellItemEnchantment:1350	1.60.1.69913	1.60.1.70245
SpellItemEnchantment:1351	1.60.1.69913	1.60.1.70245
SpellItemEnchantment:1352	1.60.1.69913	1.60.1.70245
SpellItemEnchantment:1353	1.60.1.69913	1.60.1.70245
SpellItemEnchantment:1354	1.60.1.69913	1.60.1.70245
SpellItemEnchantment:1355	1.60.1.69913	1.60.1.70245
SpellItemEnchantment:1356	1.60.1.69913	1.60.1.70245
SpellItemEnchantment:1357	1.60.1.69913	1.60.1.70245
SpellItemEnchantment:1358	1.60.1.69913	1.60.1.70245
SpellItemEnchantment:1359	1.60.1.69913	1.60.1.70245
SpellItemEnchantment:1360	1.60.1.69913	1.60.1.70245
SpellItemEnchantment:1361	1.60.1.69913	1.60.1.70245
SpellItemEnchantment:1362	1.60.1.69913	1.60.1.70245
SpellItemEnchantment:1363	1.60.1.69913	1.60.1.70245
SpellItemEnchantment:1364	1.60.1.69913	1.60.1.70245
SpellItemEnchantment:1365	1.60.1.69913	1.60.1.70245
SpellItemEnchantment:1366	1.60.1.69913	1.60.1.70245
SpellItemEnchantment:1367	1.60.1.69913	1.60.1.70245
SpellItemEnchantment:1368	1.60.1.69913	1.60.1.70245
SpellItemEnchantment:1369	1.60.1.69913	1.60.1.70245
SpellItemEnchantment:1370	1.60.1.69913	1.60.1.70245
SpellItemEnchantment:1371	1.60.1.69913	1.60.1.70245
SpellItemEnchantment:1372	1.60.1.69913	1.60.1.70245
SpellItemEnchantment:1373	1.60.1.69913	1.60.1.70245
SpellItemEnchantment:1374	1.60.1.69913	1.60.1.70245
SpellItemEnchantment:1375	1.60.1.69913	1.60.1.70245
SpellItemEnchantment:1376	1.60.1.69913	1.60.1.70245
SpellItemEnchantment:1377	1.60.1.69913	1.60.1.70245
SpellItemEnchantment:1378	1.60.1.69913	1.60.1.70245
SpellItemEnchantment:1379	1.60.1.69913	1.60.1.70245
SpellItemEnchantment:1380	1.60.1.69913	1.60.1.70245
SpellItemEnchantment:1381	1.60.1.69913	1.60.1.70245
SpellItemEnchantment:1382	1.60.1.69913	1.60.1.70245
SpellItemEnchantment:1383	1.60.1.69913	1.60.1.70245
SpellItemEnchantment:1384	1.60.1.69913	1.60.1.70245
SpellItemEnchantment:1385	1.60.1.69913	1.60.1.70245
SpellItemEnchantment:1386	1.60.1.69913	1.60.1.70245
SpellItemEnchantment:1387	1.60.1.69913	1.60.1.70245
SpellItemEnchantment:1388	1.60.1.69913	1.60.1.70245
SpellItemEnchantment:1389	1.60.1.69913	1.60.1.70245
SpellItemEnchantment:1390	1.60.1.69913	1.60.1.70245
SpellItemEnchantment:1391	1.60.1.69913	1.60.1.70245
SpellItemEnchantment:1392	1.60.1.69913	1.60.1.70245
SpellItemEnchantment:1393	1.60.1.69913	1.60.1.70245
SpellItemEnchantment:1394	1.60.1.69913	1.60.1.70245
SpellItemEnchantment:1395	1.60.1.69913	1.60.1.70245
SpellItemEnchantment:1396	1.60.1.69913	1.60.1.70245
SpellItemEnchantment:1397	1.60.1.69913	1.60.1.70245
SpellItemEnchantment:1398	1.60.1.69913	1.60.1.70245
SpellItemEnchantment:1399	1.60.1.69913	1.60.1.70245
SpellItemEnchantment:1400	1.60.1.69913	1.60.1.70245
SpellItemEnchantment:1401	1.60.1.69913	1.60.1.70245
SpellItemEnchantment:1402	1.60.1.69913	1.60.1.70245
SpellItemEnchantment:1403	1.60.1.69913	1.60.1.70245
SpellItemEnchantment:1404	1.60.1.69913	1.60.1.70245
SpellItemEnchantment:1405	1.60.1.69913	1.60.1.70245
SpellItemEnchantment:1406	1.60.1.69913	1.60.1.70245
SpellItemEnchantment:1407	1.60.1.69913	1.60.1.70245
SpellItemEnchantment:1408	1.60.1.69913	1.60.1.70245
SpellItemEnchantment:1409	1.60.1.69913	1.60.1.70245
SpellItemEnchantment:1410	1.60.1.69913	1.60.1.70245
SpellItemEnchantment:1411	1.60.1.69913	1.60.1.70245
SpellItemEnchantment:1412	1.60.1.69913	1.60.1.70245
SpellItemEnchantment:1413	1.60.1.69913	1.60.1.70245
SpellItemEnchantment:1414	1.60.1.69913	1.60.1.70245
SpellItemEnchantment:1415	1.60.1.69913	1.60.1.70245
SpellItemEnchantment:1416	1.60.1.69913	1.60.1.70245
SpellItemEnchantment:1417	1.60.1.69913	1.60.1.70245
SpellItemEnchantment:1418	1.60.1.69913	1.60.1.70245
SpellItemEnchantment:1419	1.60.1.69913	1.60.1.70245
SpellItemEnchantment:1420	1.60.1.69913	1.60.1.70245
SpellItemEnchantment:1421	1.60.1.69913	1.60.1.70245
SpellItemEnchantment:1422	1.60.1.69913	1.60.1.70245
SpellItemEnchantment:1423	1.60.1.69913	1.60.1.70245
SpellItemEnchantment:1424	1.60.1.69913	1.60.1.70245
SpellItemEnchantment:1425	1.60.1.69913	1.60.1.70245
SpellItemEnchantment:1426	1.60.1.69913	1.60.1.70245
SpellItemEnchantment:1427	1.60.1.69913	1.60.1.70245
SpellItemEnchantment:1428	1.60.1.69913	1.60.1.70245
SpellItemEnchantment:1429	1.60.1.69913	1.60.1.70245
SpellItemEnchantment:1430	1.60.1.69913	1.60.1.70245
SpellItemEnchantment:1431	1.60.1.69913	1.60.1.70245
SpellItemEnchantment:1432	1.60.1.69913	1.60.1.70245
SpellItemEnchantment:1433	1.60.1.69913	1.60.1.70245
SpellItemEnchantment:1434	1.60.1.69913	1.60.1.70245
SpellItemEnchantment:1435	1.60.1.69913	1.60.1.70245
SpellItemEnchantment:1436	1.60.1.69913	1.60.1.70245
SpellItemEnchantment:1437	1.60.1.69913	1.60.1.70245
SpellItemEnchantment:1438	1.60.1.69913	1.60.1.70245
SpellItemEnchantment:1439	1.60.1.69913	1.60.1.70245
SpellItemEnchantment:1440	1.60.1.69913	1.60.1.70245
SpellItemEnchantment:1441	1.60.1.69913	1.60.1.70245
SpellItemEnchantment:1442	1.60.1.69913	1.60.1.70245
SpellItemEnchantment:1443	1.60.1.69913	1.60.1.70245
SpellItemEnchantment:1444	1.60.1.69913	1.60.1.70245
SpellItemEnchantment:1445	1.60.1.69913	1.60.1.70245
SpellItemEnchantment:1446	1.60.1.69913	1.60.1.70245
SpellItemEnchantment:1447	1.60.1.69913	1.60.1.70245
SpellItemEnchantment:1448	1.60.1.69913	1.60.1.70245
SpellItemEnchantment:1449	1.60.1.69913	1.60.1.70245
SpellItemEnchantment:1450	1.60.1.69913	1.60.1.70245
SpellItemEnchantment:1451	1.60.1.69913	1.60.1.70245
SpellItemEnchantment:1452	1.60.1.69913	1.60.1.70245
SpellItemEnchantment:1453	1.60.1.69913	1.60.1.70245
SpellItemEnchantment:1454	1.60.1.69913	1.60.1.70245
SpellItemEnchantment:1455	1.60.1.69913	1.60.1.70245
SpellItemEnchantment:1456	1.60.1.69913	1.60.1.70245
SpellItemEnchantment:1457	1.60.1.69913	1.60.1.70245
SpellItemEnchantment:1458	1.60.1.69913	1.60.1.70245
SpellItemEnchantment:1459	1.60.1.69913	1.60.1.70245
SpellItemEnchantment:1460	1.60.1.69913	1.60.1.70245
SpellItemEnchantment:1461	1.60.1.69913	1.60.1.70245
SpellItemEnchantment:1462	1.60.1.69913	1.60.1.70245
SpellItemEnchantment:1463	1.60.1.69913	1.60.1.70245
SpellItemEnchantment:1464	1.60.1.69913	1.60.1.70245
SpellItemEnchantment:1465	1.60.1.69913	1.60.1.70245
SpellItemEnchantment:1466	1.60.1.69913	1.60.1.70245
SpellItemEnchantment:1467	1.60.1.69913	1.60.1.70245
SpellItemEnchantment:1468	1.60.1.69913	1.60.1.70245
SpellItemEnchantment:1469	1.60.1.69913	1.60.1.70245
SpellItemEnchantment:1470	1.60.1.69913	1.60.1.70245
SpellItemEnchantment:1471	1.60.1.69913	1.60.1.70245
SpellItemEnchantment:1472	1.60.1.69913	1.60.1.70245
SpellItemEnchantment:1505	1.60.1.69913	1.60.1.70245
SpellItemEnchantment:1563	1.60.1.69913	1.60.1.70245
SpellItemEnchantment:1583	1.60.1.69913	1.60.1.70245
SpellItemEnchantment:1584	1.60.1.69913	1.60.1.70245
SpellItemEnchantment:1585	1.60.1.69913	1.60.1.70245
SpellItemEnchantment:1586	1.60.1.69913	1.60.1.70245
SpellItemEnchantment:1587	1.60.1.69913	1.60.1.70245
SpellItemEnchantment:1588	1.60.1.69913	1.60.1.70245
SpellItemEnchantment:1589	1.60.1.69913	1.60.1.70245
SpellItemEnchantment:1590	1.60.1.69913	1.60.1.70245
SpellItemEnchantment:1591	1.60.1.69913	1.60.1.70245
SpellItemEnchantment:1592	1.60.1.69913	1.60.1.70245
SpellItemEnchantment:1593	1.60.1.69913	1.60.1.70245
SpellItemEnchantment:1594	1.60.1.69913	1.60.1.70245
SpellItemEnchantment:1595	1.60.1.69913	1.60.1.70245
SpellItemEnchantment:1596	1.60.1.69913	1.60.1.70245
SpellItemEnchantment:1597	1.60.1.69913	1.60.1.70245
SpellItemEnchantment:1598	1.60.1.69913	1.60.1.70245
SpellItemEnchantment:1599	1.60.1.69913	1.60.1.70245
SpellItemEnchantment:1600	1.60.1.69913	1.60.1.70245
SpellItemEnchantment:1601	1.60.1.69913	1.60.1.70245
SpellItemEnchantment:1602	1.60.1.69913	1.60.1.70245
SpellItemEnchantment:1603	1.60.1.69913	1.60.1.70245
SpellItemEnchantment:1604	1.60.1.69913	1.60.1.70245
SpellItemEnchantment:1605	1.60.1.69913	1.60.1.70245
SpellItemEnchantment:1606	1.60.1.69913	1.60.1.70245
SpellItemEnchantment:1607	1.60.1.69913	1.60.1.70245
SpellItemEnchantment:1608	1.60.1.69913	1.60.1.70245
SpellItemEnchantment:1609	1.60.1.69913	1.60.1.70245
SpellItemEnchantment:1610	1.60.1.69913	1.60.1.70245
SpellItemEnchantment:1611	1.60.1.69913	1.60.1.70245
SpellItemEnchantment:1612	1.60.1.69913	1.60.1.70245
SpellItemEnchantment:1613	1.60.1.69913	1.60.1.70245
SpellItemEnchantment:1614	1.60.1.69913	1.60.1.70245
SpellItemEnchantment:1615	1.60.1.69913	1.60.1.70245
SpellItemEnchantment:1616	1.60.1.69913	1.60.1.70245
SpellItemEnchantment:1617	1.60.1.69913	1.60.1.70245
SpellItemEnchantment:1618	1.60.1.69913	1.60.1.70245
SpellItemEnchantment:1619	1.60.1.69913	1.60.1.70245
SpellItemEnchantment:1620	1.60.1.69913	1.60.1.70245
SpellItemEnchantment:1621	1.60.1.69913	1.60.1.70245
SpellItemEnchantment:1622	1.60.1.69913	1.60.1.70245
SpellItemEnchantment:1623	1.60.1.69913	1.60.1.70245
SpellItemEnchantment:1624	1.60.1.69913	1.60.1.70245
SpellItemEnchantment:1625	1.60.1.69913	1.60.1.70245
SpellItemEnchantment:1626	1.60.1.69913	1.60.1.70245
SpellItemEnchantment:1627	1.60.1.69913	1.60.1.70245
SpellItemEnchantment:188	1.60.1.69913	1.60.1.70245
SpellItemEnchantment:1888	1.60.1.69913	1.60.1.70245
SpellItemEnchantment:189	1.60.1.69913	1.60.1.70245
SpellItemEnchantment:190	1.60.1.69913	1.60.1.70245
SpellItemEnchantment:191	1.60.1.69913	1.60.1.70245
SpellItemEnchantment:192	1.60.1.69913	1.60.1.70245
SpellItemEnchantment:1923	1.60.1.69913	1.60.1.70245
SpellItemEnchantment:193	1.60.1.69913	1.60.1.70245
SpellItemEnchantment:194	1.60.1.69913	1.60.1.70245
SpellItemEnchantment:1943	1.60.1.69913	1.60.1.70245
SpellItemEnchantment:1944	1.60.1.69913	1.60.1.70245
SpellItemEnchantment:1945	1.60.1.69913	1.60.1.70245
SpellItemEnchantment:1946	1.60.1.69913	1.60.1.70245
SpellItemEnchantment:1947	1.60.1.69913	1.60.1.70245
SpellItemEnchantment:1948	1.60.1.69913	1.60.1.70245
SpellItemEnchantment:1949	1.60.1.69913	1.60.1.70245
SpellItemEnchantment:1950	1.60.1.69913	1.60.1.70245
SpellItemEnchantment:1951	1.60.1.69913	1.60.1.70245
SpellItemEnchantment:1952	1.60.1.69913	1.60.1.70245
SpellItemEnchantment:1953	1.60.1.69913	1.60.1.70245
SpellItemEnchantment:1954	1.60.1.69913	1.60.1.70245
SpellItemEnchantment:1955	1.60.1.69913	1.60.1.70245
SpellItemEnchantment:1956	1.60.1.69913	1.60.1.70245
SpellItemEnchantment:1957	1.60.1.69913	1.60.1.70245
SpellItemEnchantment:1958	1.60.1.69913	1.60.1.70245
SpellItemEnchantment:1959	1.60.1.69913	1.60.1.70245
SpellItemEnchantment:1960	1.60.1.69913	1.60.1.70245
SpellItemEnchantment:1961	1.60.1.69913	1.60.1.70245
SpellItemEnchantment:1962	1.60.1.69913	1.60.1.70245
SpellItemEnchantment:1963	1.60.1.69913	1.60.1.70245
SpellItemEnchantment:1964	1.60.1.69913	1.60.1.70245
SpellItemEnchantment:1965	1.60.1.69913	1.60.1.70245
SpellItemEnchantment:1966	1.60.1.69913	1.60.1.70245
SpellItemEnchantment:1967	1.60.1.69913	1.60.1.70245
SpellItemEnchantment:1968	1.60.1.69913	1.60.1.70245
SpellItemEnchantment:1969	1.60.1.69913	1.60.1.70245
SpellItemEnchantment:1970	1.60.1.69913	1.60.1.70245
SpellItemEnchantment:1971	1.60.1.69913	1.60.1.70245
SpellItemEnchantment:1972	1.60.1.69913	1.60.1.70245
SpellItemEnchantment:1973	1.60.1.69913	1.60.1.70245
SpellItemEnchantment:2040	1.60.1.69913	1.60.1.70245
SpellItemEnchantment:2041	1.60.1.69913	1.60.1.70245
SpellItemEnchantment:2042	1.60.1.69913	1.60.1.70245
SpellItemEnchantment:2043	1.60.1.69913	1.60.1.70245
SpellItemEnchantment:2044	1.60.1.69913	1.60.1.70245
SpellItemEnchantment:2045	1.60.1.69913	1.60.1.70245
SpellItemEnchantment:2046	1.60.1.69913	1.60.1.70245
SpellItemEnchantment:2047	1.60.1.69913	1.60.1.70245
SpellItemEnchantment:2048	1.60.1.69913	1.60.1.70245
SpellItemEnchantment:2049	1.60.1.69913	1.60.1.70245
SpellItemEnchantment:2050	1.60.1.69913	1.60.1.70245
SpellItemEnchantment:2051	1.60.1.69913	1.60.1.70245
SpellItemEnchantment:2052	1.60.1.69913	1.60.1.70245
SpellItemEnchantment:2053	1.60.1.69913	1.60.1.70245
SpellItemEnchantment:2054	1.60.1.69913	1.60.1.70245
SpellItemEnchantment:2055	1.60.1.69913	1.60.1.70245
SpellItemEnchantment:2056	1.60.1.69913	1.60.1.70245
SpellItemEnchantment:2057	1.60.1.69913	1.60.1.70245
SpellItemEnchantment:2058	1.60.1.69913	1.60.1.70245
SpellItemEnchantment:2059	1.60.1.69913	1.60.1.70245
SpellItemEnchantment:2060	1.60.1.69913	1.60.1.70245
SpellItemEnchantment:2061	1.60.1.69913	1.60.1.70245
SpellItemEnchantment:2062	1.60.1.69913	1.60.1.70245
SpellItemEnchantment:2063	1.60.1.69913	1.60.1.70245
SpellItemEnchantment:2064	1.60.1.69913	1.60.1.70245
SpellItemEnchantment:2065	1.60.1.69913	1.60.1.70245
SpellItemEnchantment:2066	1.60.1.69913	1.60.1.70245
SpellItemEnchantment:2067	1.60.1.69913	1.60.1.70245
SpellItemEnchantment:2068	1.60.1.69913	1.60.1.70245
SpellItemEnchantment:2069	1.60.1.69913	1.60.1.70245
SpellItemEnchantment:2070	1.60.1.69913	1.60.1.70245
SpellItemEnchantment:2071	1.60.1.69913	1.60.1.70245
SpellItemEnchantment:2072	1.60.1.69913	1.60.1.70245
SpellItemEnchantment:2073	1.60.1.69913	1.60.1.70245
SpellItemEnchantment:2074	1.60.1.69913	1.60.1.70245
SpellItemEnchantment:2075	1.60.1.69913	1.60.1.70245
SpellItemEnchantment:2076	1.60.1.69913	1.60.1.70245
SpellItemEnchantment:2077	1.60.1.69913	1.60.1.70245
SpellItemEnchantment:2079	1.60.1.69913	1.60.1.70245
SpellItemEnchantment:2080	1.60.1.69913	1.60.1.70245
SpellItemEnchantment:2081	1.60.1.69913	1.60.1.70245
SpellItemEnchantment:2082	1.60.1.69913	1.60.1.70245
SpellItemEnchantment:2083	1.60.1.69913	1.60.1.70245
SpellItemEnchantment:2084	1.60.1.69913	1.60.1.70245
SpellItemEnchantment:2085	1.60.1.69913	1.60.1.70245
SpellItemEnchantment:2086	1.60.1.69913	1.60.1.70245
SpellItemEnchantment:2087	1.60.1.69913	1.60.1.70245
SpellItemEnchantment:2088	1.60.1.69913	1.60.1.70245
SpellItemEnchantment:2089	1.60.1.69913	1.60.1.70245
SpellItemEnchantment:2090	1.60.1.69913	1.60.1.70245
SpellItemEnchantment:2091	1.60.1.69913	1.60.1.70245
SpellItemEnchantment:2092	1.60.1.69913	1.60.1.70245
SpellItemEnchantment:2093	1.60.1.69913	1.60.1.70245
SpellItemEnchantment:2094	1.60.1.69913	1.60.1.70245
SpellItemEnchantment:2095	1.60.1.69913	1.60.1.70245
SpellItemEnchantment:2096	1.60.1.69913	1.60.1.70245
SpellItemEnchantment:2097	1.60.1.69913	1.60.1.70245
SpellItemEnchantment:2098	1.60.1.69913	1.60.1.70245
SpellItemEnchantment:2099	1.60.1.69913	1.60.1.70245
SpellItemEnchantment:2100	1.60.1.69913	1.60.1.70245
SpellItemEnchantment:2101	1.60.1.69913	1.60.1.70245
SpellItemEnchantment:2102	1.60.1.69913	1.60.1.70245
SpellItemEnchantment:2103	1.60.1.69913	1.60.1.70245
SpellItemEnchantment:2104	1.60.1.69913	1.60.1.70245
SpellItemEnchantment:2105	1.60.1.69913	1.60.1.70245
SpellItemEnchantment:2106	1.60.1.69913	1.60.1.70245
SpellItemEnchantment:2107	1.60.1.69913	1.60.1.70245
SpellItemEnchantment:2108	1.60.1.69913	1.60.1.70245
SpellItemEnchantment:2109	1.60.1.69913	1.60.1.70245
SpellItemEnchantment:2110	1.60.1.69913	1.60.1.70245
SpellItemEnchantment:2111	1.60.1.69913	1.60.1.70245
SpellItemEnchantment:2112	1.60.1.69913	1.60.1.70245
SpellItemEnchantment:2113	1.60.1.69913	1.60.1.70245
SpellItemEnchantment:2114	1.60.1.69913	1.60.1.70245
SpellItemEnchantment:2115	1.60.1.69913	1.60.1.70245
SpellItemEnchantment:2116	1.60.1.69913	1.60.1.70245
SpellItemEnchantment:2117	1.60.1.69913	1.60.1.70245
SpellItemEnchantment:2118	1.60.1.69913	1.60.1.70245
SpellItemEnchantment:2119	1.60.1.69913	1.60.1.70245
SpellItemEnchantment:2120	1.60.1.69913	1.60.1.70245
SpellItemEnchantment:2121	1.60.1.69913	1.60.1.70245
SpellItemEnchantment:2122	1.60.1.69913	1.60.1.70245
SpellItemEnchantment:2123	1.60.1.69913	1.60.1.70245
SpellItemEnchantment:2124	1.60.1.69913	1.60.1.70245
SpellItemEnchantment:2125	1.60.1.69913	1.60.1.70245
SpellItemEnchantment:2126	1.60.1.69913	1.60.1.70245
SpellItemEnchantment:2127	1.60.1.69913	1.60.1.70245
SpellItemEnchantment:2128	1.60.1.69913	1.60.1.70245
SpellItemEnchantment:2129	1.60.1.69913	1.60.1.70245
SpellItemEnchantment:2130	1.60.1.69913	1.60.1.70245
SpellItemEnchantment:2131	1.60.1.69913	1.60.1.70245
SpellItemEnchantment:2132	1.60.1.69913	1.60.1.70245
SpellItemEnchantment:2133	1.60.1.69913	1.60.1.70245
SpellItemEnchantment:2134	1.60.1.69913	1.60.1.70245
SpellItemEnchantment:2135	1.60.1.69913	1.60.1.70245
SpellItemEnchantment:2136	1.60.1.69913	1.60.1.70245
SpellItemEnchantment:2137	1.60.1.69913	1.60.1.70245
SpellItemEnchantment:2138	1.60.1.69913	1.60.1.70245
SpellItemEnchantment:2139	1.60.1.69913	1.60.1.70245
SpellItemEnchantment:2140	1.60.1.69913	1.60.1.70245
SpellItemEnchantment:2141	1.60.1.69913	1.60.1.70245
SpellItemEnchantment:2142	1.60.1.69913	1.60.1.70245
SpellItemEnchantment:2143	1.60.1.69913	1.60.1.70245
SpellItemEnchantment:2144	1.60.1.69913	1.60.1.70245
SpellItemEnchantment:2145	1.60.1.69913	1.60.1.70245
SpellItemEnchantment:2146	1.60.1.69913	1.60.1.70245
SpellItemEnchantment:2147	1.60.1.69913	1.60.1.70245
SpellItemEnchantment:2148	1.60.1.69913	1.60.1.70245
SpellItemEnchantment:2149	1.60.1.69913	1.60.1.70245
SpellItemEnchantment:2150	1.60.1.69913	1.60.1.70245
SpellItemEnchantment:2151	1.60.1.69913	1.60.1.70245
SpellItemEnchantment:2152	1.60.1.69913	1.60.1.70245
SpellItemEnchantment:2153	1.60.1.69913	1.60.1.70245
SpellItemEnchantment:2154	1.60.1.69913	1.60.1.70245
SpellItemEnchantment:2155	1.60.1.69913	1.60.1.70245
SpellItemEnchantment:2156	1.60.1.69913	1.60.1.70245
SpellItemEnchantment:2157	1.60.1.69913	1.60.1.70245
SpellItemEnchantment:2158	1.60.1.69913	1.60.1.70245
SpellItemEnchantment:2159	1.60.1.69913	1.60.1.70245
SpellItemEnchantment:2160	1.60.1.69913	1.60.1.70245
SpellItemEnchantment:2161	1.60.1.69913	1.60.1.70245
SpellItemEnchantment:2162	1.60.1.69913	1.60.1.70245
SpellItemEnchantment:2163	1.60.1.69913	1.60.1.70245
SpellItemEnchantment:2164	1.60.1.69913	1.60.1.70245
SpellItemEnchantment:2165	1.60.1.69913	1.60.1.70245
SpellItemEnchantment:2166	1.60.1.69913	1.60.1.70245
SpellItemEnchantment:2167	1.60.1.69913	1.60.1.70245
SpellItemEnchantment:2168	1.60.1.69913	1.60.1.70245
SpellItemEnchantment:2169	1.60.1.69913	1.60.1.70245
SpellItemEnchantment:2170	1.60.1.69913	1.60.1.70245
SpellItemEnchantment:2171	1.60.1.69913	1.60.1.70245
SpellItemEnchantment:2172	1.60.1.69913	1.60.1.70245
SpellItemEnchantment:2173	1.60.1.69913	1.60.1.70245
SpellItemEnchantment:2174	1.60.1.69913	1.60.1.70245
SpellItemEnchantment:2175	1.60.1.69913	1.60.1.70245
SpellItemEnchantment:2176	1.60.1.69913	1.60.1.70245
SpellItemEnchantment:2177	1.60.1.69913	1.60.1.70245
SpellItemEnchantment:2178	1.60.1.69913	1.60.1.70245
SpellItemEnchantment:2179	1.60.1.69913	1.60.1.70245
SpellItemEnchantment:2180	1.60.1.69913	1.60.1.70245
SpellItemEnchantment:2181	1.60.1.69913	1.60.1.70245
SpellItemEnchantment:2182	1.60.1.69913	1.60.1.70245
SpellItemEnchantment:2183	1.60.1.69913	1.60.1.70245
SpellItemEnchantment:2184	1.60.1.69913	1.60.1.70245
SpellItemEnchantment:2185	1.60.1.69913	1.60.1.70245
SpellItemEnchantment:2186	1.60.1.69913	1.60.1.70245
SpellItemEnchantment:2187	1.60.1.69913	1.60.1.70245
SpellItemEnchantment:2188	1.60.1.69913	1.60.1.70245
SpellItemEnchantment:2189	1.60.1.69913	1.60.1.70245
SpellItemEnchantment:2190	1.60.1.69913	1.60.1.70245
SpellItemEnchantment:2191	1.60.1.69913	1.60.1.70245
SpellItemEnchantment:2192	1.60.1.69913	1.60.1.70245
SpellItemEnchantment:2193	1.60.1.69913	1.60.1.70245
SpellItemEnchantment:2194	1.60.1.69913	1.60.1.70245
SpellItemEnchantment:2195	1.60.1.69913	1.60.1.70245
SpellItemEnchantment:2196	1.60.1.69913	1.60.1.70245
SpellItemEnchantment:2197	1.60.1.69913	1.60.1.70245
SpellItemEnchantment:2198	1.60.1.69913	1.60.1.70245
SpellItemEnchantment:2199	1.60.1.69913	1.60.1.70245
SpellItemEnchantment:2200	1.60.1.69913	1.60.1.70245
SpellItemEnchantment:2201	1.60.1.69913	1.60.1.70245
SpellItemEnchantment:2202	1.60.1.69913	1.60.1.70245
SpellItemEnchantment:2203	1.60.1.69913	1.60.1.70245
SpellItemEnchantment:2204	1.60.1.69913	1.60.1.70245
SpellItemEnchantment:2205	1.60.1.69913	1.60.1.70245
SpellItemEnchantment:2206	1.60.1.69913	1.60.1.70245
SpellItemEnchantment:2207	1.60.1.69913	1.60.1.70245
SpellItemEnchantment:2208	1.60.1.69913	1.60.1.70245
SpellItemEnchantment:2209	1.60.1.69913	1.60.1.70245
SpellItemEnchantment:2210	1.60.1.69913	1.60.1.70245
SpellItemEnchantment:2211	1.60.1.69913	1.60.1.70245
SpellItemEnchantment:2212	1.60.1.69913	1.60.1.70245
SpellItemEnchantment:2213	1.60.1.69913	1.60.1.70245
SpellItemEnchantment:2214	1.60.1.69913	1.60.1.70245
SpellItemEnchantment:2215	1.60.1.69913	1.60.1.70245
SpellItemEnchantment:2216	1.60.1.69913	1.60.1.70245
SpellItemEnchantment:2217	1.60.1.69913	1.60.1.70245
SpellItemEnchantment:2218	1.60.1.69913	1.60.1.70245
SpellItemEnchantment:2219	1.60.1.69913	1.60.1.70245
SpellItemEnchantment:2220	1.60.1.69913	1.60.1.70245
SpellItemEnchantment:2221	1.60.1.69913	1.60.1.70245
SpellItemEnchantment:2222	1.60.1.69913	1.60.1.70245
SpellItemEnchantment:2223	1.60.1.69913	1.60.1.70245
SpellItemEnchantment:2224	1.60.1.69913	1.60.1.70245
SpellItemEnchantment:2225	1.60.1.69913	1.60.1.70245
SpellItemEnchantment:2226	1.60.1.69913	1.60.1.70245
SpellItemEnchantment:2227	1.60.1.69913	1.60.1.70245
SpellItemEnchantment:2228	1.60.1.69913	1.60.1.70245
SpellItemEnchantment:2229	1.60.1.69913	1.60.1.70245
SpellItemEnchantment:2230	1.60.1.69913	1.60.1.70245
SpellItemEnchantment:2231	1.60.1.69913	1.60.1.70245
SpellItemEnchantment:2232	1.60.1.69913	1.60.1.70245
SpellItemEnchantment:2233	1.60.1.69913	1.60.1.70245
SpellItemEnchantment:2234	1.60.1.69913	1.60.1.70245
SpellItemEnchantment:2235	1.60.1.69913	1.60.1.70245
SpellItemEnchantment:2236	1.60.1.69913	1.60.1.70245
SpellItemEnchantment:2237	1.60.1.69913	1.60.1.70245
SpellItemEnchantment:2238	1.60.1.69913	1.60.1.70245
SpellItemEnchantment:2239	1.60.1.69913	1.60.1.70245
SpellItemEnchantment:2240	1.60.1.69913	1.60.1.70245
SpellItemEnchantment:2241	1.60.1.69913	1.60.1.70245
SpellItemEnchantment:2242	1.60.1.69913	1.60.1.70245
SpellItemEnchantment:2243	1.60.1.69913	1.60.1.70245
SpellItemEnchantment:2244	1.60.1.69913	1.60.1.70245
SpellItemEnchantment:2245	1.60.1.69913	1.60.1.70245
SpellItemEnchantment:2246	1.60.1.69913	1.60.1.70245
SpellItemEnchantment:2247	1.60.1.69913	1.60.1.70245
SpellItemEnchantment:2248	1.60.1.69913	1.60.1.70245
SpellItemEnchantment:2249	1.60.1.69913	1.60.1.70245
SpellItemEnchantment:2250	1.60.1.69913	1.60.1.70245
SpellItemEnchantment:2251	1.60.1.69913	1.60.1.70245
SpellItemEnchantment:2252	1.60.1.69913	1.60.1.70245
SpellItemEnchantment:2253	1.60.1.69913	1.60.1.70245
SpellItemEnchantment:2254	1.60.1.69913	1.60.1.70245
SpellItemEnchantment:2255	1.60.1.69913	1.60.1.70245
SpellItemEnchantment:2256	1.60.1.69913	1.60.1.70245
SpellItemEnchantment:2257	1.60.1.69913	1.60.1.70245
SpellItemEnchantment:2258	1.60.1.69913	1.60.1.70245
SpellItemEnchantment:2259	1.60.1.69913	1.60.1.70245
SpellItemEnchantment:2260	1.60.1.69913	1.60.1.70245
SpellItemEnchantment:2261	1.60.1.69913	1.60.1.70245
SpellItemEnchantment:2262	1.60.1.69913	1.60.1.70245
SpellItemEnchantment:2263	1.60.1.69913	1.60.1.70245
SpellItemEnchantment:2264	1.60.1.69913	1.60.1.70245
SpellItemEnchantment:2265	1.60.1.69913	1.60.1.70245
SpellItemEnchantment:2266	1.60.1.69913	1.60.1.70245
SpellItemEnchantment:2267	1.60.1.69913	1.60.1.70245
SpellItemEnchantment:2268	1.60.1.69913	1.60.1.70245
SpellItemEnchantment:2269	1.60.1.69913	1.60.1.70245
SpellItemEnchantment:2270	1.60.1.69913	1.60.1.70245
SpellItemEnchantment:2271	1.60.1.69913	1.60.1.70245
SpellItemEnchantment:2272	1.60.1.69913	1.60.1.70245
SpellItemEnchantment:2273	1.60.1.69913	1.60.1.70245
SpellItemEnchantment:2274	1.60.1.69913	1.60.1.70245
SpellItemEnchantment:2275	1.60.1.69913	1.60.1.70245
SpellItemEnchantment:2276	1.60.1.69913	1.60.1.70245
SpellItemEnchantment:2277	1.60.1.69913	1.60.1.70245
SpellItemEnchantment:2278	1.60.1.69913	1.60.1.70245
SpellItemEnchantment:2279	1.60.1.69913	1.60.1.70245
SpellItemEnchantment:2280	1.60.1.69913	1.60.1.70245
SpellItemEnchantment:2281	1.60.1.69913	1.60.1.70245
SpellItemEnchantment:2282	1.60.1.69913	1.60.1.70245
SpellItemEnchantment:2283	1.60.1.69913	1.60.1.70245
SpellItemEnchantment:2284	1.60.1.69913	1.60.1.70245
SpellItemEnchantment:2285	1.60.1.69913	1.60.1.70245
SpellItemEnchantment:2286	1.60.1.69913	1.60.1.70245
SpellItemEnchantment:2287	1.60.1.69913	1.60.1.70245
SpellItemEnchantment:2288	1.60.1.69913	1.60.1.70245
SpellItemEnchantment:2289	1.60.1.69913	1.60.1.70245
SpellItemEnchantment:2290	1.60.1.69913	1.60.1.70245
SpellItemEnchantment:2291	1.60.1.69913	1.60.1.70245
SpellItemEnchantment:2292	1.60.1.69913	1.60.1.70245
SpellItemEnchantment:2293	1.60.1.69913	1.60.1.70245
SpellItemEnchantment:2294	1.60.1.69913	1.60.1.70245
SpellItemEnchantment:2295	1.60.1.69913	1.60.1.70245
SpellItemEnchantment:2296	1.60.1.69913	1.60.1.70245
SpellItemEnchantment:2297	1.60.1.69913	1.60.1.70245
SpellItemEnchantment:2298	1.60.1.69913	1.60.1.70245
SpellItemEnchantment:2299	1.60.1.69913	1.60.1.70245
SpellItemEnchantment:2300	1.60.1.69913	1.60.1.70245
SpellItemEnchantment:2301	1.60.1.69913	1.60.1.70245
SpellItemEnchantment:2302	1.60.1.69913	1.60.1.70245
SpellItemEnchantment:2303	1.60.1.69913	1.60.1.70245
SpellItemEnchantment:2304	1.60.1.69913	1.60.1.70245
SpellItemEnchantment:2305	1.60.1.69913	1.60.1.70245
SpellItemEnchantment:2306	1.60.1.69913	1.60.1.70245
SpellItemEnchantment:2307	1.60.1.69913	1.60.1.70245
SpellItemEnchantment:2308	1.60.1.69913	1.60.1.70245
SpellItemEnchantment:2309	1.60.1.69913	1.60.1.70245
SpellItemEnchantment:2310	1.60.1.69913	1.60.1.70245
SpellItemEnchantment:2311	1.60.1.69913	1.60.1.70245
SpellItemEnchantment:2312	1.60.1.69913	1.60.1.70245
SpellItemEnchantment:2313	1.60.1.69913	1.60.1.70245
SpellItemEnchantment:2314	1.60.1.69913	1.60.1.70245
SpellItemEnchantment:2315	1.60.1.69913	1.60.1.70245
SpellItemEnchantment:2316	1.60.1.69913	1.60.1.70245
SpellItemEnchantment:2317	1.60.1.69913	1.60.1.70245
SpellItemEnchantment:2318	1.60.1.69913	1.60.1.70245
SpellItemEnchantment:2319	1.60.1.69913	1.60.1.70245
SpellItemEnchantment:2320	1.60.1.69913	1.60.1.70245
SpellItemEnchantment:2321	1.60.1.69913	1.60.1.70245
SpellItemEnchantment:2322	1.60.1.69913	1.60.1.70245
SpellItemEnchantment:2323	1.60.1.69913	1.60.1.70245
SpellItemEnchantment:2324	1.60.1.69913	1.60.1.70245
SpellItemEnchantment:2325	1.60.1.69913	1.60.1.70245
SpellItemEnchantment:2326	1.60.1.69913	1.60.1.70245
SpellItemEnchantment:2327	1.60.1.69913	1.60.1.70245
SpellItemEnchantment:2328	1.60.1.69913	1.60.1.70245
SpellItemEnchantment:2329	1.60.1.69913	1.60.1.70245
SpellItemEnchantment:2330	1.60.1.69913	1.60.1.70245
SpellItemEnchantment:2331	1.60.1.69913	1.60.1.70245
SpellItemEnchantment:2332	1.60.1.69913	1.60.1.70245
SpellItemEnchantment:2333	1.60.1.69913	1.60.1.70245
SpellItemEnchantment:2334	1.60.1.69913	1.60.1.70245
SpellItemEnchantment:2335	1.60.1.69913	1.60.1.70245
SpellItemEnchantment:2336	1.60.1.69913	1.60.1.70245
SpellItemEnchantment:2337	1.60.1.69913	1.60.1.70245
SpellItemEnchantment:2338	1.60.1.69913	1.60.1.70245
SpellItemEnchantment:2339	1.60.1.69913	1.60.1.70245
SpellItemEnchantment:2340	1.60.1.69913	1.60.1.70245
SpellItemEnchantment:2341	1.60.1.69913	1.60.1.70245
SpellItemEnchantment:2342	1.60.1.69913	1.60.1.70245
SpellItemEnchantment:2343	1.60.1.69913	1.60.1.70245
SpellItemEnchantment:2344	1.60.1.69913	1.60.1.70245
SpellItemEnchantment:2483	1.60.1.69913	1.60.1.70245
SpellItemEnchantment:2484	1.60.1.69913	1.60.1.70245
SpellItemEnchantment:2485	1.60.1.69913	1.60.1.70245
SpellItemEnchantment:2486	1.60.1.69913	1.60.1.70245
SpellItemEnchantment:2487	1.60.1.69913	1.60.1.70245
SpellItemEnchantment:2488	1.60.1.69913	1.60.1.70245
SpellItemEnchantment:256	1.60.1.69913	1.60.1.70245
SpellItemEnchantment:2604	1.60.1.69913	1.60.1.70245
SpellItemEnchantment:2605	1.60.1.69913	1.60.1.70245
SpellItemEnchantment:2606	1.60.1.69913	1.60.1.70245
SpellItemEnchantment:2607	1.60.1.69913	1.60.1.70245
SpellItemEnchantment:2608	1.60.1.69913	1.60.1.70245
SpellItemEnchantment:2609	1.60.1.69913	1.60.1.70245
SpellItemEnchantment:2610	1.60.1.69913	1.60.1.70245
SpellItemEnchantment:2612	1.60.1.69913	1.60.1.70245
SpellItemEnchantment:2619	1.60.1.69913	1.60.1.70245
SpellItemEnchantment:2620	1.60.1.69913	1.60.1.70245
SpellItemEnchantment:2681	1.60.1.69913	1.60.1.70245
SpellItemEnchantment:2682	1.60.1.69913	1.60.1.70245
SpellItemEnchantment:2683	1.60.1.69913	1.60.1.70245
SpellItemEnchantment:2684	1.60.1.69913	1.60.1.70245
SpellItemEnchantment:2685	1.60.1.69913	1.60.1.70245
SpellItemEnchantment:28	1.60.1.69913	1.60.1.70245
SpellItemEnchantment:286	1.60.1.69913	1.60.1.70245
SpellItemEnchantment:287	1.60.1.69913	1.60.1.70245
SpellItemEnchantment:288	1.60.1.69913	1.60.1.70245
SpellItemEnchantment:289	1.60.1.69913	1.60.1.70245
SpellItemEnchantment:290	1.60.1.69913	1.60.1.70245
SpellItemEnchantment:291	1.60.1.69913	1.60.1.70245
SpellItemEnchantment:292	1.60.1.69913	1.60.1.70245
SpellItemEnchantment:343	1.60.1.69913	1.60.1.70245
SpellItemEnchantment:344	1.60.1.69913	1.60.1.70245
SpellItemEnchantment:345	1.60.1.69913	1.60.1.70245
SpellItemEnchantment:346	1.60.1.69913	1.60.1.70245
SpellItemEnchantment:347	1.60.1.69913	1.60.1.70245
SpellItemEnchantment:348	1.60.1.69913	1.60.1.70245
SpellItemEnchantment:349	1.60.1.69913	1.60.1.70245
SpellItemEnchantment:350	1.60.1.69913	1.60.1.70245
SpellItemEnchantment:351	1.60.1.69913	1.60.1.70245
SpellItemEnchantment:352	1.60.1.69913	1.60.1.70245
SpellItemEnchantment:353	1.60.1.69913	1.60.1.70245
SpellItemEnchantment:354	1.60.1.69913	1.60.1.70245
SpellItemEnchantment:355	1.60.1.69913	1.60.1.70245
SpellItemEnchantment:356	1.60.1.69913	1.60.1.70245
SpellItemEnchantment:357	1.60.1.69913	1.60.1.70245
SpellItemEnchantment:358	1.60.1.69913	1.60.1.70245
SpellItemEnchantment:359	1.60.1.69913	1.60.1.70245
SpellItemEnchantment:360	1.60.1.69913	1.60.1.70245
SpellItemEnchantment:361	1.60.1.69913	1.60.1.70245
SpellItemEnchantment:362	1.60.1.69913	1.60.1.70245
SpellItemEnchantment:363	1.60.1.69913	1.60.1.70245
SpellItemEnchantment:364	1.60.1.69913	1.60.1.70245
SpellItemEnchantment:365	1.60.1.69913	1.60.1.70245
SpellItemEnchantment:366	1.60.1.69913	1.60.1.70245
SpellItemEnchantment:367	1.60.1.69913	1.60.1.70245
SpellItemEnchantment:368	1.60.1.69913	1.60.1.70245
SpellItemEnchantment:369	1.60.1.69913	1.60.1.70245
SpellItemEnchantment:370	1.60.1.69913	1.60.1.70245
SpellItemEnchantment:371	1.60.1.69913	1.60.1.70245
SpellItemEnchantment:372	1.60.1.69913	1.60.1.70245
SpellItemEnchantment:383	1.60.1.69913	1.60.1.70245
SpellItemEnchantment:384	1.60.1.69913	1.60.1.70245
SpellItemEnchantment:385	1.60.1.69913	1.60.1.70245
SpellItemEnchantment:386	1.60.1.69913	1.60.1.70245
SpellItemEnchantment:387	1.60.1.69913	1.60.1.70245
SpellItemEnchantment:388	1.60.1.69913	1.60.1.70245
SpellItemEnchantment:389	1.60.1.69913	1.60.1.70245
SpellItemEnchantment:403	1.60.1.69913	1.60.1.70245
SpellItemEnchantment:404	1.60.1.69913	1.60.1.70245
SpellItemEnchantment:405	1.60.1.69913	1.60.1.70245
SpellItemEnchantment:406	1.60.1.69913	1.60.1.70245
SpellItemEnchantment:407	1.60.1.69913	1.60.1.70245
SpellItemEnchantment:408	1.60.1.69913	1.60.1.70245
SpellItemEnchantment:409	1.60.1.69913	1.60.1.70245
SpellItemEnchantment:410	1.60.1.69913	1.60.1.70245
SpellItemEnchantment:411	1.60.1.69913	1.60.1.70245
SpellItemEnchantment:412	1.60.1.69913	1.60.1.70245
SpellItemEnchantment:65	1.60.1.69913	1.60.1.70245
SpellItemEnchantment:67	1.60.1.69913	1.60.1.70245
SpellItemEnchantment:68	1.60.1.69913	1.60.1.70245
SpellItemEnchantment:684	1.60.1.69913	1.60.1.70245
SpellItemEnchantment:69	1.60.1.69913	1.60.1.70245
SpellItemEnchantment:70	1.60.1.69913	1.60.1.70245
SpellItemEnchantment:7005	1.60.1.69913	1.60.1.70245
SpellItemEnchantment:7006	1.60.1.69913	1.60.1.70245
SpellItemEnchantment:7007	1.60.1.69913	1.60.1.70245
SpellItemEnchantment:7008	1.60.1.69913	1.60.1.70245
SpellItemEnchantment:71	1.60.1.69913	1.60.1.70245
SpellItemEnchantment:72	1.60.1.69913	1.60.1.70245
SpellItemEnchantment:73	1.60.1.69913	1.60.1.70245
SpellItemEnchantment:7324	1.60.1.69913	1.60.1.70245
SpellItemEnchantment:7325	1.60.1.69913	1.60.1.70245
SpellItemEnchantment:7326	1.60.1.69913	1.60.1.70245
SpellItemEnchantment:7328	1.60.1.69913	1.60.1.70245
SpellItemEnchantment:74	1.60.1.69913	1.60.1.70245
SpellItemEnchantment:7480	1.60.1.69913	1.60.1.70245
SpellItemEnchantment:7481	1.60.1.69913	1.60.1.70245
SpellItemEnchantment:7482	1.60.1.69913	1.60.1.70245
SpellItemEnchantment:7483	1.60.1.69913	1.60.1.70245
SpellItemEnchantment:7484	1.60.1.69913	1.60.1.70245
SpellItemEnchantment:7485	1.60.1.69913	1.60.1.70245
SpellItemEnchantment:7486	1.60.1.69913	1.60.1.70245
SpellItemEnchantment:7487	1.60.1.69913	1.60.1.70245
SpellItemEnchantment:7488	1.60.1.69913	1.60.1.70245
SpellItemEnchantment:7489	1.60.1.69913	1.60.1.70245
SpellItemEnchantment:75	1.60.1.69913	1.60.1.70245
SpellItemEnchantment:7563	1.60.1.69913	1.60.1.70245
SpellItemEnchantment:7564	1.60.1.69913	1.60.1.70245
SpellItemEnchantment:76	1.60.1.69913	1.60.1.70245
SpellItemEnchantment:77	1.60.1.69913	1.60.1.70245
SpellItemEnchantment:78	1.60.1.69913	1.60.1.70245
SpellItemEnchantment:7896	1.60.1.69913	1.60.1.70245
SpellItemEnchantment:79	1.60.1.69913	1.60.1.70245
SpellItemEnchantment:80	1.60.1.69913	1.60.1.70245
SpellItemEnchantment:804	1.60.1.69913	1.60.1.70245
SpellItemEnchantment:81	1.60.1.69913	1.60.1.70245
SpellItemEnchantment:82	1.60.1.69913	1.60.1.70245
SpellItemEnchantment:83	1.60.1.69913	1.60.1.70245
SpellItemEnchantment:84	1.60.1.69913	1.60.1.70245
SpellItemEnchantment:85	1.60.1.69913	1.60.1.70245
SpellItemEnchantment:855	1.60.1.69913	1.60.1.70245
SpellItemEnchantment:86	1.60.1.69913	1.60.1.70245
SpellItemEnchantment:87	1.60.1.69913	1.60.1.70245
SpellItemEnchantment:883	1.60.1.69913	1.60.1.70245
SpellItemEnchantment:89	1.60.1.69913	1.60.1.70245
SpellItemEnchantment:90	1.60.1.69913	1.60.1.70245
SpellItemEnchantment:903	1.60.1.69913	1.60.1.70245
SpellItemEnchantment:91	1.60.1.69913	1.60.1.70245
SpellItemEnchantment:92	1.60.1.69913	1.60.1.70245
SpellItemEnchantment:926	1.60.1.69913	1.60.1.70245
SpellItemEnchantment:93	1.60.1.69913	1.60.1.70245
SpellItemEnchantment:94	1.60.1.69913	1.60.1.70245
SpellItemEnchantment:95	1.60.1.69913	1.60.1.70245
SpellItemEnchantment:96	1.60.1.69913	1.60.1.70245
SpellItemEnchantment:97	1.60.1.69913	1.60.1.70245
SpellItemEnchantment:98	1.60.1.69913	1.60.1.70245
SpellItemEnchantment:983	1.60.1.69913	1.60.1.70245
SpellItemEnchantment:99	1.60.1.69913	1.60.1.70245
SpellSubtext:12178	1.60.1.69913	1.60.1.70245
SpellSubtext:1229432	1.60.1.69913	1.60.1.70245
SpellSubtext:126	1.60.1.69913	1.60.1.70245
SpellSubtext:1262975	1.60.1.69913	1.60.1.70245
SpellSubtext:1262982	1.60.1.69913	1.60.1.70245
SpellSubtext:1263001	1.60.1.69913	1.60.1.70245
SpellSubtext:2481	1.60.1.69913	1.60.1.70245
SpellSubtext:5227	1.60.1.69913	1.60.1.70245
SpellSubtext:768	1.60.1.69913	1.60.1.70245
SpellSubtext:8099	1.60.1.69913	1.60.1.70245
SpellSubtext:8100	1.60.1.69913	1.60.1.70245
SpellSubtext:8101	1.60.1.69913	1.60.1.70245
TABARDSLOT	1.60.1.69913	1.60.1.70245
TABARDVENDORCOST	1.60.1.69913	1.60.1.70245
TABARDVENDORGREETING	1.60.1.69913	1.60.1.70245
TABARDVENDORNOGUILDGREETING	1.60.1.69913	1.60.1.70245
TAKE_ATTACHMENTS	1.60.1.69913	1.60.1.70245
TALENTS	1.60.1.69913	1.60.1.70245
TALENTS_INSPECT_FORMAT	1.60.1.69913	1.60.1.70245
TALENTS_INVOLUNTARILY_RESET	1.60.1.69913	1.60.1.70245
TALENTS_INVOLUNTARILY_RESET_PET	1.60.1.69913	1.60.1.70245
TALENTS_LINK_FORMAT	1.60.1.69913	1.60.1.70245
TALENT_ACTIVE_SPEC_STATUS	1.60.1.69913	1.60.1.69913
TALENT_BUTTON_TOOLTIP_CAPSTONE_RANK_NEXT_STAGE_PREVIEW_TITLE	1.60.1.70170	1.60.1.70245
TALENT_BUTTON_TOOLTIP_CLEAR_REPURCHASE_INSTRUCTIONS	1.60.1.69913	1.60.1.70245
TALENT_BUTTON_TOOLTIP_COST_FORMAT	1.60.1.70170	1.60.1.70245
TALENT_BUTTON_TOOLTIP_NEXT_RANK	1.60.1.69913	1.60.1.70245
TALENT_BUTTON_TOOLTIP_NOT_ON_ACTION_BAR	1.60.1.70170	1.60.1.70245
TALENT_BUTTON_TOOLTIP_ON_DISABLED_ACTIONBAR	1.60.1.70170	1.60.1.70245
TALENT_BUTTON_TOOLTIP_ON_INACTIVE_BONUSBAR	1.60.1.70170	1.60.1.70245
TALENT_BUTTON_TOOLTIP_PURCHASE_INSTRUCTIONS	1.60.1.69913	1.60.1.70245
TALENT_BUTTON_TOOLTIP_QUICK_ASSIGN_INSTRUCTIONS	1.60.1.69913	1.60.1.70245
TALENT_BUTTON_TOOLTIP_RANK_FORMAT	1.60.1.69913	1.60.1.70245
TALENT_BUTTON_TOOLTIP_RANK_NO_MAX_FORMAT	1.60.1.69913	1.60.1.70245
TALENT_BUTTON_TOOLTIP_REFUND_INSTRUCTIONS	1.60.1.69913	1.60.1.70245
TALENT_BUTTON_TOOLTIP_REFUND_INVALID_CONDITIONS_ERROR	1.60.1.69913	1.60.1.70245
TALENT_BUTTON_TOOLTIP_REFUND_INVALID_LINKS_ERROR	1.60.1.69913	1.60.1.70245
TALENT_BUTTON_TOOLTIP_REPLACED_BY_FORMAT	1.60.1.69913	1.60.1.70245
TALENT_BUTTON_TOOLTIP_REPURCHASE_INSTRUCTIONS	1.60.1.69913	1.60.1.70245
TALENT_BUTTON_TOOLTIP_SELECTION_CHOICE_ERROR	1.60.1.69913	1.60.1.70245
TALENT_BUTTON_TOOLTIP_SELECTION_COST_ERROR	1.60.1.69913	1.60.1.70245
TALENT_BUTTON_TOOLTIP_SELECTION_CURRENT_INSTRUCTIONS	1.60.1.69913	1.60.1.70245
TALENT_BUTTON_TOOLTIP_SELECTION_ERROR	1.60.1.69913	1.60.1.70245
TALENT_FRAME_APPLY_BUTTON_TEXT	1.60.1.69913	1.60.1.70245
TALENT_FRAME_CONFIG_OPERATION_TOO_FAST	1.60.1.69913	1.60.1.70245
TALENT_FRAME_CONFIRM_CLOSE	1.60.1.69913	1.60.1.70245
TALENT_FRAME_DISCARD_CHANGES_BUTTON_TOOLTIP	1.60.1.69913	1.60.1.70245
TALENT_FRAME_GATE_TOOLTIP_FORMAT	1.60.1.70170	1.60.1.70245
TALENT_FRAME_INCREASED_RANKS_TEXT	1.60.1.69913	1.60.1.70245
TALENT_FRAME_RESET_BUTTON_DROPDOWN_ALL	1.60.1.69913	1.60.1.70245
TALENT_FRAME_RESET_BUTTON_DROPDOWN_LEFT	1.60.1.69913	1.60.1.70245
TALENT_FRAME_RESET_BUTTON_DROPDOWN_RIGHT	1.60.1.69913	1.60.1.70245
TALENT_FRAME_RESET_BUTTON_DROPDOWN_TITLE	1.60.1.69913	1.60.1.70245
TALENT_FRAME_SEARCH_NOT_ON_ACTIONBAR	1.60.1.69913	1.60.1.70245
TALENT_FRAME_SEARCH_PREVIEW_OVERFLOW_FORMAT	1.60.1.69913	1.60.1.70245
TALENT_FRAME_SEARCH_TOOLTIP_EXACT_MATCH	1.60.1.69913	1.60.1.70245
TALENT_FRAME_SEARCH_TOOLTIP_MATCH	1.60.1.69913	1.60.1.70245
TALENT_FRAME_SEARCH_TOOLTIP_NOT_ON_ACTIONBAR	1.60.1.69913	1.60.1.70245
TALENT_FRAME_SEARCH_TOOLTIP_ON_DISABLED_ACTIONBAR	1.60.1.69913	1.60.1.70245
TALENT_FRAME_SEARCH_TOOLTIP_ON_INACTIVE_BONUSBAR	1.60.1.69913	1.60.1.70245
TALENT_FRAME_SEARCH_TOOLTIP_RELATED_MATCH	1.60.1.69913	1.60.1.70245
TALENT_MICRO_BUTTON_TALENT_TUTORIAL	1.60.1.69913	1.60.1.70245
TALENT_MICRO_BUTTON_UNSPENT_TALENTS	1.60.1.69913	1.60.1.70245
TALENT_SPEC_ACTIVATE	1.60.1.69913	1.60.1.70245
TALENT_SPEC_ACTIVE	1.60.1.69913	1.60.1.70245
TALENT_SPEC_LOCKED	1.60.1.69913	1.60.1.70245
TALENT_SPEC_PRIMARY	1.60.1.69913	1.60.1.69913
TALENT_SPEC_SECONDARY	1.60.1.69913	1.60.1.69913
TALL	1.60.1.69913	1.60.1.70245
TANK	1.60.1.69913	1.60.1.70245
TARGET	1.60.1.69913	1.60.1.70245
TARGETFPS	1.60.1.69913	1.60.1.70245
TARGETICONS	1.60.1.69913	1.60.1.70245
TARGETING_HEADER	1.60.1.70009	1.60.1.70245
TARGET_TOOLTIP_OPTION	1.60.1.69913	1.60.1.70245
TAXINODEYOUAREHERE	1.60.1.69913	1.60.1.70245
TAXI_CANCEL	1.60.1.69913	1.60.1.70245
TAXI_CANCEL_DESCRIPTION	1.60.1.69913	1.60.1.70245
TAXI_PATH_UNREACHABLE	1.60.1.69913	1.60.1.70245
TELEPORT_OUT_OF_DUNGEON	1.60.1.70170	1.60.1.70245
TELEPORT_TO_DUNGEON	1.60.1.70170	1.60.1.70245
TEXTTOSPEECH_COMMAND_SYNTAX_ERROR	1.60.1.70170	1.60.1.70245
TEXTTOSPEECH_HELP_OVERVIEW	1.60.1.70170	1.60.1.70245
TEXTURE_DETAIL	1.60.1.69913	1.60.1.70245
TEXT_MODE_A_STRING_RESULT_ABSORB	1.60.1.69913	1.60.1.70245
TEXT_MODE_A_STRING_RESULT_BLOCK	1.60.1.69913	1.60.1.70245
TEXT_MODE_A_STRING_RESULT_OVERKILLING	1.60.1.69913	1.60.1.70245
TEXT_MODE_A_STRING_RESULT_RESIST	1.60.1.69913	1.60.1.70245
TEXT_MODE_A_STRING_VALUE_SCHOOL	1.60.1.69913	1.60.1.70245
TEXT_SCALE_PREVIEW_BODY	1.60.1.69913	1.60.1.70245
TEXT_SCALE_PREVIEW_TITLE	1.60.1.69913	1.60.1.70245
TEXT_TO_SPEECH	1.60.1.69913	1.60.1.70245
TEXT_TO_SPEECH_ADD_CHARACTER_NAME	1.60.1.69913	1.60.1.70245
TEXT_TO_SPEECH_ADJUST_RATE	1.60.1.69913	1.60.1.70245
TEXT_TO_SPEECH_ADJUST_VOLUME	1.60.1.69913	1.60.1.70245
TEXT_TO_SPEECH_ALTERNATE_SYSTEM_VOICE	1.60.1.69913	1.60.1.70245
TEXT_TO_SPEECH_CHAT_MESSAGE_TYPES	1.60.1.69913	1.60.1.70245
TEXT_TO_SPEECH_CONFIG	1.60.1.69913	1.60.1.70245
TEXT_TO_SPEECH_DEFAULTS	1.60.1.69913	1.60.1.70245
TEXT_TO_SPEECH_MORE_VOICES	1.60.1.69913	1.60.1.70245
TEXT_TO_SPEECH_NARRATE_MY_MESSAGES	1.60.1.69913	1.60.1.70245
TEXT_TO_SPEECH_PLAY_ACTIVITY_SOUND	1.60.1.69913	1.60.1.70245
TEXT_TO_SPEECH_PLAY_LINE_BREAK_SOUND	1.60.1.69913	1.60.1.70245
TEXT_TO_SPEECH_PLAY_SAMPLE	1.60.1.69913	1.60.1.70245
TEXT_TO_SPEECH_TUTORIAL	1.60.1.69913	1.60.1.70245
TEXT_TO_SPEECH_VOICE_OPTIONS	1.60.1.69913	1.60.1.70245
THREAT_TOOLTIP	1.60.1.70170	1.60.1.70245
TICKET_STATUS	1.60.1.69913	1.60.1.70245
TICKET_STATUS_NMI	1.60.1.69913	1.60.1.70245
TIMEMANAGER_24HOURMODE	1.60.1.69913	1.60.1.70245
TIMEMANAGER_ALARM_ENABLED	1.60.1.69913	1.60.1.70245
TIMEMANAGER_ALARM_MESSAGE	1.60.1.69913	1.60.1.70245
TIMEMANAGER_ALARM_TIME	1.60.1.69913	1.60.1.70245
TIMEMANAGER_ALARM_TOOLTIP_TURN_OFF	1.60.1.69913	1.60.1.70245
TIMEMANAGER_AM	1.60.1.69913	1.60.1.70245
TIMEMANAGER_LOCALTIME	1.60.1.69913	1.60.1.70245
TIMEMANAGER_PM	1.60.1.69913	1.60.1.70245
TIMEMANAGER_SHOW_STOPWATCH	1.60.1.69913	1.60.1.70245
TIMEMANAGER_TITLE	1.60.1.69913	1.60.1.70245
TIMEMANAGER_TOOLTIP_LOCALTIME	1.60.1.69913	1.60.1.70245
TIMEMANAGER_TOOLTIP_REALMTIME	1.60.1.69913	1.60.1.70245
TIMEMANAGER_TOOLTIP_TITLE	1.60.1.69913	1.60.1.70245
TIMESTAMPS_LABEL	1.60.1.69913	1.60.1.70245
TIMESTAMP_COMBATLOG_TOOLTIP	1.60.1.69913	1.60.1.70245
TIMESTAMP_FORMAT_NONE	1.60.1.69913	1.60.1.70245
TIME_DAYHOURMINUTESECOND	1.60.1.69913	1.60.1.70245
TIME_IN_QUEUE	1.60.1.69913	1.60.1.70245
TIME_LEFT_LONG	1.60.1.69913	1.60.1.70245
TIME_LEFT_MEDIUM	1.60.1.69913	1.60.1.70245
TIME_LEFT_SHORT	1.60.1.69913	1.60.1.70245
TIME_LEFT_VERY_LONG	1.60.1.69913	1.60.1.70245
TIME_PLAYED_ALERT	1.60.1.69913	1.60.1.70245
TIME_PLAYED_LEVEL	1.60.1.69913	1.60.1.70245
TIME_PLAYED_TOTAL	1.60.1.69913	1.60.1.70245
TIME_REMAINING	1.60.1.69913	1.60.1.70245
TIME_UNTIL_DELETED	1.60.1.69913	1.60.1.70245
TIME_UNTIL_RETURNED	1.60.1.69913	1.60.1.70245
TITLE_DOESNT_EXIST	1.60.1.69913	1.60.1.70245
TITLE_FRIEND_REQUEST	1.60.1.69913	1.60.1.70245
TOAST_OBJECTIVE_COMPLETE	1.60.1.69913	1.60.1.70245
TOAST_SETTINGS_LABEL	1.60.1.69913	1.60.1.70245
TOGGLE_BATTLEFIELD_MAP	1.60.1.69913	1.60.1.70245
TOGGLE_SCOREBOARD	1.60.1.69913	1.60.1.70245
TOKEN_AUCTIONABLE_TOKEN_OWNED	1.60.1.69913	1.60.1.70245
TOKEN_AUCTIONS_UNAVAILABLE	1.60.1.69913	1.60.1.70245
TOKEN_BUYOUT_PRICE_UPDATES	1.60.1.69913	1.60.1.70245
TOKEN_CREATE_AUCTION_LOCKED_PRICE	1.60.1.69913	1.60.1.70245
TOKEN_CURRENT_BUYOUT_PRICE	1.60.1.69913	1.60.1.70245
TOKEN_CURRENT_MARKET_PRICE	1.60.1.69913	1.60.1.70245
TOKEN_DETAIL_SELECT_PROMPT	1.60.1.69913	1.60.1.70245
TOKEN_MARKET_PRICE_NOT_AVAILABLE	1.60.1.69913	1.60.1.70245
TOKEN_MOVE_TO_UNUSED	1.60.1.69913	1.60.1.70245
TOKEN_NONE_FOR_SALE	1.60.1.69913	1.60.1.70245
TOKEN_REMOVE_FROM_BACKPACK_INSTRUCTION	1.60.1.69913	1.60.1.70245
TOKEN_SHOW_ON_BACKPACK	1.60.1.69913	1.60.1.70245
TOKEN_TRIAL_RESTRICTIONS	1.60.1.69913	1.60.1.70245
TOKEN_TRY_AGAIN_LATER	1.60.1.69913	1.60.1.70245
TOOLTIP_BATTLE_PET	1.60.1.70170	1.60.1.70245
TOOLTIP_TALENT_LEARN	1.60.1.69913	1.60.1.70245
TOOLTIP_TALENT_NEXT_RANK	1.60.1.69913	1.60.1.70245
TOOLTIP_TALENT_RANK	1.60.1.69913	1.60.1.70245
TOOLTIP_TALENT_RANK_CURRENT_ONLY	1.60.1.69913	1.60.1.70245
TOOLTIP_TALENT_TIER_POINTS	1.60.1.69913	1.60.1.70245
TOOLTIP_TRACKER_FIND_GROUP_BUTTON	1.60.1.69913	1.60.1.70245
TOOLTIP_UNIT_LEVEL	1.60.1.69913	1.60.1.70245
TOOLTIP_UNIT_LEVEL_RACE	1.60.1.69913	1.60.1.70245
TOOLTIP_UNIT_LEVEL_RACE_TYPE	1.60.1.69913	1.60.1.70245
TOOLTIP_UNIT_LEVEL_TYPE	1.60.1.69913	1.60.1.70245
TOOLTIP_VIGNETTE_OBJECTIVE_DEFEAT	1.60.1.69913	1.60.1.70245
TOOLTIP_VIGNETTE_OBJECTIVE_DEFEAT_SHOW_HEALTH	1.60.1.69913	1.60.1.70245
TOO_MANY_LUA_ERRORS	1.60.1.69913	1.60.1.70245
TOO_MANY_WATCHED_TOKENS	1.60.1.69913	1.60.1.70245
TOTAL_MEM_KB_ABBR	1.60.1.69913	1.60.1.70245
TOTAL_MEM_MB_ABBR	1.60.1.69913	1.60.1.70245
TOTAL_MOUNTS	1.60.1.69913	1.60.1.70245
TOTAL_STACKS	1.60.1.69913	1.60.1.70245
TOTAL_TOYS	1.60.1.69913	1.60.1.70245
TOWNSFOLK_TRACKING_TEXT	1.60.1.69913	1.60.1.70245
TOY	1.60.1.70170	1.60.1.70245
TOYBOX_FAVORITE_HELP	1.60.1.69913	1.60.1.70245
TOYBOX_MOUSEWHEEL_PAGING_HELP	1.60.1.69913	1.60.1.70245
TOY_BOX	1.60.1.69913	1.60.1.70245
TRACKED_ITEMS_FILTER_DESCRIPTION	1.60.1.69913	1.60.1.70245
TRACKER_ALL_OBJECTIVES	1.60.1.69913	1.60.1.70245
TRACKER_HEADER_ACHIEVEMENTS	1.60.1.69913	1.60.1.70245
TRACKER_HEADER_BONUS_OBJECTIVES	1.60.1.69913	1.60.1.70245
TRACKER_HEADER_CAMPAIGN_QUESTS	1.60.1.69913	1.60.1.70245
TRACKER_HEADER_DUNGEON	1.60.1.69913	1.60.1.70245
TRACKER_HEADER_OBJECTIVE	1.60.1.69913	1.60.1.70245
TRACKER_HEADER_PROVINGGROUNDS	1.60.1.69913	1.60.1.70245
TRACKER_HEADER_QUESTS	1.60.1.69913	1.60.1.70245
TRACKER_HEADER_SCENARIO	1.60.1.69913	1.60.1.70245
TRACKER_HEADER_WORLD_QUESTS	1.60.1.69913	1.60.1.70245
TRACKING	1.60.1.69913	1.60.1.70245
TRACK_ACHIEVEMENT	1.60.1.69913	1.60.1.70245
TRACK_ACHIEVEMENT_TOOLTIP	1.60.1.69913	1.60.1.70245
TRACK_QUEST	1.60.1.69913	1.60.1.70245
TRACK_QUEST_ABBREV	1.60.1.69913	1.60.1.70245
TRADE	1.60.1.69913	1.60.1.70245
TRADEFRAME_ENCHANT_SLOT_LABEL	1.60.1.69913	1.60.1.70245
TRADEFRAME_NOT_MODIFIED_TEXT	1.60.1.69913	1.60.1.70245
TRADESKILLS	1.60.1.69913	1.60.1.70245
TRADESKILL_CHARGES_REMAINING	1.60.1.69913	1.60.1.70245
TRADESKILL_FILTER_HAS_SKILL_UP	1.60.1.69913	1.60.1.70245
TRADESKILL_FILTER_SLOTS	1.60.1.69913	1.60.1.70245
TRADESKILL_LOG_FIRSTPERSON	1.60.1.69913	1.60.1.70245
TRADESKILL_LOG_THIRDPERSON	1.60.1.69913	1.60.1.70245
TRADESKILL_NEXT_RANK_HEADER	1.60.1.69913	1.60.1.70245
TRADESKILL_POST	1.60.1.69913	1.60.1.70245
TRADESKILL_RECIPE_LEVEL_DROPDOWN_OPTION_FORMAT	1.60.1.69913	1.60.1.70245
TRADESKILL_RECIPE_LEVEL_RECIPE_FORMAT	1.60.1.69913	1.60.1.70245
TRADESKILL_UNLEARNED_RECIPE_HEADER	1.60.1.69913	1.60.1.70245
TRADE_POTENTIAL_BIND_ENCHANT	1.60.1.69913	1.60.1.70245
TRADE_POTENTIAL_REMOVE_TRANSMOG	1.60.1.69913	1.60.1.70245
TRADE_SKILLS	1.60.1.69913	1.60.1.70245
TRADE_WARNING_CHANGED_OFFER	1.60.1.69913	1.60.1.70245
TRADE_WITH_QUESTION	1.60.1.69913	1.60.1.70245
TRAIN	1.60.1.69913	1.60.1.70245
TRAINER_CANNOT_EXCEED_MAX_PROFESSIONS	1.60.1.69913	1.60.1.70245
TRAINER_REQ_LEVEL	1.60.1.69913	1.60.1.70245
TRAINER_REQ_LEVEL_RED	1.60.1.69913	1.60.1.70245
TRAINER_REQ_SKILL_RANK	1.60.1.69913	1.60.1.70245
TRAINER_REQ_SKILL_RANK_RED	1.60.1.69913	1.60.1.70245
TRAINING_POINTS	1.60.1.69913	1.60.1.70245
TRAINING_POINTS_ABBREV	1.60.1.69913	1.60.1.70245
TRAINING_POINTS_TUTORIAL	1.60.1.69913	1.60.1.70245
TRANSMOGRIFICATION	1.60.1.69913	1.60.1.70245
TRANSMOGRIFIED_ENCHANT	1.60.1.69913	1.60.1.70245
TRANSMOGRIFY	1.60.1.69913	1.60.1.70245
TRANSMOGRIFY_CLEAR_ALL_PENDING	1.60.1.69913	1.60.1.70245
TRANSMOGRIFY_ILLUSION_INVALID_ITEM	1.60.1.69913	1.60.1.70245
TRANSMOGRIFY_RIGHT_SHOULDER	1.60.1.69913	1.60.1.70245
TRANSMOGRIFY_TOOLTIP_APPEARANCE_KNOWN	1.60.1.70170	1.60.1.70245
TRANSMOGRIFY_TOOLTIP_APPEARANCE_UNCOLLECTABLE	1.60.1.70170	1.60.1.70245
TRANSMOGRIFY_TOOLTIP_APPEARANCE_UNKNOWN	1.60.1.70170	1.60.1.70245
TRANSMOGRIFY_TOOLTIP_APPEARANCE_UNUSABLE	1.60.1.70170	1.60.1.70245
TRANSMOGRIFY_TOOLTIP_HIDDEN	1.60.1.69913	1.60.1.70245
TRANSMOGRIFY_TOOLTIP_ITEM_UNKNOWN_APPEARANCE_KNOWN	1.60.1.70170	1.60.1.70245
TRANSMOGRIFY_TOOLTIP_REVERT	1.60.1.70170	1.60.1.70245
TRANSMOG_AND_MOUNT_DRESSUP_FRAME_SHOW_MOUNT	1.60.1.70170	1.60.1.70245
TRANSMOG_APPEARANCE_USABLE_HOLIDAY	1.60.1.70170	1.60.1.70245
TRANSMOG_ARTIFACT_OPTIONS_HEADER	1.60.1.69913	1.60.1.70245
TRANSMOG_COLLECTED	1.60.1.70170	1.60.1.70245
TRANSMOG_CUSTOM_SETS_HELPTIP	1.60.1.69913	1.60.1.70245
TRANSMOG_CUSTOM_SETS_MIGRATION_HELPTIP	1.60.1.69913	1.60.1.70245
TRANSMOG_CUSTOM_SETS_NONE	1.60.1.69913	1.60.1.70245
TRANSMOG_CUSTOM_SET_ALL_INVALID_APPEARANCES	1.60.1.69913	1.60.1.70245
TRANSMOG_CUSTOM_SET_ALREADY_EXISTS	1.60.1.69913	1.60.1.70245
TRANSMOG_CUSTOM_SET_CHECKING_APPEARANCES	1.60.1.69913	1.60.1.70245
TRANSMOG_CUSTOM_SET_CONFIRM_DELETE	1.60.1.69913	1.60.1.70245
TRANSMOG_CUSTOM_SET_CONFIRM_OVERWRITE	1.60.1.69913	1.60.1.70245
TRANSMOG_CUSTOM_SET_COPY_TO_CLIPBOARD	1.60.1.70170	1.60.1.70245
TRANSMOG_CUSTOM_SET_COPY_TO_CLIPBOARD_NOTICE	1.60.1.69913	1.60.1.70245
TRANSMOG_CUSTOM_SET_DELETE	1.60.1.69913	1.60.1.70245
TRANSMOG_CUSTOM_SET_DRESSING_ROOM	1.60.1.69913	1.60.1.70245
TRANSMOG_CUSTOM_SET_EDIT	1.60.1.69913	1.60.1.70245
TRANSMOG_CUSTOM_SET_EDIT_DELETE	1.60.1.69913	1.60.1.70245
TRANSMOG_CUSTOM_SET_LINK_INVALID	1.60.1.69913	1.60.1.70245
TRANSMOG_CUSTOM_SET_NAME	1.60.1.69913	1.60.1.70245
TRANSMOG_CUSTOM_SET_NEW	1.60.1.69913	1.60.1.70245
TRANSMOG_CUSTOM_SET_NEW_TOOLTIP_DISABLED	1.60.1.69913	1.60.1.70245
TRANSMOG_CUSTOM_SET_NEW_TOOLTIP_DISABLED_MAX_COUNT	1.60.1.69913	1.60.1.70245
TRANSMOG_CUSTOM_SET_NONE	1.60.1.69913	1.60.1.70245
TRANSMOG_CUSTOM_SET_POST_IN_CHAT	1.60.1.70170	1.60.1.70245
TRANSMOG_CUSTOM_SET_RENAME	1.60.1.69913	1.60.1.70245
TRANSMOG_CUSTOM_SET_REPLACE	1.60.1.69913	1.60.1.70245
TRANSMOG_CUSTOM_SET_SOME_INVALID_APPEARANCES	1.60.1.69913	1.60.1.70245
TRANSMOG_DRACTHYR_APPEARANCE_INVISIBLE	1.60.1.70170	1.60.1.70245
TRANSMOG_EDIT_OUTFIT_SLOT	1.60.1.69913	1.60.1.70245
TRANSMOG_FAVORITE_LOSE_REFUND_AND_TRADE	1.60.1.69913	1.60.1.70245
TRANSMOG_HELP_1	1.60.1.69913	1.60.1.70245
TRANSMOG_HELP_2	1.60.1.69913	1.60.1.70245
TRANSMOG_HELP_3	1.60.1.69913	1.60.1.70245
TRANSMOG_HIDE_UNASSIGNED_SLOTS	1.60.1.69913	1.60.1.70245
TRANSMOG_ITEM_SET_FAVORITE	1.60.1.69913	1.60.1.70245
TRANSMOG_ITEM_UNSET_FAVORITE	1.60.1.69913	1.60.1.70245
TRANSMOG_OUTFITS_HELPTIP	1.60.1.69913	1.60.1.70245
TRANSMOG_OUTFIT_INVALID_NAME	1.60.1.69913	1.60.1.70245
TRANSMOG_OUTFIT_SLOT_POPUP_TEXT	1.60.1.69913	1.60.1.70245
TRANSMOG_PENDING_CHANGES	1.60.1.69913	1.60.1.70245
TRANSMOG_PREVIEWED_WEAPON_TOGGLE	1.60.1.69913	1.60.1.70245
TRANSMOG_PURCHASE_OUTFIT_SLOT	1.60.1.69913	1.60.1.70245
TRANSMOG_SAVE_OUTFIT	1.60.1.69913	1.60.1.70245
TRANSMOG_SAVE_OUTFIT_CANNOT_AFFORD_TOOLTIP	1.60.1.69913	1.60.1.70245
TRANSMOG_SAVE_OUTFIT_TOOLTIP	1.60.1.69913	1.60.1.70245
TRANSMOG_SETS_FAVORITE_WITH_DESCRIPTION	1.60.1.69913	1.60.1.70245
TRANSMOG_SETS_HELPTIP	1.60.1.69913	1.60.1.70245
TRANSMOG_SETS_NONE	1.60.1.69913	1.60.1.70245
TRANSMOG_SETS_TAB_TUTORIAL	1.60.1.69913	1.60.1.70245
TRANSMOG_SETS_UNFAVORITE_WITH_DESCRIPTION	1.60.1.69913	1.60.1.70245
TRANSMOG_SET_GRANTS_PRECEDING_VARIANTS	1.60.1.69913	1.60.1.70245
TRANSMOG_SET_LIMITED_TIME_SET	1.60.1.69913	1.60.1.70245
TRANSMOG_SET_LIMITED_TIME_SET_TOOLTIP	1.60.1.69913	1.60.1.70245
TRANSMOG_SET_OPEN_COLLECTION	1.60.1.69913	1.60.1.70245
TRANSMOG_SET_PVE	1.60.1.69913	1.60.1.70245
TRANSMOG_SET_PVP	1.60.1.69913	1.60.1.70245
TRANSMOG_SHEATHE_WEAPON	1.60.1.69913	1.60.1.70245
TRANSMOG_SHEATHE_WEAPON_TOOLTIP	1.60.1.69913	1.60.1.70245
TRANSMOG_SITUATIONS_APPLY	1.60.1.69913	1.60.1.70245
TRANSMOG_SITUATIONS_APPLY_DISABLED_TOOLTIP	1.60.1.69913	1.60.1.70245
TRANSMOG_SITUATIONS_DEFAULTS	1.60.1.69913	1.60.1.70245
TRANSMOG_SITUATIONS_DESCRIPTION	1.60.1.69913	1.60.1.70245
TRANSMOG_SITUATIONS_ENABLED	1.60.1.69913	1.60.1.70245
TRANSMOG_SITUATIONS_HELPTIP	1.60.1.69913	1.60.1.70245
TRANSMOG_SITUATIONS_NO_VALID_OPTIONS	1.60.1.69913	1.60.1.70245
TRANSMOG_SITUATIONS_UNDO	1.60.1.69913	1.60.1.70245
TRANSMOG_SLOT_APPEARANCE_INVISIBLE	1.60.1.70170	1.60.1.70245
TRANSMOG_SLOT_DISPLAY_TYPE_EQUIPPED	1.60.1.69913	1.60.1.70245
TRANSMOG_SLOT_DISPLAY_TYPE_EQUIPPED_TOOLTIP	1.60.1.69913	1.60.1.70245
TRANSMOG_SLOT_DISPLAY_TYPE_UNASSIGNED	1.60.1.69913	1.60.1.70245
TRANSMOG_SLOT_DISPLAY_TYPE_UNASSIGNED_ARTIFACT	1.60.1.69913	1.60.1.70245
TRANSMOG_SLOT_DISPLAY_TYPE_UNASSIGNED_ARTIFACT_TOOLTIP	1.60.1.69913	1.60.1.70245
TRANSMOG_SLOT_DISPLAY_TYPE_UNASSIGNED_TOOLTIP	1.60.1.69913	1.60.1.70245
TRANSMOG_TAB_CUSTOM_SETS	1.60.1.69913	1.60.1.70245
TRANSMOG_TAB_ITEMS	1.60.1.69913	1.60.1.70245
TRANSMOG_TAB_SETS	1.60.1.69913	1.60.1.70245
TRANSMOG_TAB_SITUATIONS	1.60.1.69913	1.60.1.70245
TRANSMOG_TRIAL_OF_STYLE_HELPTIP	1.60.1.69913	1.60.1.70245
TRANSMOG_USABLE_DISCOUNT	1.60.1.69913	1.60.1.70245
TRANSMOG_USABLE_DISCOUNT_CLAIM	1.60.1.69913	1.60.1.70245
TRANSMOG_USABLE_DISCOUNT_CONFIRM	1.60.1.69913	1.60.1.70245
TRANSMOG_USABLE_DISCOUNT_USE_GOLD	1.60.1.69913	1.60.1.70245
TRANSMOG_WEAPON_OPTIONS_HELPTIP	1.60.1.69913	1.60.1.70245
TRAVEL_PASS_INVITE	1.60.1.69913	1.60.1.70245
TRIAL_CAP_BANKED_LEVELS_TOOLTIP	1.60.1.69913	1.60.1.70245
TRIAL_CAP_BANKED_XP_TOOLTIP	1.60.1.69913	1.60.1.70245
TRIAL_RESTRICTED	1.60.1.69913	1.60.1.70245
TRINKET0SLOT	1.60.1.69913	1.60.1.70245
TRINKET1SLOT	1.60.1.69913	1.60.1.70245
TRIPLE_BUFFER	1.60.1.69913	1.60.1.70245
TRIVIAL_QUESTS_FILTER_DESCRIPTION	1.60.1.69913	1.60.1.70245
TRIVIAL_QUEST_DISPLAY	1.60.1.69913	1.60.1.70245
TTS_CONFIRM_SAVE_SETTINGS	1.60.1.69913	1.60.1.70245
TURN_IN_ITEMS	1.60.1.69913	1.60.1.70245
TUTORIAL17	1.60.1.70009	1.60.1.70245
TUTORIAL18	1.60.1.70009	1.60.1.70245
TUTORIAL22	1.60.1.70009	1.60.1.70245
TUTORIAL27	1.60.1.70009	1.60.1.70245
TUTORIAL28	1.60.1.70009	1.60.1.70245
TUTORIAL37	1.60.1.70009	1.60.1.70245
TUTORIAL46	1.60.1.70009	1.60.1.70245
TUTORIAL52	1.60.1.70009	1.60.1.70245
TUTORIAL_HUD_REVAMP_BAG_CHANGES	1.60.1.69913	1.60.1.70245
TUTORIAL_HUD_REVAMP_LFG_QUEUE_CHANGES	1.60.1.69913	1.60.1.70245
TUTORIAL_SUPERTRACK_STEP_1	1.60.1.69913	1.60.1.70245
TUTORIAL_TITLE17	1.60.1.70009	1.60.1.70245
TUTORIAL_TITLE18	1.60.1.70009	1.60.1.70245
TUTORIAL_TITLE22	1.60.1.70009	1.60.1.70245
TUTORIAL_TITLE27	1.60.1.70009	1.60.1.70245
TUTORIAL_TITLE28	1.60.1.70009	1.60.1.70245
TUTORIAL_TITLE37	1.60.1.70009	1.60.1.70245
TUTORIAL_TITLE46	1.60.1.70009	1.60.1.70245
TUTORIAL_TITLE52	1.60.1.70009	1.60.1.70245
TUTORIAL_TOKEN_ABOUT_TOKENS	1.60.1.69913	1.60.1.70245
TUTORIAL_TOKEN_GAME_TIME_STEP_1	1.60.1.69913	1.60.1.70245
TUTORIAL_TOKEN_GAME_TIME_STEP_2	1.60.1.69913	1.60.1.70245
TUTORIAL_TOKEN_GAME_TIME_STEP_2_BALANCE	1.60.1.69913	1.60.1.70245
TUTORIAL_TOKEN_GOLD_STEP_1	1.60.1.69913	1.60.1.70245
TUTORIAL_TOKEN_GOLD_STEP_2	1.60.1.69913	1.60.1.70245
TUTORIAL_TOKEN_I_NEED_GAME_TIME	1.60.1.69913	1.60.1.70245
TUTORIAL_TOKEN_I_NEED_GOLD	1.60.1.69913	1.60.1.70245
TUTORIAL_TOKEN_PAY_FOR_TIME_WITH_GOLD	1.60.1.69913	1.60.1.70245
TUTORIAL_TOKEN_SELL_FOR_GOLD	1.60.1.69913	1.60.1.70245
TUTORIAL_VOICE	1.60.1.69913	1.60.1.70245
TYPE	1.60.1.69913	1.60.1.70245
TradeSkillCategory:2436	1.60.1.70170	1.60.1.70245
TradeSkillCategory:2437	1.60.1.70170	1.60.1.70245
TradeSkillCategory:2438	1.60.1.70170	1.60.1.70245
TradeSkillCategory:2439	1.60.1.70170	1.60.1.70245
TradeSkillCategory:2440	1.60.1.70170	1.60.1.70245
TradeSkillCategory:2441	1.60.1.70170	1.60.1.70245
TradeSkillCategory:2442	1.60.1.70170	1.60.1.70245
TradeSkillCategory:2443	1.60.1.70170	1.60.1.70245
TradeSkillCategory:2444	1.60.1.70170	1.60.1.70245
TradeSkillCategory:2445	1.60.1.70170	1.60.1.70245
TradeSkillCategory:2446	1.60.1.70170	1.60.1.70245
TradeSkillCategory:2447	1.60.1.70170	1.60.1.70245
TradeSkillCategory:2448	1.60.1.70170	1.60.1.70245
TradeSkillCategory:2449	1.60.1.70170	1.60.1.70245
TradeSkillCategory:2450	1.60.1.70170	1.60.1.70245
TradeSkillCategory:2451	1.60.1.70170	1.60.1.70245
TradeSkillCategory:2452	1.60.1.70170	1.60.1.70245
TradeSkillCategory:2453	1.60.1.70170	1.60.1.70245
TradeSkillCategory:2454	1.60.1.70170	1.60.1.70245
TradeSkillCategory:2455	1.60.1.70170	1.60.1.70245
TradeSkillCategory:2460	1.60.1.70170	1.60.1.70245
TradeSkillCategory:2461	1.60.1.70170	1.60.1.70245
TradeSkillCategory:2462	1.60.1.70170	1.60.1.70245
TradeSkillCategory:2463	1.60.1.70170	1.60.1.70245
TradeSkillCategory:2464	1.60.1.70170	1.60.1.70245
TradeSkillCategory:2465	1.60.1.70170	1.60.1.70245
TradeSkillCategory:2466	1.60.1.70170	1.60.1.70245
TradeSkillCategory:2467	1.60.1.70170	1.60.1.70245
TradeSkillCategory:2468	1.60.1.70170	1.60.1.70245
TradeSkillCategory:2469	1.60.1.70170	1.60.1.70245
TradeSkillCategory:2470	1.60.1.70170	1.60.1.70245
TradeSkillCategory:2471	1.60.1.70170	1.60.1.70245
TradeSkillCategory:2472	1.60.1.70170	1.60.1.70245
TradeSkillCategory:2473	1.60.1.70170	1.60.1.70245
TradeSkillCategory:2474	1.60.1.70170	1.60.1.70245
TradeSkillCategory:2475	1.60.1.70170	1.60.1.70245
TradeSkillCategory:2476	1.60.1.70170	1.60.1.70245
TradeSkillCategory:2481	1.60.1.70170	1.60.1.70245
TradeSkillCategory:2484	1.60.1.70170	1.60.1.70245
TradeSkillCategory:2485	1.60.1.70170	1.60.1.70245
TradeSkillCategory:2486	1.60.1.70170	1.60.1.70245
TradeSkillCategory:2488	1.60.1.70170	1.60.1.70245
TradeSkillCategory:2491	1.60.1.70170	1.60.1.70245
TradeSkillCategory:2492	1.60.1.70170	1.60.1.70245
TradeSkillCategory:2493	1.60.1.70170	1.60.1.70245
TradeSkillCategory:2494	1.60.1.70170	1.60.1.70245
TradeSkillCategory:2495	1.60.1.70170	1.60.1.70245
TradeSkillCategory:2496	1.60.1.70170	1.60.1.70245
TradeSkillCategory:2497	1.60.1.70170	1.60.1.70245
TradeSkillCategory:2498	1.60.1.70170	1.60.1.70245
TradeSkillCategory:2499	1.60.1.70170	1.60.1.70245
TradeSkillCategory:2500	1.60.1.70170	1.60.1.70245
TradeSkillCategory:2501	1.60.1.70170	1.60.1.70245
TradeSkillCategory:2502	1.60.1.70170	1.60.1.70245
TradeSkillCategory:2503	1.60.1.70170	1.60.1.70245
TradeSkillCategory:2504	1.60.1.70170	1.60.1.70245
TradeSkillCategory:2505	1.60.1.70170	1.60.1.70245
TradeSkillCategory:2506	1.60.1.70170	1.60.1.70245
TradeSkillCategory:2507	1.60.1.70170	1.60.1.70245
TradeSkillCategory:2508	1.60.1.70170	1.60.1.70245
TradeSkillCategory:2509	1.60.1.70170	1.60.1.70245
TradeSkillCategory:2510	1.60.1.70170	1.60.1.70245
TradeSkillCategory:2513	1.60.1.70170	1.60.1.70245
TradeSkillCategory:2515	1.60.1.70170	1.60.1.70245
TradeSkillCategory:2516	1.60.1.70170	1.60.1.70245
TradeSkillCategory:2517	1.60.1.70170	1.60.1.70245
TradeSkillCategory:2518	1.60.1.70170	1.60.1.70245
TradeSkillCategory:2519	1.60.1.70170	1.60.1.70245
TradeSkillCategory:2520	1.60.1.70170	1.60.1.70245
TradeSkillCategory:2521	1.60.1.70170	1.60.1.70245
TradeSkillCategory:2522	1.60.1.70170	1.60.1.70245
TradeSkillCategory:2523	1.60.1.70170	1.60.1.70245
TradeSkillCategory:2524	1.60.1.70170	1.60.1.70245
TradeSkillCategory:2525	1.60.1.70170	1.60.1.70245
TradeSkillCategory:2526	1.60.1.70170	1.60.1.70245
TradeSkillCategory:2527	1.60.1.70170	1.60.1.70245
TradeSkillCategory:2528	1.60.1.70170	1.60.1.70245
TradeSkillCategory:2530	1.60.1.70170	1.60.1.70245
TradeSkillCategory:2531	1.60.1.70170	1.60.1.70245
TradeSkillCategory:2532	1.60.1.70170	1.60.1.70245
TradeSkillCategory:2533	1.60.1.70170	1.60.1.70245
TradeSkillCategory:2537	1.60.1.70170	1.60.1.70245
TradeSkillCategory:2538	1.60.1.70170	1.60.1.70245
TradeSkillCategory:2539	1.60.1.70170	1.60.1.70245
TradeSkillCategory:2540	1.60.1.70170	1.60.1.70245
TradeSkillCategory:2541	1.60.1.70170	1.60.1.70245
TradeSkillCategory:2542	1.60.1.70170	1.60.1.70245
TradeSkillCategory:2543	1.60.1.70170	1.60.1.70245
TradeSkillCategory:2544	1.60.1.70170	1.60.1.70245
TradeSkillCategory:2545	1.60.1.70170	1.60.1.70245
TradeSkillCategory:2546	1.60.1.70170	1.60.1.70245
TradeSkillCategory:2547	1.60.1.70170	1.60.1.70245
TradeSkillCategory:2548	1.60.1.70170	1.60.1.70245
TradeSkillCategory:2551	1.60.1.70170	1.60.1.70245
TradeSkillCategory:2552	1.60.1.70170	1.60.1.70245
TradeSkillCategory:2553	1.60.1.70170	1.60.1.70245
TradeSkillCategory:2554	1.60.1.70170	1.60.1.70245
TradeSkillCategory:2555	1.60.1.70170	1.60.1.70245
TradeSkillCategory:2556	1.60.1.70170	1.60.1.70245
TradeSkillCategory:2557	1.60.1.70170	1.60.1.70245
TradeSkillCategory:2558	1.60.1.70170	1.60.1.70245
TradeSkillCategory:2559	1.60.1.70170	1.60.1.70245
TradeSkillCategory:2560	1.60.1.70170	1.60.1.70245
TradeSkillCategory:2569	1.60.1.70170	1.60.1.70245
TradeSkillCategory:2570	1.60.1.70170	1.60.1.70245
TradeSkillCategory:2571	1.60.1.70170	1.60.1.70245
TradeSkillCategory:2573	1.60.1.70170	1.60.1.70245
TradeSkillCategory:2575	1.60.1.70170	1.60.1.70245
TradeSkillCategory:2577	1.60.1.70170	1.60.1.70245
TradeSkillCategory:2579	1.60.1.70170	1.60.1.70245
TradeSkillCategory:2581	1.60.1.70170	1.60.1.70245
TradeSkillCategory:2582	1.60.1.70170	1.60.1.70245
TradeSkillCategory:2583	1.60.1.70170	1.60.1.70245
TradeSkillCategory:2584	1.60.1.70170	1.60.1.70245
TradeSkillCategory:2585	1.60.1.70170	1.60.1.70245
TradeSkillCategory:2586	1.60.1.70170	1.60.1.70245
TradeSkillCategory:2587	1.60.1.70170	1.60.1.70245
TradeSkillCategory:2588	1.60.1.70170	1.60.1.70245
TradeSkillCategory:2589	1.60.1.70170	1.60.1.70245
TradeSkillCategory:2590	1.60.1.70170	1.60.1.70245
TradeSkillCategory:2592	1.60.1.70170	1.60.1.70245
TradeSkillCategory:2620	1.60.1.70170	1.60.1.70245
TradeSkillCategory:2621	1.60.1.70170	1.60.1.70245
TradeSkillCategory:2632	1.60.1.70170	1.60.1.70245
TradeSkillCategory:2633	1.60.1.70170	1.60.1.70245
TradeSkillCategory:2634	1.60.1.70170	1.60.1.70245
TradeSkillCategory:2635	1.60.1.70170	1.60.1.70245
TradeSkillCategory:2636	1.60.1.70170	1.60.1.70245
TradeSkillCategory:2638	1.60.1.70170	1.60.1.70245
TradeSkillCategory:2639	1.60.1.70170	1.60.1.70245
TradeSkillCategory:2640	1.60.1.70170	1.60.1.70245
TradeSkillCategory:2641	1.60.1.70170	1.60.1.70245
TradeSkillCategory:2642	1.60.1.70170	1.60.1.70245
TradeSkillCategory:2643	1.60.1.70170	1.60.1.70245
TradeSkillCategory:2644	1.60.1.70170	1.60.1.70245
TradeSkillCategory:2645	1.60.1.70170	1.60.1.70245
TradeSkillCategory:2646	1.60.1.70170	1.60.1.70245
TradeSkillCategory:2651	1.60.1.70170	1.60.1.70245
TradeSkillCategory:2771	1.60.1.70170	1.60.1.70245
TransmogSituation:1	1.60.1.70170	1.60.1.70245
TransmogSituation:10	1.60.1.70170	1.60.1.70245
TransmogSituation:11	1.60.1.70170	1.60.1.70245
TransmogSituation:12	1.60.1.70170	1.60.1.70245
TransmogSituation:13	1.60.1.70170	1.60.1.70245
TransmogSituation:14	1.60.1.70170	1.60.1.70245
TransmogSituation:15	1.60.1.70170	1.60.1.70245
TransmogSituation:16	1.60.1.70170	1.60.1.70245
TransmogSituation:17	1.60.1.70170	1.60.1.70245
TransmogSituation:18	1.60.1.70170	1.60.1.70245
TransmogSituation:19	1.60.1.70170	1.60.1.70245
TransmogSituation:2	1.60.1.70170	1.60.1.70245
TransmogSituation:20	1.60.1.70170	1.60.1.70245
TransmogSituation:21	1.60.1.70170	1.60.1.70245
TransmogSituation:22	1.60.1.70170	1.60.1.70245
TransmogSituation:3	1.60.1.70170	1.60.1.70245
TransmogSituation:32	1.60.1.70170	1.60.1.70245
TransmogSituation:33	1.60.1.70170	1.60.1.70245
TransmogSituation:34	1.60.1.70170	1.60.1.70245
TransmogSituation:35	1.60.1.70170	1.60.1.70245
TransmogSituation:36	1.60.1.70170	1.60.1.70245
TransmogSituation:37	1.60.1.70170	1.60.1.70245
TransmogSituation:38	1.60.1.70170	1.60.1.70245
TransmogSituation:39	1.60.1.70170	1.60.1.70245
TransmogSituation:4	1.60.1.70170	1.60.1.70245
TransmogSituation:40	1.60.1.70170	1.60.1.70245
TransmogSituation:41	1.60.1.70170	1.60.1.70245
TransmogSituation:5	1.60.1.70170	1.60.1.70245
TransmogSituation:8	1.60.1.70170	1.60.1.70245
TransmogSituation:9	1.60.1.70170	1.60.1.70245
TransmogSlotOption:1	1.60.1.70170	1.60.1.70245
TransmogSlotOption:2	1.60.1.70170	1.60.1.70245
TransmogSlotOption:20	1.60.1.70170	1.60.1.70245
TransmogSlotOption:21	1.60.1.70170	1.60.1.70245
TransmogSlotOption:22	1.60.1.70170	1.60.1.70245
TransmogSlotOption:23	1.60.1.70170	1.60.1.70245
TransmogSlotOption:24	1.60.1.70170	1.60.1.70245
TransmogSlotOption:25	1.60.1.70170	1.60.1.70245
TransmogSlotOption:26	1.60.1.70170	1.60.1.70245
TransmogSlotOption:27	1.60.1.70170	1.60.1.70245
TransmogSlotOption:28	1.60.1.70170	1.60.1.70245
TransmogSlotOption:29	1.60.1.70170	1.60.1.70245
TransmogSlotOption:30	1.60.1.70170	1.60.1.70245
TransmogSlotOption:31	1.60.1.70170	1.60.1.70245
TransmogSlotOption:32	1.60.1.70170	1.60.1.70245
TransmogSlotOption:33	1.60.1.70170	1.60.1.70245
TransmogSlotOption:34	1.60.1.70170	1.60.1.70245
TransmogSlotOption:35	1.60.1.70170	1.60.1.70245
TransmogSlotOption:36	1.60.1.70170	1.60.1.70245
TransmogSlotOption:37	1.60.1.70170	1.60.1.70245
TransmogSlotOption:38	1.60.1.70170	1.60.1.70245
TransmogSlotOption:39	1.60.1.70170	1.60.1.70245
TransmogSlotOption:40	1.60.1.70170	1.60.1.70245
TransmogSlotOption:41	1.60.1.70170	1.60.1.70245
TransmogSlotOption:42	1.60.1.70170	1.60.1.70245
TransmogSlotOption:43	1.60.1.70170	1.60.1.70245
TransmogSlotOption:44	1.60.1.70170	1.60.1.70245
TransmogSlotOption:45	1.60.1.70170	1.60.1.70245
TransmogSlotOption:46	1.60.1.70170	1.60.1.70245
TransmogSlotOption:47	1.60.1.70170	1.60.1.70245
TransmogSlotOption:48	1.60.1.70170	1.60.1.70245
TransmogSlotOption:49	1.60.1.70170	1.60.1.70245
TransmogSlotOption:5	1.60.1.70170	1.60.1.70245
TransmogSlotOption:50	1.60.1.70170	1.60.1.70245
TransmogSlotOption:51	1.60.1.70170	1.60.1.70245
TransmogSlotOption:52	1.60.1.70170	1.60.1.70245
TransmogSlotOption:53	1.60.1.70170	1.60.1.70245
TransmogSlotOption:54	1.60.1.70170	1.60.1.70245
TransmogSlotOption:55	1.60.1.70170	1.60.1.70245
TransmogSlotOption:7	1.60.1.70170	1.60.1.70245
TransmogSlotOption:8	1.60.1.70170	1.60.1.70245
TransmogSlotOption:9	1.60.1.70170	1.60.1.70245
TransmogTrigger:11	1.60.1.70170	1.60.1.70245
TransmogTrigger:12	1.60.1.70170	1.60.1.70245
TransmogTrigger:3	1.60.1.70170	1.60.1.70245
TransmogTrigger:4	1.60.1.70170	1.60.1.70245
TransmogTrigger:5	1.60.1.70170	1.60.1.70245
TransmogTrigger:6	1.60.1.70170	1.60.1.70245
TransmogTrigger:7	1.60.1.70170	1.60.1.70245
TransmogTriggerDescription:3	1.60.1.70170	1.60.1.70245
TransmogTriggerDescription:4	1.60.1.70170	1.60.1.70245
TransmogTriggerDescription:5	1.60.1.70170	1.60.1.70245
TransmogTriggerDescription:6	1.60.1.70170	1.60.1.70245
TransmogTriggerDescription:7	1.60.1.70170	1.60.1.70245
UI_SCALE	1.60.1.69913	1.60.1.70245
UNAVAILABLE	1.60.1.69913	1.60.1.70245
UNCHECK_ALL	1.60.1.69913	1.60.1.70245
UNCONSCIOUS	1.60.1.69913	1.60.1.70245
UNDER_X_PERCENT	1.60.1.69913	1.60.1.70245
UNDISCOVERED_FACTION_FLIGHTPOINT	1.60.1.69913	1.60.1.70245
UNDISCOVERED_NEUTRAL_FLIGHTPOINT	1.60.1.69913	1.60.1.70245
UNDOCK_WINDOW	1.60.1.69913	1.60.1.70245
UNEXTEND_RAID_LOCK	1.60.1.69913	1.60.1.70245
UNIGNORE_PLAYER_BUTTON_LABEL	1.60.1.69913	1.60.1.70245
UNITNAME_SUMMON_TITLE1	1.60.1.70170	1.60.1.70245
UNITNAME_SUMMON_TITLE10	1.60.1.70170	1.60.1.70245
UNITNAME_SUMMON_TITLE11	1.60.1.70170	1.60.1.70245
UNITNAME_SUMMON_TITLE12	1.60.1.70170	1.60.1.70245
UNITNAME_SUMMON_TITLE13	1.60.1.70170	1.60.1.70245
UNITNAME_SUMMON_TITLE14	1.60.1.70170	1.60.1.70245
UNITNAME_SUMMON_TITLE15	1.60.1.70170	1.60.1.70245
UNITNAME_SUMMON_TITLE16	1.60.1.70170	1.60.1.70245
UNITNAME_SUMMON_TITLE17	1.60.1.70170	1.60.1.70245
UNITNAME_SUMMON_TITLE18	1.60.1.70170	1.60.1.70245
UNITNAME_SUMMON_TITLE19	1.60.1.70170	1.60.1.70245
UNITNAME_SUMMON_TITLE2	1.60.1.70170	1.60.1.70245
UNITNAME_SUMMON_TITLE20	1.60.1.70170	1.60.1.70245
UNITNAME_SUMMON_TITLE21	1.60.1.70170	1.60.1.70245
UNITNAME_SUMMON_TITLE22	1.60.1.70170	1.60.1.70245
UNITNAME_SUMMON_TITLE23	1.60.1.70170	1.60.1.70245
UNITNAME_SUMMON_TITLE24	1.60.1.70170	1.60.1.70245
UNITNAME_SUMMON_TITLE25	1.60.1.70170	1.60.1.70245
UNITNAME_SUMMON_TITLE26	1.60.1.70170	1.60.1.70245
UNITNAME_SUMMON_TITLE28	1.60.1.70170	1.60.1.70245
UNITNAME_SUMMON_TITLE29	1.60.1.70170	1.60.1.70245
UNITNAME_SUMMON_TITLE3	1.60.1.70170	1.60.1.70245
UNITNAME_SUMMON_TITLE31	1.60.1.70170	1.60.1.70245
UNITNAME_SUMMON_TITLE32	1.60.1.70170	1.60.1.70245
UNITNAME_SUMMON_TITLE33	1.60.1.70170	1.60.1.70245
UNITNAME_SUMMON_TITLE34	1.60.1.70170	1.60.1.70245
UNITNAME_SUMMON_TITLE35	1.60.1.70170	1.60.1.70245
UNITNAME_SUMMON_TITLE36	1.60.1.70170	1.60.1.70245
UNITNAME_SUMMON_TITLE37	1.60.1.70170	1.60.1.70245
UNITNAME_SUMMON_TITLE38	1.60.1.70170	1.60.1.70245
UNITNAME_SUMMON_TITLE39	1.60.1.70170	1.60.1.70245
UNITNAME_SUMMON_TITLE4	1.60.1.70170	1.60.1.70245
UNITNAME_SUMMON_TITLE40	1.60.1.70170	1.60.1.70245
UNITNAME_SUMMON_TITLE41	1.60.1.70170	1.60.1.70245
UNITNAME_SUMMON_TITLE42	1.60.1.70170	1.60.1.70245
UNITNAME_SUMMON_TITLE43	1.60.1.70170	1.60.1.70245
UNITNAME_SUMMON_TITLE44	1.60.1.70170	1.60.1.70245
UNITNAME_SUMMON_TITLE45	1.60.1.70170	1.60.1.70245
UNITNAME_SUMMON_TITLE46	1.60.1.70170	1.60.1.70245
UNITNAME_SUMMON_TITLE47	1.60.1.70170	1.60.1.70245
UNITNAME_SUMMON_TITLE48	1.60.1.70170	1.60.1.70245
UNITNAME_SUMMON_TITLE49	1.60.1.70170	1.60.1.70245
UNITNAME_SUMMON_TITLE5	1.60.1.70170	1.60.1.70245
UNITNAME_SUMMON_TITLE50	1.60.1.70170	1.60.1.70245
UNITNAME_SUMMON_TITLE51	1.60.1.70170	1.60.1.70245
UNITNAME_SUMMON_TITLE53	1.60.1.70170	1.60.1.70245
UNITNAME_SUMMON_TITLE54	1.60.1.70170	1.60.1.70245
UNITNAME_SUMMON_TITLE55	1.60.1.70170	1.60.1.70245
UNITNAME_SUMMON_TITLE56	1.60.1.70170	1.60.1.70245
UNITNAME_SUMMON_TITLE57	1.60.1.70170	1.60.1.70245
UNITNAME_SUMMON_TITLE58	1.60.1.70170	1.60.1.70245
UNITNAME_SUMMON_TITLE59	1.60.1.70170	1.60.1.70245
UNITNAME_SUMMON_TITLE6	1.60.1.70170	1.60.1.70245
UNITNAME_SUMMON_TITLE60	1.60.1.70170	1.60.1.70245
UNITNAME_SUMMON_TITLE61	1.60.1.70170	1.60.1.70245
UNITNAME_SUMMON_TITLE7	1.60.1.70170	1.60.1.70245
UNITNAME_SUMMON_TITLE8	1.60.1.70170	1.60.1.70245
UNITNAME_SUMMON_TITLE9	1.60.1.70170	1.60.1.70245
UNITNAME_TITLE_CHARM	1.60.1.70170	1.60.1.70245
UNITNAME_TITLE_COMPANION	1.60.1.70170	1.60.1.70245
UNITNAME_TITLE_CREATION	1.60.1.70170	1.60.1.70245
UNITNAME_TITLE_GUARDIAN	1.60.1.70170	1.60.1.70245
UNITNAME_TITLE_MINION	1.60.1.70170	1.60.1.70245
UNITNAME_TITLE_OPPONENT	1.60.1.70170	1.60.1.70245
UNITNAME_TITLE_PET	1.60.1.70170	1.60.1.70245
UNITNAME_TITLE_SQUIRE	1.60.1.70170	1.60.1.70245
UNIT_ALREADY_SKINNED_BOLTS	1.60.1.70170	1.60.1.70245
UNIT_ALREADY_SKINNED_HERB	1.60.1.70170	1.60.1.70245
UNIT_ALREADY_SKINNED_LEATHER	1.60.1.70170	1.60.1.70245
UNIT_ALREADY_SKINNED_ROCK	1.60.1.70170	1.60.1.70245
UNIT_CAPTURABLE	1.60.1.70170	1.60.1.70245
UNIT_COLORS	1.60.1.69913	1.60.1.70245
UNIT_FRAME_DROPDOWN_SUBSECTION_TITLE_INSTANCE	1.60.1.69913	1.60.1.70245
UNIT_FRAME_DROPDOWN_SUBSECTION_TITLE_INTERACT	1.60.1.69913	1.60.1.70245
UNIT_FRAME_DROPDOWN_SUBSECTION_TITLE_LOOT	1.60.1.69913	1.60.1.70245
UNIT_FRAME_DROPDOWN_SUBSECTION_TITLE_OTHER	1.60.1.69913	1.60.1.70245
UNIT_LETHAL_LEVEL_DEAD_TEMPLATE	1.60.1.70170	1.60.1.70245
UNIT_LETHAL_LEVEL_TEMPLATE	1.60.1.70170	1.60.1.70245
UNIT_LEVEL_DEAD_TEMPLATE	1.60.1.69913	1.60.1.70245
UNIT_LEVEL_TEMPLATE	1.60.1.69913	1.60.1.70245
UNIT_NAMEPLATES_AUTOMODE	1.60.1.69913	1.60.1.70245
UNIT_NAMEPLATES_CAST_BAR_DISPLAY	1.60.1.69913	1.60.1.70245
UNIT_NAMEPLATES_CAST_BAR_DISPLAY_HIGHLIGHT_IMPORTANT_CASTS	1.60.1.69913	1.60.1.70245
UNIT_NAMEPLATES_CAST_BAR_DISPLAY_HIGHLIGHT_IMPORTANT_CASTS_TOOLTIP	1.60.1.69913	1.60.1.70245
UNIT_NAMEPLATES_CAST_BAR_DISPLAY_HIGHLIGHT_WHEN_CAST_TARGET	1.60.1.69913	1.60.1.70245
UNIT_NAMEPLATES_CAST_BAR_DISPLAY_HIGHLIGHT_WHEN_CAST_TARGET_TOOLTIP	1.60.1.69913	1.60.1.70245
UNIT_NAMEPLATES_CAST_BAR_DISPLAY_NONE	1.60.1.69913	1.60.1.70245
UNIT_NAMEPLATES_CAST_BAR_DISPLAY_SPELL_ICON	1.60.1.69913	1.60.1.70245
UNIT_NAMEPLATES_CAST_BAR_DISPLAY_SPELL_ICON_TOOLTIP	1.60.1.69913	1.60.1.70245
UNIT_NAMEPLATES_CAST_BAR_DISPLAY_SPELL_NAME	1.60.1.69913	1.60.1.70245
UNIT_NAMEPLATES_CAST_BAR_DISPLAY_SPELL_NAME_TOOLTIP	1.60.1.69913	1.60.1.70245
UNIT_NAMEPLATES_CAST_BAR_DISPLAY_SPELL_TARGET	1.60.1.69913	1.60.1.70245
UNIT_NAMEPLATES_CAST_BAR_DISPLAY_SPELL_TARGET_TOOLTIP	1.60.1.69913	1.60.1.70245
UNIT_NAMEPLATES_CAST_BAR_DISPLAY_TOOLTIP	1.60.1.69913	1.60.1.70245
UNIT_NAMEPLATES_CLASS_COLOR	1.60.1.69913	1.60.1.70245
UNIT_NAMEPLATES_CLASS_COLOR_ENEMY	1.60.1.69913	1.60.1.70245
UNIT_NAMEPLATES_CLASS_COLOR_ENEMY_TOOLTIP	1.60.1.69913	1.60.1.70245
UNIT_NAMEPLATES_CLASS_COLOR_FRIENDLY	1.60.1.69913	1.60.1.70245
UNIT_NAMEPLATES_CLASS_COLOR_FRIENDLY_TOOLTIP	1.60.1.69913	1.60.1.70245
UNIT_NAMEPLATES_CLASS_COLOR_NONE	1.60.1.69913	1.60.1.70245
UNIT_NAMEPLATES_CLASS_COLOR_TOOLTIP	1.60.1.69913	1.60.1.70245
UNIT_NAMEPLATES_DEBUFF_PADDING	1.60.1.69913	1.60.1.70245
UNIT_NAMEPLATES_DEBUFF_PADDING_TOOLTIP	1.60.1.69913	1.60.1.70245
UNIT_NAMEPLATES_DEBUFF_SCALE	1.60.1.69913	1.60.1.70245
UNIT_NAMEPLATES_DEBUFF_SCALE_TOOLTIP	1.60.1.69913	1.60.1.70245
UNIT_NAMEPLATES_ENABLE_STACKING	1.60.1.69913	1.60.1.70245
UNIT_NAMEPLATES_ENABLE_STACKING_TOOLTIP	1.60.1.69913	1.60.1.70245
UNIT_NAMEPLATES_ENEMY_NPC_AURA_DISPLAY	1.60.1.69913	1.60.1.70245
UNIT_NAMEPLATES_ENEMY_NPC_AURA_DISPLAY_BUFFS	1.60.1.69913	1.60.1.70245
UNIT_NAMEPLATES_ENEMY_NPC_AURA_DISPLAY_BUFFS_TOOLTIP	1.60.1.69913	1.60.1.70245
UNIT_NAMEPLATES_ENEMY_NPC_AURA_DISPLAY_CROWD_CONTROL	1.60.1.69913	1.60.1.70245
UNIT_NAMEPLATES_ENEMY_NPC_AURA_DISPLAY_CROWD_CONTROL_TOOLTIP	1.60.1.69913	1.60.1.70245
UNIT_NAMEPLATES_ENEMY_NPC_AURA_DISPLAY_DEBUFFS	1.60.1.69913	1.60.1.70245
UNIT_NAMEPLATES_ENEMY_NPC_AURA_DISPLAY_DEBUFFS_TOOLTIP	1.60.1.69913	1.60.1.70245
UNIT_NAMEPLATES_ENEMY_NPC_AURA_DISPLAY_NONE	1.60.1.69913	1.60.1.70245
UNIT_NAMEPLATES_ENEMY_NPC_AURA_DISPLAY_TOOLTIP	1.60.1.69913	1.60.1.70245
UNIT_NAMEPLATES_ENEMY_PLAYER_AURA_DISPLAY	1.60.1.69913	1.60.1.70245
UNIT_NAMEPLATES_ENEMY_PLAYER_AURA_DISPLAY_BIG_DEBUFF	1.60.1.69913	1.60.1.70245
UNIT_NAMEPLATES_ENEMY_PLAYER_AURA_DISPLAY_BIG_DEBUFF_TOOLTIP	1.60.1.69913	1.60.1.70245
UNIT_NAMEPLATES_ENEMY_PLAYER_AURA_DISPLAY_BUFFS	1.60.1.69913	1.60.1.70245
UNIT_NAMEPLATES_ENEMY_PLAYER_AURA_DISPLAY_BUFFS_TOOLTIP	1.60.1.69913	1.60.1.70245
UNIT_NAMEPLATES_ENEMY_PLAYER_AURA_DISPLAY_DEBUFFS	1.60.1.69913	1.60.1.70245
UNIT_NAMEPLATES_ENEMY_PLAYER_AURA_DISPLAY_DEBUFFS_TOOLTIP	1.60.1.69913	1.60.1.70245
UNIT_NAMEPLATES_ENEMY_PLAYER_AURA_DISPLAY_NONE	1.60.1.69913	1.60.1.70245
UNIT_NAMEPLATES_ENEMY_PLAYER_AURA_DISPLAY_TOOLTIP	1.60.1.69913	1.60.1.70245
UNIT_NAMEPLATES_FRIENDLY_PLAYER_AURA_DISPLAY	1.60.1.69913	1.60.1.70245
UNIT_NAMEPLATES_FRIENDLY_PLAYER_AURA_DISPLAY_BIG_DEBUFF	1.60.1.69913	1.60.1.70245
UNIT_NAMEPLATES_FRIENDLY_PLAYER_AURA_DISPLAY_BIG_DEBUFF_TOOLTIP	1.60.1.69913	1.60.1.70245
UNIT_NAMEPLATES_FRIENDLY_PLAYER_AURA_DISPLAY_BUFFS	1.60.1.69913	1.60.1.70245
UNIT_NAMEPLATES_FRIENDLY_PLAYER_AURA_DISPLAY_BUFFS_TOOLTIP	1.60.1.69913	1.60.1.70245
UNIT_NAMEPLATES_FRIENDLY_PLAYER_AURA_DISPLAY_DEBUFFS	1.60.1.69913	1.60.1.70245
UNIT_NAMEPLATES_FRIENDLY_PLAYER_AURA_DISPLAY_DEBUFFS_TOOLTIP	1.60.1.69913	1.60.1.70245
UNIT_NAMEPLATES_FRIENDLY_PLAYER_AURA_DISPLAY_NONE	1.60.1.69913	1.60.1.70245
UNIT_NAMEPLATES_FRIENDLY_PLAYER_AURA_DISPLAY_TOOLTIP	1.60.1.69913	1.60.1.70245
UNIT_NAMEPLATES_FRIENDLY_PLAYER_NAME_USE_CLASS_COLOR	1.60.1.69913	1.60.1.70245
UNIT_NAMEPLATES_FRIENDLY_PLAYER_SHOW_ONLY_NAME	1.60.1.69913	1.60.1.70245
UNIT_NAMEPLATES_GLOBAL_SCALE	1.60.1.69913	1.60.1.70245
UNIT_NAMEPLATES_GLOBAL_SCALE_TOOLTIP	1.60.1.69913	1.60.1.70245
UNIT_NAMEPLATES_INFO_DISPLAY	1.60.1.69913	1.60.1.70245
UNIT_NAMEPLATES_INFO_DISPLAY_CURRENT_HEALTH_PERCENT	1.60.1.69913	1.60.1.70245
UNIT_NAMEPLATES_INFO_DISPLAY_CURRENT_HEALTH_PERCENT_TOOLTIP	1.60.1.69913	1.60.1.70245
UNIT_NAMEPLATES_INFO_DISPLAY_CURRENT_HEALTH_VALUE	1.60.1.69913	1.60.1.70245
UNIT_NAMEPLATES_INFO_DISPLAY_CURRENT_HEALTH_VALUE_TOOLTIP	1.60.1.69913	1.60.1.70245
UNIT_NAMEPLATES_INFO_DISPLAY_NONE	1.60.1.69913	1.60.1.70245
UNIT_NAMEPLATES_INFO_DISPLAY_RARITY_ICON	1.60.1.69913	1.60.1.70245
UNIT_NAMEPLATES_INFO_DISPLAY_RARITY_ICON_TOOLTIP	1.60.1.69913	1.60.1.70245
UNIT_NAMEPLATES_INFO_DISPLAY_TOOLTIP	1.60.1.69913	1.60.1.70245
UNIT_NAMEPLATES_PREVIEW_ENEMY_NPC	1.60.1.69913	1.60.1.70245
UNIT_NAMEPLATES_PREVIEW_ENEMY_PLAYER	1.60.1.69913	1.60.1.70245
UNIT_NAMEPLATES_PREVIEW_FRIENDLY_NPC	1.60.1.69913	1.60.1.70245
UNIT_NAMEPLATES_PREVIEW_FRIENDLY_PLAYER	1.60.1.69913	1.60.1.70245
UNIT_NAMEPLATES_SEARCH_TAG	1.60.1.69913	1.60.1.70245
UNIT_NAMEPLATES_SHOW_ENEMIES	1.60.1.69913	1.60.1.70245
UNIT_NAMEPLATES_SHOW_ENEMY_MINIONS	1.60.1.69913	1.60.1.70245
UNIT_NAMEPLATES_SHOW_ENEMY_MINUS	1.60.1.69913	1.60.1.70245
UNIT_NAMEPLATES_SHOW_FRIENDLY_MINIONS	1.60.1.69913	1.60.1.70245
UNIT_NAMEPLATES_SHOW_FRIENDLY_NPCS	1.60.1.69913	1.60.1.70245
UNIT_NAMEPLATES_SHOW_FRIENDLY_NPCS_TOOLTIP	1.60.1.69913	1.60.1.70245
UNIT_NAMEPLATES_SHOW_FRIENDLY_REALM_NAME	1.60.1.69913	1.60.1.70245
UNIT_NAMEPLATES_SHOW_FRIENDS	1.60.1.69913	1.60.1.70245
UNIT_NAMEPLATES_SHOW_OFFSCREEN	1.60.1.69913	1.60.1.70245
UNIT_NAMEPLATES_SHOW_OFFSCREEN_TOOLTIP	1.60.1.69913	1.60.1.70245
UNIT_NAMEPLATES_SIMPLIFIED	1.60.1.69913	1.60.1.70245
UNIT_NAMEPLATES_SIMPLIFIED_FRIENDLY_NPCS	1.60.1.69913	1.60.1.70245
UNIT_NAMEPLATES_SIMPLIFIED_FRIENDLY_NPCS_TOOLTIP	1.60.1.69913	1.60.1.70245
UNIT_NAMEPLATES_SIMPLIFIED_FRIENDLY_PLAYERS	1.60.1.69913	1.60.1.70245
UNIT_NAMEPLATES_SIMPLIFIED_FRIENDLY_PLAYERS_TOOLTIP	1.60.1.69913	1.60.1.70245
UNIT_NAMEPLATES_SIMPLIFIED_MINIONS	1.60.1.69913	1.60.1.70245
UNIT_NAMEPLATES_SIMPLIFIED_MINIONS_TOOLTIP	1.60.1.69913	1.60.1.70245
UNIT_NAMEPLATES_SIMPLIFIED_MINUS_MOBS	1.60.1.69913	1.60.1.70245
UNIT_NAMEPLATES_SIMPLIFIED_MINUS_MOBS_TOOLTIP	1.60.1.69913	1.60.1.70245
UNIT_NAMEPLATES_SIMPLIFIED_NONE	1.60.1.69913	1.60.1.70245
UNIT_NAMEPLATES_SIMPLIFIED_TOOLTIP	1.60.1.69913	1.60.1.70245
UNIT_NAMEPLATES_SPELL_NAME_PREVIEW	1.60.1.69913	1.60.1.70245
UNIT_NAMEPLATES_STACK_ENEMY_UNITS	1.60.1.69913	1.60.1.70245
UNIT_NAMEPLATES_STACK_ENEMY_UNITS_TOOLTIP	1.60.1.69913	1.60.1.70245
UNIT_NAMEPLATES_STACK_FRIENDLY_UNITS	1.60.1.69913	1.60.1.70245
UNIT_NAMEPLATES_STACK_FRIENDLY_UNITS_TOOLTIP	1.60.1.69913	1.60.1.70245
UNIT_NAMEPLATES_STACK_NONE	1.60.1.69913	1.60.1.70245
UNIT_NAMEPLATES_STYLE	1.60.1.69913	1.60.1.70245
UNIT_NAMEPLATES_STYLE_BLOCK	1.60.1.69913	1.60.1.70245
UNIT_NAMEPLATES_STYLE_CAST_FOCUS	1.60.1.69913	1.60.1.70245
UNIT_NAMEPLATES_STYLE_HEALTH_FOCUS	1.60.1.69913	1.60.1.70245
UNIT_NAMEPLATES_STYLE_LEGACY	1.60.1.69913	1.60.1.70245
UNIT_NAMEPLATES_STYLE_MODERN	1.60.1.69913	1.60.1.70245
UNIT_NAMEPLATES_STYLE_THIN	1.60.1.69913	1.60.1.70245
UNIT_NAMEPLATES_STYLE_TOOLTIP	1.60.1.69913	1.60.1.70245
UNIT_NAMEPLATES_THREAT_DISPLAY	1.60.1.69913	1.60.1.70245
UNIT_NAMEPLATES_THREAT_DISPLAY_FLASH	1.60.1.69913	1.60.1.70245
UNIT_NAMEPLATES_THREAT_DISPLAY_FLASH_TOOLTIP	1.60.1.69913	1.60.1.70245
UNIT_NAMEPLATES_THREAT_DISPLAY_HEALTHBAR_COLOR	1.60.1.69913	1.60.1.70245
UNIT_NAMEPLATES_THREAT_DISPLAY_HEALTHBAR_COLOR_TOOLTIP	1.60.1.69913	1.60.1.70245
UNIT_NAMEPLATES_THREAT_DISPLAY_NONE	1.60.1.69913	1.60.1.70245
UNIT_NAMEPLATES_THREAT_DISPLAY_PROGRESSIVE	1.60.1.69913	1.60.1.70245
UNIT_NAMEPLATES_THREAT_DISPLAY_PROGRESSIVE_TOOLTIP	1.60.1.69913	1.60.1.70245
UNIT_NAMEPLATES_TUTORIAL_AGGRO	1.60.1.69913	1.60.1.70245
UNIT_NAMEPLATES_TUTORIAL_BUFFS_DEBUFFS	1.60.1.69913	1.60.1.70245
UNIT_NAMEPLATES_TUTORIAL_ENEMY_FRIENDLY	1.60.1.69913	1.60.1.70245
UNIT_NAMEPLATES_TUTORIAL_STYLE_OPTIONS	1.60.1.69913	1.60.1.70245
UNIT_NAMEPLATES_TUTORIAL_TOOLTIP	1.60.1.69913	1.60.1.70245
UNIT_NAMES	1.60.1.69913	1.60.1.70245
UNIT_NAMES_COMBATLOG_TOOLTIP	1.60.1.69913	1.60.1.70245
UNIT_NAMES_SHOW_BRACES_COMBATLOG_TOOLTIP	1.60.1.69913	1.60.1.70245
UNIT_NAME_ENEMY	1.60.1.69913	1.60.1.70245
UNIT_NAME_ENEMY_MINIONS	1.60.1.69913	1.60.1.70245
UNIT_NAME_FRIENDLY	1.60.1.69913	1.60.1.70245
UNIT_NAME_FRIENDLY_MINIONS	1.60.1.69913	1.60.1.70245
UNIT_NAME_NONCOMBAT_CREATURE	1.60.1.69913	1.60.1.70245
UNIT_NAME_OWN	1.60.1.69913	1.60.1.70245
UNIT_PLUS_LEVEL_TEMPLATE	1.60.1.69913	1.60.1.70245
UNIT_POPUP_RIGHT_CLICK	1.60.1.69913	1.60.1.70245
UNIT_SECONDARY_NAME_OWN	1.60.1.69913	1.60.1.70245
UNIT_SKINNABLE_BOLTS	1.60.1.69913	1.60.1.70245
UNIT_SKINNABLE_HERB	1.60.1.69913	1.60.1.70245
UNIT_SKINNABLE_LEATHER	1.60.1.69913	1.60.1.70245
UNIT_SKINNABLE_ROCK	1.60.1.69913	1.60.1.70245
UNIT_TYPE_LETHAL_LEVEL_TEMPLATE	1.60.1.70170	1.60.1.70245
UNIT_TYPE_LEVEL_FACTION_TEMPLATE	1.60.1.69913	1.60.1.70245
UNIT_TYPE_LEVEL_TEMPLATE	1.60.1.69913	1.60.1.70245
UNIT_TYPE_PLUS_LEVEL_TEMPLATE	1.60.1.69913	1.60.1.70245
UNLEARN	1.60.1.69913	1.60.1.70245
UNLEARN_SKILL	1.60.1.69913	1.60.1.70245
UNLEARN_SKILL_GAMEPAD	1.60.1.69913	1.60.1.70245
UNLEARN_SKILL_TOOLTIP	1.60.1.69913	1.60.1.70245
UNLIST_ME	1.60.1.69913	1.60.1.70245
UNLIST_MY_GROUP	1.60.1.69913	1.60.1.70245
UNLOCK_WINDOW	1.60.1.69913	1.60.1.70245
UNMUTE	1.60.1.69913	1.60.1.70245
UNMUTE_SILENCED	1.60.1.69913	1.60.1.70245
UNSPENT_POINTS	1.60.1.69913	1.60.1.70245
UNSPENT_TALENT_POINTS	1.60.1.69913	1.60.1.70245
UNTRACK_ACHIEVEMENT_TOOLTIP	1.60.1.69913	1.60.1.70245
UNTRACK_QUEST	1.60.1.69913	1.60.1.70245
UNTRACK_QUEST_ABBREV	1.60.1.69913	1.60.1.70245
UNUSED	1.60.1.69913	1.60.1.70245
UNWRAP	1.60.1.69913	1.60.1.70245
UPDATE	1.60.1.69913	1.60.1.70245
UPGRADE	1.60.1.69913	1.60.1.70245
UPGRADED_RECIPE_LEARNED_TITLE	1.60.1.69913	1.60.1.70245
UPGRADE_MISSING_ITEM	1.60.1.69913	1.60.1.70245
USE	1.60.1.70170	1.60.1.70245
USED	1.60.1.69913	1.60.1.70245
USEIPV6	1.60.1.69913	1.60.1.70245
USER_SURVEY_DIALOG_TEXT	1.60.1.69913	1.60.1.70245
USER_SURVEY_STATUS_READY	1.60.1.69913	1.60.1.70245
USER_SURVEY_STATUS_READY_DESCRIPTION	1.60.1.69913	1.60.1.70245
USE_COMBINED_BAGS_TEXT	1.60.1.69913	1.60.1.70245
USE_FULL_TEXT_MODE	1.60.1.69913	1.60.1.70245
USE_GUILDBANK_REPAIR	1.60.1.69913	1.60.1.70245
USE_NO_DROP	1.60.1.69913	1.60.1.70245
USE_PERSONAL_FUNDS	1.60.1.69913	1.60.1.70245
USE_SOULSTONE	1.60.1.69913	1.60.1.70245
USE_UISCALE	1.60.1.69913	1.60.1.70245
VERTICAL_SYNC	1.60.1.69913	1.60.1.70245
VIDEO_OPTIONS_16XANISOTROPIC	1.60.1.69913	1.60.1.70245
VIDEO_OPTIONS_2XANISOTROPIC	1.60.1.69913	1.60.1.70245
VIDEO_OPTIONS_4XANISOTROPIC	1.60.1.69913	1.60.1.70245
VIDEO_OPTIONS_8XANISOTROPIC	1.60.1.69913	1.60.1.70245
VIDEO_OPTIONS_ADVANCEDLIGHT_HIGH	1.60.1.69913	1.60.1.70245
VIDEO_OPTIONS_ADVANCEDLIGHT_LOW	1.60.1.69913	1.60.1.70245
VIDEO_OPTIONS_ADVANCEDLIGHT_MEDIUM	1.60.1.69913	1.60.1.70245
VIDEO_OPTIONS_AGGRESSIVE	1.60.1.69913	1.60.1.70245
VIDEO_OPTIONS_BILINEAR	1.60.1.69913	1.60.1.70245
VIDEO_OPTIONS_BUILTIN	1.60.1.69913	1.60.1.70245
VIDEO_OPTIONS_COMBAT_CUES_DISABLED_WARNING	1.60.1.69913	1.60.1.70245
VIDEO_OPTIONS_COMPUTE_EFFECTS_DISABLED	1.60.1.69913	1.60.1.70245
VIDEO_OPTIONS_COMPUTE_EFFECTS_HIGH	1.60.1.69913	1.60.1.70245
VIDEO_OPTIONS_COMPUTE_EFFECTS_LOW	1.60.1.69913	1.60.1.70245
VIDEO_OPTIONS_COMPUTE_EFFECTS_MEDIUM	1.60.1.69913	1.60.1.70245
VIDEO_OPTIONS_COMPUTE_EFFECTS_ULTRA	1.60.1.69913	1.60.1.70245
VIDEO_OPTIONS_DEPTH_EFFECTS_DISABLED	1.60.1.69913	1.60.1.70245
VIDEO_OPTIONS_DEPTH_EFFECTS_HIGH	1.60.1.69913	1.60.1.70245
VIDEO_OPTIONS_DEPTH_EFFECTS_LOW	1.60.1.69913	1.60.1.70245
VIDEO_OPTIONS_DEPTH_EFFECTS_MEDIUM	1.60.1.69913	1.60.1.70245
VIDEO_OPTIONS_DISABLED	1.60.1.69913	1.60.1.70245
VIDEO_OPTIONS_ENABLED	1.60.1.69913	1.60.1.70245
VIDEO_OPTIONS_FAIR	1.60.1.69913	1.60.1.70245
VIDEO_OPTIONS_HIGH	1.60.1.69913	1.60.1.70245
VIDEO_OPTIONS_LIQUID_DETAIL_FAIR	1.60.1.69913	1.60.1.70245
VIDEO_OPTIONS_LIQUID_DETAIL_LOW	1.60.1.69913	1.60.1.70245
VIDEO_OPTIONS_LIQUID_DETAIL_MEDIUM	1.60.1.69913	1.60.1.70245
VIDEO_OPTIONS_LIQUID_DETAIL_ULTRA	1.60.1.69913	1.60.1.70245
VIDEO_OPTIONS_LOW	1.60.1.69913	1.60.1.70245
VIDEO_OPTIONS_MEDIUM	1.60.1.69913	1.60.1.70245
VIDEO_OPTIONS_MONITOR	1.60.1.69913	1.60.1.70245
VIDEO_OPTIONS_MONITOR_PRIMARY	1.60.1.69913	1.60.1.70245
VIDEO_OPTIONS_NEED_CLIENTRESTART	1.60.1.69913	1.60.1.70245
VIDEO_OPTIONS_NEED_UIRELOAD	1.60.1.69913	1.60.1.70245
VIDEO_OPTIONS_NONE	1.60.1.69913	1.60.1.70245
VIDEO_OPTIONS_NOTCH_MODE_OVERLAP	1.60.1.69913	1.60.1.70245
VIDEO_OPTIONS_NOTCH_MODE_SHIFT_UI	1.60.1.69913	1.60.1.70245
VIDEO_OPTIONS_NOTCH_MODE_WINDOW_BELOW	1.60.1.69913	1.60.1.70245
VIDEO_OPTIONS_PBR_LIQUID_DETAIL_HIGH	1.60.1.69913	1.60.1.70245
VIDEO_OPTIONS_PBR_LIQUID_DETAIL_LOW	1.60.1.69913	1.60.1.70245
VIDEO_OPTIONS_PBR_LIQUID_DETAIL_ULTRA	1.60.1.69913	1.60.1.70245
VIDEO_OPTIONS_RECOMMENDED	1.60.1.69913	1.60.1.70245
VIDEO_OPTIONS_RESAMPLE_QUALITY_BICUBIC	1.60.1.69913	1.60.1.70245
VIDEO_OPTIONS_RESAMPLE_QUALITY_BILINEAR	1.60.1.69913	1.60.1.70245
VIDEO_OPTIONS_RESAMPLE_QUALITY_FSR	1.60.1.69913	1.60.1.70245
VIDEO_OPTIONS_RESAMPLE_QUALITY_POINT	1.60.1.69913	1.60.1.70245
VIDEO_OPTIONS_RT_SHADOW_QUALITY_FAIR	1.60.1.69913	1.60.1.70245
VIDEO_OPTIONS_RT_SHADOW_QUALITY_HIGH	1.60.1.69913	1.60.1.70245
VIDEO_OPTIONS_RT_SHADOW_QUALITY_MEDIUM	1.60.1.69913	1.60.1.70245
VIDEO_OPTIONS_SFX_DENSITY_FULL	1.60.1.69913	1.60.1.70245
VIDEO_OPTIONS_SFX_DENSITY_FULL_TOOLTIP	1.60.1.69913	1.60.1.70245
VIDEO_OPTIONS_SFX_DENSITY_MIN	1.60.1.69913	1.60.1.70245
VIDEO_OPTIONS_SFX_DENSITY_MIN_TOOLTIP	1.60.1.69913	1.60.1.70245
VIDEO_OPTIONS_SFX_DENSITY_REDUCED	1.60.1.69913	1.60.1.70245
VIDEO_OPTIONS_SFX_DENSITY_REDUCED_TOOLTIP	1.60.1.69913	1.60.1.70245
VIDEO_OPTIONS_SHADOW_QUALITY_FAIR	1.60.1.69913	1.60.1.70245
VIDEO_OPTIONS_SHADOW_QUALITY_HIGH	1.60.1.69913	1.60.1.70245
VIDEO_OPTIONS_SHADOW_QUALITY_LOW	1.60.1.69913	1.60.1.70245
VIDEO_OPTIONS_SHADOW_QUALITY_MEDIUM	1.60.1.69913	1.60.1.70245
VIDEO_OPTIONS_SHADOW_QUALITY_ULTRA	1.60.1.69913	1.60.1.70245
VIDEO_OPTIONS_SHADOW_QUALITY_ULTRA_HIGH	1.60.1.69913	1.60.1.70245
VIDEO_OPTIONS_STANDARD	1.60.1.69913	1.60.1.70245
VIDEO_OPTIONS_TEXTURE_DETAIL_FAIR	1.60.1.69913	1.60.1.70245
VIDEO_OPTIONS_TEXTURE_DETAIL_HIGH	1.60.1.69913	1.60.1.70245
VIDEO_OPTIONS_TEXTURE_DETAIL_LOW	1.60.1.69913	1.60.1.70245
VIDEO_OPTIONS_TRILINEAR	1.60.1.69913	1.60.1.70245
VIDEO_OPTIONS_ULTRA	1.60.1.69913	1.60.1.70245
VIDEO_OPTIONS_ULTRA_HIGH	1.60.1.69913	1.60.1.70245
VIDEO_OPTIONS_WINDOWED	1.60.1.69913	1.60.1.70245
VIDEO_OPTIONS_WINDOWED_FULLSCREEN	1.60.1.69913	1.60.1.70245
VIDEO_QUALITY_LABEL6	1.60.1.70170	1.60.1.70245
VIEW_FRIENDS_OF_FRIENDS	1.60.1.69913	1.60.1.70245
VIEW_RENOWN_BUTTON_LABEL	1.60.1.69913	1.60.1.70245
VIGNETTE_SUGGESTED_GROUP_NUM	1.60.1.69913	1.60.1.70245
VIGNETTE_SUGGESTED_GROUP_NUM_RANGE	1.60.1.69913	1.60.1.70245
VOICE	1.60.1.69913	1.60.1.70245
VOICECHAT_DISABLED	1.60.1.69913	1.60.1.70245
VOICEMACRO_LABEL	1.60.1.69913	1.60.1.70245
VOICE_CHAT	1.60.1.69913	1.60.1.70245
VOICE_CHAT_AUDIO_DUCKING	1.60.1.69913	1.60.1.70245
VOICE_CHAT_AWAITING_MEMBER_NAME	1.60.1.69913	1.60.1.70245
VOICE_CHAT_CHANNEL_ANNOUNCE	1.60.1.69913	1.60.1.70245
VOICE_CHAT_CHANNEL_ANNOUNCE_MEMBER_ACTIVE	1.60.1.69913	1.60.1.70245
VOICE_CHAT_CHANNEL_ANNOUNCE_MEMBER_LEFT	1.60.1.69913	1.60.1.70245
VOICE_CHAT_CHANNEL_ANNOUNCE_PLAYER_LEFT	1.60.1.69913	1.60.1.70245
VOICE_CHAT_CHANNEL_MANAGEMENT_TIP	1.60.1.69913	1.60.1.70245
VOICE_CHAT_CHANNEL_MEMBER_COUNT_ACTIVE	1.60.1.69913	1.60.1.70245
VOICE_CHAT_DUCKING_SCALE	1.60.1.69913	1.60.1.70245
VOICE_CHAT_ERROR_CODE_FORMATTER	1.60.1.70170	1.60.1.70245
VOICE_CHAT_INPUT_DEVICE_DEFAULT	1.60.1.69913	1.60.1.70245
VOICE_CHAT_INVALID_DEVICE	1.60.1.69913	1.60.1.70245
VOICE_CHAT_JOIN	1.60.1.69913	1.60.1.70245
VOICE_CHAT_LEAVE	1.60.1.69913	1.60.1.70245
VOICE_CHAT_MIC_DEVICE	1.60.1.69913	1.60.1.70245
VOICE_CHAT_MIC_SENSITIVITY	1.60.1.69913	1.60.1.70245
VOICE_CHAT_MIC_VOLUME	1.60.1.69913	1.60.1.70245
VOICE_CHAT_MODE	1.60.1.69913	1.60.1.70245
VOICE_CHAT_MODE_KEY	1.60.1.69913	1.60.1.70245
VOICE_CHAT_NOTIFICATION_CHANNEL_ACTIVATED_INSTANCE	1.60.1.69913	1.60.1.70245
VOICE_CHAT_NOTIFICATION_CHANNEL_ACTIVATED_PARTY	1.60.1.69913	1.60.1.70245
VOICE_CHAT_NOTIFICATION_CHANNEL_ACTIVATED_RAID	1.60.1.69913	1.60.1.70245
VOICE_CHAT_NOTIFICATION_COMMS_MODE_PTT	1.60.1.69913	1.60.1.70245
VOICE_CHAT_NOTIFICATION_COMMS_MODE_PTT_UNBOUND	1.60.1.69913	1.60.1.70245
VOICE_CHAT_NOTIFICATION_COMMS_MODE_VOICE_ACTIVATED	1.60.1.69913	1.60.1.70245
VOICE_CHAT_OUTPUT_DEVICE	1.60.1.69913	1.60.1.70245
VOICE_CHAT_OUTPUT_DEVICE_DEFAULT	1.60.1.69913	1.60.1.70245
VOICE_CHAT_PROMPT_CHANNEL_ACTIVATE_ACCEPT	1.60.1.69913	1.60.1.70245
VOICE_CHAT_PROMPT_CHANNEL_ACTIVATE_INSTANCE	1.60.1.69913	1.60.1.70245
VOICE_CHAT_PROMPT_CHANNEL_ACTIVATE_PARTY	1.60.1.69913	1.60.1.70245
VOICE_CHAT_PROMPT_CHANNEL_ACTIVATE_RAID	1.60.1.69913	1.60.1.70245
VOICE_CHAT_SERVICE_CONNECTION_RESTORED	1.60.1.69913	1.60.1.70245
VOICE_CHAT_SETTINGS	1.60.1.69913	1.60.1.70245
VOICE_CHAT_TEST_MIC_DEVICE	1.60.1.69913	1.60.1.70245
VOICE_CHAT_TRANSCRIPTION	1.60.1.69913	1.60.1.70245
VOICE_CHAT_TRANSCRIPTION_DISABLE	1.60.1.69913	1.60.1.70245
VOICE_CHAT_TRANSCRIPTION_ENABLE	1.60.1.69913	1.60.1.70245
VOICE_CHAT_VOLUME	1.60.1.69913	1.60.1.70245
VOICE_COMMAND_SYNTAX	1.60.1.69913	1.60.1.70245
VOICE_TOOLTIP_DEAFEN	1.60.1.69913	1.60.1.70245
VOICE_TOOLTIP_MUTE_MIC	1.60.1.69913	1.60.1.70245
VOICE_TOOLTIP_PARENTAL_MUTE_MIC	1.60.1.69913	1.60.1.70245
VOICE_TOOLTIP_PARENTAL_UNMUTE_MIC	1.60.1.69913	1.60.1.70245
VOICE_TOOLTIP_SILENCED_MUTE_MIC	1.60.1.69913	1.60.1.70245
VOICE_TOOLTIP_SILENCED_UNMUTE_MIC	1.60.1.69913	1.60.1.70245
VOICE_TOOLTIP_UNDEAFEN	1.60.1.69913	1.60.1.70245
VOICE_TOOLTIP_UNMUTE_MIC	1.60.1.69913	1.60.1.70245
VOICE_TRANSCRIPTION_MUTED	1.60.1.70170	1.60.1.70245
VOTE_BOOT_PLAYER	1.60.1.69913	1.60.1.70245
VOTE_BOOT_REASON_REQUIRED	1.60.1.69913	1.60.1.70245
VOTE_TO_ABANDON	1.60.1.69913	1.60.1.70245
VOTE_TO_ABANDON_LEAVING_INSTANCE	1.60.1.69913	1.60.1.70245
VOTE_TO_ABANDON_ON_COOLDOWN	1.60.1.69913	1.60.1.70245
VOTE_TO_ABANDON_PASSED	1.60.1.69913	1.60.1.70245
VOTE_TO_ABANDON_PROMPT	1.60.1.69913	1.60.1.70245
VOTE_TO_ABANDON_VOTED_NO	1.60.1.69913	1.60.1.70245
VOTE_TO_ABANDON_VOTED_YES	1.60.1.69913	1.60.1.70245
VOTE_TO_ABANDON_VOTES_NEEDED	1.60.1.69913	1.60.1.70245
VOTE_TO_ABANDON_VOTES_NEEDED_KEYHOLDER	1.60.1.69913	1.60.1.70245
VOTE_TO_KICK	1.60.1.69913	1.60.1.70245
VRN_AMD_UNSUPPORTED	1.60.1.69913	1.60.1.70245
VRN_APPLE_UNSUPPORTED	1.60.1.69913	1.60.1.70245
VRN_COMPAT_MODE	1.60.1.69913	1.60.1.70245
VRN_CPUMEM_2GB	1.60.1.69913	1.60.1.70245
VRN_CPUMEM_4GB	1.60.1.69913	1.60.1.70245
VRN_CPUMEM_8GB	1.60.1.69913	1.60.1.70245
VRN_DUALCORE	1.60.1.69913	1.60.1.70245
VRN_DX11_UNSUPPORTED	1.60.1.69913	1.60.1.70245
VRN_DX12_WIN7_UNSUPPORTED	1.60.1.69913	1.60.1.70245
VRN_GPU_DRIVER	1.60.1.69913	1.60.1.70245
VRN_GRAPHICS	1.60.1.69913	1.60.1.70245
VRN_ILLEGAL	1.60.1.69913	1.60.1.70245
VRN_INTEL_UNSUPPORTED	1.60.1.69913	1.60.1.70245
VRN_LEGACY_UNSUPPORTED	1.60.1.69913	1.60.1.70245
VRN_MACOS_UNSUPPORTED	1.60.1.69913	1.60.1.70245
VRN_NEEDS_5_0	1.60.1.69913	1.60.1.70245
VRN_NEEDS_6_0	1.60.1.69913	1.60.1.70245
VRN_NEEDS_AMD_GPU	1.60.1.69913	1.60.1.70245
VRN_NEEDS_APPLE_GPU	1.60.1.69913	1.60.1.70245
VRN_NEEDS_DX12	1.60.1.69913	1.60.1.70245
VRN_NEEDS_DX12_VRS2	1.60.1.69913	1.60.1.70245
VRN_NEEDS_INTEL_GPU	1.60.1.69913	1.60.1.70245
VRN_NEEDS_MACOS_10_13	1.60.1.69913	1.60.1.70245
VRN_NEEDS_MACOS_10_14	1.60.1.69913	1.60.1.70245
VRN_NEEDS_MACOS_10_15	1.60.1.69913	1.60.1.70245
VRN_NEEDS_MACOS_11_0	1.60.1.69913	1.60.1.70245
VRN_NEEDS_MACOS_12_0	1.60.1.69913	1.60.1.70245
VRN_NEEDS_MACOS_13_0	1.60.1.69913	1.60.1.70245
VRN_NEEDS_NVIDIA_GPU	1.60.1.69913	1.60.1.70245
VRN_NEEDS_QUALCOMM_GPU	1.60.1.69913	1.60.1.70245
VRN_NEEDS_RT	1.60.1.69913	1.60.1.70245
VRN_NEEDS_WINDOWS_10	1.60.1.69913	1.60.1.70245
VRN_NEEDS_WINDOWS_11	1.60.1.69913	1.60.1.70245
VRN_NVAPI_WINE_UNSUPPORTED	1.60.1.69913	1.60.1.70245
VRN_NVIDIA_UNSUPPORTED	1.60.1.69913	1.60.1.70245
VRN_QUADCORE	1.60.1.69913	1.60.1.70245
VRN_QUALCOMM_UNSUPPORTED	1.60.1.69913	1.60.1.70245
VRN_REMOTE_DESKTOP_UNSUPPORTED	1.60.1.69913	1.60.1.70245
VRN_UNSUPPORTED	1.60.1.69913	1.60.1.70245
VRN_WINDOWS_UNSUPPORTED	1.60.1.69913	1.60.1.70245
VRN_WINE_UNSUPPORTED	1.60.1.69913	1.60.1.70245
VRS_MODE	1.60.1.69913	1.60.1.70245
WAISTSLOT	1.60.1.69913	1.60.1.70245
WARDROBE	1.60.1.69913	1.60.1.70245
WARDROBE_ALTERNATE_ITEMS	1.60.1.70170	1.60.1.70245
WARDROBE_ITEMS	1.60.1.69913	1.60.1.70245
WARDROBE_NO_SEARCH	1.60.1.69913	1.60.1.70245
WARDROBE_OTHER_ITEMS	1.60.1.70170	1.60.1.70245
WARDROBE_SETS	1.60.1.69913	1.60.1.70245
WARDROBE_SHORTCUTS_TUTORIAL_1	1.60.1.69913	1.60.1.70245
WARDROBE_SHORTCUTS_TUTORIAL_2	1.60.1.69913	1.60.1.70245
WARDROBE_SHORTCUTS_TUTORIAL_3	1.60.1.69913	1.60.1.70245
WARDROBE_TOOLTIP_BOSS_DROP_FORMAT	1.60.1.70170	1.60.1.70245
WARDROBE_TOOLTIP_BOSS_DROP_FORMAT_WITH_DIFFICULTIES	1.60.1.70170	1.60.1.70245
WARDROBE_TOOLTIP_CYCLE	1.60.1.70170	1.60.1.70245
WARDROBE_TOOLTIP_DUNGEONS	1.60.1.70170	1.60.1.70245
WARDROBE_TOOLTIP_ENCOUNTER_SOURCE	1.60.1.70170	1.60.1.70245
WARDROBE_TOOLTIP_RAIDS	1.60.1.70170	1.60.1.70245
WARDROBE_TOOLTIP_TRANSMOGRIFIER	1.60.1.70170	1.60.1.70245
WARDROBE_TRACKING_TUTORIAL	1.60.1.69913	1.60.1.70245
WARDROBE_TRANSMOGRIFY_AS	1.60.1.70170	1.60.1.70245
WARFRONTS_LEAVE	1.60.1.69913	1.60.1.70245
WARGAME	1.60.1.70170	1.60.1.70245
WARGAME_CHALLENGED	1.60.1.69913	1.60.1.70245
WARGAME_IS_READY	1.60.1.69913	1.60.1.70245
WARN_LEAVE_RESTRICTED_CHALLENGE_MODE	1.60.1.69913	1.60.1.70245
WARRIOR_AGILITY_TOOLTIP	1.60.1.69913	1.60.1.70245
WARRIOR_INTELLECT_TOOLTIP	1.60.1.69913	1.60.1.70245
WARRIOR_SPIRIT_TOOLTIP	1.60.1.69913	1.60.1.70245
WARRIOR_STRENGTH_TOOLTIP	1.60.1.69913	1.60.1.70245
WAR_CAMPAIGN_CHAPTER_REWARD_TEXT	1.60.1.70170	1.60.1.70245
WAR_CAMPAIGN_DONE_DESCRIPTION	1.60.1.70170	1.60.1.70245
WAR_MODE_BONUS_PERCENTAGE_FORMAT	1.60.1.70170	1.60.1.70245
WAR_MODE_BONUS_PERCENTAGE_XP_FORMAT	1.60.1.70170	1.60.1.70245
WAR_WITHIN_LANDING_PAGE_ALERT_MAJOR_FACTION_UNLOCKED	1.60.1.69913	1.60.1.70245
WATER_COLLISION	1.60.1.69913	1.60.1.70245
WEAPON_ENCHANTMENT	1.60.1.69913	1.60.1.70245
WEAPON_SKILL_DETAIL_BOSS	1.60.1.69913	1.60.1.70245
WEAPON_SKILL_DETAIL_BOSS_HEADER	1.60.1.69913	1.60.1.70245
WEAPON_SKILL_DETAIL_BOSS_RANGED	1.60.1.69913	1.60.1.70245
WEAPON_SKILL_DETAIL_SAME_LEVEL	1.60.1.69913	1.60.1.70245
WEAPON_SKILL_DETAIL_SAME_LEVEL_HEADER	1.60.1.69913	1.60.1.70245
WEAPON_SKILL_DETAIL_SAME_LEVEL_RANGED	1.60.1.69913	1.60.1.70245
WEAPON_SPEED	1.60.1.69913	1.60.1.70245
WEB_ERROR	1.60.1.69913	1.60.1.70245
WEB_PROXY_FAILED	1.60.1.69913	1.60.1.70245
WEEKDAY_FRIDAY	1.60.1.69913	1.60.1.70245
WEEKDAY_MONDAY	1.60.1.69913	1.60.1.70245
WEEKDAY_SATURDAY	1.60.1.69913	1.60.1.70245
WEEKDAY_SUNDAY	1.60.1.69913	1.60.1.70245
WEEKDAY_THURSDAY	1.60.1.69913	1.60.1.70245
WEEKDAY_TUESDAY	1.60.1.69913	1.60.1.70245
WEEKDAY_WEDNESDAY	1.60.1.69913	1.60.1.70245
WEEKLY_REWARDS_CONFIRM_SELECT	1.60.1.69913	1.60.1.70245
WHISPER	1.60.1.69913	1.60.1.70245
WHISPER_MESSAGE	1.60.1.69913	1.60.1.70245
WHISPER_MODE	1.60.1.69913	1.60.1.70245
WHO	1.60.1.69913	1.60.1.70245
WHO_FRAME_SHOWN_TEMPLATE	1.60.1.69913	1.60.1.70245
WHO_FRAME_TOTAL_TEMPLATE	1.60.1.69913	1.60.1.70245
WHO_LIST	1.60.1.69913	1.60.1.70245
WHO_LIST_LEVEL_TOOLTIP	1.60.1.69913	1.60.1.70245
WHO_LIST_SEARCH_INSTRUCTIONS	1.60.1.69913	1.60.1.70245
WHO_PARTY_BUTTON_TOOLTIP	1.60.1.70009	1.60.1.70245
WHO_SORT_ASCENDING_LABEL	1.60.1.70009	1.60.1.70245
WHO_SORT_DESCENDING_LABEL	1.60.1.70009	1.60.1.70245
WHO_SORT_LABEL	1.60.1.70009	1.60.1.70245
WIDE	1.60.1.69913	1.60.1.70245
WINDOW_SIZE	1.60.1.69913	1.60.1.70245
WITHDRAW	1.60.1.69913	1.60.1.70245
WORLD	1.60.1.69913	1.60.1.70245
WORLDMAP_BUTTON	1.60.1.69913	1.60.1.70245
WORLD_MAP	1.60.1.69913	1.60.1.70245
WORLD_MAP_ACTIVITY_TRACKER_RING_TOOLTIP	1.60.1.70170	1.60.1.70245
WORLD_MAP_CROSSHAIR_COORDS	1.60.1.70009	1.60.1.70245
WORLD_MAP_CROSSHAIR_COORDS_INTEGER	1.60.1.70009	1.60.1.70245
WORLD_MAP_CURSOR_COORDS	1.60.1.69913	1.60.1.70245
WORLD_MAP_CURSOR_COORDS_INTEGER	1.60.1.69913	1.60.1.70245
WORLD_MAP_FILTER_LABEL_SHOW	1.60.1.69913	1.60.1.70245
WORLD_MAP_FILTER_LABEL_WORLD_QUESTS_SUBMENU_TYPE	1.60.1.69913	1.60.1.70245
WORLD_MAP_PLAYER_COORDS	1.60.1.69913	1.60.1.70245
WORLD_MAP_PLAYER_COORDS_INTEGER	1.60.1.69913	1.60.1.70245
WORLD_MAP_PLAYER_COORDS_MAP_NAME	1.60.1.69913	1.60.1.70245
WORLD_MAP_PLAYER_COORDS_MAP_NAME_INTEGER	1.60.1.69913	1.60.1.70245
WORLD_MAP_TUTORIAL2	1.60.1.69913	1.60.1.70245
WORLD_MAP_TUTORIAL5	1.60.1.69913	1.60.1.70245
WORLD_MARKER	1.60.1.70170	1.60.1.70245
WORLD_PVP_DESERTER	1.60.1.69913	1.60.1.70245
WORLD_PVP_ENTER	1.60.1.69913	1.60.1.70245
WORLD_PVP_EXITED_BATTLE	1.60.1.69913	1.60.1.70245
WORLD_PVP_FAIL	1.60.1.69913	1.60.1.70245
WORLD_PVP_INVITED	1.60.1.69913	1.60.1.70245
WORLD_PVP_INVITED_WARMUP	1.60.1.69913	1.60.1.70245
WORLD_PVP_LOW_LEVEL	1.60.1.69913	1.60.1.70245
WORLD_PVP_NOT_WHILE_IN_RAID	1.60.1.69913	1.60.1.70245
WORLD_PVP_PENDING	1.60.1.69913	1.60.1.70245
WORLD_PVP_PENDING_REMOTE	1.60.1.69913	1.60.1.70245
WORLD_PVP_QUEUED	1.60.1.69913	1.60.1.70245
WORLD_PVP_QUEUED_WARMUP	1.60.1.69913	1.60.1.70245
WORLD_QUESTS_FILTER_DESCRIPTION	1.60.1.69913	1.60.1.70245
WORLD_QUEST_BANNER	1.60.1.69913	1.60.1.70245
WORLD_QUEST_CANT_COMPLETE_BY_SPELL	1.60.1.69913	1.60.1.70245
WORLD_QUEST_COMPLETE	1.60.1.69913	1.60.1.70245
WORLD_QUEST_REWARD_FILTERS_TITLE	1.60.1.69913	1.60.1.70245
WORLD_QUEST_TOOLTIP_DESCRIPTION	1.60.1.69913	1.60.1.70245
WORLD_TIER_HEROIC	1.60.1.70170	1.60.1.70245
WORLD_TIER_MYTHIC	1.60.1.70170	1.60.1.70245
WOW_FRIEND_DESCRIPTION	1.60.1.69913	1.60.1.70245
WOW_LABS_LEAVE_QUEUE	1.60.1.69913	1.60.1.70245
WOW_LABS_PLUNDERSTORM_FORMED	1.60.1.69913	1.60.1.70245
WOW_MOUSE_NOT_FOUND	1.60.1.69913	1.60.1.70245
WRISTSLOT	1.60.1.69913	1.60.1.70245
WidgetText:14849	1.60.1.70009	1.60.1.70245
WidgetText:14850	1.60.1.70009	1.60.1.70245
WidgetText:14853	1.60.1.70009	1.60.1.70245
WidgetText:14866	1.60.1.70009	1.60.1.70245
WidgetText:14867	1.60.1.70009	1.60.1.70245
WidgetText:14868	1.60.1.70009	1.60.1.70245
WidgetText:14870	1.60.1.70009	1.60.1.70245
WidgetText:14871	1.60.1.70009	1.60.1.70245
WidgetText:14873	1.60.1.70009	1.60.1.70245
WidgetText:14874	1.60.1.70009	1.60.1.70245
WidgetText:14876	1.60.1.70009	1.60.1.70245
WidgetText:14877	1.60.1.70009	1.60.1.70245
WidgetText:15130	1.60.1.70009	1.60.1.70245
WidgetText:15131	1.60.1.70009	1.60.1.70245
WidgetText:15132	1.60.1.70009	1.60.1.70245
WidgetText:15825	1.60.1.70009	1.60.1.70245
WidgetText:15826	1.60.1.70009	1.60.1.70245
WidgetText:15828	1.60.1.70009	1.60.1.70245
WidgetText:15829	1.60.1.70009	1.60.1.70245
WidgetText:15830	1.60.1.70009	1.60.1.70245
WidgetText:17098	1.60.1.70009	1.60.1.70245
WidgetText:17099	1.60.1.70009	1.60.1.70245
WidgetText:17101	1.60.1.70009	1.60.1.70245
WidgetText:17102	1.60.1.70009	1.60.1.70245
WidgetText:17103	1.60.1.70009	1.60.1.70245
WidgetText:18043	1.60.1.70009	1.60.1.70245
WidgetText:18044	1.60.1.70009	1.60.1.70245
WidgetText:18234	1.60.1.70009	1.60.1.70245
WidgetText:21040	1.60.1.70009	1.60.1.70245
WidgetText:21041	1.60.1.70009	1.60.1.70245
WidgetText:22115	1.60.1.70009	1.60.1.70245
WidgetText:22116	1.60.1.70009	1.60.1.70245
WidgetText:22117	1.60.1.70009	1.60.1.70245
WidgetText:22118	1.60.1.70009	1.60.1.70245
WidgetText:22119	1.60.1.70009	1.60.1.70245
WidgetText:22120	1.60.1.70009	1.60.1.70245
WidgetText:22121	1.60.1.70009	1.60.1.70245
WidgetText:22122	1.60.1.70009	1.60.1.70245
WidgetText:22123	1.60.1.70009	1.60.1.70245
WidgetText:22124	1.60.1.70009	1.60.1.70245
WidgetText:22125	1.60.1.70009	1.60.1.70245
WidgetText:22126	1.60.1.70009	1.60.1.70245
WidgetText:22127	1.60.1.70009	1.60.1.70245
WidgetText:22130	1.60.1.70009	1.60.1.70245
WidgetText:22131	1.60.1.70009	1.60.1.70245
WidgetText:22132	1.60.1.70009	1.60.1.70245
WidgetText:22133	1.60.1.70009	1.60.1.70245
WidgetText:22134	1.60.1.70009	1.60.1.70245
WidgetText:3679	1.60.1.70009	1.60.1.70245
WidgetText:3681	1.60.1.70009	1.60.1.70245
WidgetText:4401	1.60.1.70009	1.60.1.70245
WidgetText:4402	1.60.1.70009	1.60.1.70245
WidgetText:4404	1.60.1.70009	1.60.1.70245
WidgetText:4405	1.60.1.70009	1.60.1.70245
WidgetText:4432	1.60.1.70009	1.60.1.70245
WidgetText:4435	1.60.1.70009	1.60.1.70245
WidgetText:4437	1.60.1.70009	1.60.1.70245
WidgetText:4438	1.60.1.70009	1.60.1.70245
WidgetText:4440	1.60.1.70009	1.60.1.70245
WidgetText:4441	1.60.1.70009	1.60.1.70245
WidgetText:4444	1.60.1.70009	1.60.1.70245
WidgetText:4447	1.60.1.70009	1.60.1.70245
WidgetText:7436	1.60.1.70009	1.60.1.70245
WidgetText:7437	1.60.1.70009	1.60.1.70245
WidgetText:7438	1.60.1.70009	1.60.1.70245
WidgetText:7439	1.60.1.70009	1.60.1.70245
WidgetText:7440	1.60.1.70009	1.60.1.70245
WidgetText:7446	1.60.1.70009	1.60.1.70245
WidgetText:7447	1.60.1.70009	1.60.1.70245
WidgetText:7448	1.60.1.70009	1.60.1.70245
WidgetText:7449	1.60.1.70009	1.60.1.70245
WidgetText:7450	1.60.1.70009	1.60.1.70245
WidgetText:9402	1.60.1.70009	1.60.1.70245
WidgetText:9409	1.60.1.70009	1.60.1.70245
XPBAR_LABEL	1.60.1.69913	1.60.1.70245
XP_STATUS_BAR_TEXT	1.60.1.69913	1.60.1.70245
XP_TEXT_BANKED_XP_HEADER	1.60.1.69913	1.60.1.70245
YELL	1.60.1.69913	1.60.1.70245
YELLOW_GEM	1.60.1.69913	1.60.1.70245
YELL_MESSAGE	1.60.1.69913	1.60.1.70245
YES	1.60.1.69913	1.60.1.70245
YOUR_CLASS_MAY_NOT_PERFORM_ROLE	1.60.1.69913	1.60.1.70245
YOUR_ROLE	1.60.1.69913	1.60.1.70245
YOU_ARE_NOT_SPECIALIZED_IN_ROLE	1.60.1.70170	1.60.1.70245
YOU_COLLECTED_LABEL	1.60.1.69913	1.60.1.70245
YOU_EARNED_LABEL	1.60.1.69913	1.60.1.70245
YOU_LOOT_MONEY	1.60.1.69913	1.60.1.70245
YOU_LOOT_MONEY_GUILD	1.60.1.69913	1.60.1.70245
YOU_LOOT_MONEY_MOD	1.60.1.69913	1.60.1.70245
YOU_RECEIVED	1.60.1.69913	1.60.1.70245
YOU_RECEIVED_LABEL	1.60.1.69913	1.60.1.70245
YOU_WON_LABEL	1.60.1.69913	1.60.1.70245
ZONE	1.60.1.69913	1.60.1.70245
ZONE_COLON	1.60.1.69913	1.60.1.70245
ZOOM_IN	1.60.1.69913	1.60.1.70245
ZOOM_OUT	1.60.1.69913	1.60.1.70245
